DATE,AIRLINE,FLIGHT_NUMBER,TAIL_NUMBER,ORIGIN_AIRPORT,DESTINATION_AIRPORT,SCHEDULED_DEPARTURE,DEPARTURE_TIME,DEPARTURE_DELAY,TAXI_OUT,WHEELS_OFF,SCHEDULED_TIME,ELAPSED_TIME,AIR_TIME,DISTANCE,WHEELS_ON,TAXI_IN,SCHEDULED_ARRIVAL,ARRIVAL_TIME,ARRIVAL_DELAY,DAY,MONTH
01/30/2015,UA,12,N57868,SFO,IAD,1:00:00 PM,1:03:00 PM,3,16,1:19:00 PM,299,297,273,2419,8:52:00 PM,8,8:59:00 PM,9:00:00 PM,1,Friday,Jan
01/09/2015,UA,223,N440UA,MIA,IAH,6:12:00 PM,6:29:00 PM,17,12,6:41:00 PM,178,168,146,964,8:07:00 PM,10,8:10:00 PM,8:17:00 PM,7,Friday,Jan
01/28/2015,DL,2048,N969DL,DTW,LGA,10:05:00 AM,10:01:00 AM,-4,12,10:13:00 AM,111,102,78,502,11:31:00 AM,12,11:56:00 AM,11:43:00 AM,-13,Wednesday,Jan
02/09/2015,WN,217,N930WN,ROC,MDW,6:45:00 AM,6:42:00 AM,-3,48,3:30:00 PM,130,141,90,523,10:00:00 PM,3,5:55:00 PM,10:03:00 PM,8,Monday,Feb
02/03/2015,OO,5312,N970SW,ORD,CMX,10:13:00 AM,10:12:00 AM,-1,32,10:44:00 AM,86,100,63,359,12:47:00 PM,5,12:39:00 PM,12:52:00 PM,13,Tuesday,Feb
01/15/2015,WN,2957,N630WN,BWI,FLL,5:55:00 PM,6:28:00 PM,33,10,6:38:00 PM,165,157,144,925,9:02:00 PM,3,8:40:00 PM,9:05:00 PM,25,Thursday,Jan
01/21/2015,WN,4922,N787SA,LAS,RNO,6:05:00 PM,6:03:00 PM,-2,14,7:17:00 PM,80,78,61,345,10:18:00 AM,3,10:25:00 AM,10:21:00 AM,-4,Wednesday,Jan
01/10/2015,UA,370,N547UA,SFO,OGG,11:38:00 AM,11:36:00 AM,-2,14,1:50:00 PM,335,322,303,2338,11:53:00 AM,5,12:13:00 PM,11:58:00 AM,-15,Saturday,Jan
01/16/2015,WN,227,N916WN,MSP,STL,7:10:00 PM,7:32:00 PM,22,13,7:45:00 PM,90,79,62,448,8:47:00 PM,4,8:40:00 PM,8:51:00 PM,11,Friday,Jan
01/02/2015,EV,5413,N135EV,ATL,HSV,11:45:00 AM,12:34:00 PM,49,16,12:50:00 PM,56,59,38,151,12:28:00 PM,5,11:41:00 AM,12:33:00 PM,52,Friday,Jan
01/26/2015,DL,1881,N371NB,CVG,ATL,4:15:00 PM,4:10:00 PM,-5,14,4:24:00 PM,95,95,68,373,5:32:00 PM,13,5:50:00 PM,5:45:00 PM,-5,Monday,Jan
01/05/2015,B6,154,N556JB,PBI,JFK,12:00:00 PM,12:02:00 PM,2,11,1:13:00 PM,154,137,121,1028,9:14:00 AM,5,11:34:00 AM,9:19:00 AM,-15,Monday,Jan
01/30/2015,OO,4977,N753SK,MTJ,ORD,12:35:00 PM,1:01:00 PM,26,9,1:10:00 PM,165,149,134,1081,4:24:00 PM,6,4:20:00 PM,4:30:00 PM,10,Friday,Jan
02/08/2015,AA,1137,N012AA,IAD,MIA,5:19:00 PM,5:25:00 PM,6,16,5:41:00 PM,171,165,130,921,7:51:00 PM,19,8:10:00 PM,8:10:00 PM,0,Sunday,Feb
01/13/2015,OO,4594,N779CA,CVG,BNA,8:04:00 PM,8:00:00 PM,-4,11,8:11:00 PM,70,62,46,230,7:57:00 PM,5,8:14:00 PM,8:02:00 PM,-12,Tuesday,Jan
01/15/2015,WN,1517,N913WN,BOI,GEG,10:05:00 PM,10:04:00 PM,-1,11,11:15:00 PM,70,60,45,287,10:00:00 PM,4,11:15:00 PM,10:04:00 PM,-11,Thursday,Jan
01/03/2015,MQ,2878,N518MQ,DFW,CID,8:30:00 PM,8:42:00 PM,12,9,8:51:00 PM,108,105,83,685,10:14:00 PM,13,10:18:00 PM,10:27:00 PM,9,Saturday,Jan
01/29/2015,EV,5467,N856AS,ATL,XNA,11:24:00 AM,11:18:00 AM,-6,13,11:31:00 AM,120,119,103,589,12:14:00 PM,3,12:24:00 PM,12:17:00 PM,-7,Thursday,Jan
02/04/2015,AA,147,N4UCAA,DFW,SLC,9:05:00 PM,9:10:00 PM,5,13,9:23:00 PM,169,168,152,989,10:55:00 PM,3,10:54:00 PM,10:58:00 PM,4,Wednesday,Feb
01/20/2015,DL,1158,N3740C,MCO,SLC,5:10:00 PM,5:11:00 PM,1,9,5:20:00 PM,294,298,285,1931,8:05:00 PM,4,8:04:00 PM,8:09:00 PM,5,Tuesday,Jan
01/05/2015,HA,1,N399HA,LAX,HNL,12:40:00 PM,11:38:00 AM,-2,12,1:50:00 PM,345,350,333,2556,12:23:00 PM,5,12:25:00 PM,12:28:00 PM,3,Monday,Jan
02/05/2015,NK,138,N621NK,MCO,ACY,10:42:00 AM,10:50:00 AM,8,12,11:02:00 AM,128,118,101,852,12:43:00 PM,5,12:50:00 PM,12:48:00 PM,-2,Thursday,Feb
01/14/2015,EV,5783,N11165,IAH,LFT,2:40:00 AM,1:36:00 AM,-4,19,3:55:00 AM,58,61,32,201,10:27:00 AM,10,11:38:00 AM,11:37:00 AM,-1,Wednesday,Jan
01/23/2015,US,406,N664AW,PHX,DTW,11:50:00 PM,11:50:00 PM,0,27,10:17:00 AM,235,256,215,1671,3:52:00 PM,14,3:45:00 PM,4:06:00 PM,21,Friday,Jan
01/12/2015,WN,943,N778SW,TPA,HOU,6:00:00 PM,6:25:00 PM,25,15,6:40:00 PM,150,141,120,781,7:40:00 PM,6,7:30:00 PM,7:46:00 PM,16,Monday,Jan
02/03/2015,WN,1803,N733SA,DEN,MCO,11:45:00 AM,11:46:00 AM,1,12,11:58:00 AM,205,193,174,1546,4:52:00 PM,7,5:10:00 PM,4:59:00 PM,-11,Tuesday,Feb
02/03/2015,OO,5496,N751SK,LAX,MSP,10:10:00 AM,10:04:00 AM,-6,27,10:31:00 AM,219,225,189,1535,3:40:00 PM,9,3:49:00 PM,3:49:00 PM,0,Tuesday,Feb
02/10/2015,US,1808,N555AY,ATL,CLT,10:40:00 AM,10:36:00 AM,-4,19,10:55:00 AM,78,84,46,226,11:41:00 AM,19,11:58:00 AM,12:00:00 PM,2,Tuesday,Feb
01/11/2015,DL,815,N961DL,ATL,SYR,8:35:00 PM,8:59:00 PM,24,25,9:24:00 PM,131,128,98,794,11:02:00 PM,5,10:46:00 PM,11:07:00 PM,21,Sunday,Jan
02/10/2015,OO,6400,N767SK,EUG,SFO,10:25:00 AM,9:19:00 AM,-6,8,10:27:00 AM,95,82,71,451,9:38:00 PM,3,10:00:00 AM,10:41:00 PM,-19,Tuesday,Feb
01/05/2015,WN,373,N617SW,BNA,RDU,7:15:00 PM,7:16:00 PM,1,9,7:25:00 PM,80,77,64,442,9:29:00 PM,4,9:35:00 PM,9:33:00 PM,-2,Monday,Jan
02/05/2015,WN,436,N788SA,CMH,TPA,3:25:00 PM,3:25:00 PM,0,8,3:33:00 PM,140,131,118,829,5:31:00 PM,5,5:45:00 PM,5:36:00 PM,-9,Thursday,Feb
01/23/2015,OO,6192,N905SW,DEN,SBA,11:38:00 AM,11:33:00 AM,-5,19,11:52:00 AM,160,155,132,916,1:04:00 PM,4,1:18:00 PM,1:08:00 PM,-10,Friday,Jan
01/14/2015,WN,3479,N700GS,SJC,ONT,11:45:00 AM,11:39:00 AM,-6,7,11:46:00 AM,70,65,54,333,12:40:00 PM,4,12:55:00 PM,12:44:00 PM,-11,Wednesday,Jan
01/23/2015,WN,2779,N734SA,MDW,FLL,12:00:00 PM,12:00:00 PM,0,10,1:10:00 PM,185,179,165,1166,11:55:00 PM,4,10:05:00 AM,11:59:00 PM,-6,Friday,Jan
01/03/2015,DL,2401,N917DN,BOS,ATL,6:07:00 PM,6:04:00 PM,-3,38,6:42:00 PM,188,203,157,946,9:19:00 PM,8,9:15:00 PM,9:27:00 PM,12,Saturday,Jan
02/10/2015,DL,2308,N958DL,ATL,SDF,1:40:00 PM,1:46:00 PM,6,19,2:05:00 PM,82,78,55,321,3:00:00 PM,4,3:02:00 PM,3:04:00 PM,2,Tuesday,Feb
01/28/2015,AA,1464,N3FUAA,DFW,TUL,8:55:00 PM,9:03:00 PM,8,13,9:16:00 PM,59,56,41,237,9:57:00 PM,2,9:54:00 PM,9:59:00 PM,5,Wednesday,Jan
01/16/2015,UA,1037,N77518,ORD,LAX,12:06:00 PM,12:07:00 PM,1,15,12:22:00 PM,275,246,224,1744,2:06:00 PM,7,2:41:00 PM,2:13:00 PM,-28,Friday,Jan
01/07/2015,EV,4092,N13913,IAH,ABQ,2:49:00 PM,2:47:00 PM,-2,18,3:05:00 PM,141,138,113,744,3:58:00 PM,7,4:10:00 PM,4:05:00 PM,-5,Wednesday,Jan
01/02/2015,DL,1246,N922DL,ATL,BWI,4:15:00 PM,4:14:00 PM,-1,13,4:27:00 PM,108,92,72,577,5:39:00 PM,7,6:03:00 PM,5:46:00 PM,-17,Friday,Jan
01/15/2015,AA,55,N3JTAA,ORD,LAS,6:45:00 PM,6:49:00 PM,4,12,7:01:00 PM,236,225,206,1514,8:27:00 PM,7,8:41:00 PM,8:34:00 PM,-7,Thursday,Jan
01/29/2015,F9,1053,N920FR,SLC,PHX,3:15:00 PM,2:57:00 PM,-18,13,3:10:00 PM,100,100,80,507,4:30:00 PM,7,4:55:00 PM,4:37:00 PM,-18,Thursday,Jan
01/13/2015,MQ,3043,N640MQ,ORD,FNT,11:20:00 AM,12:01:00 PM,41,14,12:15:00 PM,61,52,36,223,1:51:00 PM,2,1:21:00 PM,1:53:00 PM,32,Tuesday,Jan
01/07/2015,WN,172,N371SW,MCO,ATL,10:45:00 PM,11:52:00 PM,7,10,10:02:00 AM,105,84,66,404,11:08:00 AM,8,11:30:00 AM,11:16:00 AM,-14,Wednesday,Jan
01/14/2015,EV,5521,N181PQ,MSP,AUS,7:10:00 PM,6:09:00 PM,-1,22,9:31:00 PM,183,173,148,1042,11:59:00 AM,3,12:13:00 PM,12:02:00 PM,-11,Wednesday,Jan
01/10/2015,DL,1940,N934AT,DSM,ATL,2:30:00 PM,2:28:00 PM,-2,11,2:39:00 PM,124,107,90,743,5:09:00 PM,6,5:34:00 PM,5:15:00 PM,-19,Saturday,Jan
02/10/2015,OO,4675,N433SW,BUR,SLC,4:31:00 PM,4:15:00 PM,-16,15,4:30:00 PM,114,116,96,574,7:06:00 PM,5,7:25:00 PM,7:11:00 PM,-14,Tuesday,Feb
01/28/2015,WN,392,N289CT,SNA,OAK,3:30:00 PM,7:15:00 PM,225,5,7:20:00 PM,80,67,56,371,8:16:00 PM,6,4:50:00 PM,8:22:00 PM,212,Wednesday,Jan
01/20/2015,EV,3262,N11526,TYR,IAH,10:00:00 PM,5:52:00 PM,-8,9,10:01:00 PM,63,60,44,163,2:45:00 AM,7,8:03:00 AM,3:52:00 AM,-11,Tuesday,Jan
02/03/2015,WN,4387,N368SW,LAS,LAX,7:30:00 PM,7:42:00 PM,12,20,8:02:00 PM,75,67,41,236,8:43:00 PM,6,8:45:00 PM,8:49:00 PM,4,Tuesday,Feb
01/18/2015,DL,55,N991DL,ATL,IAH,8:20:00 PM,7:18:00 PM,-2,12,9:30:00 PM,140,126,102,689,10:12:00 AM,12,10:40:00 AM,10:24:00 AM,-16,Sunday,Jan
01/21/2015,B6,624,N923JB,LAX,JFK,9:00:00 PM,9:05:00 PM,5,11,9:16:00 PM,307,324,301,2475,3:17:00 AM,12,2:07:00 AM,4:29:00 AM,22,Wednesday,Jan
01/13/2015,HA,509,N483HA,HNL,LIH,9:13:00 AM,9:10:00 AM,-3,10,10:20:00 AM,37,38,23,102,12:43:00 PM,5,1:50:00 PM,12:48:00 PM,-2,Tuesday,Jan
01/01/2015,B6,585,N267JB,ROC,JFK,4:35:00 PM,4:31:00 PM,-4,8,4:39:00 PM,85,70,56,264,5:35:00 PM,6,6:00:00 PM,5:41:00 PM,-19,Thursday,Jan
01/16/2015,WN,292,N457WN,LAX,ATL,12:35:00 PM,12:56:00 PM,21,11,1:07:00 PM,255,241,223,1947,7:50:00 PM,7,7:50:00 PM,7:57:00 PM,7,Friday,Jan
02/03/2015,WN,2416,N259WN,DCA,HOU,12:05:00 PM,12:04:00 PM,-1,9,12:13:00 PM,225,229,212,1218,2:45:00 PM,8,2:50:00 PM,2:53:00 PM,3,Tuesday,Feb
01/17/2015,AA,1183,N202AA,DFW,BNA,1:55:00 PM,1:52:00 PM,-3,14,6:06:00 PM,100,100,81,631,10:27:00 AM,5,10:35:00 AM,10:32:00 AM,-3,Saturday,Jan
01/06/2015,B6,71,N634JB,JFK,SLC,6:34:00 PM,7:13:00 PM,39,15,7:28:00 PM,318,329,311,1990,10:39:00 PM,3,9:52:00 PM,10:42:00 PM,50,Tuesday,Jan
02/04/2015,AA,2385,N4WNAA,JAX,DFW,12:23:00 PM,12:12:00 PM,-11,13,12:25:00 PM,172,164,140,918,1:45:00 PM,11,2:15:00 PM,1:56:00 PM,-19,Wednesday,Feb
02/07/2015,DL,1861,N893AT,ATL,LIT,2:20:00 PM,2:15:00 PM,-5,12,2:27:00 PM,102,80,64,453,2:31:00 PM,4,3:02:00 PM,2:35:00 PM,-27,Saturday,Feb
02/04/2015,OO,6465,N963SW,SLC,LAX,5:55:00 PM,5:53:00 PM,-2,24,11:17:00 PM,130,118,87,590,2:44:00 AM,7,8:05:00 AM,3:51:00 AM,-14,Wednesday,Feb
01/09/2015,B6,1041,N579JB,JFK,SAV,2:40:00 PM,3:43:00 PM,63,20,4:03:00 PM,141,140,116,718,5:59:00 PM,4,5:01:00 PM,6:03:00 PM,62,Friday,Jan
01/14/2015,OO,5421,N562SW,SBP,SFO,8:38:00 PM,8:44:00 PM,6,10,8:54:00 PM,67,51,39,190,9:33:00 PM,2,9:45:00 PM,9:35:00 PM,-10,Wednesday,Jan
02/04/2015,WN,686,N288WN,OAK,SNA,12:05:00 PM,12:00:00 PM,-5,16,1:16:00 PM,90,92,71,371,12:27:00 AM,5,1:35:00 AM,1:32:00 AM,-3,Wednesday,Feb
01/11/2015,WN,1640,N7702A,LAX,MCI,11:00:00 AM,10:58:00 AM,-2,12,11:10:00 AM,190,185,168,1363,3:58:00 PM,5,4:10:00 PM,4:03:00 PM,-7,Sunday,Jan
01/15/2015,DL,1807,N341NW,GSP,ATL,10:00:00 PM,5:58:00 PM,-2,11,10:09:00 PM,65,51,36,153,2:45:00 AM,4,8:05:00 AM,2:49:00 AM,-16,Thursday,Jan
01/01/2015,NK,906,N632NK,PHX,DEN,12:37:00 PM,1:03:00 PM,26,12,1:15:00 PM,104,96,80,602,2:35:00 PM,4,2:21:00 PM,2:39:00 PM,18,Thursday,Jan
01/05/2015,B6,1684,N592JB,MCO,JFK,5:37:00 PM,7:21:00 PM,104,27,7:48:00 PM,156,145,113,944,9:41:00 PM,5,8:13:00 PM,9:46:00 PM,93,Monday,Jan
01/01/2015,UA,1572,N39297,IAH,EWR,6:00:00 PM,6:02:00 PM,2,19,8:21:00 PM,206,192,165,1400,1:06:00 PM,8,1:26:00 PM,1:14:00 PM,-12,Thursday,Jan
01/31/2015,UA,347,N537UA,PHX,DEN,7:28:00 PM,7:28:00 PM,0,11,7:39:00 PM,105,97,82,602,9:01:00 PM,4,9:13:00 PM,9:05:00 PM,-8,Saturday,Jan
02/08/2015,F9,667,N923FR,DEN,SFO,9:25:00 PM,9:28:00 PM,3,26,9:54:00 PM,154,190,157,967,11:31:00 PM,7,10:59:00 PM,11:38:00 PM,39,Sunday,Feb
01/18/2015,WN,1968,N636WN,SAN,LAS,7:40:00 PM,7:49:00 PM,9,7,7:56:00 PM,70,58,43,258,8:39:00 PM,8,8:50:00 PM,8:47:00 PM,-3,Sunday,Jan
01/13/2015,US,1705,N121UW,PHL,PIT,4:10:00 PM,4:04:00 PM,-6,22,4:26:00 PM,79,82,56,268,5:22:00 PM,4,5:29:00 PM,5:26:00 PM,-3,Tuesday,Jan
01/11/2015,WN,648,N429WN,MCO,ORF,6:10:00 PM,6:16:00 PM,6,12,6:28:00 PM,105,105,89,655,7:57:00 PM,4,7:55:00 PM,8:01:00 PM,6,Sunday,Jan
01/15/2015,DL,1956,N908DE,ATL,ECP,4:20:00 PM,4:20:00 PM,0,18,4:38:00 PM,69,64,43,240,4:21:00 PM,3,4:29:00 PM,4:24:00 PM,-5,Thursday,Jan
01/08/2015,DL,1749,N316US,DTW,PHL,8:15:00 PM,8:28:00 PM,13,61,9:29:00 PM,104,133,67,453,10:36:00 PM,5,9:59:00 PM,10:41:00 PM,42,Thursday,Jan
01/25/2015,AS,730,N433AS,ANC,SEA,2:05:00 AM,9:55:00 PM,-10,7,2:02:00 AM,205,190,176,1448,1:58:00 PM,7,9:30:00 PM,6:05:00 PM,-25,Sunday,Jan
01/04/2015,EV,4691,N13908,DAY,EWR,10:15:00 AM,10:04:00 AM,-11,37,10:41:00 AM,110,122,78,533,11:59:00 AM,7,12:05:00 PM,12:06:00 PM,1,Sunday,Jan
01/27/2015,AS,602,N792AS,SEA,LAS,12:05:00 PM,7:53:00 AM,-12,14,12:07:00 PM,136,148,130,867,9:17:00 AM,4,10:21:00 AM,10:21:00 AM,0,Tuesday,Jan
01/11/2015,MQ,3479,N608MQ,AZO,ORD,11:21:00 AM,12:04:00 PM,43,6,12:10:00 PM,59,66,36,122,11:46:00 AM,24,11:20:00 AM,12:10:00 PM,50,Sunday,Jan
02/12/2015,WN,731,N750SA,LGA,STL,2:55:00 PM,3:13:00 PM,18,12,3:25:00 PM,185,148,131,888,4:36:00 PM,5,5:00:00 PM,4:41:00 PM,-19,Thursday,Feb
01/15/2015,MQ,3052,N663MQ,FNT,ORD,5:41:00 PM,5:36:00 PM,-5,10,5:46:00 PM,79,62,46,223,5:32:00 PM,6,6:00:00 PM,5:38:00 PM,-22,Thursday,Jan
01/01/2015,DL,1826,N532US,FLL,ATL,3:45:00 PM,3:44:00 PM,-1,16,4:00:00 PM,115,105,81,581,5:21:00 PM,8,5:40:00 PM,5:29:00 PM,-11,Thursday,Jan
01/04/2015,MQ,3259,N512MQ,DFW,MAF,4:00:00 PM,4:02:00 PM,2,41,4:43:00 PM,68,94,49,309,5:32:00 PM,4,5:08:00 PM,5:36:00 PM,28,Sunday,Jan
01/21/2015,AS,499,N614AS,SAN,SEA,3:30:00 PM,2:21:00 PM,-9,20,4:41:00 PM,180,189,166,1050,8:27:00 PM,3,9:30:00 PM,9:30:00 PM,0,Wednesday,Jan
01/02/2015,MQ,3055,N683MQ,GGG,DFW,5:50:00 PM,6:07:00 PM,17,12,6:19:00 PM,50,58,35,140,6:54:00 PM,11,6:40:00 PM,7:05:00 PM,25,Friday,Jan
01/14/2015,MQ,3681,N697MQ,FSM,DFW,12:05:00 PM,7:59:00 AM,-6,18,1:17:00 PM,68,69,45,227,10:02:00 PM,6,11:13:00 PM,10:08:00 PM,-5,Wednesday,Jan
01/13/2015,MQ,2950,N603MQ,RST,ORD,1:25:00 PM,2:19:00 PM,54,9,2:28:00 PM,76,80,48,268,3:16:00 PM,23,2:41:00 PM,3:39:00 PM,58,Tuesday,Jan
02/02/2015,WN,459,N260WN,TPA,ATL,3:50:00 PM,3:49:00 PM,-1,10,3:59:00 PM,100,86,68,406,5:07:00 PM,8,5:30:00 PM,5:15:00 PM,-15,Monday,Feb
02/04/2015,MQ,2939,N610MQ,FWA,DFW,12:33:00 PM,12:45:00 PM,12,26,1:11:00 PM,167,165,131,859,2:22:00 PM,8,2:20:00 PM,2:30:00 PM,10,Wednesday,Feb
01/15/2015,OO,4703,N824SK,SMF,LAX,6:13:00 PM,6:19:00 PM,6,12,6:31:00 PM,92,80,57,373,7:28:00 PM,11,7:45:00 PM,7:39:00 PM,-6,Thursday,Jan
01/08/2015,DL,1951,N663DN,ATL,MIA,1:40:00 PM,1:44:00 PM,4,13,1:57:00 PM,116,109,83,594,3:20:00 PM,13,3:36:00 PM,3:33:00 PM,-3,Thursday,Jan
01/18/2015,EV,4614,N12528,HOB,IAH,12:12:00 PM,12:10:00 PM,-2,8,12:18:00 PM,98,95,82,501,2:40:00 PM,5,2:50:00 PM,2:45:00 PM,-5,Sunday,Jan
01/22/2015,DL,1228,N926AT,ATL,JAN,12:15:00 PM,12:11:00 PM,-4,16,12:27:00 PM,81,78,59,341,12:26:00 PM,3,12:36:00 PM,12:29:00 PM,-7,Thursday,Jan
01/08/2015,OO,4974,N954SW,BIS,DEN,2:27:00 PM,2:21:00 PM,-6,28,4:49:00 PM,113,113,77,516,10:06:00 PM,8,12:20:00 AM,11:14:00 PM,-6,Thursday,Jan
01/12/2015,EV,5359,N855AS,MGM,ATL,5:55:00 PM,5:50:00 PM,-5,8,5:58:00 PM,55,52,30,147,10:28:00 AM,14,1:50:00 PM,12:42:00 PM,-8,Monday,Jan
01/05/2015,DL,1874,N907DA,ATL,MKE,4:12:00 PM,4:29:00 PM,17,21,4:50:00 PM,127,122,95,669,5:25:00 PM,6,5:19:00 PM,5:31:00 PM,12,Monday,Jan
01/06/2015,DL,2270,N908DA,MSP,PIT,1:20:00 PM,1:15:00 PM,-5,21,1:36:00 PM,118,111,83,726,3:59:00 PM,7,4:18:00 PM,4:06:00 PM,-12,Tuesday,Jan
01/05/2015,WN,35,N600WN,HOU,ATL,4:30:00 PM,4:40:00 PM,10,7,4:47:00 PM,115,110,90,696,7:17:00 PM,13,7:25:00 PM,7:30:00 PM,5,Monday,Jan
01/03/2015,OO,2638,N435SW,LAX,DEN,7:35:00 PM,7:33:00 PM,-2,18,7:51:00 PM,130,141,118,862,10:49:00 PM,5,10:45:00 PM,10:54:00 PM,9,Saturday,Jan
02/01/2015,WN,648,N786SW,MCO,ORF,6:10:00 PM,6:32:00 PM,22,5,6:37:00 PM,105,98,88,655,8:05:00 PM,5,7:55:00 PM,8:10:00 PM,15,Sunday,Feb
02/09/2015,OO,6271,N919SW,DEN,MTJ,7:05:00 PM,8:43:00 PM,98,10,8:53:00 PM,58,46,32,196,9:25:00 PM,4,8:03:00 PM,9:29:00 PM,86,Monday,Feb
01/19/2015,EV,5149,N878AS,XNA,ATL,6:10:00 PM,6:05:00 PM,-5,9,6:14:00 PM,102,95,78,589,8:32:00 PM,8,8:52:00 PM,8:40:00 PM,-12,Monday,Jan
01/30/2015,UA,541,N546UA,JFK,SFO,9:30:00 PM,8:24:00 PM,-6,33,11:57:00 PM,391,402,361,2586,12:58:00 PM,8,1:01:00 PM,1:06:00 PM,5,Friday,Jan
02/07/2015,US,1838,N955UW,PHL,PIT,8:30:00 PM,8:25:00 PM,-5,17,8:42:00 PM,73,69,47,268,9:29:00 PM,5,9:43:00 PM,9:34:00 PM,-9,Saturday,Feb
01/09/2015,UA,1177,N71411,DEN,SJC,3:04:00 PM,4:05:00 PM,61,11,4:16:00 PM,162,133,118,948,5:14:00 PM,4,4:46:00 PM,5:18:00 PM,32,Friday,Jan
01/21/2015,UA,574,N498UA,ORD,IAH,8:15:00 PM,8:14:00 PM,-1,15,8:29:00 PM,167,168,148,925,10:57:00 PM,5,11:02:00 PM,11:02:00 PM,0,Wednesday,Jan
01/10/2015,DL,776,N964DN,ATL,SRQ,10:09:00 PM,10:08:00 PM,-1,13,10:21:00 PM,93,76,61,444,11:22:00 PM,2,11:42:00 PM,11:24:00 PM,-18,Saturday,Jan
02/12/2015,MQ,2998,N655MQ,DFW,BTR,12:45:00 PM,12:41:00 PM,-4,18,12:59:00 PM,78,79,58,383,1:57:00 PM,3,2:03:00 PM,2:00:00 PM,-3,Thursday,Feb
01/12/2015,DL,404,N395DN,JFK,LAS,10:15:00 AM,10:23:00 AM,8,15,10:38:00 AM,361,334,314,2248,12:52:00 PM,5,1:16:00 PM,12:57:00 PM,-19,Monday,Jan
01/02/2015,B6,1326,N309JB,BWI,BOS,7:55:00 PM,7:43:00 PM,-12,8,7:51:00 PM,77,68,56,369,8:47:00 PM,4,9:12:00 PM,8:51:00 PM,-21,Friday,Jan
02/05/2015,EV,4456,N15574,CRP,IAH,4:04:00 PM,4:24:00 PM,20,12,4:36:00 PM,61,68,46,201,5:22:00 PM,10,5:05:00 PM,5:32:00 PM,27,Thursday,Feb
01/30/2015,UA,1146,N16701,IAH,EWR,9:10:00 AM,8:03:00 AM,-7,14,9:17:00 AM,206,188,167,1400,12:04:00 PM,7,12:36:00 PM,12:11:00 PM,-25,Friday,Jan
01/07/2015,EV,5425,N916EV,CRW,ATL,2:00:00 PM,2:13:00 PM,13,11,2:24:00 PM,86,79,62,363,3:26:00 PM,6,3:26:00 PM,3:32:00 PM,6,Wednesday,Jan
01/05/2015,WN,486,N449WN,FLL,MDW,10:00:00 AM,11:57:00 PM,-3,14,10:11:00 AM,195,194,173,1166,12:04:00 PM,7,12:15:00 PM,12:11:00 PM,-4,Monday,Jan
01/20/2015,OO,4968,N785SK,IAH,PBI,1:01:00 PM,1:39:00 PM,38,11,1:50:00 PM,145,129,114,956,4:44:00 PM,4,4:26:00 PM,4:48:00 PM,22,Tuesday,Jan
02/11/2015,AA,1108,N3GXAA,DFW,LGA,3:50:00 AM,2:42:00 AM,-8,9,3:51:00 AM,191,223,194,1389,12:05:00 PM,20,12:01:00 PM,12:25:00 PM,24,Wednesday,Feb
01/11/2015,DL,1429,N977AT,ATL,DAL,9:10:00 AM,8:08:00 AM,-2,11,9:19:00 AM,145,132,112,721,7:11:00 PM,9,9:35:00 PM,8:20:00 PM,-15,Sunday,Jan
01/01/2015,WN,1579,N429WN,ATL,SFO,1:50:00 PM,12:48:00 PM,-2,9,1:57:00 PM,330,307,292,2139,10:49:00 AM,6,11:20:00 AM,10:55:00 AM,-25,Thursday,Jan
01/26/2015,WN,1983,N275WN,STL,HOU,8:50:00 PM,8:45:00 PM,-5,11,8:56:00 PM,125,111,95,687,10:31:00 PM,5,10:55:00 PM,10:36:00 PM,-19,Monday,Jan
01/05/2015,US,531,N839AW,PHX,RNO,10:50:00 AM,11:02:00 AM,12,14,11:16:00 AM,112,104,85,601,11:41:00 AM,5,11:42:00 AM,11:46:00 AM,4,Monday,Jan
01/05/2015,MQ,3071,N697MQ,GSO,DFW,6:10:00 PM,8:03:00 PM,113,15,8:18:00 PM,190,195,146,999,9:44:00 PM,34,8:20:00 PM,10:18:00 PM,118,Monday,Jan
02/09/2015,AA,1685,N455AA,ORD,MCO,12:55:00 PM,1:13:00 PM,18,13,1:26:00 PM,157,159,130,1005,4:36:00 PM,16,4:32:00 PM,4:52:00 PM,20,Monday,Feb
01/13/2015,NK,604,N631NK,FLL,LGA,11:12:00 PM,12:28:00 AM,16,10,1:38:00 AM,168,151,132,1076,11:50:00 PM,9,10:00:00 AM,11:59:00 PM,-1,Tuesday,Jan
02/06/2015,F9,241,N953FR,BNA,DEN,6:13:00 PM,6:13:00 PM,0,10,6:23:00 PM,177,174,156,1014,7:59:00 PM,8,8:10:00 PM,8:07:00 PM,-3,Friday,Feb
01/20/2015,EV,5663,N14542,IAH,STL,1:04:00 PM,1:02:00 PM,-2,17,1:19:00 PM,119,115,94,667,2:53:00 PM,4,3:03:00 PM,2:57:00 PM,-6,Tuesday,Jan
02/11/2015,UA,1294,N68836,IAH,MCO,12:20:00 AM,11:18:00 PM,-2,14,1:32:00 AM,130,126,106,854,10:18:00 AM,6,10:30:00 AM,10:24:00 AM,-6,Wednesday,Feb
01/10/2015,OO,5335,N237SW,CEC,SFO,8:00:00 AM,3:57:00 AM,-3,10,8:07:00 AM,103,84,72,304,7:19:00 PM,2,10:43:00 PM,8:21:00 PM,-22,Saturday,Jan
02/10/2015,WN,231,N757LV,CHS,BWI,12:00:00 PM,11:59:00 AM,-1,10,12:09:00 PM,90,84,70,472,1:19:00 PM,4,1:30:00 PM,1:23:00 PM,-7,Tuesday,Feb
01/08/2015,WN,278,N756SA,BWI,BHM,1:35:00 PM,3:15:00 PM,100,13,3:28:00 PM,130,126,110,682,4:18:00 PM,3,2:45:00 PM,4:21:00 PM,96,Thursday,Jan
02/03/2015,WN,111,N7727A,SJC,BUR,8:55:00 PM,8:52:00 PM,-3,9,9:01:00 PM,60,57,45,296,9:46:00 PM,3,9:55:00 PM,9:49:00 PM,-6,Tuesday,Feb
01/14/2015,EV,5248,N712EV,MSP,MDW,5:15:00 PM,5:23:00 PM,8,20,5:43:00 PM,95,96,70,349,6:53:00 PM,6,6:50:00 PM,6:59:00 PM,9,Wednesday,Jan
01/22/2015,UA,1067,N67827,PDX,DEN,2:45:00 PM,2:38:00 PM,-7,7,2:45:00 PM,158,151,124,991,5:49:00 PM,20,6:23:00 PM,6:09:00 PM,-14,Thursday,Jan
02/03/2015,DL,2378,N311US,SAN,SLC,1:15:00 PM,1:08:00 PM,-7,18,1:26:00 PM,111,110,86,626,3:52:00 PM,6,4:06:00 PM,3:58:00 PM,-8,Tuesday,Feb
01/07/2015,UA,669,N474UA,DEN,MSP,7:41:00 PM,8:02:00 PM,21,16,8:18:00 PM,117,119,90,680,10:48:00 PM,13,10:38:00 PM,11:01:00 PM,23,Wednesday,Jan
02/02/2015,AA,73,N3BUAA,PHL,CLT,10:05:00 AM,10:01:00 AM,-4,22,10:23:00 AM,125,118,93,449,11:56:00 AM,3,12:10:00 PM,11:59:00 AM,-11,Monday,Feb
02/03/2015,OO,4757,N783CA,MSP,CID,9:49:00 PM,9:54:00 PM,5,15,10:09:00 PM,73,62,40,220,10:49:00 PM,7,11:02:00 PM,10:56:00 PM,-6,Tuesday,Feb
01/16/2015,EV,5292,N923EV,ATL,AVL,10:01:00 PM,9:58:00 PM,-3,13,10:11:00 PM,52,49,32,164,10:43:00 PM,4,10:53:00 PM,10:47:00 PM,-6,Friday,Jan
01/05/2015,UA,698,N401UA,SFO,LAX,12:07:00 PM,12:09:00 PM,2,13,12:22:00 PM,93,98,59,337,1:21:00 PM,26,1:40:00 PM,1:47:00 PM,7,Monday,Jan
01/10/2015,WN,2436,N526SW,DAL,HOU,5:00:00 PM,5:01:00 PM,1,10,5:11:00 PM,65,61,48,239,5:59:00 PM,3,6:05:00 PM,6:02:00 PM,-3,Saturday,Jan
01/05/2015,MQ,3114,N623MQ,DTW,ORD,2:40:00 PM,5:14:00 PM,154,11,5:25:00 PM,85,136,57,235,5:22:00 PM,68,3:05:00 PM,6:30:00 PM,205,Monday,Jan
01/01/2015,WN,2849,N8328A,LAX,MDW,2:25:00 PM,3:09:00 PM,44,7,3:16:00 PM,240,229,215,1750,8:51:00 PM,7,8:25:00 PM,8:58:00 PM,33,Thursday,Jan
01/23/2015,UA,1603,N69839,IAH,SAN,12:45:00 PM,12:48:00 PM,3,20,6:08:00 PM,216,198,174,1303,10:02:00 AM,4,10:21:00 AM,10:06:00 AM,-15,Friday,Jan
01/14/2015,US,895,N190UW,ORD,PHL,6:55:00 PM,6:55:00 PM,0,15,7:10:00 PM,117,111,91,678,9:41:00 PM,5,9:52:00 PM,9:46:00 PM,-6,Wednesday,Jan
01/12/2015,OO,6408,N969SW,SFO,EUG,1:10:00 PM,2:54:00 PM,104,31,3:25:00 PM,97,113,78,451,4:43:00 PM,4,2:47:00 PM,4:47:00 PM,120,Monday,Jan
02/11/2015,WN,325,N263WN,HOU,MCI,5:20:00 PM,5:16:00 PM,-4,11,5:27:00 PM,115,105,88,666,6:55:00 PM,6,7:15:00 PM,7:01:00 PM,-14,Wednesday,Feb
01/30/2015,WN,948,N279WN,STL,DAL,10:10:00 AM,10:08:00 AM,-2,7,10:15:00 AM,105,92,80,546,11:35:00 AM,5,11:55:00 AM,11:40:00 AM,-15,Friday,Jan
01/29/2015,WN,61,N953WN,TPA,DCA,12:45:00 PM,12:44:00 PM,-1,13,1:57:00 PM,135,134,117,814,10:54:00 AM,4,11:00:00 AM,10:58:00 AM,-2,Thursday,Jan
01/24/2015,WN,3492,N781WN,MDW,BOS,1:40:00 PM,1:36:00 PM,-4,14,1:50:00 PM,135,140,118,861,4:48:00 PM,8,4:55:00 PM,4:56:00 PM,1,Saturday,Jan
01/10/2015,EV,2514,N880AS,DFW,OKC,3:50:00 AM,3:52:00 AM,2,27,9:19:00 AM,54,66,35,175,1:54:00 PM,4,12:44:00 PM,1:58:00 PM,14,Saturday,Jan
02/04/2015,MQ,2937,N690MQ,DFW,ABI,5:55:00 PM,5:52:00 PM,-3,14,6:06:00 PM,47,51,34,158,6:40:00 PM,3,6:42:00 PM,6:43:00 PM,1,Wednesday,Feb
01/16/2015,DL,953,N694DL,ATL,SAT,6:59:00 PM,7:00:00 PM,1,15,7:15:00 PM,162,171,147,874,8:42:00 PM,9,8:41:00 PM,8:51:00 PM,10,Friday,Jan
01/05/2015,WN,596,N739GB,SAT,DAL,8:00:00 PM,8:38:00 PM,38,9,8:47:00 PM,55,59,39,248,9:26:00 PM,11,8:55:00 PM,9:37:00 PM,42,Monday,Jan
01/16/2015,US,483,N826AW,MSP,PHX,2:35:00 PM,2:35:00 PM,0,16,2:51:00 PM,203,193,174,1276,4:45:00 PM,3,4:58:00 PM,4:48:00 PM,-10,Friday,Jan
01/19/2015,OO,5608,N923SW,LAX,SEA,12:40:00 PM,12:45:00 PM,5,18,6:03:00 PM,170,170,146,954,11:29:00 AM,6,11:30:00 AM,11:35:00 AM,5,Monday,Jan
02/08/2015,WN,134,N409WN,OKC,DEN,12:25:00 PM,12:24:00 PM,-1,8,12:32:00 PM,100,91,77,495,12:49:00 PM,6,1:05:00 PM,12:55:00 PM,-10,Sunday,Feb
01/02/2015,OO,5485,N494CA,COS,DEN,7:16:00 PM,6:08:00 PM,-8,15,8:23:00 PM,54,62,18,73,10:41:00 PM,29,10:10:00 AM,10:10:00 AM,0,Friday,Jan
01/30/2015,WN,4896,N366SW,ATL,IND,3:05:00 PM,3:24:00 PM,19,20,3:44:00 PM,100,102,77,432,5:01:00 PM,5,4:45:00 PM,5:06:00 PM,21,Friday,Jan
02/10/2015,NK,719,N529NK,DEN,LAS,6:45:00 PM,6:42:00 PM,-3,9,6:51:00 PM,112,105,90,628,7:21:00 PM,6,7:37:00 PM,7:27:00 PM,-10,Tuesday,Feb
01/13/2015,VX,420,N621VA,LAX,JFK,11:10:00 PM,11:06:00 PM,-4,7,11:13:00 PM,315,299,273,2475,4:46:00 PM,19,12:25:00 AM,10:05:00 PM,-20,Tuesday,Jan
01/24/2015,WN,2882,N913WN,ATL,SAN,3:45:00 PM,3:51:00 PM,6,9,4:00:00 PM,305,263,251,1892,5:11:00 PM,3,5:50:00 PM,5:14:00 PM,-36,Saturday,Jan
01/04/2015,WN,1438,N476WN,ATL,FLL,5:15:00 PM,7:50:00 PM,155,9,7:59:00 PM,110,102,88,581,9:27:00 PM,5,7:05:00 PM,9:32:00 PM,147,Sunday,Jan
01/20/2015,OO,6533,N128SY,ORD,DCA,10:00:00 PM,5:55:00 PM,-5,23,11:18:00 PM,110,110,81,612,9:39:00 PM,6,11:50:00 PM,10:45:00 PM,-5,Tuesday,Jan
01/10/2015,UA,1729,N37409,MIA,ORD,1:52:00 PM,1:50:00 PM,-2,16,6:06:00 PM,200,195,172,1197,10:58:00 AM,7,11:12:00 AM,11:05:00 AM,-7,Saturday,Jan
01/05/2015,HA,33,N373HA,LAX,OGG,11:15:00 AM,11:07:00 AM,-8,8,11:15:00 AM,345,345,318,2486,2:33:00 PM,19,3:00:00 PM,2:52:00 PM,-8,Monday,Jan
01/22/2015,DL,1811,N329NB,DCA,DTW,12:05:00 PM,7:56:00 AM,-9,31,2:27:00 PM,100,111,72,405,1:39:00 AM,8,2:45:00 AM,2:47:00 AM,2,Thursday,Jan
01/30/2015,AS,62,N587AS,JNU,SIT,10:29:00 AM,10:20:00 AM,-9,25,10:45:00 AM,48,55,24,95,11:09:00 AM,6,11:17:00 AM,11:15:00 AM,-2,Friday,Jan
01/07/2015,WN,110,N257WN,LAS,AUS,8:10:00 PM,8:49:00 PM,39,10,8:59:00 PM,150,156,142,1090,12:21:00 PM,4,4:40:00 PM,12:25:00 PM,45,Wednesday,Jan
01/03/2015,AA,1568,N597AA,DFW,OKC,10:45:00 PM,11:53:00 PM,8,11,10:04:00 AM,55,47,31,175,10:35:00 AM,5,10:40:00 AM,10:40:00 AM,0,Saturday,Jan
02/05/2015,AA,2463,N5FCAA,LAX,DFW,6:55:00 PM,6:50:00 PM,-5,24,7:14:00 PM,170,185,155,1235,11:49:00 PM,6,11:45:00 PM,11:55:00 PM,10,Thursday,Feb
01/08/2015,UA,423,N442UA,EWR,SFO,4:30:00 PM,4:25:00 PM,-5,20,4:45:00 PM,389,378,354,2565,7:39:00 PM,4,7:59:00 PM,7:43:00 PM,-16,Thursday,Jan
01/04/2015,WN,4022,N8606C,LAX,MDW,3:30:00 PM,3:33:00 PM,3,12,4:45:00 PM,240,246,226,1750,12:31:00 PM,8,12:30:00 PM,12:39:00 PM,9,Sunday,Jan
01/17/2015,WN,3204,N964WN,MDW,DAL,5:55:00 PM,5:52:00 PM,-3,10,10:02:00 PM,150,130,116,793,1:58:00 PM,4,8:25:00 PM,6:02:00 PM,-23,Saturday,Jan
02/11/2015,OO,5292,N976SW,DLH,ORD,12:00:00 PM,7:58:00 AM,-2,35,3:33:00 PM,100,111,65,397,1:38:00 AM,11,2:40:00 AM,2:49:00 AM,9,Wednesday,Feb
01/22/2015,WN,2331,N473WN,LGA,ATL,2:25:00 PM,2:22:00 PM,-3,55,11:17:00 PM,170,187,125,762,8:22:00 PM,7,7:15:00 PM,8:29:00 PM,14,Thursday,Jan
02/10/2015,DL,1200,N662DN,ATL,BOS,11:33:00 AM,11:33:00 AM,0,12,11:45:00 AM,148,152,128,946,1:53:00 PM,12,2:01:00 PM,2:05:00 PM,4,Tuesday,Feb
02/04/2015,AA,2401,N851AA,DFW,LAX,5:50:00 PM,4:44:00 PM,-6,12,5:56:00 PM,206,183,165,1235,2:41:00 AM,6,9:16:00 AM,2:47:00 AM,-29,Wednesday,Feb
01/23/2015,MQ,3635,N806MQ,PNS,DFW,12:35:00 PM,12:35:00 PM,0,11,12:46:00 PM,130,117,99,604,2:25:00 PM,7,2:45:00 PM,2:32:00 PM,-13,Friday,Jan
01/27/2015,OO,2617,N464SW,FAT,LAX,7:12:00 PM,7:05:00 PM,-7,14,7:19:00 PM,72,69,40,209,7:59:00 PM,15,8:24:00 PM,8:14:00 PM,-10,Tuesday,Jan
01/24/2015,OO,6391,N789SK,EUG,DEN,5:30:00 AM,4:21:00 AM,-9,11,5:32:00 AM,156,143,122,996,11:34:00 AM,10,6:06:00 PM,12:44:00 PM,-22,Saturday,Jan
01/27/2015,DL,1926,N923DN,ATL,MCI,6:05:00 PM,6:04:00 PM,-1,12,6:16:00 PM,137,125,108,692,7:04:00 PM,5,7:22:00 PM,7:09:00 PM,-13,Tuesday,Jan
01/22/2015,AA,1596,N3ADAA,DFW,SNA,12:45:00 PM,12:43:00 PM,-2,15,12:58:00 PM,197,184,160,1205,1:38:00 PM,9,2:02:00 PM,1:47:00 PM,-15,Thursday,Jan
01/15/2015,DL,1244,N951DN,SRQ,ATL,12:00:00 PM,7:57:00 AM,-3,11,12:08:00 PM,99,97,79,444,12:27:00 AM,7,1:39:00 AM,1:34:00 AM,-5,Thursday,Jan
01/05/2015,B6,1552,N351JB,MCO,BOS,12:00:00 PM,7:57:00 AM,-3,13,1:10:00 PM,167,141,123,1121,9:13:00 AM,5,12:47:00 PM,9:18:00 AM,-29,Monday,Jan
01/16/2015,UA,1296,N76528,LAX,KOA,10:03:00 AM,10:08:00 AM,5,15,10:23:00 AM,359,332,313,2504,1:36:00 PM,4,2:02:00 PM,1:40:00 PM,-22,Friday,Jan
01/18/2015,WN,4162,N8625A,SLC,MDW,8:00:00 AM,8:00:00 AM,0,11,9:11:00 AM,190,174,157,1259,11:48:00 AM,6,12:10:00 PM,11:54:00 AM,-16,Sunday,Jan
01/17/2015,EV,6028,N13978,ORD,IND,11:55:00 AM,11:49:00 AM,-6,15,12:04:00 PM,67,54,32,177,1:36:00 PM,7,2:02:00 PM,1:43:00 PM,-19,Saturday,Jan
01/20/2015,OO,2587,N417SW,TUS,LAX,11:00:00 AM,10:48:00 AM,-12,11,10:59:00 AM,95,93,77,451,11:16:00 AM,5,11:35:00 AM,11:21:00 AM,-14,Tuesday,Jan
02/06/2015,US,1792,N971UY,FLL,PHL,12:00:00 PM,7:52:00 AM,-8,11,12:03:00 PM,160,175,161,992,12:44:00 PM,3,12:40:00 PM,12:47:00 PM,7,Friday,Feb
02/03/2015,WN,4300,N684WN,LAX,SFO,6:50:00 PM,6:47:00 PM,-3,7,6:54:00 PM,75,67,55,337,7:49:00 PM,5,8:05:00 PM,7:54:00 PM,-11,Tuesday,Feb
02/08/2015,EV,4239,N13978,IAH,JAN,4:15:00 PM,4:13:00 PM,-2,10,4:23:00 PM,76,69,54,351,5:17:00 PM,5,5:31:00 PM,5:22:00 PM,-9,Sunday,Feb
02/02/2015,AA,1086,N479AA,SLC,DFW,12:15:00 PM,12:16:00 PM,1,19,12:35:00 PM,154,162,130,989,3:45:00 PM,13,3:49:00 PM,3:58:00 PM,9,Monday,Feb
01/30/2015,EV,5804,N14991,ORD,MCI,11:30:00 AM,10:27:00 AM,-3,15,12:42:00 PM,97,96,74,403,11:56:00 PM,7,10:07:00 AM,10:03:00 AM,-4,Friday,Jan
02/09/2015,UA,1654,N24202,IAH,SJC,8:20:00 PM,7:17:00 PM,-3,24,10:41:00 PM,258,249,221,1608,11:22:00 AM,4,11:38:00 AM,11:26:00 AM,-12,Monday,Feb
01/08/2015,WN,1632,N555LV,SJC,SNA,9:15:00 PM,9:12:00 PM,-3,8,9:20:00 PM,70,71,60,342,10:20:00 PM,3,10:25:00 PM,10:23:00 PM,-2,Thursday,Jan
02/09/2015,DL,129,N824DN,ATL,SEA,12:57:00 PM,1:03:00 PM,6,11,1:14:00 PM,330,322,304,2182,3:18:00 PM,7,3:27:00 PM,3:25:00 PM,-2,Monday,Feb
02/08/2015,OO,4837,N806SK,PHX,SEA,5:57:00 PM,5:54:00 PM,-3,19,6:13:00 PM,188,171,147,1107,7:40:00 PM,5,8:05:00 PM,7:45:00 PM,-20,Sunday,Feb
01/03/2015,EV,2512,N830AS,BRO,DFW,1:15:00 PM,12:08:00 PM,-7,13,2:21:00 PM,95,94,70,482,1:31:00 AM,11,3:50:00 AM,2:42:00 AM,-8,Saturday,Jan
01/16/2015,F9,520,N206FR,DEN,CLE,12:43:00 PM,11:36:00 AM,-7,13,12:49:00 PM,167,188,154,1201,1:23:00 PM,21,1:30:00 PM,1:44:00 PM,14,Friday,Jan
01/23/2015,US,776,N579UW,PHX,PHL,1:10:00 PM,1:04:00 PM,-6,16,1:20:00 PM,262,270,248,2075,7:28:00 PM,6,7:32:00 PM,7:34:00 PM,2,Friday,Jan
01/21/2015,EV,3938,N11536,ORD,MEM,9:10:00 AM,8:06:00 AM,-4,18,10:24:00 AM,114,110,86,491,11:50:00 PM,6,10:04:00 AM,11:56:00 PM,-8,Wednesday,Jan
02/01/2015,NK,475,N616NK,LGA,DTW,10:40:00 PM,10:44:00 PM,4,14,11:58:00 PM,123,131,107,502,11:45:00 AM,10,11:43:00 AM,11:55:00 AM,12,Sunday,Feb
01/09/2015,OO,4458,N936SW,MKE,CVG,10:25:00 AM,10:25:00 AM,0,15,12:40:00 PM,84,74,53,318,10:33:00 AM,6,10:49:00 AM,10:39:00 AM,-10,Friday,Jan
01/04/2015,WN,1680,N644SW,ATL,STL,7:15:00 PM,8:54:00 PM,99,15,9:09:00 PM,105,101,82,484,9:31:00 PM,4,8:00:00 PM,9:35:00 PM,95,Sunday,Jan
01/09/2015,B6,1169,N206JB,RIC,MCO,9:13:00 AM,8:02:00 AM,-11,15,9:17:00 AM,126,128,105,667,10:02:00 AM,8,10:19:00 AM,10:10:00 AM,-9,Friday,Jan
01/15/2015,B6,733,N304JB,MCO,SJU,1:10:00 PM,1:09:00 PM,-1,9,1:18:00 PM,163,149,136,1189,4:34:00 PM,4,4:53:00 PM,4:38:00 PM,-15,Thursday,Jan
02/02/2015,WN,4020,N704SW,BWI,ATL,8:10:00 PM,8:11:00 PM,1,14,8:25:00 PM,120,111,89,577,9:54:00 PM,8,10:10:00 PM,10:02:00 PM,-8,Monday,Feb
02/10/2015,OO,6209,N724SK,ORD,BNA,6:05:00 PM,5:59:00 PM,-6,20,6:19:00 PM,91,89,60,409,7:19:00 PM,9,7:36:00 PM,7:28:00 PM,-8,Tuesday,Feb
02/08/2015,DL,2359,N925AT,SGF,ATL,12:00:00 PM,12:00:00 PM,0,15,1:15:00 PM,125,94,74,563,10:29:00 AM,5,6:05:00 PM,11:34:00 AM,-31,Sunday,Feb
01/21/2015,OO,4980,N770SK,ORD,MTJ,11:53:00 PM,10:55:00 AM,62,29,11:24:00 AM,187,190,157,1081,1:01:00 PM,4,12:00:00 PM,1:05:00 PM,65,Wednesday,Jan
01/04/2015,AA,2380,N4XGAA,LAX,STL,3:25:00 PM,3:50:00 PM,25,15,4:05:00 PM,210,213,191,1592,9:16:00 PM,7,8:55:00 PM,9:23:00 PM,28,Sunday,Jan
01/27/2015,MQ,3634,N659MQ,DFW,JAN,10:00:00 AM,10:00:00 AM,0,21,10:21:00 AM,77,81,56,408,11:17:00 AM,4,11:17:00 AM,11:21:00 AM,4,Tuesday,Jan
01/31/2015,US,760,N744P,MIA,CLT,5:10:00 PM,5:13:00 PM,3,24,5:37:00 PM,139,130,100,650,7:17:00 PM,6,7:29:00 PM,7:23:00 PM,-6,Saturday,Jan
02/11/2015,OO,2735,N944SW,DRO,PHX,1:15:00 PM,12:09:00 PM,-6,14,2:23:00 PM,79,80,57,351,12:20:00 AM,9,1:34:00 AM,12:29:00 AM,-5,Wednesday,Feb
01/20/2015,UA,754,N492UA,DEN,LGA,12:40:00 PM,12:41:00 PM,1,11,12:52:00 PM,226,212,197,1620,6:09:00 PM,4,6:26:00 PM,6:13:00 PM,-13,Tuesday,Jan
02/04/2015,WN,3671,N511SW,MSY,HOU,3:30:00 PM,2:24:00 PM,-6,8,3:32:00 PM,75,68,57,302,12:29:00 AM,3,2:45:00 AM,1:32:00 AM,-13,Wednesday,Feb
01/02/2015,AA,204,N633AA,MIA,LAS,10:00:00 PM,5:59:00 PM,-1,25,12:24:00 AM,328,315,284,2174,6:08:00 PM,6,8:28:00 PM,7:14:00 PM,-14,Friday,Jan
01/15/2015,EV,5482,N843AS,CRW,ATL,4:47:00 PM,4:47:00 PM,0,14,5:01:00 PM,90,86,64,363,6:05:00 PM,8,6:17:00 PM,6:13:00 PM,-4,Thursday,Jan
01/07/2015,EV,4269,N11121,IAD,CLE,5:00:00 PM,5:50:00 PM,50,23,6:13:00 PM,78,82,52,288,7:05:00 PM,7,6:18:00 PM,7:12:00 PM,54,Wednesday,Jan
02/04/2015,DL,50,N584NW,RSW,MSP,3:46:00 PM,3:41:00 PM,-5,25,4:06:00 PM,222,220,186,1416,6:12:00 PM,9,6:28:00 PM,6:21:00 PM,-7,Wednesday,Feb
01/04/2015,OO,4623,N613QX,PDX,SEA,11:25:00 AM,11:53:00 AM,28,9,12:02:00 PM,50,55,38,129,12:40:00 PM,8,12:15:00 PM,12:48:00 PM,33,Sunday,Jan
01/20/2015,B6,1466,N618JB,FLL,BUF,6:46:00 PM,6:39:00 PM,-7,14,6:53:00 PM,174,171,155,1165,9:28:00 PM,2,9:40:00 PM,9:30:00 PM,-10,Tuesday,Jan
01/20/2015,WN,3835,N644SW,LIT,DAL,11:50:00 PM,10:43:00 PM,-7,9,11:52:00 PM,70,67,54,296,10:46:00 AM,4,11:00:00 AM,10:50:00 AM,-10,Tuesday,Jan
01/13/2015,US,2121,N819AW,BOS,DCA,4:00:00 PM,3:52:00 PM,-8,7,3:59:00 PM,93,79,70,399,5:09:00 PM,2,5:33:00 PM,5:11:00 PM,-22,Tuesday,Jan
02/06/2015,AA,1029,N3JXAA,JFK,DCA,4:00:00 PM,3:59:00 PM,-1,31,4:30:00 PM,81,93,55,213,5:25:00 PM,7,5:21:00 PM,5:32:00 PM,11,Friday,Feb
01/28/2015,WN,970,N737JW,ATL,HOU,8:55:00 PM,8:55:00 PM,0,15,9:10:00 PM,140,127,108,696,9:58:00 PM,4,10:15:00 PM,10:02:00 PM,-13,Wednesday,Jan
02/10/2015,WN,1051,N712SW,SAT,DEN,12:45:00 PM,12:41:00 PM,-4,6,12:47:00 PM,140,117,105,794,1:32:00 PM,6,2:05:00 PM,1:38:00 PM,-27,Tuesday,Feb
01/31/2015,US,1764,N817AW,MCI,CLT,3:40:00 PM,3:31:00 PM,-9,12,3:43:00 PM,129,123,96,808,6:19:00 PM,15,6:49:00 PM,6:34:00 PM,-15,Saturday,Jan
02/10/2015,MQ,3208,N923MQ,DFW,BIS,4:00:00 PM,3:52:00 PM,-8,15,4:07:00 PM,152,161,142,977,6:29:00 PM,4,6:32:00 PM,6:33:00 PM,1,Tuesday,Feb
02/11/2015,EV,4287,N14179,IAD,IAH,4:27:00 AM,4:25:00 AM,-2,28,7:53:00 AM,225,219,183,1190,3:56:00 AM,8,9:12:00 AM,8:04:00 AM,-8,Wednesday,Feb
02/03/2015,OO,6238,N292SW,SFO,ACV,11:53:00 AM,11:48:00 AM,-5,16,12:04:00 PM,85,80,59,250,1:03:00 PM,5,1:18:00 PM,1:08:00 PM,-10,Tuesday,Feb
01/21/2015,WN,3478,N794SW,MDW,MSP,7:05:00 PM,7:33:00 PM,28,18,7:51:00 PM,90,80,58,349,8:49:00 PM,4,8:35:00 PM,8:53:00 PM,18,Wednesday,Jan
01/14/2015,MQ,3204,N505MQ,XNA,ORD,12:00:00 PM,7:55:00 AM,-5,9,12:04:00 PM,105,127,74,522,11:18:00 PM,44,2:45:00 AM,8:02:00 AM,17,Wednesday,Jan
01/03/2015,AA,179,N786AA,JFK,SFO,10:30:00 AM,10:26:00 AM,-4,25,10:51:00 AM,395,411,381,2586,2:12:00 PM,5,2:05:00 PM,2:17:00 PM,12,Saturday,Jan
01/23/2015,AA,1494,N4YCAA,AUS,DFW,10:44:00 PM,9:36:00 PM,-8,17,11:53:00 PM,66,61,37,190,10:30:00 AM,7,10:50:00 AM,10:37:00 AM,-13,Friday,Jan
01/28/2015,WN,870,N389SW,ABQ,PHX,6:50:00 PM,6:54:00 PM,4,21,7:15:00 PM,75,85,58,328,8:13:00 PM,6,8:05:00 PM,8:19:00 PM,14,Wednesday,Jan
01/22/2015,EV,3266,N13550,MCI,ORD,12:27:00 PM,12:18:00 PM,-9,7,12:25:00 PM,94,86,67,403,1:32:00 PM,12,2:01:00 PM,1:44:00 PM,-17,Thursday,Jan
01/06/2015,WN,1049,N383SW,TUL,HOU,10:25:00 AM,10:26:00 AM,1,18,12:44:00 PM,95,98,73,453,11:57:00 PM,7,10:00:00 AM,10:04:00 AM,4,Tuesday,Jan
01/29/2015,UA,1263,N69816,KOA,SFO,1:56:00 PM,1:56:00 PM,0,11,2:07:00 PM,309,275,257,2367,8:24:00 PM,7,9:05:00 PM,8:31:00 PM,-34,Thursday,Jan
01/14/2015,UA,1084,N26123,LAX,ORD,12:45:00 PM,10:21:00 AM,96,12,10:33:00 AM,250,231,206,1744,3:59:00 PM,13,2:55:00 PM,4:12:00 PM,77,Wednesday,Jan
01/30/2015,US,435,N676AW,FLL,PHX,10:00:00 PM,5:58:00 PM,-2,12,11:10:00 PM,322,315,289,1972,11:59:00 PM,14,10:22:00 AM,10:13:00 AM,-9,Friday,Jan
01/30/2015,UA,1527,N68801,SFO,SEA,10:35:00 PM,10:53:00 PM,18,14,11:07:00 PM,130,125,104,679,3:51:00 AM,7,9:45:00 PM,10:58:00 AM,13,Friday,Jan
01/30/2015,EV,5122,N867AS,ATL,MLU,1:00:00 PM,12:55:00 PM,-5,9,1:04:00 PM,97,91,79,448,1:23:00 PM,3,1:37:00 PM,1:26:00 PM,-11,Friday,Jan
01/12/2015,AA,1484,N493AA,DFW,AUS,8:25:00 PM,7:17:00 PM,-8,18,9:35:00 PM,58,64,42,190,10:17:00 AM,4,10:23:00 AM,10:21:00 AM,-2,Monday,Jan
01/05/2015,WN,4918,N355SW,SJC,ONT,7:35:00 PM,8:21:00 PM,46,8,8:29:00 PM,65,66,54,333,9:23:00 PM,4,8:40:00 PM,9:27:00 PM,47,Monday,Jan
01/28/2015,AA,1222,N481AA,TUS,DFW,9:16:00 AM,8:09:00 AM,-7,16,10:25:00 AM,129,130,101,813,11:06:00 AM,13,11:25:00 AM,11:19:00 AM,-6,Wednesday,Jan
01/19/2015,WN,16,N523SW,HOU,DAL,10:00:00 AM,11:58:00 PM,-2,8,10:06:00 AM,60,55,45,239,10:51:00 AM,2,11:00:00 AM,10:53:00 AM,-7,Monday,Jan
01/20/2015,WN,484,N206WN,OAK,SLC,6:55:00 PM,7:28:00 PM,33,13,7:41:00 PM,100,106,89,588,10:10:00 PM,4,9:35:00 PM,10:14:00 PM,39,Tuesday,Jan
02/09/2015,WN,1892,N944WN,HOU,ABQ,8:10:00 PM,8:04:00 PM,-6,13,8:17:00 PM,135,126,109,759,9:06:00 PM,4,9:25:00 PM,9:10:00 PM,-15,Monday,Feb
01/05/2015,OO,4966,N730SK,SFO,SUN,10:55:00 AM,11:34:00 AM,39,30,12:04:00 PM,113,117,84,587,2:28:00 PM,3,1:48:00 PM,2:31:00 PM,43,Monday,Jan
02/06/2015,EV,4712,N11127,TYS,EWR,10:27:00 AM,11:52:00 PM,85,22,10:14:00 AM,117,128,98,631,11:52:00 AM,8,10:24:00 AM,12:00:00 PM,96,Friday,Feb
02/03/2015,NK,612,N605NK,MSP,ORD,1:15:00 PM,10:01:00 PM,46,15,11:16:00 PM,93,107,56,334,9:12:00 AM,36,2:48:00 AM,12:48:00 PM,60,Tuesday,Feb
02/09/2015,EV,5558,N842AS,DTW,RIC,2:15:00 PM,4:07:00 PM,112,21,4:28:00 PM,102,107,80,456,5:48:00 PM,6,3:57:00 PM,5:54:00 PM,117,Monday,Feb
02/08/2015,AA,1650,N4WLAA,RNO,ORD,11:35:00 AM,11:37:00 AM,2,19,1:56:00 PM,240,218,185,1671,2:01:00 PM,14,2:35:00 PM,2:15:00 PM,-20,Sunday,Feb
01/22/2015,AA,1032,N3JGAA,MIA,DTW,1:35:00 PM,1:27:00 PM,-8,13,1:40:00 PM,186,185,160,1145,4:20:00 PM,12,4:41:00 PM,4:32:00 PM,-9,Thursday,Jan
01/08/2015,WN,945,N386SW,SMF,LAX,11:15:00 AM,11:25:00 AM,10,13,11:38:00 AM,80,90,60,373,12:38:00 PM,17,12:35:00 PM,12:55:00 PM,20,Thursday,Jan
02/12/2015,EV,4096,N16541,ORD,CHS,1:36:00 PM,1:35:00 PM,-1,13,1:48:00 PM,133,126,105,760,4:33:00 PM,8,4:49:00 PM,4:41:00 PM,-8,Thursday,Feb
02/01/2015,AA,1297,N3CTAA,LGA,MIA,12:00:00 PM,7:53:00 AM,-7,15,12:08:00 PM,193,177,149,1096,11:37:00 AM,13,7:13:00 PM,1:50:00 PM,-23,Sunday,Feb
01/18/2015,DL,1299,N713TW,LAX,KOA,5:25:00 PM,5:20:00 PM,-5,11,5:31:00 PM,351,337,322,2504,8:53:00 PM,4,9:16:00 PM,8:57:00 PM,-19,Sunday,Jan
01/13/2015,WN,4069,N750SA,BNA,DAL,8:05:00 AM,8:03:00 AM,-2,20,10:23:00 AM,130,121,97,623,10:00:00 AM,4,10:15:00 AM,10:04:00 AM,-11,Tuesday,Jan
01/22/2015,OO,4856,N641CA,LAX,SJC,2:40:00 PM,2:59:00 PM,19,20,3:19:00 PM,77,74,50,308,4:09:00 PM,4,3:57:00 PM,4:13:00 PM,16,Thursday,Jan
01/08/2015,MQ,3397,N942MQ,EYW,MIA,10:42:00 AM,11:02:00 AM,20,6,11:08:00 AM,48,34,24,125,11:32:00 AM,4,11:30:00 AM,11:36:00 AM,6,Thursday,Jan
01/29/2015,DL,1355,N303DQ,ATL,EYW,10:40:00 PM,9:38:00 PM,-2,10,10:48:00 PM,113,94,82,646,11:10:00 AM,2,11:33:00 AM,11:12:00 AM,-21,Thursday,Jan
01/14/2015,UA,1751,N27421,PHL,ORD,12:41:00 PM,12:31:00 PM,-10,10,12:41:00 PM,148,129,101,678,1:22:00 PM,18,2:09:00 PM,1:40:00 PM,-29,Wednesday,Jan
01/21/2015,NK,295,N533NK,ORD,IAH,8:20:00 PM,8:14:00 PM,-6,14,8:28:00 PM,167,179,154,925,11:02:00 PM,11,11:07:00 PM,11:13:00 PM,6,Wednesday,Jan
01/18/2015,UA,1418,N37281,SAT,IAH,9:17:00 AM,9:13:00 AM,-4,11,10:24:00 AM,62,64,36,191,6:00:00 PM,17,7:19:00 PM,7:17:00 PM,-2,Sunday,Jan
01/14/2015,OO,5439,N221SW,SFO,CEC,12:00:00 PM,12:37:00 PM,37,11,12:48:00 PM,97,80,64,304,1:52:00 PM,5,1:37:00 PM,1:57:00 PM,20,Wednesday,Jan
02/02/2015,EV,4598,N26141,CVG,IAH,11:52:00 AM,11:44:00 AM,-8,22,12:06:00 PM,176,186,136,871,1:22:00 PM,28,1:48:00 PM,1:50:00 PM,2,Monday,Feb
02/09/2015,OO,4789,N812SK,LAS,SEA,12:55:00 PM,12:55:00 PM,0,23,1:18:00 PM,164,151,125,867,3:23:00 PM,3,3:39:00 PM,3:26:00 PM,-13,Monday,Feb
02/08/2015,WN,2217,N922WN,BWI,ORF,10:10:00 PM,10:15:00 PM,5,10,10:25:00 PM,55,46,31,159,10:56:00 PM,5,11:05:00 PM,11:01:00 PM,-4,Sunday,Feb
01/12/2015,DL,1274,N3764D,LAX,DFW,6:44:00 PM,6:37:00 PM,-7,13,6:50:00 PM,189,164,145,1235,11:15:00 PM,6,11:53:00 PM,11:21:00 PM,-32,Monday,Jan
01/12/2015,NK,732,N532NK,LAX,ORD,2:11:00 PM,2:58:00 PM,47,8,3:06:00 PM,242,275,217,1744,8:43:00 PM,50,8:13:00 PM,9:33:00 PM,80,Monday,Jan
01/04/2015,DL,2507,N365NB,SAT,SLC,2:08:00 PM,2:08:00 PM,0,11,2:19:00 PM,182,168,149,1087,3:48:00 PM,8,4:10:00 PM,3:56:00 PM,-14,Sunday,Jan
02/06/2015,EV,4191,N13970,EWR,BNA,7:29:00 PM,7:26:00 PM,-3,10,7:36:00 PM,157,123,107,748,8:23:00 PM,6,9:06:00 PM,8:29:00 PM,-37,Friday,Feb
01/07/2015,WN,101,N422WN,LGA,BNA,1:30:00 PM,1:38:00 PM,8,40,2:18:00 PM,155,177,132,764,3:30:00 PM,5,3:05:00 PM,3:35:00 PM,30,Wednesday,Jan
02/08/2015,OO,5328,N927SW,DEN,MKE,5:20:00 PM,5:15:00 PM,-5,15,5:30:00 PM,144,138,118,896,8:28:00 PM,5,8:44:00 PM,8:33:00 PM,-11,Sunday,Feb
01/24/2015,AA,1445,N3EMAA,MIA,LGA,11:35:00 AM,11:46:00 AM,11,17,12:03:00 PM,174,155,134,1096,2:17:00 PM,4,2:29:00 PM,2:21:00 PM,-8,Saturday,Jan
02/02/2015,EV,6091,N14188,FAR,DEN,1:10:00 PM,12:03:00 PM,-7,19,2:22:00 PM,133,120,90,627,5:52:00 PM,11,12:23:00 AM,10:03:00 PM,-20,Monday,Feb
02/06/2015,DL,1259,N967DL,ATL,OKC,8:43:00 PM,8:53:00 PM,10,26,9:19:00 PM,146,141,111,761,10:10:00 PM,4,10:09:00 PM,10:14:00 PM,5,Friday,Feb
02/07/2015,US,473,N585UW,PHX,MSP,3:55:00 PM,3:51:00 PM,-4,18,4:09:00 PM,182,172,146,1276,7:35:00 PM,8,7:57:00 PM,7:43:00 PM,-14,Saturday,Feb
02/03/2015,UA,1667,N79402,ORD,PDX,11:35:00 AM,11:35:00 AM,0,25,6:00:00 PM,277,288,259,1739,11:19:00 AM,4,11:12:00 AM,11:23:00 AM,11,Tuesday,Feb
02/02/2015,EV,3948,N21130,DEN,FSD,11:57:00 PM,11:08:00 AM,71,12,11:20:00 AM,97,82,65,483,1:25:00 PM,5,12:34:00 PM,1:30:00 PM,56,Monday,Feb
01/25/2015,DL,1410,N376NW,DEN,DTW,4:15:00 PM,4:06:00 PM,-9,14,4:20:00 PM,165,176,151,1123,8:51:00 PM,11,9:00:00 PM,9:02:00 PM,2,Sunday,Jan
01/26/2015,DL,1338,N920DE,ATL,BHM,11:35:00 AM,11:34:00 AM,-1,16,1:50:00 PM,54,45,25,134,9:15:00 AM,4,10:29:00 AM,9:19:00 AM,-10,Monday,Jan
01/12/2015,WN,1120,N942WN,SNA,PHX,2:15:00 PM,2:17:00 PM,2,6,2:23:00 PM,75,63,52,338,4:15:00 PM,5,4:30:00 PM,4:20:00 PM,-10,Monday,Jan
01/12/2015,OO,6341,N908SW,LAX,SAN,8:05:00 PM,8:48:00 PM,43,15,9:03:00 PM,51,46,27,109,9:30:00 PM,4,8:56:00 PM,9:34:00 PM,38,Monday,Jan
01/21/2015,WN,476,N8640D,MDW,MHT,1:20:00 PM,1:17:00 PM,-3,6,1:23:00 PM,130,114,104,838,4:07:00 PM,4,4:30:00 PM,4:11:00 PM,-19,Wednesday,Jan
01/14/2015,WN,3294,N460WN,ALB,MCO,10:00:00 PM,5:59:00 PM,-1,22,12:21:00 AM,200,197,168,1073,10:09:00 AM,7,10:20:00 AM,10:16:00 AM,-4,Wednesday,Jan
02/12/2015,DL,1212,N592NW,LAX,MSP,5:54:00 PM,11:39:00 AM,105,24,6:03:00 PM,215,218,188,1535,2:11:00 PM,6,12:29:00 PM,2:17:00 PM,108,Thursday,Feb
01/07/2015,WN,1072,N413WN,ABQ,MCI,11:50:00 AM,12:40:00 PM,50,7,12:47:00 PM,115,105,93,718,3:20:00 PM,5,2:45:00 PM,3:25:00 PM,40,Wednesday,Jan
01/12/2015,US,1848,N770UW,PHL,DFW,11:40:00 AM,11:36:00 AM,-4,23,11:59:00 AM,232,232,198,1303,2:17:00 PM,11,2:32:00 PM,2:28:00 PM,-4,Monday,Jan
01/14/2015,AA,148,N3CGAA,MIA,CLT,2:25:00 PM,2:29:00 PM,4,13,4:42:00 PM,129,120,101,650,10:23:00 AM,6,11:34:00 AM,10:29:00 AM,-5,Wednesday,Jan
02/04/2015,US,618,N834AW,OAK,PHX,12:29:00 PM,12:57:00 PM,28,19,1:16:00 PM,111,124,97,646,3:53:00 PM,8,3:20:00 PM,4:01:00 PM,41,Wednesday,Feb
01/04/2015,AA,50,N4XCAA,SLC,DFW,9:15:00 AM,10:25:00 AM,10,20,12:45:00 PM,165,157,124,989,11:49:00 AM,13,12:00:00 PM,12:02:00 PM,2,Sunday,Jan
02/02/2015,OO,4965,N744SK,DEN,JAC,3:24:00 PM,4:01:00 PM,37,17,4:18:00 PM,93,90,70,406,5:28:00 PM,3,4:57:00 PM,5:31:00 PM,34,Monday,Feb
01/30/2015,EV,5973,N29917,ORD,TUL,11:55:00 PM,10:48:00 PM,-7,11,11:59:00 PM,123,114,99,585,11:38:00 AM,4,11:58:00 AM,11:42:00 AM,-16,Friday,Jan
01/06/2015,WN,2256,N764SW,MDW,PHX,1:45:00 PM,2:10:00 PM,25,16,2:26:00 PM,235,233,207,1444,4:53:00 PM,10,4:40:00 PM,5:03:00 PM,23,Tuesday,Jan
01/08/2015,DL,2297,N552NW,JAX,ATL,3:45:00 PM,3:43:00 PM,-2,15,3:58:00 PM,78,70,49,270,4:47:00 PM,6,5:03:00 PM,4:53:00 PM,-10,Thursday,Jan
01/11/2015,OO,6452,N578SW,LAX,SAN,10:47:00 AM,10:58:00 AM,11,40,11:38:00 AM,55,74,30,109,12:08:00 PM,4,11:42:00 AM,12:12:00 PM,30,Sunday,Jan
02/01/2015,DL,2124,N651DL,MSY,ATL,11:15:00 PM,11:14:00 PM,-1,13,12:27:00 AM,89,79,57,425,8:24:00 PM,9,10:44:00 PM,9:33:00 PM,-11,Sunday,Feb
02/11/2015,OO,4608,N611SK,SEA,PDX,10:05:00 PM,5:54:00 PM,-11,24,11:18:00 PM,58,56,27,129,2:45:00 AM,5,8:03:00 AM,3:50:00 AM,-13,Wednesday,Feb
01/12/2015,VX,406,N851VA,LAX,JFK,10:55:00 AM,11:04:00 AM,9,10,11:14:00 AM,325,324,302,2475,7:16:00 PM,12,7:20:00 PM,7:28:00 PM,8,Monday,Jan
01/27/2015,EV,4117,N29917,LRD,IAH,5:50:00 PM,3:39:00 PM,-11,11,5:50:00 PM,73,74,52,301,2:42:00 AM,11,8:03:00 AM,3:53:00 AM,-10,Tuesday,Jan
01/15/2015,DL,1466,N962DL,ATL,GSO,2:55:00 PM,2:54:00 PM,-1,17,3:11:00 PM,74,68,47,306,3:58:00 PM,4,4:09:00 PM,4:02:00 PM,-7,Thursday,Jan
01/17/2015,B6,51,N779JB,BOS,MCO,12:21:00 AM,3:52:00 AM,31,21,9:13:00 AM,206,185,159,1121,10:52:00 AM,5,10:47:00 AM,10:57:00 AM,10,Saturday,Jan
01/16/2015,MQ,3389,N623MQ,XNA,DFW,9:12:00 AM,8:05:00 AM,-7,18,10:23:00 AM,83,99,46,280,6:09:00 PM,35,9:35:00 PM,10:44:00 PM,9,Friday,Jan
02/12/2015,EV,4622,N36915,SAV,IAD,2:48:00 PM,2:48:00 PM,0,19,3:07:00 PM,97,94,69,515,4:16:00 PM,6,4:25:00 PM,4:22:00 PM,-3,Thursday,Feb
02/06/2015,AA,170,N858AA,LAX,LAS,12:35:00 PM,12:29:00 PM,-6,24,12:53:00 PM,75,71,36,236,1:29:00 PM,11,1:50:00 PM,1:40:00 PM,-10,Friday,Feb
01/28/2015,WN,10,N7713A,CRP,HOU,10:05:00 PM,10:02:00 PM,-3,24,12:26:00 AM,50,61,32,187,3:58:00 AM,5,3:55:00 AM,8:03:00 AM,8,Wednesday,Jan
02/07/2015,B6,678,N623JB,JAX,JFK,11:05:00 AM,11:10:00 AM,5,11,11:21:00 AM,128,132,116,828,1:17:00 PM,5,1:13:00 PM,1:22:00 PM,9,Saturday,Feb
01/02/2015,F9,1005,N908FR,MCO,BMI,1:16:00 PM,1:16:00 PM,0,14,1:30:00 PM,154,150,129,936,2:39:00 PM,7,2:50:00 PM,2:46:00 PM,-4,Friday,Jan
01/10/2015,B6,690,N348JB,DCA,BOS,3:35:00 PM,3:29:00 PM,-6,12,3:41:00 PM,85,74,59,399,4:40:00 PM,3,5:00:00 PM,4:43:00 PM,-17,Saturday,Jan
01/25/2015,WN,1051,N7739A,SAT,DEN,12:45:00 PM,12:45:00 PM,0,9,12:54:00 PM,140,150,133,794,2:07:00 PM,8,2:05:00 PM,2:15:00 PM,10,Sunday,Jan
01/24/2015,AA,1521,N3AWAA,MIA,LAS,8:25:00 PM,10:40:00 PM,15,16,11:56:00 PM,343,330,303,2174,11:59:00 AM,11,12:08:00 PM,12:10:00 PM,2,Saturday,Jan
01/13/2015,WN,3138,N617SW,RNO,LAS,12:25:00 PM,12:25:00 PM,0,9,12:34:00 PM,75,70,57,345,1:31:00 PM,4,1:40:00 PM,1:35:00 PM,-5,Tuesday,Jan
01/18/2015,B6,904,N526JB,RSW,BDL,2:49:00 PM,2:58:00 PM,9,16,3:14:00 PM,171,163,142,1180,5:36:00 PM,5,5:40:00 PM,5:41:00 PM,1,Sunday,Jan
02/05/2015,HA,347,N475HA,KOA,HNL,3:46:00 PM,3:46:00 PM,0,14,4:00:00 PM,44,65,42,163,4:42:00 PM,9,4:30:00 PM,4:51:00 PM,21,Thursday,Feb
01/16/2015,DL,1270,N919DE,ATL,PNS,1:41:00 PM,1:36:00 PM,-5,12,1:48:00 PM,73,63,48,271,1:36:00 PM,3,1:54:00 PM,1:39:00 PM,-15,Friday,Jan
01/22/2015,DL,2308,N978DL,SDF,ATL,2:03:00 PM,2:07:00 PM,4,9,2:16:00 PM,92,77,54,321,3:10:00 PM,14,3:35:00 PM,3:24:00 PM,-11,Thursday,Jan
01/08/2015,AA,1535,N4YJAA,DFW,MCI,5:05:00 PM,5:12:00 PM,7,18,5:30:00 PM,92,95,71,460,6:41:00 PM,6,6:37:00 PM,6:47:00 PM,10,Thursday,Jan
01/28/2015,UA,1707,N69806,IAH,PHX,5:52:00 PM,5:51:00 PM,-1,15,6:06:00 PM,174,166,146,1009,7:32:00 PM,5,7:46:00 PM,7:37:00 PM,-9,Wednesday,Jan
01/09/2015,B6,323,N945JB,JFK,LAX,11:25:00 AM,11:26:00 AM,1,71,12:37:00 PM,374,427,345,2475,3:22:00 PM,11,2:39:00 PM,3:33:00 PM,54,Friday,Jan
02/05/2015,WN,4378,N523SW,DAL,AUS,8:05:00 AM,8:05:00 AM,0,36,12:41:00 PM,55,80,39,189,8:20:00 PM,5,6:00:00 PM,8:25:00 PM,25,Thursday,Feb
01/22/2015,B6,735,N809JB,SFO,LGB,12:00:00 PM,7:55:00 AM,-5,13,12:08:00 PM,81,77,60,354,10:08:00 PM,4,12:21:00 AM,11:12:00 PM,-9,Thursday,Jan
01/16/2015,EV,4711,N18102,DCA,EWR,11:10:00 PM,12:22:00 AM,12,16,1:38:00 AM,69,65,42,199,10:20:00 AM,7,9:19:00 AM,10:27:00 AM,8,Friday,Jan
02/10/2015,US,754,N167US,LAX,PHL,11:35:00 AM,10:25:00 AM,-10,23,12:48:00 PM,304,296,264,2402,4:12:00 PM,9,4:39:00 PM,4:21:00 PM,-18,Tuesday,Feb
01/23/2015,AA,1386,N3KPAA,DFW,MCO,8:15:00 PM,8:12:00 PM,-3,12,8:24:00 PM,138,143,125,985,11:29:00 PM,6,11:33:00 PM,11:35:00 PM,2,Friday,Jan
01/21/2015,WN,2699,N703SW,PHX,ONT,2:55:00 PM,4:13:00 PM,78,14,4:27:00 PM,70,74,57,325,4:24:00 PM,3,3:05:00 PM,4:27:00 PM,82,Wednesday,Jan
02/09/2015,EV,2571,N904EV,DFW,MEI,7:10:00 PM,7:01:00 PM,-9,23,7:24:00 PM,87,90,64,485,8:28:00 PM,3,8:37:00 PM,8:31:00 PM,-6,Monday,Feb
01/12/2015,AS,151,N763AS,ANC,OME,10:25:00 AM,10:13:00 AM,-12,8,10:21:00 AM,94,85,73,539,11:34:00 AM,4,11:59:00 AM,11:38:00 AM,-21,Monday,Jan
01/16/2015,WN,262,N228WN,FLL,BWI,2:40:00 AM,1:32:00 AM,-8,15,2:47:00 AM,150,147,129,925,11:56:00 PM,3,10:10:00 AM,11:59:00 PM,-11,Friday,Jan
02/10/2015,B6,347,N793JB,OAK,LGB,6:50:00 PM,6:40:00 PM,-10,9,6:49:00 PM,77,74,62,353,7:51:00 PM,3,8:07:00 PM,7:54:00 PM,-13,Tuesday,Feb
02/06/2015,AA,1460,N3BHAA,PHX,DFW,10:29:00 AM,10:26:00 AM,-3,17,10:43:00 AM,134,140,109,868,1:32:00 PM,14,1:43:00 PM,1:46:00 PM,3,Friday,Feb
02/07/2015,US,1843,N745VJ,CLT,ATL,3:58:00 PM,3:53:00 PM,-5,8,4:01:00 PM,74,63,41,226,4:42:00 PM,14,5:12:00 PM,4:56:00 PM,-16,Saturday,Feb
01/22/2015,UA,1623,N76288,EWR,MCO,10:00:00 AM,12:03:00 PM,123,19,12:22:00 PM,174,173,143,937,2:45:00 PM,11,12:54:00 PM,2:56:00 PM,122,Thursday,Jan
01/02/2015,UA,624,N809UA,BZN,ORD,12:56:00 PM,2:11:00 PM,75,30,2:41:00 PM,176,182,143,1186,6:04:00 PM,9,4:52:00 PM,6:13:00 PM,81,Friday,Jan
01/06/2015,OO,7401,N560SW,VEL,SLC,5:58:00 PM,5:50:00 PM,-8,9,5:59:00 PM,52,52,41,132,2:40:00 AM,2,3:50:00 AM,2:42:00 AM,-8,Tuesday,Jan
02/03/2015,US,2007,N537UW,PHL,RSW,8:00:00 AM,9:19:00 AM,19,37,1:56:00 PM,187,210,167,993,11:43:00 AM,6,11:07:00 AM,11:49:00 AM,42,Tuesday,Feb
01/03/2015,US,1748,N204UW,PHL,MCO,1:30:00 PM,1:32:00 PM,2,16,1:48:00 PM,149,151,132,861,4:00:00 PM,3,3:59:00 PM,4:03:00 PM,4,Saturday,Jan
02/04/2015,AA,2427,N456AA,DFW,ONT,10:10:00 PM,10:08:00 PM,-2,12,10:20:00 PM,191,171,153,1188,10:53:00 PM,6,11:21:00 PM,10:59:00 PM,-22,Wednesday,Feb
01/13/2015,WN,449,N707SA,MCI,MSP,10:45:00 AM,10:39:00 AM,-6,7,10:46:00 AM,80,73,61,393,11:47:00 AM,5,12:05:00 PM,11:52:00 AM,-13,Tuesday,Jan
02/11/2015,AA,1212,N023AA,DFW,SDF,11:45:00 AM,11:43:00 AM,-2,16,11:59:00 AM,114,111,89,733,2:28:00 PM,6,2:39:00 PM,2:34:00 PM,-5,Wednesday,Feb
01/02/2015,EV,5528,N884AS,DTW,SCE,9:30:00 PM,9:24:00 PM,-6,13,9:37:00 PM,76,58,39,301,10:16:00 PM,6,10:46:00 PM,10:22:00 PM,-24,Friday,Jan
01/16/2015,UA,1233,N18243,IAH,AUS,6:00:00 PM,6:02:00 PM,2,14,7:16:00 PM,58,50,28,140,10:44:00 PM,8,11:58:00 PM,11:52:00 PM,-6,Friday,Jan
01/12/2015,MQ,2921,N638MQ,ORD,MSN,8:45:00 PM,8:42:00 PM,-3,57,9:39:00 PM,47,84,25,108,10:04:00 PM,2,9:32:00 PM,10:06:00 PM,34,Monday,Jan
01/19/2015,AA,68,N5EAAA,SFO,MIA,10:00:00 PM,10:24:00 AM,84,19,12:43:00 PM,319,304,279,2585,4:22:00 PM,6,3:19:00 PM,4:28:00 PM,69,Monday,Jan
01/22/2015,NK,659,N616NK,ORD,MCI,2:11:00 PM,2:01:00 PM,-10,28,2:29:00 PM,90,98,66,403,3:35:00 PM,4,3:41:00 PM,3:39:00 PM,-2,Thursday,Jan
01/09/2015,DL,1978,N921DN,ATL,RIC,10:00:00 PM,10:49:00 PM,49,11,11:00:00 PM,92,75,60,481,12:00:00 AM,4,11:32:00 PM,4:04:00 AM,32,Friday,Jan
01/15/2015,MQ,3431,N814MQ,COU,DFW,4:44:00 PM,10:05:00 PM,21,23,12:28:00 AM,126,118,81,489,12:49:00 PM,14,1:50:00 PM,6:03:00 PM,13,Thursday,Jan
01/14/2015,WN,493,N8642E,MSP,MDW,5:35:00 PM,5:33:00 PM,-2,9,5:42:00 PM,100,77,62,349,6:44:00 PM,6,7:15:00 PM,6:50:00 PM,-25,Wednesday,Jan
01/17/2015,UA,1237,N23708,ORD,LGA,1:03:00 PM,1:00:00 PM,-3,12,1:12:00 PM,128,111,95,733,3:47:00 PM,4,4:11:00 PM,3:51:00 PM,-20,Saturday,Jan
01/24/2015,OO,6318,N751SK,ORD,ASE,11:55:00 PM,11:59:00 PM,4,21,10:20:00 AM,176,158,134,1013,11:34:00 AM,3,11:51:00 AM,11:37:00 AM,-14,Saturday,Jan
01/21/2015,WN,43,N481WN,AMA,DAL,3:20:00 PM,3:19:00 PM,-1,18,3:37:00 PM,65,71,49,323,4:26:00 PM,4,4:25:00 PM,4:30:00 PM,5,Wednesday,Jan
02/07/2015,EV,2567,N903EV,SHV,DFW,2:49:00 AM,8:08:00 AM,19,11,9:19:00 AM,66,63,46,190,6:05:00 PM,6,1:55:00 PM,7:11:00 PM,16,Saturday,Feb
01/30/2015,US,640,N583UW,PHX,LAX,9:05:00 PM,9:08:00 PM,3,24,9:32:00 PM,88,94,57,370,9:29:00 PM,13,9:33:00 PM,9:42:00 PM,9,Friday,Jan
02/04/2015,WN,2228,N8614M,LAS,CMH,4:25:00 PM,5:17:00 PM,52,13,5:30:00 PM,235,224,202,1771,11:52:00 PM,9,11:20:00 PM,1:01:00 AM,41,Wednesday,Feb
02/04/2015,AA,180,N793AA,LAX,JFK,4:50:00 PM,5:20:00 PM,30,15,5:35:00 PM,318,303,279,2475,11:14:00 AM,9,10:08:00 AM,12:23:00 PM,15,Wednesday,Feb
02/09/2015,UA,675,N446UA,ORD,DEN,9:15:00 AM,10:28:00 AM,13,24,1:52:00 PM,169,167,136,888,10:08:00 AM,7,10:04:00 AM,10:15:00 AM,11,Monday,Feb
01/23/2015,MQ,3626,N642MQ,DFW,CVG,11:00:00 AM,11:13:00 AM,13,18,11:31:00 AM,128,126,102,812,2:13:00 PM,6,2:08:00 PM,2:19:00 PM,11,Friday,Jan
01/07/2015,WN,3659,N942WN,MCI,STL,7:10:00 PM,6:04:00 PM,-6,5,6:09:00 PM,55,50,40,237,10:49:00 PM,5,10:05:00 AM,11:54:00 PM,-11,Wednesday,Jan
01/23/2015,UA,1199,N54711,EWR,BOS,10:29:00 AM,11:30:00 AM,1,25,1:55:00 PM,70,73,43,200,9:38:00 PM,5,9:39:00 PM,10:43:00 PM,4,Friday,Jan
01/14/2015,EV,5293,N917EV,ATL,AVL,6:06:00 PM,6:08:00 PM,2,15,8:23:00 PM,52,53,35,164,11:58:00 PM,3,11:58:00 PM,10:01:00 AM,3,Wednesday,Jan
01/20/2015,DL,2327,N588NW,ATL,FLL,8:40:00 PM,8:36:00 PM,-4,23,8:59:00 PM,110,107,82,581,10:21:00 PM,2,10:30:00 PM,10:23:00 PM,-7,Tuesday,Jan
01/18/2015,B6,822,N566JB,PBI,BOS,7:05:00 PM,8:49:00 PM,104,10,8:59:00 PM,175,171,154,1197,11:33:00 PM,7,10:00:00 PM,11:40:00 PM,100,Sunday,Jan
01/14/2015,WN,227,N658SW,STL,BWI,9:15:00 PM,9:09:00 PM,-6,8,9:17:00 PM,115,114,102,738,11:59:00 PM,4,10:10:00 AM,3:03:00 AM,-7,Wednesday,Jan
02/02/2015,DL,978,N3756,SAN,SLC,1:15:00 PM,1:10:00 PM,-5,22,3:32:00 PM,118,115,90,626,6:02:00 PM,3,7:13:00 PM,6:05:00 PM,-8,Monday,Feb
01/15/2015,DL,1751,N627DL,MSP,LAS,6:00:00 PM,1:56:00 PM,-4,16,7:12:00 PM,219,183,161,1299,11:53:00 PM,6,10:39:00 AM,11:59:00 PM,-40,Thursday,Jan
02/03/2015,AA,2394,N3MDAA,SNA,DFW,5:50:00 PM,5:43:00 PM,-7,8,5:51:00 PM,164,172,155,1205,10:26:00 PM,9,10:34:00 PM,10:35:00 PM,1,Tuesday,Feb
02/06/2015,OO,7384,N487CA,SLC,CPR,9:56:00 PM,9:46:00 PM,-10,16,10:02:00 PM,80,65,46,320,10:48:00 PM,3,11:16:00 PM,10:51:00 PM,-25,Friday,Feb
01/01/2015,WN,1453,N8650F,MDW,ALB,9:20:00 PM,9:29:00 PM,9,8,9:37:00 PM,110,107,77,717,11:54:00 PM,22,10:10:00 AM,4:16:00 PM,6,Thursday,Jan
02/01/2015,DL,1692,N806DN,ATL,SAN,9:15:00 AM,9:16:00 AM,1,12,10:28:00 AM,297,261,246,1892,9:34:00 PM,3,10:12:00 AM,9:37:00 PM,-35,Sunday,Feb
01/09/2015,DL,2281,N915DN,IND,ATL,6:45:00 PM,6:42:00 PM,-3,14,6:56:00 PM,102,91,71,432,8:07:00 PM,6,8:27:00 PM,8:13:00 PM,-14,Friday,Jan
02/09/2015,AA,189,N202AA,DFW,SJC,12:50:00 PM,12:44:00 PM,-6,16,1:00:00 PM,232,230,211,1438,2:31:00 PM,3,2:42:00 PM,2:34:00 PM,-8,Monday,Feb
02/09/2015,WN,4927,N7733B,BNA,FLL,6:05:00 PM,6:26:00 PM,21,8,6:34:00 PM,130,119,104,793,9:18:00 PM,7,9:15:00 PM,9:25:00 PM,10,Monday,Feb
02/12/2015,OO,5320,N973SW,PUB,DEN,9:31:00 PM,7:13:00 PM,-18,11,8:24:00 PM,48,64,29,109,11:53:00 PM,24,10:19:00 AM,10:17:00 AM,-2,Thursday,Feb
01/13/2015,WN,1803,N295WN,OAK,BUR,1:10:00 PM,12:05:00 PM,-5,55,10:00:00 PM,70,106,48,325,2:48:00 AM,3,12:20:00 AM,3:51:00 AM,31,Tuesday,Jan
02/11/2015,WN,476,N8307K,MDW,MHT,1:20:00 PM,1:23:00 PM,3,8,1:31:00 PM,130,114,99,838,4:10:00 PM,7,4:30:00 PM,4:17:00 PM,-13,Wednesday,Feb
02/06/2015,F9,1064,N211FR,ORD,MCO,4:10:00 PM,4:15:00 PM,5,21,4:36:00 PM,155,156,125,1005,7:41:00 PM,10,7:45:00 PM,7:51:00 PM,6,Friday,Feb
01/26/2015,HA,24,N592HA,OGG,OAK,12:50:00 PM,12:43:00 PM,-7,9,12:52:00 PM,300,289,272,2349,7:24:00 PM,8,7:50:00 PM,7:32:00 PM,-18,Monday,Jan
02/06/2015,NK,395,N515NK,PHL,LAS,7:31:00 PM,7:26:00 PM,-5,14,7:40:00 PM,340,323,290,2176,9:30:00 PM,19,10:11:00 PM,9:49:00 PM,-22,Friday,Feb
01/30/2015,DL,2047,N916DN,LGA,ATL,11:59:00 AM,12:30:00 PM,31,44,1:14:00 PM,173,153,104,762,2:58:00 PM,5,2:52:00 PM,3:03:00 PM,11,Friday,Jan
01/09/2015,EV,5137,N741EV,ATL,BTR,7:00:00 PM,6:57:00 PM,-3,17,7:14:00 PM,95,87,67,448,7:21:00 PM,3,7:35:00 PM,7:24:00 PM,-11,Friday,Jan
01/04/2015,DL,523,N522US,ATL,DFW,1:40:00 PM,2:01:00 PM,21,15,2:16:00 PM,150,144,122,731,3:18:00 PM,7,3:10:00 PM,3:25:00 PM,15,Sunday,Jan
01/27/2015,WN,3140,N918WN,BUR,OAK,8:10:00 PM,8:06:00 PM,-4,8,8:14:00 PM,70,62,49,325,9:03:00 PM,5,9:20:00 PM,9:08:00 PM,-12,Tuesday,Jan
01/05/2015,UA,571,N805UA,ATL,IAH,4:45:00 PM,5:22:00 PM,37,27,5:49:00 PM,143,143,109,689,6:38:00 PM,7,6:08:00 PM,6:45:00 PM,37,Monday,Jan
01/18/2015,DL,2348,N317US,SLC,DTW,1:51:00 PM,1:49:00 PM,-2,12,2:01:00 PM,207,201,181,1481,7:02:00 PM,8,7:18:00 PM,7:10:00 PM,-8,Sunday,Jan
01/27/2015,US,698,N151UW,FLL,CLT,10:20:00 AM,10:13:00 AM,-7,9,10:22:00 AM,121,113,97,631,11:59:00 AM,7,12:21:00 PM,12:06:00 PM,-15,Tuesday,Jan
01/01/2015,DL,1521,N910AT,ATL,DAY,2:25:00 PM,2:24:00 PM,-1,14,2:38:00 PM,91,83,64,432,3:42:00 PM,5,3:56:00 PM,3:47:00 PM,-9,Thursday,Jan
02/11/2015,MQ,3680,N624MQ,MSN,ORD,6:40:00 AM,5:35:00 AM,-5,10,6:45:00 AM,55,45,27,108,1:12:00 PM,8,3:35:00 PM,2:20:00 PM,-15,Wednesday,Feb
01/03/2015,NK,362,N506NK,IAH,ATL,12:30:00 PM,12:44:00 PM,14,25,1:09:00 PM,113,125,88,689,3:37:00 PM,12,3:23:00 PM,3:49:00 PM,26,Saturday,Jan
01/05/2015,DL,883,N549US,LAX,MCO,10:15:00 PM,10:21:00 PM,6,19,10:40:00 PM,270,278,255,2218,7:55:00 AM,4,6:45:00 AM,7:59:00 AM,14,Monday,Jan
02/10/2015,AA,152,N3FTAA,PHX,MIA,2:29:00 PM,2:31:00 PM,2,27,2:58:00 PM,245,258,223,1972,8:41:00 PM,8,8:34:00 PM,8:49:00 PM,15,Tuesday,Feb
01/08/2015,EV,4250,N29917,ORD,HPN,1:40:00 PM,3:00:00 PM,80,22,3:22:00 PM,125,120,92,738,5:54:00 PM,6,4:45:00 PM,6:00:00 PM,75,Thursday,Jan
02/01/2015,WN,367,N384SW,MCO,CMH,7:45:00 PM,7:42:00 PM,-3,11,7:53:00 PM,130,130,115,802,9:48:00 PM,4,9:55:00 PM,9:52:00 PM,-3,Sunday,Feb
01/31/2015,US,2102,N740UW,DCA,BOS,3:30:00 PM,3:30:00 PM,0,11,4:41:00 PM,79,80,63,399,2:44:00 AM,6,2:49:00 AM,3:50:00 AM,1,Saturday,Jan
01/10/2015,WN,3598,N358SW,BUF,BWI,5:15:00 PM,5:25:00 PM,10,28,5:53:00 PM,75,80,46,281,6:39:00 PM,6,6:30:00 PM,6:45:00 PM,15,Saturday,Jan
01/08/2015,UA,524,N405UA,MSY,ORD,2:22:00 PM,2:11:00 PM,-11,13,2:24:00 PM,153,214,148,837,4:52:00 PM,53,4:55:00 PM,5:45:00 PM,50,Thursday,Jan
01/23/2015,WN,870,N7718B,PHX,PDX,8:50:00 PM,8:47:00 PM,-3,12,8:59:00 PM,170,170,155,1009,10:34:00 PM,3,10:40:00 PM,10:37:00 PM,-3,Friday,Jan
02/02/2015,F9,116,N929FR,DEN,MSP,8:48:00 PM,8:38:00 PM,-10,11,8:49:00 PM,111,100,83,680,11:12:00 PM,6,11:39:00 PM,11:18:00 PM,-21,Monday,Feb
01/03/2015,US,1846,N828AW,DCA,TPA,11:45:00 AM,11:44:00 AM,-1,8,11:52:00 AM,142,129,117,814,1:49:00 PM,4,2:07:00 PM,1:53:00 PM,-14,Saturday,Jan
01/01/2015,AA,1471,N4UBAA,DFW,DEN,6:00:00 PM,6:00:00 PM,0,10,7:10:00 PM,125,110,92,641,10:42:00 PM,8,10:05:00 AM,11:50:00 PM,-15,Thursday,Jan
02/04/2015,WN,3302,N7709A,HOU,LAX,12:25:00 PM,12:28:00 PM,3,8,12:36:00 PM,225,204,189,1390,1:45:00 PM,7,2:10:00 PM,1:52:00 PM,-18,Wednesday,Feb
01/05/2015,OO,5324,N585SW,LAX,CLD,11:55:00 AM,12:02:00 PM,7,16,12:18:00 PM,45,46,26,86,12:44:00 PM,4,12:40:00 PM,12:48:00 PM,8,Monday,Jan
01/31/2015,WN,2402,N644SW,DAL,HOU,6:00:00 PM,5:56:00 PM,-4,7,6:03:00 PM,65,53,43,239,6:46:00 PM,3,7:05:00 PM,6:49:00 PM,-16,Saturday,Jan
02/12/2015,EV,4515,N18556,IAH,MAF,2:37:00 PM,2:27:00 PM,-10,13,2:40:00 PM,91,87,70,429,3:50:00 PM,4,4:08:00 PM,3:54:00 PM,-14,Thursday,Feb
01/23/2015,B6,844,N273JB,CHS,DCA,1:38:00 PM,1:28:00 PM,-10,11,1:39:00 PM,78,75,61,444,2:40:00 PM,3,2:56:00 PM,2:43:00 PM,-13,Friday,Jan
02/05/2015,AA,2442,N5DEAA,LAX,DFW,9:30:00 PM,8:24:00 PM,-6,17,10:41:00 PM,173,186,158,1235,2:19:00 PM,11,2:23:00 PM,2:30:00 PM,7,Thursday,Feb
01/23/2015,EV,4564,N18120,EWR,DCA,5:50:00 PM,5:48:00 PM,-2,34,6:22:00 PM,78,91,52,199,7:14:00 PM,5,7:08:00 PM,7:19:00 PM,11,Friday,Jan
02/01/2015,DL,2644,N815DN,SEA,ATL,12:20:00 PM,12:20:00 PM,0,13,12:33:00 PM,281,260,238,2182,7:31:00 PM,9,8:01:00 PM,7:40:00 PM,-21,Sunday,Feb
01/09/2015,DL,2216,N915DE,ATL,ABQ,4:55:00 PM,4:53:00 PM,-2,14,5:07:00 PM,218,196,178,1269,6:05:00 PM,4,6:33:00 PM,6:09:00 PM,-24,Friday,Jan
01/21/2015,UA,723,N466UA,DFW,DEN,4:55:00 PM,4:49:00 PM,-6,20,5:09:00 PM,132,119,95,641,5:44:00 PM,4,6:07:00 PM,5:48:00 PM,-19,Wednesday,Jan
01/06/2015,WN,213,N7709A,PVD,FLL,2:40:00 PM,3:46:00 PM,66,19,4:05:00 PM,205,202,180,1188,7:05:00 PM,3,6:05:00 PM,7:08:00 PM,63,Tuesday,Jan
02/10/2015,DL,1920,N344NB,MSP,BWI,3:01:00 PM,3:14:00 PM,13,20,3:34:00 PM,146,143,114,936,6:28:00 PM,9,6:27:00 PM,6:37:00 PM,10,Tuesday,Feb
01/09/2015,DL,1918,N692DL,SNA,ATL,10:29:00 AM,10:22:00 AM,-7,12,11:34:00 AM,246,243,225,1919,3:19:00 PM,6,3:35:00 PM,3:25:00 PM,-10,Friday,Jan
01/04/2015,OO,6286,N580SW,SBA,SFO,10:27:00 AM,11:47:00 AM,80,11,11:58:00 AM,85,77,62,262,1:00:00 PM,4,11:52:00 AM,1:04:00 PM,72,Sunday,Jan
01/21/2015,OO,6512,N479CA,LAX,COS,10:02:00 AM,10:02:00 AM,0,31,10:33:00 AM,144,149,112,833,1:25:00 PM,6,1:26:00 PM,1:31:00 PM,5,Wednesday,Jan
01/23/2015,US,692,N207UW,PHX,HNL,11:35:00 AM,11:28:00 AM,-7,23,11:51:00 AM,417,401,368,2917,2:59:00 PM,10,3:32:00 PM,3:09:00 PM,-23,Friday,Jan
01/20/2015,WN,598,N749SW,SDF,PHX,6:00:00 PM,6:00:00 PM,0,20,8:20:00 PM,250,252,226,1506,11:06:00 AM,6,11:10:00 AM,11:12:00 AM,2,Tuesday,Jan
01/28/2015,WN,3404,N745SW,MSY,MCO,10:20:00 AM,10:20:00 AM,0,11,11:31:00 AM,100,99,75,551,10:46:00 AM,13,11:00:00 AM,10:59:00 AM,-1,Wednesday,Jan
01/19/2015,DL,888,N587NW,ATL,MSP,7:15:00 PM,7:22:00 PM,7,22,7:44:00 PM,166,160,133,907,8:57:00 PM,5,9:01:00 PM,9:02:00 PM,1,Monday,Jan
01/18/2015,VX,27,N844VA,JFK,SFO,4:30:00 PM,5:24:00 PM,54,24,5:48:00 PM,405,385,355,2586,8:43:00 PM,6,8:15:00 PM,8:49:00 PM,34,Sunday,Jan
01/04/2015,WN,1931,N387SW,TUL,PHX,8:20:00 PM,7:19:00 PM,-1,6,8:25:00 PM,165,152,142,935,10:47:00 AM,4,11:05:00 AM,10:51:00 AM,-14,Sunday,Jan
01/28/2015,WN,372,N494WN,DAL,TPA,4:30:00 PM,4:28:00 PM,-2,9,4:37:00 PM,135,130,115,917,7:32:00 PM,6,7:45:00 PM,7:38:00 PM,-7,Wednesday,Jan
01/06/2015,MQ,3107,N542MQ,ORD,GRR,9:10:00 PM,9:55:00 PM,45,13,10:08:00 PM,44,47,30,137,11:38:00 PM,4,10:54:00 PM,11:42:00 PM,48,Tuesday,Jan
02/06/2015,OO,5600,N728SK,SFO,MFR,10:35:00 PM,10:32:00 PM,-3,18,10:50:00 PM,77,79,58,329,11:48:00 PM,3,11:52:00 PM,11:51:00 PM,-1,Friday,Feb
02/01/2015,OO,5244,N782SK,SFO,JAC,2:12:00 PM,2:05:00 PM,-7,14,2:19:00 PM,127,119,101,737,5:00:00 PM,4,5:19:00 PM,5:04:00 PM,-15,Sunday,Feb
01/18/2015,DL,1585,N959DL,LGA,MCO,6:29:00 PM,6:23:00 PM,-6,24,6:47:00 PM,193,168,141,950,9:08:00 PM,3,9:42:00 PM,9:11:00 PM,-31,Sunday,Jan
02/07/2015,WN,4231,N369SW,SMF,LAS,2:45:00 PM,2:42:00 PM,-3,11,2:53:00 PM,80,71,56,397,3:49:00 PM,4,4:05:00 PM,3:53:00 PM,-12,Saturday,Feb
01/05/2015,WN,561,N267WN,PIT,MDW,3:15:00 PM,3:11:00 PM,-4,9,3:20:00 PM,95,93,78,402,3:38:00 PM,6,3:50:00 PM,3:44:00 PM,-6,Monday,Jan
02/04/2015,WN,1823,N224WN,DEN,EWR,6:20:00 PM,8:32:00 PM,132,9,8:41:00 PM,210,193,179,1605,2:40:00 PM,5,11:50:00 PM,2:45:00 PM,115,Wednesday,Feb
01/23/2015,US,2160,N953UW,LGA,BOS,7:00:00 PM,6:50:00 PM,-10,18,7:08:00 PM,71,66,43,184,7:51:00 PM,5,8:11:00 PM,7:56:00 PM,-15,Friday,Jan
01/17/2015,WN,3352,N8615E,MDW,CLE,1:30:00 PM,1:34:00 PM,4,13,1:47:00 PM,70,67,47,307,3:34:00 PM,7,3:40:00 PM,3:41:00 PM,1,Saturday,Jan
02/12/2015,WN,4099,N658SW,IND,MCO,2:45:00 PM,3:18:00 PM,33,15,3:33:00 PM,135,139,112,829,5:25:00 PM,12,5:00:00 PM,5:37:00 PM,37,Thursday,Feb
01/29/2015,OO,5269,N710SK,IAH,CVG,1:15:00 PM,1:04:00 PM,-11,36,1:40:00 PM,137,166,114,871,4:34:00 PM,16,4:32:00 PM,4:50:00 PM,18,Thursday,Jan
01/14/2015,EV,5240,N611QX,ATL,GSO,12:35:00 PM,12:29:00 PM,-6,15,12:44:00 PM,73,64,46,306,1:30:00 PM,3,1:48:00 PM,1:33:00 PM,-15,Wednesday,Jan
01/15/2015,AA,2414,N3CXAA,DFW,EWR,4:15:00 PM,4:14:00 PM,-1,10,4:24:00 PM,186,182,166,1372,8:10:00 PM,6,8:21:00 PM,8:16:00 PM,-5,Thursday,Jan
02/10/2015,B6,130,N661JB,RSW,JFK,12:00:00 PM,7:51:00 AM,-9,16,12:07:00 PM,161,168,137,1074,10:24:00 AM,15,12:41:00 PM,11:39:00 AM,-2,Tuesday,Feb
01/30/2015,B6,138,N796JB,MCO,BDL,4:58:00 PM,6:01:00 PM,63,26,6:27:00 PM,155,166,136,1050,8:43:00 PM,4,7:33:00 PM,8:47:00 PM,74,Friday,Jan
02/09/2015,DL,582,N3769L,DTW,BOS,8:08:00 PM,1:11:00 PM,603,26,3:37:00 PM,121,142,100,632,9:17:00 AM,16,10:09:00 PM,11:33:00 AM,624,Monday,Feb
01/16/2015,AA,2335,N4WMAA,ORD,DFW,2:38:00 PM,2:49:00 PM,11,11,3:00:00 PM,152,129,111,802,4:51:00 PM,7,5:10:00 PM,4:58:00 PM,-12,Friday,Jan
01/23/2015,HA,214,N480HA,LIH,HNL,6:39:00 PM,7:13:00 PM,34,7,7:20:00 PM,33,62,43,102,8:03:00 PM,12,7:12:00 PM,8:15:00 PM,63,Friday,Jan
02/01/2015,OO,4716,N461SW,ISN,MSP,1:15:00 PM,1:13:00 PM,-2,54,10:07:00 PM,124,156,96,546,12:43:00 PM,6,9:19:00 AM,12:49:00 PM,30,Sunday,Feb
01/02/2015,OO,5188,N784SK,LAX,ASE,2:34:00 PM,3:26:00 PM,52,20,3:46:00 PM,128,132,108,737,6:34:00 PM,4,5:42:00 PM,6:38:00 PM,56,Friday,Jan
01/21/2015,UA,669,N426UA,DEN,MSP,7:41:00 PM,7:44:00 PM,3,24,8:08:00 PM,117,122,95,680,10:43:00 PM,3,10:38:00 PM,10:46:00 PM,8,Wednesday,Jan
02/05/2015,UA,1422,N39728,CLE,EWR,12:00:00 PM,7:57:00 AM,-3,30,2:27:00 PM,99,99,64,404,1:31:00 AM,5,1:39:00 AM,1:36:00 AM,-3,Thursday,Feb
01/05/2015,EV,5527,N872AS,BQK,ATL,4:25:00 PM,4:23:00 PM,-2,12,4:35:00 PM,74,66,48,238,5:23:00 PM,6,5:39:00 PM,5:29:00 PM,-10,Monday,Jan
01/30/2015,AA,1658,N3DNAA,DCA,MIA,3:52:00 PM,4:09:00 PM,17,22,4:31:00 PM,172,153,122,919,6:33:00 PM,9,6:44:00 PM,6:42:00 PM,-2,Friday,Jan
02/12/2015,DL,2343,N935AT,ATL,EWR,1:35:00 AM,1:34:00 AM,-1,14,2:48:00 AM,128,115,96,746,8:24:00 PM,5,10:43:00 PM,8:29:00 PM,-14,Thursday,Feb
01/24/2015,AA,1513,N006AA,DFW,ATL,10:00:00 PM,5:55:00 PM,-5,14,10:09:00 PM,120,126,101,731,11:50:00 PM,11,10:00:00 AM,10:01:00 AM,1,Saturday,Jan
02/02/2015,B6,534,N806JB,SFO,BOS,10:28:00 AM,11:49:00 AM,81,40,12:29:00 PM,332,430,311,2704,8:40:00 PM,79,7:00:00 PM,9:59:00 PM,179,Monday,Feb
01/02/2015,EV,5158,N707EV,SAV,LGA,4:44:00 PM,5:00:00 PM,16,13,5:13:00 PM,126,119,97,722,6:50:00 PM,9,6:50:00 PM,6:59:00 PM,9,Friday,Jan
01/03/2015,DL,1460,N347NB,MIA,ATL,2:45:00 AM,2:45:00 AM,0,18,8:03:00 AM,118,123,93,594,9:36:00 PM,12,10:43:00 PM,10:48:00 PM,5,Saturday,Jan
01/27/2015,DL,61,N808DN,SFO,ATL,12:09:00 PM,12:04:00 PM,-5,14,12:18:00 PM,278,265,242,2139,7:20:00 PM,9,7:47:00 PM,7:29:00 PM,-18,Tuesday,Jan
02/03/2015,WN,1800,N8315C,SFO,DEN,11:20:00 AM,11:16:00 AM,-4,20,11:36:00 AM,155,144,117,967,2:33:00 PM,7,2:55:00 PM,2:40:00 PM,-15,Tuesday,Feb
02/02/2015,UA,1728,N73259,IAH,DCA,10:31:00 AM,11:02:00 AM,31,14,11:16:00 AM,175,155,136,1208,2:32:00 PM,5,2:26:00 PM,2:37:00 PM,11,Monday,Feb
02/09/2015,OO,4539,N8932C,TUS,SLC,11:30:00 AM,11:33:00 AM,3,13,12:46:00 PM,120,113,95,601,10:21:00 AM,5,10:30:00 AM,10:26:00 AM,-4,Monday,Feb
01/24/2015,EV,5124,N676CA,ATL,BTR,5:30:00 PM,5:48:00 PM,18,10,5:58:00 PM,94,85,72,448,6:10:00 PM,3,6:04:00 PM,6:13:00 PM,9,Saturday,Jan
01/07/2015,WN,3681,N710SW,SMF,LAX,7:05:00 PM,7:03:00 PM,-2,6,7:09:00 PM,80,72,60,373,8:09:00 PM,6,8:25:00 PM,8:15:00 PM,-10,Wednesday,Jan
01/15/2015,AA,1164,N3GUAA,DFW,LGA,5:55:00 PM,5:52:00 PM,-3,14,6:06:00 PM,189,177,158,1389,9:44:00 PM,5,10:04:00 PM,9:49:00 PM,-15,Thursday,Jan
01/08/2015,DL,1259,N986DL,ATL,OKC,8:45:00 PM,8:40:00 PM,-5,22,9:02:00 PM,146,143,116,761,9:58:00 PM,5,10:11:00 PM,10:03:00 PM,-8,Thursday,Jan
01/14/2015,WN,1172,N619SW,RSW,BWI,3:55:00 PM,4:19:00 PM,24,7,4:26:00 PM,140,130,120,919,6:26:00 PM,3,6:15:00 PM,6:29:00 PM,14,Wednesday,Jan
01/28/2015,WN,556,N904WN,ATL,SAN,3:40:00 PM,3:39:00 PM,-1,9,3:48:00 PM,315,283,268,1892,5:16:00 PM,6,5:55:00 PM,5:22:00 PM,-33,Wednesday,Jan
01/16/2015,DL,1148,N940DL,ATL,CVG,12:26:00 AM,12:25:00 AM,-1,33,3:58:00 AM,84,100,62,373,6:00:00 PM,5,1:50:00 PM,6:05:00 PM,15,Friday,Jan
01/24/2015,AA,2206,N3HBAA,MIA,DCA,4:35:00 PM,4:30:00 PM,-5,17,4:47:00 PM,149,140,120,919,6:47:00 PM,3,7:04:00 PM,6:50:00 PM,-14,Saturday,Jan
01/14/2015,AA,162,N5DKAA,HNL,LAX,1:38:00 PM,1:26:00 PM,-12,15,1:41:00 PM,325,321,295,2556,8:36:00 PM,11,9:03:00 PM,8:47:00 PM,-16,Wednesday,Jan
01/09/2015,UA,525,N852UA,SFO,LAX,5:32:00 PM,5:26:00 PM,-6,12,5:38:00 PM,85,82,55,337,6:33:00 PM,15,6:57:00 PM,6:48:00 PM,-9,Friday,Jan
01/15/2015,US,744,N770UW,CLT,PHL,1:10:00 PM,1:02:00 PM,-8,12,1:14:00 PM,100,83,68,449,2:22:00 PM,3,2:50:00 PM,2:25:00 PM,-25,Thursday,Jan
01/07/2015,OO,4663,N625CA,SUN,SLC,1:00:00 PM,2:53:00 PM,113,11,3:04:00 PM,62,54,36,222,3:40:00 PM,7,2:02:00 PM,3:47:00 PM,105,Wednesday,Jan
02/11/2015,DL,1459,N968AT,CLT,DTW,12:00:00 PM,7:56:00 AM,-4,29,2:25:00 PM,112,126,91,500,3:56:00 AM,6,3:52:00 AM,8:02:00 AM,10,Wednesday,Feb
01/02/2015,DL,1561,N961DL,ATL,PHL,11:16:00 AM,11:16:00 AM,0,24,11:40:00 AM,123,116,88,666,1:08:00 PM,4,1:19:00 PM,1:12:00 PM,-7,Friday,Jan
01/28/2015,DL,2518,N603AT,ATL,VPS,10:05:00 PM,10:03:00 PM,-2,15,10:18:00 PM,71,63,38,250,9:56:00 PM,10,10:16:00 PM,10:06:00 PM,-10,Wednesday,Jan
02/03/2015,US,2064,N548UW,DFW,CLT,10:00:00 PM,5:51:00 PM,-9,16,10:07:00 PM,145,138,109,936,11:56:00 PM,13,10:25:00 AM,10:09:00 AM,-16,Tuesday,Feb
01/26/2015,WN,1980,N495WN,MCI,MDW,8:25:00 PM,7:19:00 PM,-6,10,8:29:00 PM,80,86,70,405,10:39:00 AM,6,10:45:00 AM,10:45:00 AM,0,Monday,Jan
01/26/2015,AA,1571,N5DXAA,SJU,MIA,8:44:00 PM,8:55:00 PM,11,11,9:06:00 PM,163,158,143,1045,10:29:00 PM,4,10:27:00 PM,10:33:00 PM,6,Monday,Jan
01/09/2015,DL,2553,N659DL,ATL,SAT,1:55:00 PM,2:19:00 PM,24,15,2:34:00 PM,162,152,132,874,3:46:00 PM,5,3:37:00 PM,3:51:00 PM,14,Friday,Jan
01/10/2015,WN,2659,N398SW,LAX,SFO,5:55:00 PM,5:51:00 PM,-4,9,10:00:00 PM,80,70,57,337,3:57:00 AM,4,9:15:00 AM,8:01:00 AM,-14,Saturday,Jan
02/10/2015,US,1954,N177US,CLT,LGA,8:20:00 PM,8:16:00 PM,-4,12,8:28:00 PM,105,105,80,544,9:48:00 PM,13,10:05:00 PM,10:01:00 PM,-4,Tuesday,Feb
02/09/2015,AA,1310,N486AA,DFW,CLE,1:55:00 PM,1:51:00 PM,-4,18,6:09:00 PM,152,161,136,1021,12:25:00 PM,7,12:27:00 PM,12:32:00 PM,5,Monday,Feb
02/04/2015,EV,5121,N724EV,DTW,CLE,7:35:00 PM,8:20:00 PM,45,39,8:59:00 PM,60,106,28,95,9:27:00 PM,39,8:35:00 PM,10:06:00 PM,91,Wednesday,Feb
01/18/2015,UA,1758,N38451,EWR,MIA,3:29:00 PM,5:24:00 PM,115,17,5:41:00 PM,195,182,156,1085,8:17:00 PM,9,6:44:00 PM,8:26:00 PM,102,Sunday,Jan
01/16/2015,AA,134,N3HUAA,DCA,DFW,5:45:00 PM,5:42:00 PM,-3,16,5:58:00 PM,216,196,169,1192,7:47:00 PM,11,8:21:00 PM,7:58:00 PM,-23,Friday,Jan
01/02/2015,DL,1648,N926AT,ATL,MDW,9:34:00 PM,9:32:00 PM,-2,14,10:46:00 PM,126,104,84,591,10:10:00 AM,6,10:40:00 AM,10:16:00 AM,-24,Friday,Jan
02/05/2015,WN,3479,N606SW,SJC,ONT,11:45:00 AM,11:42:00 AM,-3,13,11:55:00 AM,70,72,54,333,12:49:00 PM,5,12:55:00 PM,12:54:00 PM,-1,Thursday,Feb
01/07/2015,VX,370,N523VA,LAX,BOS,9:55:00 PM,9:52:00 PM,-3,7,9:59:00 PM,315,321,308,2611,12:07:00 PM,6,1:10:00 PM,1:13:00 PM,3,Wednesday,Jan
01/28/2015,EV,4226,N13132,ORD,PVD,1:25:00 PM,1:19:00 PM,-6,14,1:33:00 PM,133,131,112,849,4:25:00 PM,5,4:38:00 PM,4:30:00 PM,-8,Wednesday,Jan
01/19/2015,OO,6532,N679SA,DEN,BUR,11:10:00 AM,11:09:00 AM,-1,11,11:20:00 AM,156,152,138,850,12:38:00 PM,3,12:46:00 PM,12:41:00 PM,-5,Monday,Jan
01/04/2015,DL,1372,N751AT,SLC,SAN,10:45:00 PM,10:49:00 PM,4,14,10:03:00 AM,117,100,82,626,10:25:00 AM,4,10:42:00 AM,10:29:00 AM,-13,Sunday,Jan
01/17/2015,AA,50,N553AA,SLC,DFW,9:10:00 AM,8:06:00 AM,-4,33,11:39:00 AM,160,157,118,989,11:37:00 AM,6,11:50:00 AM,11:43:00 AM,-7,Saturday,Jan
01/15/2015,AS,504,N615AS,SEA,SNA,1:15:00 PM,1:10:00 PM,-5,14,2:24:00 PM,157,151,132,978,11:36:00 AM,5,1:52:00 PM,12:41:00 PM,-11,Thursday,Jan
01/26/2015,OO,5504,N701BR,MFR,SFO,1:44:00 PM,2:03:00 PM,19,10,2:13:00 PM,75,81,64,329,3:17:00 PM,7,2:59:00 PM,3:24:00 PM,25,Monday,Jan
02/11/2015,EV,5442,N868AS,ATL,AEX,12:10:00 PM,12:05:00 PM,-5,11,12:16:00 PM,108,95,80,500,12:36:00 PM,4,12:58:00 PM,12:40:00 PM,-18,Wednesday,Feb
01/06/2015,AS,65,N795AS,PSG,JNU,12:06:00 PM,2:24:00 PM,138,17,2:41:00 PM,38,48,27,123,3:08:00 PM,4,12:44:00 PM,3:12:00 PM,148,Tuesday,Jan
01/17/2015,AS,558,N433AS,PDX,LAX,4:40:00 PM,3:34:00 PM,-6,14,4:48:00 PM,139,137,108,834,11:36:00 AM,15,1:59:00 PM,1:51:00 PM,-8,Saturday,Jan
01/27/2015,WN,4541,N955WN,AUS,BWI,3:30:00 PM,2:25:00 PM,-5,9,3:34:00 PM,180,184,171,1342,10:25:00 AM,4,10:30:00 AM,10:29:00 AM,-1,Tuesday,Jan
01/19/2015,WN,2242,N8650F,RSW,MDW,1:45:00 PM,1:43:00 PM,-2,13,1:56:00 PM,185,177,159,1105,3:35:00 PM,5,3:50:00 PM,3:40:00 PM,-10,Monday,Jan
02/02/2015,AS,626,N309AS,PDX,LAS,8:00:00 AM,3:54:00 AM,-6,13,8:07:00 AM,121,123,103,763,11:50:00 PM,7,10:01:00 AM,11:57:00 PM,-4,Monday,Feb
01/28/2015,WN,145,N275WN,LAS,MSY,6:50:00 PM,6:42:00 PM,-8,10,6:52:00 PM,195,181,167,1500,11:39:00 PM,4,5:05:00 AM,11:43:00 PM,-22,Wednesday,Jan
01/18/2015,OO,2611,N464SW,LAX,SAN,9:04:00 PM,9:12:00 PM,8,14,9:26:00 PM,47,46,28,109,9:54:00 PM,4,9:51:00 PM,9:58:00 PM,7,Sunday,Jan
01/21/2015,AA,1198,N3KWAA,FLL,DFW,6:53:00 PM,6:44:00 PM,-9,14,6:58:00 PM,202,199,176,1119,8:54:00 PM,9,9:15:00 PM,9:03:00 PM,-12,Wednesday,Jan
02/05/2015,AA,2441,N566AA,LAS,DFW,4:39:00 PM,4:38:00 PM,-1,13,4:51:00 PM,156,155,133,1055,9:04:00 PM,9,9:15:00 PM,9:13:00 PM,-2,Thursday,Feb
01/28/2015,US,1833,N732US,MSP,PHL,11:00:00 AM,10:57:00 AM,-3,13,11:10:00 AM,148,143,121,980,2:11:00 PM,9,2:28:00 PM,2:20:00 PM,-8,Wednesday,Jan
01/02/2015,EV,5066,N758EV,LIT,ATL,12:13:00 PM,12:14:00 PM,1,17,12:31:00 PM,86,91,63,453,2:34:00 PM,11,2:39:00 PM,2:45:00 PM,6,Friday,Jan
01/06/2015,DL,173,N3752,SEA,JFK,11:15:00 AM,11:20:00 AM,5,14,11:34:00 AM,305,380,266,2422,7:00:00 PM,100,7:20:00 PM,8:40:00 PM,80,Tuesday,Jan
01/25/2015,B6,2323,N348JB,DCA,MCO,8:15:00 PM,8:03:00 PM,-12,16,8:19:00 PM,140,143,122,759,10:21:00 PM,5,10:35:00 PM,10:26:00 PM,-9,Sunday,Jan
01/21/2015,WN,569,N708SW,DEN,RDU,6:00:00 PM,6:15:00 PM,15,14,6:29:00 PM,185,167,150,1436,10:59:00 PM,3,11:05:00 PM,11:02:00 PM,-3,Wednesday,Jan
01/17/2015,DL,1923,N347NB,MIA,LGA,5:57:00 PM,5:47:00 PM,-10,31,6:18:00 PM,181,176,138,1096,8:36:00 PM,7,8:58:00 PM,8:43:00 PM,-15,Saturday,Jan
01/30/2015,DL,1204,N917DL,DTW,BDL,5:45:00 PM,5:42:00 PM,-3,11,5:53:00 PM,105,95,78,549,7:11:00 PM,6,7:30:00 PM,7:17:00 PM,-13,Friday,Jan
01/15/2015,B6,487,N828JB,BOS,LAX,5:20:00 PM,5:41:00 PM,21,73,6:54:00 PM,395,424,345,2611,9:39:00 PM,6,8:55:00 PM,9:45:00 PM,50,Thursday,Jan
01/19/2015,DL,2053,N936DL,FNT,ATL,5:49:00 PM,6:03:00 PM,14,6,6:09:00 PM,136,127,102,645,7:51:00 PM,19,8:05:00 PM,8:10:00 PM,5,Monday,Jan
01/16/2015,DL,2515,N727TW,LAX,SLC,1:30:00 AM,12:29:00 AM,-1,12,2:41:00 AM,117,105,81,590,10:02:00 AM,12,10:27:00 AM,10:14:00 AM,-13,Friday,Jan
02/10/2015,AA,382,N439AA,DFW,OKC,1:45:00 PM,1:41:00 PM,-4,14,1:55:00 PM,54,59,38,175,2:33:00 PM,7,2:39:00 PM,2:40:00 PM,1,Tuesday,Feb
01/22/2015,US,658,N572UW,ATL,CLT,7:50:00 AM,6:44:00 AM,-6,13,7:57:00 AM,66,54,35,226,3:32:00 PM,6,5:56:00 PM,3:38:00 PM,-18,Thursday,Jan
01/02/2015,WN,1724,N706SW,PDX,LAS,11:05:00 AM,11:02:00 AM,-3,5,11:07:00 AM,120,115,100,763,12:47:00 PM,10,1:05:00 PM,12:57:00 PM,-8,Friday,Jan
02/07/2015,UA,203,N459UA,IAH,PBI,1:01:00 PM,12:56:00 PM,-5,17,1:13:00 PM,145,138,117,956,4:10:00 PM,4,4:26:00 PM,4:14:00 PM,-12,Saturday,Feb
01/29/2015,AS,404,N588AS,PDX,SJC,8:40:00 PM,8:38:00 PM,-2,10,8:48:00 PM,110,95,82,569,10:10:00 PM,3,10:30:00 PM,10:13:00 PM,-17,Thursday,Jan
01/20/2015,DL,1675,N997DL,ATL,IAH,12:06:00 PM,12:00:00 PM,-6,13,12:13:00 PM,140,124,104,689,12:57:00 PM,7,1:26:00 PM,1:04:00 PM,-22,Tuesday,Jan
01/09/2015,EV,4194,N12552,CVG,IAH,6:42:00 PM,9:18:00 PM,156,10,9:28:00 PM,163,152,135,871,10:43:00 PM,7,8:25:00 PM,10:50:00 PM,145,Friday,Jan
01/09/2015,UA,1666,N12221,CLE,FLL,3:55:00 AM,8:03:00 AM,8,37,12:40:00 PM,184,188,148,1062,11:08:00 AM,3,10:59:00 AM,11:11:00 AM,12,Friday,Jan
01/05/2015,DL,1727,N946DN,PDX,MSP,3:00:00 PM,2:53:00 PM,-7,8,3:01:00 PM,198,200,153,1426,7:34:00 PM,39,8:18:00 PM,8:13:00 PM,-5,Monday,Jan
01/22/2015,EV,4914,N872AS,FSM,ATL,4:55:00 PM,4:49:00 PM,-6,12,5:01:00 PM,101,100,78,579,7:19:00 PM,10,7:36:00 PM,7:29:00 PM,-7,Thursday,Jan
02/09/2015,WN,326,N931WN,MDW,PHL,1:30:00 PM,1:58:00 PM,28,24,2:22:00 PM,115,127,89,668,4:51:00 PM,14,4:25:00 PM,5:05:00 PM,40,Monday,Feb
02/03/2015,OO,4446,N947SW,SLC,COS,3:35:00 PM,3:27:00 PM,-8,11,3:38:00 PM,93,80,63,411,4:41:00 PM,6,5:08:00 PM,4:47:00 PM,-21,Tuesday,Feb
01/06/2015,DL,1626,N594NW,FLL,ATL,6:10:00 PM,6:09:00 PM,-1,16,6:25:00 PM,123,107,84,581,7:49:00 PM,7,8:13:00 PM,7:56:00 PM,-17,Tuesday,Jan
01/15/2015,AA,346,N3CAAA,ORD,LGA,7:55:00 PM,7:59:00 PM,4,12,8:11:00 PM,120,116,96,733,10:47:00 PM,8,10:55:00 PM,10:55:00 PM,0,Thursday,Jan
01/21/2015,EV,6052,N13908,LEX,ORD,12:00:00 PM,7:53:00 AM,-7,11,12:04:00 PM,94,80,60,323,12:04:00 PM,9,3:34:00 PM,1:13:00 PM,-21,Wednesday,Jan
01/03/2015,WN,1627,N298WN,LAS,ELP,5:15:00 PM,5:24:00 PM,9,13,5:37:00 PM,95,90,75,583,7:52:00 PM,2,7:50:00 PM,7:54:00 PM,4,Saturday,Jan
01/13/2015,WN,1341,N275WN,SNA,OAK,7:55:00 PM,7:56:00 PM,1,7,8:03:00 PM,80,75,62,371,9:05:00 PM,6,9:15:00 PM,9:11:00 PM,-4,Tuesday,Jan
01/12/2015,UA,1652,N76502,PBI,EWR,12:45:00 PM,12:40:00 PM,-5,10,1:50:00 PM,162,154,136,1023,11:06:00 AM,8,11:27:00 AM,11:14:00 AM,-13,Monday,Jan
01/30/2015,B6,486,N236JB,JFK,ROC,10:42:00 PM,10:42:00 PM,0,15,10:57:00 PM,77,69,51,264,11:48:00 PM,3,11:59:00 PM,11:51:00 PM,-8,Friday,Jan
01/06/2015,OO,4973,N913SW,DEN,ISN,2:00:00 PM,2:04:00 PM,4,12,2:16:00 PM,111,113,96,576,4:52:00 PM,5,4:51:00 PM,4:57:00 PM,6,Tuesday,Jan
01/13/2015,DL,616,N998DL,MEM,ATL,12:40:00 PM,8:20:00 PM,40,12,9:32:00 PM,84,74,56,332,11:28:00 AM,6,11:04:00 AM,11:34:00 AM,30,Tuesday,Jan
01/07/2015,AS,131,N319AS,PDX,ANC,10:45:00 PM,10:44:00 PM,-1,10,11:54:00 PM,247,226,212,1542,12:26:00 PM,4,12:52:00 PM,12:30:00 PM,-22,Wednesday,Jan
01/03/2015,UA,331,N425UA,TPA,IAH,7:02:00 PM,7:50:00 PM,48,12,8:02:00 PM,142,129,110,787,8:52:00 PM,7,8:24:00 PM,8:59:00 PM,35,Saturday,Jan
01/27/2015,WN,3121,N283WN,MCI,FLL,1:45:00 PM,1:42:00 PM,-3,8,1:50:00 PM,180,155,142,1242,5:12:00 PM,5,5:45:00 PM,5:17:00 PM,-28,Tuesday,Jan
01/26/2015,AA,1463,N3ANAA,ORD,FLL,10:05:00 PM,10:03:00 PM,-2,11,11:14:00 PM,184,180,155,1182,10:49:00 AM,14,11:09:00 AM,11:03:00 AM,-6,Monday,Jan
02/03/2015,AA,72,N852AA,DFW,MCO,12:00:00 PM,7:53:00 AM,-7,26,1:19:00 PM,142,149,119,985,7:18:00 PM,4,8:22:00 PM,8:22:00 PM,0,Tuesday,Feb
01/08/2015,EV,3961,N24128,ORD,TYS,6:16:00 PM,9:28:00 PM,192,18,9:46:00 PM,94,91,64,475,11:50:00 PM,9,8:50:00 PM,11:59:00 PM,189,Thursday,Jan
02/07/2015,WN,2552,N728SW,PHX,DTW,10:10:00 AM,10:13:00 AM,3,19,10:32:00 AM,225,235,207,1671,3:59:00 PM,9,3:55:00 PM,4:08:00 PM,13,Saturday,Feb
02/06/2015,AA,2221,N3HRAA,PBI,DFW,1:40:00 PM,1:45:00 PM,5,13,1:58:00 PM,198,184,167,1102,3:45:00 PM,4,3:58:00 PM,3:49:00 PM,-9,Friday,Feb
02/07/2015,WN,3456,N637SW,OAK,PDX,1:35:00 PM,1:56:00 PM,21,8,2:04:00 PM,100,85,74,543,3:18:00 PM,3,3:15:00 PM,3:21:00 PM,6,Saturday,Feb
01/13/2015,EV,6087,N14991,ORD,ATW,8:20:00 PM,8:20:00 PM,0,18,8:38:00 PM,59,51,29,160,9:07:00 PM,4,9:19:00 PM,9:11:00 PM,-8,Tuesday,Jan
02/05/2015,MQ,3250,N658MQ,CMH,ORD,11:54:00 PM,10:49:00 PM,-5,12,10:01:00 AM,91,94,53,296,11:54:00 PM,29,10:25:00 AM,10:23:00 AM,-2,Thursday,Feb
01/10/2015,DL,2324,N385DN,SLC,ATL,10:06:00 AM,10:01:00 AM,-5,11,11:12:00 AM,211,199,184,1590,1:16:00 PM,4,3:37:00 PM,2:20:00 PM,-17,Saturday,Jan
01/04/2015,MQ,2952,N617MQ,GRB,ORD,7:50:00 AM,1:12:00 PM,22,40,5:52:00 PM,80,88,40,173,1:32:00 AM,8,11:10:00 PM,2:40:00 AM,30,Sunday,Jan
01/28/2015,WN,2711,N960WN,SAN,MCI,5:00:00 PM,4:59:00 PM,-1,10,5:09:00 PM,185,167,154,1334,9:43:00 PM,3,10:05:00 PM,9:46:00 PM,-19,Wednesday,Jan
01/09/2015,OO,4982,N585SW,SAN,LAX,1:55:00 PM,1:51:00 PM,-4,5,1:56:00 PM,50,37,28,109,2:24:00 PM,4,2:45:00 PM,2:28:00 PM,-17,Friday,Jan
02/09/2015,EV,2521,N909EV,TYS,DFW,4:40:00 PM,4:58:00 PM,18,8,5:06:00 PM,149,139,125,772,6:11:00 PM,6,6:09:00 PM,6:17:00 PM,8,Monday,Feb
01/08/2015,DL,1113,N920DE,ORF,ATL,9:39:00 PM,9:32:00 PM,-7,11,10:43:00 PM,117,107,87,516,11:10:00 AM,9,11:36:00 AM,11:19:00 AM,-17,Thursday,Jan
02/05/2015,NK,761,N619NK,ORD,MSP,6:05:00 PM,1:59:00 PM,-6,24,8:23:00 PM,85,94,63,334,10:26:00 AM,7,10:30:00 AM,10:33:00 AM,3,Thursday,Feb
01/11/2015,HA,308,N477HA,HNL,KOA,7:02:00 PM,7:01:00 PM,-1,8,7:09:00 PM,43,37,24,163,7:33:00 PM,5,7:45:00 PM,7:38:00 PM,-7,Sunday,Jan
01/03/2015,EV,4312,N24103,EWR,MEM,3:11:00 PM,3:33:00 PM,22,57,4:30:00 PM,182,227,160,946,6:10:00 PM,10,5:13:00 PM,6:20:00 PM,67,Saturday,Jan
01/16/2015,OO,6205,N779SK,PSP,DEN,11:32:00 AM,11:30:00 AM,-2,17,11:47:00 AM,128,131,106,776,2:33:00 PM,8,2:40:00 PM,2:41:00 PM,1,Friday,Jan
01/25/2015,UA,428,N785UA,IAH,IAD,11:50:00 AM,11:45:00 AM,-5,16,12:01:00 PM,172,158,134,1190,3:15:00 PM,8,3:42:00 PM,3:23:00 PM,-19,Sunday,Jan
02/04/2015,WN,329,N454WN,STL,MDW,11:00:00 AM,11:03:00 AM,3,9,11:12:00 AM,65,93,77,251,12:29:00 PM,7,12:05:00 PM,12:36:00 PM,31,Wednesday,Feb
01/26/2015,EV,2525,N879AS,CRP,DFW,7:46:00 PM,7:41:00 PM,-5,10,7:51:00 PM,79,72,58,354,8:49:00 PM,4,9:05:00 PM,8:53:00 PM,-12,Monday,Jan
01/15/2015,B6,28,N570JB,MCO,EWR,6:05:00 PM,1:58:00 PM,-7,18,7:16:00 PM,150,147,123,937,11:19:00 AM,6,11:35:00 AM,11:25:00 AM,-10,Thursday,Jan
01/10/2015,HA,544,N481HA,HNL,OGG,5:00:00 PM,4:59:00 PM,-1,10,5:09:00 PM,37,37,20,100,5:29:00 PM,7,5:37:00 PM,5:36:00 PM,-1,Saturday,Jan
01/29/2015,AA,1633,N508AA,DFW,MSP,10:45:00 AM,10:40:00 AM,-5,17,10:57:00 AM,143,140,116,852,12:53:00 PM,7,1:08:00 PM,1:00:00 PM,-8,Thursday,Jan
01/02/2015,UA,1229,N68836,DEN,LAS,11:15:00 AM,11:33:00 AM,18,15,11:48:00 AM,118,102,80,628,12:08:00 PM,7,12:13:00 PM,12:15:00 PM,2,Friday,Jan
02/12/2015,AA,1297,N3BKAA,LGA,MIA,12:00:00 PM,7:54:00 AM,-6,12,12:06:00 PM,193,188,156,1096,12:42:00 PM,20,7:13:00 PM,6:02:00 PM,-11,Thursday,Feb
02/11/2015,B6,656,N571JB,MCO,SYR,4:15:00 PM,4:06:00 PM,-9,26,4:32:00 PM,158,173,140,1053,6:52:00 PM,7,6:53:00 PM,6:59:00 PM,6,Wednesday,Feb
01/17/2015,OO,5361,N930SW,ORD,FWA,10:25:00 AM,11:37:00 AM,12,10,12:47:00 PM,64,45,29,157,10:16:00 AM,6,10:29:00 AM,10:22:00 AM,-7,Saturday,Jan
01/25/2015,WN,1108,N7707C,SAN,HOU,12:55:00 PM,1:09:00 PM,14,10,1:19:00 PM,175,179,163,1313,6:02:00 PM,6,5:50:00 PM,6:08:00 PM,18,Sunday,Jan
01/12/2015,WN,355,N291WN,MKE,LAS,12:40:00 PM,12:36:00 PM,-4,9,12:45:00 PM,240,221,208,1524,2:13:00 PM,4,2:40:00 PM,2:17:00 PM,-23,Monday,Jan
01/06/2015,VX,905,N530VA,LAS,SFO,11:25:00 AM,11:28:00 AM,3,16,11:44:00 AM,95,85,63,414,12:47:00 PM,6,1:00:00 PM,12:53:00 PM,-7,Tuesday,Jan
01/19/2015,AA,1466,N565AA,DFW,PIT,5:20:00 PM,5:23:00 PM,3,22,5:45:00 PM,151,153,127,1067,8:52:00 PM,4,8:51:00 PM,8:56:00 PM,5,Monday,Jan
02/07/2015,WN,3508,N8601C,ONT,PHX,10:05:00 PM,5:59:00 PM,-6,21,12:20:00 AM,75,72,46,325,6:06:00 PM,5,8:20:00 PM,7:11:00 PM,-9,Saturday,Feb
01/30/2015,UA,369,N485UA,IAH,EWR,12:54:00 PM,12:59:00 PM,5,25,1:24:00 PM,206,204,172,1400,5:16:00 PM,7,5:20:00 PM,5:23:00 PM,3,Friday,Jan
02/12/2015,UA,210,N451UA,LGA,IAH,12:45:00 PM,8:21:00 PM,36,30,11:51:00 PM,257,239,205,1416,12:16:00 PM,4,12:02:00 PM,12:20:00 PM,18,Thursday,Feb
01/23/2015,MQ,3195,N632MQ,ABI,DFW,5:50:00 PM,5:56:00 PM,6,7,6:03:00 PM,49,45,30,158,6:33:00 PM,8,6:39:00 PM,6:41:00 PM,2,Friday,Jan
01/18/2015,WN,799,N658SW,HOU,ATL,10:00:00 PM,11:10:00 PM,10,9,11:19:00 PM,115,102,89,696,10:48:00 PM,4,11:55:00 PM,11:52:00 PM,-3,Sunday,Jan
01/25/2015,AS,620,N549AS,PDX,LAS,5:00:00 PM,4:56:00 PM,-4,31,5:27:00 PM,125,152,111,763,7:18:00 PM,10,7:05:00 PM,7:28:00 PM,23,Sunday,Jan
02/01/2015,OO,2624,N862AS,ABQ,LAX,12:00:00 PM,7:54:00 AM,-6,14,12:08:00 PM,123,109,89,677,3:37:00 PM,6,10:03:00 PM,4:43:00 PM,-20,Sunday,Feb
01/10/2015,UA,1288,N57863,IAH,DEN,12:57:00 PM,1:12:00 PM,15,9,1:21:00 PM,151,123,108,862,2:09:00 PM,6,2:28:00 PM,2:15:00 PM,-13,Saturday,Jan
01/30/2015,DL,1821,N533US,DTW,PHX,12:01:00 PM,1:52:00 PM,111,29,2:21:00 PM,271,273,239,1671,4:20:00 PM,5,2:32:00 PM,4:25:00 PM,113,Friday,Jan
01/10/2015,AA,55,N3EBAA,ORD,LAS,6:45:00 PM,7:45:00 PM,60,14,7:59:00 PM,236,231,211,1514,9:30:00 PM,6,8:41:00 PM,9:36:00 PM,55,Saturday,Jan
01/20/2015,WN,354,N404WN,TPA,PIT,10:45:00 PM,11:58:00 PM,13,13,10:11:00 AM,135,135,115,873,12:06:00 PM,7,12:00:00 PM,12:13:00 PM,13,Tuesday,Jan
01/19/2015,B6,161,N547JB,JFK,SMF,7:41:00 PM,7:48:00 PM,7,33,8:21:00 PM,387,380,344,2521,11:05:00 PM,3,11:08:00 PM,11:08:00 PM,0,Monday,Jan
02/01/2015,B6,108,N274JB,JFK,PWM,10:50:00 PM,11:48:00 PM,58,50,2:38:00 PM,68,94,41,273,11:19:00 AM,3,11:58:00 PM,12:22:00 PM,84,Sunday,Feb
01/02/2015,WN,1444,N933WN,BWI,PBI,1:20:00 PM,1:31:00 PM,11,9,1:40:00 PM,150,154,141,883,4:01:00 PM,4,3:50:00 PM,4:05:00 PM,15,Friday,Jan
01/04/2015,US,1846,N814AW,TPA,DCA,2:50:00 PM,2:58:00 PM,8,19,3:17:00 PM,127,128,102,814,4:59:00 PM,7,4:57:00 PM,5:06:00 PM,9,Sunday,Jan
01/08/2015,UA,570,N668UA,IAH,SFO,9:30:00 PM,8:27:00 PM,-3,19,10:46:00 PM,259,245,206,1635,11:12:00 AM,20,11:49:00 AM,11:32:00 AM,-17,Thursday,Jan
01/23/2015,WN,749,N917WN,MDW,BOS,1:20:00 PM,1:21:00 PM,1,11,1:32:00 PM,135,121,103,861,4:15:00 PM,7,4:35:00 PM,4:22:00 PM,-13,Friday,Jan
01/12/2015,OO,4752,N549CA,SLC,EUG,9:53:00 PM,9:51:00 PM,-2,36,10:27:00 PM,126,128,88,618,10:55:00 PM,4,10:59:00 PM,10:59:00 PM,0,Monday,Jan
01/28/2015,WN,39,N7704B,DAL,HOU,4:00:00 PM,3:59:00 PM,-1,8,4:07:00 PM,65,54,42,239,4:49:00 PM,4,5:05:00 PM,4:53:00 PM,-12,Wednesday,Jan
01/04/2015,AS,11,N433AS,EWR,SEA,5:20:00 PM,6:34:00 PM,74,22,6:56:00 PM,385,372,345,2402,9:41:00 PM,5,8:45:00 PM,9:46:00 PM,61,Sunday,Jan
01/18/2015,HA,387,N493HA,KOA,HNL,7:20:00 PM,7:20:00 PM,0,8,7:28:00 PM,43,41,27,163,7:55:00 PM,6,8:03:00 PM,8:01:00 PM,-2,Sunday,Jan
01/11/2015,AA,2490,N3BVAA,MIA,IAH,9:20:00 PM,9:17:00 PM,-3,19,9:36:00 PM,174,167,141,964,10:57:00 PM,7,11:14:00 PM,11:04:00 PM,-10,Sunday,Jan
01/01/2015,AA,1092,N597AA,DFW,PHL,4:00:00 PM,5:14:00 PM,74,14,5:28:00 PM,180,164,143,1303,8:51:00 PM,7,8:00:00 PM,8:58:00 PM,58,Thursday,Jan
02/12/2015,B6,768,N565JB,PSE,MCO,11:58:00 AM,11:58:00 AM,0,12,5:10:00 PM,187,180,160,1179,7:50:00 AM,8,12:05:00 PM,7:58:00 AM,-7,Thursday,Feb
01/27/2015,AS,27,N526AS,PHL,SEA,5:40:00 PM,5:26:00 PM,-14,13,5:39:00 PM,369,350,333,2378,8:12:00 PM,4,8:49:00 PM,8:16:00 PM,-33,Tuesday,Jan
01/25/2015,OO,4468,N440SW,SLC,HLN,3:40:00 PM,3:31:00 PM,-9,19,3:50:00 PM,95,94,71,402,5:01:00 PM,4,5:15:00 PM,5:05:00 PM,-10,Sunday,Jan
01/22/2015,OO,5330,N913SW,EAU,ORD,12:00:00 PM,12:06:00 PM,6,18,2:24:00 PM,79,82,53,268,11:17:00 PM,11,11:19:00 PM,12:28:00 AM,9,Thursday,Jan
01/25/2015,WN,379,N355SW,STL,RSW,7:15:00 PM,7:14:00 PM,-1,13,8:27:00 PM,145,147,128,979,12:35:00 PM,6,12:40:00 PM,12:41:00 PM,1,Sunday,Jan
01/13/2015,UA,1107,N17244,EWR,DEN,1:59:00 PM,3:40:00 PM,101,14,3:54:00 PM,273,252,228,1605,5:42:00 PM,10,4:32:00 PM,5:52:00 PM,80,Tuesday,Jan
01/03/2015,EV,5968,N14991,ORD,GRB,10:45:00 PM,11:51:00 PM,6,18,10:09:00 AM,57,53,30,173,10:39:00 AM,5,10:42:00 AM,10:44:00 AM,2,Saturday,Jan
01/19/2015,AA,363,N3JKAA,LGA,ORD,7:55:00 PM,8:24:00 PM,29,45,9:09:00 PM,159,172,119,733,10:08:00 PM,8,9:34:00 PM,10:16:00 PM,42,Monday,Jan
01/18/2015,WN,1265,N7702A,PVD,MCO,7:10:00 PM,7:02:00 PM,-8,8,7:10:00 PM,200,171,159,1072,9:49:00 PM,4,10:30:00 PM,9:53:00 PM,-37,Sunday,Jan
01/24/2015,WN,3376,N8326F,DEN,DAL,10:55:00 AM,10:56:00 AM,1,16,11:12:00 AM,115,106,85,651,1:37:00 PM,5,1:50:00 PM,1:42:00 PM,-8,Saturday,Jan
01/26/2015,WN,1451,N7721E,MCI,MKE,4:40:00 PM,4:36:00 PM,-4,7,4:43:00 PM,85,86,74,436,5:57:00 PM,5,6:05:00 PM,6:02:00 PM,-3,Monday,Jan
02/08/2015,WN,411,N779SW,LAS,HOU,3:35:00 PM,4:42:00 PM,67,14,4:56:00 PM,175,174,153,1235,9:29:00 PM,7,8:30:00 PM,9:36:00 PM,66,Sunday,Feb
02/04/2015,US,558,N949UW,PHL,BOS,10:45:00 PM,10:37:00 PM,-8,9,10:46:00 PM,72,65,51,280,11:37:00 PM,5,11:57:00 PM,11:42:00 PM,-15,Wednesday,Feb
01/02/2015,DL,2425,N356NW,SLC,MSY,5:30:00 PM,5:37:00 PM,7,14,5:51:00 PM,194,200,182,1428,9:53:00 PM,4,9:44:00 PM,9:57:00 PM,13,Friday,Jan
01/22/2015,OO,4614,N463SW,GJT,SLC,4:45:00 PM,4:41:00 PM,-4,26,10:07:00 PM,72,78,48,216,3:55:00 AM,4,3:57:00 AM,3:59:00 AM,2,Thursday,Jan
01/02/2015,DL,1569,N956AT,EWR,ATL,3:30:00 PM,2:24:00 PM,-6,32,5:56:00 PM,167,173,124,746,6:00:00 PM,17,7:17:00 PM,7:17:00 PM,0,Friday,Jan
01/25/2015,UA,650,N484UA,PHX,DEN,10:00:00 PM,5:56:00 PM,-4,10,10:06:00 PM,109,104,89,602,11:35:00 AM,5,12:49:00 PM,12:40:00 PM,-9,Sunday,Jan
02/11/2015,WN,3294,N279WN,ALB,MCO,10:00:00 PM,5:52:00 PM,-8,25,11:17:00 PM,200,189,152,1073,10:49:00 PM,12,10:20:00 AM,10:01:00 AM,-19,Wednesday,Feb
02/10/2015,OO,2682,N468CA,PHX,GJT,11:50:00 PM,10:42:00 PM,-8,23,10:05:00 AM,94,89,62,438,11:07:00 AM,4,11:24:00 AM,11:11:00 AM,-13,Tuesday,Feb
01/03/2015,EV,5503,N856AS,ATL,AGS,10:56:00 AM,10:52:00 AM,-4,21,11:13:00 AM,48,51,27,143,11:40:00 AM,3,11:44:00 AM,11:43:00 AM,-1,Saturday,Jan
01/23/2015,B6,1186,N368JB,RDU,JFK,7:48:00 PM,7:46:00 PM,-2,16,8:02:00 PM,91,92,69,427,9:11:00 PM,7,9:19:00 PM,9:18:00 PM,-1,Friday,Jan
02/09/2015,UA,716,N587UA,SFO,JFK,2:08:00 PM,2:24:00 PM,16,37,3:01:00 PM,334,311,265,2586,10:26:00 PM,9,10:42:00 PM,10:35:00 PM,-7,Monday,Feb
01/28/2015,AA,1473,N548AA,ATL,DFW,1:43:00 PM,1:44:00 PM,1,16,2:00:00 PM,152,138,116,731,2:56:00 PM,6,3:15:00 PM,3:02:00 PM,-13,Wednesday,Jan
02/03/2015,B6,822,N634JB,PBI,BOS,7:05:00 PM,9:20:00 PM,135,12,9:32:00 PM,175,179,164,1197,4:16:00 PM,3,10:00:00 PM,7:19:00 PM,139,Tuesday,Feb
01/01/2015,MQ,3652,N922MQ,DFW,TXK,9:55:00 PM,10:40:00 PM,45,16,10:56:00 PM,48,57,36,181,11:32:00 PM,5,10:43:00 PM,11:37:00 PM,54,Thursday,Jan
02/10/2015,US,495,N165US,PHX,LAX,11:15:00 AM,11:26:00 AM,11,17,11:43:00 AM,93,81,57,370,11:40:00 AM,7,11:48:00 AM,11:47:00 AM,-1,Tuesday,Feb
01/14/2015,WN,1106,N7735A,STL,SFO,10:10:00 AM,10:06:00 AM,-4,7,10:13:00 AM,270,235,218,1735,11:51:00 AM,10,12:40:00 PM,12:01:00 PM,-39,Wednesday,Jan
02/01/2015,DL,425,N3762Y,JFK,SJU,12:00:00 PM,11:59:00 AM,-1,21,12:20:00 PM,227,219,185,1598,4:25:00 PM,13,4:47:00 PM,4:38:00 PM,-9,Sunday,Feb
02/12/2015,OO,5640,N479CA,SBA,SFO,12:16:00 PM,1:23:00 PM,67,16,1:39:00 PM,71,62,42,262,2:21:00 PM,4,1:27:00 PM,2:25:00 PM,58,Thursday,Feb
01/31/2015,OO,5180,N706SK,HDN,LAX,4:23:00 PM,4:17:00 PM,-6,12,4:29:00 PM,137,120,102,763,5:11:00 PM,6,5:40:00 PM,5:17:00 PM,-23,Saturday,Jan
01/11/2015,UA,720,N853UA,DEN,EWR,8:00:00 AM,3:58:00 AM,-2,9,8:07:00 AM,221,205,189,1605,1:16:00 PM,7,1:41:00 PM,1:23:00 PM,-18,Sunday,Jan
02/12/2015,F9,657,N905FR,DEN,SFO,8:00:00 AM,3:54:00 AM,-6,10,8:04:00 AM,159,141,122,967,6:06:00 PM,9,9:39:00 PM,7:15:00 PM,-24,Thursday,Feb
01/31/2015,WN,4303,N493WN,TPA,RDU,6:00:00 PM,1:55:00 PM,-5,16,7:11:00 PM,100,102,83,587,10:34:00 AM,3,10:40:00 AM,10:37:00 AM,-3,Saturday,Jan
01/13/2015,DL,1843,N3750D,SLC,BOS,5:20:00 PM,5:20:00 PM,0,24,5:44:00 PM,266,287,255,2105,11:59:00 PM,8,11:46:00 PM,7:07:00 AM,21,Tuesday,Jan
01/29/2015,AS,860,N536AS,HNL,SEA,11:30:00 AM,10:24:00 AM,-6,26,1:50:00 PM,345,316,286,2677,3:36:00 PM,4,4:15:00 PM,3:40:00 PM,-35,Thursday,Jan
02/06/2015,UA,473,N808UA,BWI,ORD,6:07:00 PM,6:00:00 PM,-7,15,6:15:00 PM,136,117,98,622,6:53:00 PM,4,7:23:00 PM,6:57:00 PM,-26,Friday,Feb
01/21/2015,B6,1472,N597JB,FLL,LGA,8:15:00 PM,8:12:00 PM,-3,16,8:28:00 PM,165,158,139,1076,10:47:00 PM,3,11:00:00 PM,10:50:00 PM,-10,Wednesday,Jan
01/09/2015,OO,5219,N679SA,ORD,MEM,4:03:00 PM,4:48:00 PM,45,19,5:07:00 PM,114,112,83,491,6:30:00 PM,10,5:57:00 PM,6:40:00 PM,43,Friday,Jan
01/13/2015,US,683,N838AW,SJC,PHX,12:35:00 PM,12:26:00 PM,-9,19,12:45:00 PM,107,115,86,621,3:11:00 PM,10,3:22:00 PM,3:21:00 PM,-1,Tuesday,Jan
02/11/2015,UA,453,N423UA,DEN,BOI,7:01:00 PM,7:31:00 PM,30,13,7:44:00 PM,128,108,92,649,9:16:00 PM,3,9:09:00 PM,9:19:00 PM,10,Wednesday,Feb
02/11/2015,DL,2439,N930DL,ATL,DAB,3:40:00 PM,3:41:00 PM,1,14,3:55:00 PM,79,68,52,366,4:47:00 PM,2,4:59:00 PM,4:49:00 PM,-10,Wednesday,Feb
01/28/2015,DL,1277,N942DL,MSY,ATL,5:45:00 PM,5:42:00 PM,-3,14,5:56:00 PM,92,86,65,425,8:01:00 PM,7,8:17:00 PM,8:08:00 PM,-9,Wednesday,Jan
01/28/2015,AA,2265,N3DCAA,DFW,SFO,4:00:00 PM,3:54:00 PM,-6,18,4:12:00 PM,234,238,217,1464,5:49:00 PM,3,5:54:00 PM,5:52:00 PM,-2,Wednesday,Jan
01/17/2015,F9,685,N935FR,MCO,DEN,9:30:00 PM,10:17:00 PM,47,10,10:27:00 PM,251,248,231,1546,6:18:00 PM,7,11:41:00 PM,1:25:00 AM,44,Saturday,Jan
02/03/2015,MQ,2997,N518MQ,ORD,BNA,7:05:00 PM,7:56:00 PM,51,46,8:42:00 PM,87,106,56,409,9:38:00 PM,4,8:32:00 PM,9:42:00 PM,70,Tuesday,Feb
01/27/2015,WN,2605,N424WN,SFO,SNA,1:35:00 PM,1:31:00 PM,-4,8,1:39:00 PM,85,79,66,372,2:45:00 PM,5,3:00:00 PM,2:50:00 PM,-10,Tuesday,Jan
02/08/2015,WN,2049,N8648A,BUF,LAS,10:05:00 PM,10:03:00 PM,-2,14,11:17:00 PM,320,298,280,1986,1:57:00 PM,4,8:25:00 PM,6:01:00 PM,-24,Sunday,Feb
02/06/2015,OO,4582,N629BR,FSD,MSP,11:10:00 AM,11:00:00 AM,-10,21,11:21:00 AM,67,64,36,196,11:57:00 AM,7,12:17:00 PM,12:04:00 PM,-13,Friday,Feb
02/12/2015,DL,1828,N937AT,ATL,SAV,11:35:00 AM,11:32:00 AM,-3,14,12:46:00 PM,62,59,41,214,8:27:00 PM,4,9:37:00 PM,9:31:00 PM,-6,Thursday,Feb
01/14/2015,AA,1053,N474AA,DFW,RNO,5:50:00 PM,5:48:00 PM,-2,12,6:00:00 PM,217,195,179,1345,6:59:00 PM,4,7:27:00 PM,7:03:00 PM,-24,Wednesday,Jan
01/04/2015,WN,3049,N794SW,BUR,LAS,9:05:00 PM,9:31:00 PM,26,5,9:36:00 PM,60,53,41,223,10:17:00 PM,7,10:05:00 PM,10:24:00 PM,19,Sunday,Jan
02/04/2015,UA,1237,N14731,DFW,ORD,10:00:00 AM,11:59:00 PM,-1,15,10:14:00 AM,135,147,112,802,12:06:00 PM,20,12:15:00 PM,12:26:00 PM,11,Wednesday,Feb
01/02/2015,VX,748,N626VA,SFO,SEA,8:45:00 PM,8:46:00 PM,1,9,8:55:00 PM,125,151,131,679,11:06:00 PM,11,10:50:00 PM,11:17:00 PM,27,Friday,Jan
01/22/2015,EV,2518,N907EV,DFW,BTR,7:15:00 PM,7:24:00 PM,9,24,7:48:00 PM,76,93,66,383,8:54:00 PM,3,8:31:00 PM,8:57:00 PM,26,Thursday,Jan
01/27/2015,MQ,3183,N609MQ,DFW,MSN,2:40:00 PM,2:34:00 PM,-6,13,2:47:00 PM,131,139,122,821,4:49:00 PM,4,4:51:00 PM,4:53:00 PM,2,Tuesday,Jan
02/08/2015,DL,1345,N6702,ATL,DTW,8:47:00 PM,8:51:00 PM,4,30,9:21:00 PM,118,116,78,594,10:39:00 PM,8,10:45:00 PM,10:47:00 PM,2,Sunday,Feb
01/03/2015,WN,527,N716SW,BWI,MSY,4:50:00 PM,5:41:00 PM,51,7,5:48:00 PM,180,179,168,998,7:36:00 PM,4,6:50:00 PM,7:40:00 PM,50,Saturday,Jan
01/05/2015,DL,1759,N822DN,IND,ATL,8:05:00 AM,8:03:00 AM,-2,10,9:13:00 AM,109,80,65,432,7:18:00 PM,5,11:54:00 PM,8:23:00 PM,-31,Monday,Jan
01/24/2015,US,2042,N197UW,CLT,JFK,1:34:00 AM,12:28:00 AM,-6,12,2:40:00 AM,105,127,77,541,1:57:00 PM,38,7:19:00 PM,9:35:00 PM,16,Saturday,Jan
01/22/2015,AA,1300,N3KUAA,SNA,DFW,4:45:00 PM,4:45:00 PM,0,30,11:15:00 PM,183,185,148,1205,11:43:00 AM,7,11:48:00 AM,11:50:00 AM,2,Thursday,Jan
01/02/2015,HA,248,N481HA,HNL,KOA,5:46:00 PM,6:26:00 PM,40,10,6:36:00 PM,43,43,29,163,7:05:00 PM,4,6:29:00 PM,7:09:00 PM,40,Friday,Jan
01/31/2015,B6,1070,N809JB,FLL,BOS,5:25:00 PM,5:21:00 PM,-4,10,5:31:00 PM,184,188,172,1237,8:23:00 PM,6,8:29:00 PM,8:29:00 PM,0,Saturday,Jan
02/07/2015,US,413,N173US,ATL,PHX,11:40:00 AM,11:34:00 AM,-6,10,11:44:00 AM,255,236,221,1587,1:25:00 PM,5,1:55:00 PM,1:30:00 PM,-25,Saturday,Feb
01/30/2015,NK,245,N516NK,ORD,LAS,3:40:00 PM,3:41:00 PM,1,9,3:50:00 PM,238,243,228,1514,5:38:00 PM,6,5:38:00 PM,5:44:00 PM,6,Friday,Jan
01/31/2015,EV,5932,N12540,ORD,CAK,4:47:00 PM,4:35:00 PM,-12,17,4:52:00 PM,81,75,52,343,6:44:00 PM,6,7:08:00 PM,6:50:00 PM,-18,Saturday,Jan
01/14/2015,OO,6351,N472CA,DEN,RDM,6:46:00 PM,7:56:00 PM,70,58,8:54:00 PM,155,183,121,898,9:55:00 PM,4,8:21:00 PM,9:59:00 PM,98,Wednesday,Jan
01/20/2015,AA,1137,N022AA,MIA,IAD,2:10:00 PM,2:03:00 PM,-7,19,2:22:00 PM,149,147,121,921,4:23:00 PM,7,4:39:00 PM,4:30:00 PM,-9,Tuesday,Jan
01/24/2015,DL,839,N934DN,DCA,ATL,12:00:00 PM,12:00:00 PM,0,12,1:12:00 PM,116,112,95,547,2:47:00 AM,5,3:56:00 AM,3:52:00 AM,-4,Saturday,Jan
02/09/2015,OO,5609,N580SW,MRY,SFO,5:22:00 PM,5:17:00 PM,-5,13,5:30:00 PM,43,38,22,77,5:52:00 PM,3,6:05:00 PM,5:55:00 PM,-10,Monday,Feb
01/27/2015,WN,4107,N608SW,ATL,STL,1:45:00 PM,1:40:00 PM,-5,12,1:52:00 PM,105,103,88,484,2:20:00 PM,3,2:30:00 PM,2:23:00 PM,-7,Tuesday,Jan
02/03/2015,DL,1438,N944DN,ATL,DCA,9:45:00 PM,9:41:00 PM,-4,11,9:52:00 PM,99,90,75,547,11:07:00 PM,4,11:24:00 PM,11:11:00 PM,-13,Tuesday,Feb
02/10/2015,EV,5469,N974EV,HPN,DTW,12:00:00 PM,7:59:00 AM,-1,46,4:45:00 PM,122,136,80,505,8:05:00 AM,10,8:02:00 AM,9:15:00 AM,13,Tuesday,Feb
01/26/2015,HA,148,N480HA,HNL,KOA,1:20:00 PM,1:14:00 PM,-6,18,1:32:00 PM,44,52,29,163,2:01:00 PM,5,2:04:00 PM,2:06:00 PM,2,Monday,Jan
01/17/2015,US,419,N677AW,PHL,LAS,8:30:00 PM,8:27:00 PM,-3,14,8:41:00 PM,332,307,288,2176,10:29:00 PM,5,11:02:00 PM,10:34:00 PM,-28,Saturday,Jan
01/22/2015,AS,693,N512AS,GEG,SEA,2:05:00 PM,2:02:00 PM,-3,19,2:21:00 PM,60,71,44,224,3:05:00 PM,8,3:05:00 PM,3:13:00 PM,8,Thursday,Jan
01/09/2015,AA,1182,N3FSAA,MIA,ORD,6:20:00 PM,7:35:00 PM,75,8,7:43:00 PM,203,179,163,1197,9:26:00 PM,8,8:43:00 PM,9:34:00 PM,51,Friday,Jan
01/09/2015,DL,1856,N968DL,ATL,MLB,6:08:00 PM,8:25:00 PM,17,13,9:38:00 PM,88,82,63,442,10:41:00 AM,6,10:36:00 AM,10:47:00 AM,11,Friday,Jan
01/28/2015,DL,1861,N918DE,ATL,LIT,2:20:00 PM,2:16:00 PM,-4,7,2:23:00 PM,103,83,71,453,2:34:00 PM,5,3:03:00 PM,2:39:00 PM,-24,Wednesday,Jan
01/22/2015,UA,1038,N27239,SFO,DEN,5:42:00 PM,5:40:00 PM,-2,14,5:54:00 PM,149,147,125,967,8:59:00 PM,8,9:11:00 PM,9:07:00 PM,-4,Thursday,Jan
01/26/2015,UA,1205,N33292,KOA,LAX,3:17:00 PM,3:08:00 PM,-9,9,3:17:00 PM,324,315,300,2504,10:17:00 PM,6,10:41:00 PM,10:23:00 PM,-18,Monday,Jan
01/15/2015,DL,1073,N918DH,MSP,PDX,11:50:00 AM,12:00:00 PM,10,7,12:07:00 PM,236,220,209,1426,1:36:00 PM,4,1:46:00 PM,1:40:00 PM,-6,Thursday,Jan
01/20/2015,B6,205,N520JB,EWR,FLL,1:35:00 PM,1:31:00 PM,-4,16,1:47:00 PM,184,184,161,1065,4:28:00 PM,7,4:39:00 PM,4:35:00 PM,-4,Tuesday,Jan
01/17/2015,EV,4215,N14558,ORD,ORF,6:05:00 PM,7:14:00 PM,9,17,9:31:00 PM,123,127,107,717,12:18:00 PM,3,12:08:00 PM,12:21:00 PM,13,Saturday,Jan
02/04/2015,WN,745,N790SW,MDW,MCI,5:05:00 PM,5:15:00 PM,10,12,5:27:00 PM,90,91,71,405,6:38:00 PM,8,6:35:00 PM,6:46:00 PM,11,Wednesday,Feb
02/08/2015,EV,5317,N931EV,LEX,ATL,2:02:00 PM,1:59:00 PM,-3,23,2:22:00 PM,88,89,60,304,3:22:00 PM,6,3:30:00 PM,3:28:00 PM,-2,Sunday,Feb
01/05/2015,US,562,N839AW,PHX,BOS,4:05:00 PM,4:00:00 PM,-5,13,4:13:00 PM,281,277,251,2300,10:24:00 PM,13,10:46:00 PM,10:37:00 PM,-9,Monday,Jan
01/23/2015,B6,698,N643JB,MCO,LGA,7:22:00 PM,7:31:00 PM,9,25,7:56:00 PM,151,165,129,950,10:05:00 PM,11,9:53:00 PM,10:16:00 PM,23,Friday,Jan
01/07/2015,DL,2451,N315NB,MSP,MEM,1:45:00 PM,1:41:00 PM,-4,7,1:48:00 PM,123,95,85,700,3:13:00 PM,3,3:48:00 PM,3:16:00 PM,-32,Wednesday,Jan
02/02/2015,AA,2427,N496AA,DFW,ONT,10:10:00 PM,10:56:00 PM,46,11,11:07:00 PM,191,178,160,1188,11:47:00 PM,7,11:21:00 PM,11:54:00 PM,33,Monday,Feb
01/23/2015,DL,2465,N939DL,BDL,ATL,3:28:00 PM,3:25:00 PM,-3,17,3:42:00 PM,166,175,147,859,6:09:00 PM,11,6:14:00 PM,6:20:00 PM,6,Friday,Jan
01/29/2015,WN,3206,N7701B,PHX,SMF,7:40:00 PM,7:41:00 PM,1,8,7:49:00 PM,120,110,96,647,8:25:00 PM,6,8:40:00 PM,8:31:00 PM,-9,Thursday,Jan
01/15/2015,AA,1573,N4YRAA,TPA,DFW,12:00:00 PM,7:55:00 AM,-5,12,12:07:00 PM,173,192,170,929,3:57:00 AM,10,3:53:00 AM,8:07:00 AM,14,Thursday,Jan
01/02/2015,UA,1682,N37263,EWR,FLL,9:10:00 PM,9:10:00 PM,0,10,9:20:00 PM,189,176,157,1065,11:57:00 PM,9,7:19:00 PM,6:06:00 AM,-13,Friday,Jan
02/01/2015,DL,925,N686DA,ATL,STT,12:10:00 PM,12:14:00 PM,4,12,12:26:00 PM,213,191,175,1599,4:21:00 PM,4,4:43:00 PM,4:25:00 PM,-18,Sunday,Feb
01/13/2015,WN,2343,N364SW,CMH,FLL,12:00:00 PM,7:54:00 AM,-6,11,12:05:00 PM,185,157,141,973,10:26:00 AM,5,6:05:00 PM,11:31:00 AM,-34,Tuesday,Jan
01/29/2015,MQ,3621,N647MQ,DFW,MAF,6:20:00 PM,6:16:00 PM,-4,16,6:32:00 PM,71,79,57,309,7:29:00 PM,6,7:31:00 PM,7:35:00 PM,4,Thursday,Jan
02/09/2015,US,1910,N188US,CLT,LGA,10:00:00 AM,11:15:00 AM,75,20,11:35:00 AM,114,102,74,544,12:49:00 PM,8,11:54:00 AM,12:57:00 PM,63,Monday,Feb
01/15/2015,US,782,N150UW,PHL,LAX,6:00:00 PM,6:05:00 PM,5,14,6:19:00 PM,374,329,305,2402,8:24:00 PM,10,9:14:00 PM,8:34:00 PM,-40,Thursday,Jan
01/05/2015,US,1782,N556UW,SEA,CLT,1:20:00 PM,1:34:00 PM,14,14,1:48:00 PM,293,263,239,2279,8:47:00 PM,10,9:13:00 PM,8:57:00 PM,-16,Monday,Jan
01/09/2015,AA,2357,N3EKAA,DFW,SAN,6:00:00 PM,1:58:00 PM,-2,22,8:20:00 PM,189,173,148,1171,10:48:00 PM,3,10:09:00 AM,11:51:00 PM,-18,Friday,Jan
02/10/2015,MQ,3075,N606MQ,GRB,ORD,11:58:00 AM,11:54:00 AM,-4,5,11:59:00 AM,73,67,45,173,12:44:00 PM,17,1:11:00 PM,1:01:00 PM,-10,Tuesday,Feb
01/07/2015,MQ,3449,N667MQ,DFW,DRO,10:00:00 AM,11:55:00 PM,-5,14,10:09:00 AM,126,113,94,674,10:43:00 AM,5,11:06:00 AM,10:48:00 AM,-18,Wednesday,Jan
01/30/2015,WN,1058,N934WN,DEN,MDW,12:00:00 PM,7:54:00 AM,-6,9,12:03:00 PM,145,129,113,895,1:56:00 PM,7,8:25:00 PM,6:03:00 PM,-22,Friday,Jan
01/04/2015,DL,1803,N920DN,RDU,ATL,1:30:00 PM,1:27:00 PM,-3,28,1:55:00 PM,91,96,66,356,3:01:00 PM,2,3:01:00 PM,3:03:00 PM,2,Sunday,Jan
01/05/2015,EV,5613,N761ND,ATL,PVD,3:06:00 PM,2:59:00 PM,-7,20,3:19:00 PM,136,128,98,903,4:57:00 PM,10,5:22:00 PM,5:07:00 PM,-15,Monday,Jan
01/12/2015,UA,248,N487UA,IAH,SNA,8:55:00 PM,9:15:00 PM,20,21,9:36:00 PM,215,204,178,1346,10:34:00 PM,5,10:30:00 PM,10:39:00 PM,9,Monday,Jan
01/28/2015,AA,1525,N3CCAA,MIA,RDU,3:25:00 PM,3:25:00 PM,0,8,3:33:00 PM,130,123,111,700,5:24:00 PM,4,5:35:00 PM,5:28:00 PM,-7,Wednesday,Jan
01/26/2015,AA,1466,N558AA,DFW,PIT,5:20:00 PM,5:27:00 PM,7,20,5:47:00 PM,151,166,140,1067,9:07:00 PM,6,8:51:00 PM,9:13:00 PM,22,Monday,Jan
02/03/2015,WN,1621,N234WN,SDF,TPA,1:20:00 PM,2:02:00 PM,42,8,2:10:00 PM,125,117,104,727,3:54:00 PM,5,3:25:00 PM,3:59:00 PM,34,Tuesday,Feb
02/04/2015,WN,3839,N650SW,PVD,BWI,9:55:00 PM,6:06:00 AM,131,7,1:13:00 PM,85,68,58,327,11:11:00 AM,3,11:20:00 PM,11:14:00 AM,114,Wednesday,Feb
01/11/2015,WN,1821,N8641B,LAS,MDW,2:20:00 PM,2:38:00 PM,18,15,2:53:00 PM,215,213,188,1521,8:01:00 PM,10,7:55:00 PM,8:11:00 PM,16,Sunday,Jan
01/17/2015,US,545,N673AW,SNA,PHX,7:30:00 PM,7:22:00 PM,-8,10,7:32:00 PM,75,73,52,338,9:24:00 PM,11,9:45:00 PM,9:35:00 PM,-10,Saturday,Jan
02/09/2015,UA,1273,N77525,DEN,SAT,11:55:00 PM,11:58:00 PM,3,19,10:17:00 AM,127,117,95,794,12:52:00 PM,3,1:02:00 PM,12:55:00 PM,-7,Monday,Feb
01/10/2015,EV,6166,N11547,ORD,MLI,2:50:00 PM,3:01:00 PM,11,20,3:21:00 PM,56,53,28,139,3:49:00 PM,5,3:46:00 PM,3:54:00 PM,8,Saturday,Jan
01/15/2015,AA,1309,N4YRAA,TUS,DFW,11:57:00 AM,11:59:00 AM,2,11,12:10:00 PM,128,119,99,813,2:49:00 PM,9,3:05:00 PM,2:58:00 PM,-7,Thursday,Jan
02/03/2015,EV,5968,N31131,ELP,DEN,12:31:00 PM,12:21:00 PM,-10,12,12:33:00 PM,115,118,99,563,2:12:00 PM,7,2:26:00 PM,2:19:00 PM,-7,Tuesday,Feb
02/07/2015,UA,706,N498UA,SEA,SFO,6:45:00 AM,10:06:00 PM,81,22,12:28:00 AM,137,132,107,679,7:15:00 PM,3,8:02:00 AM,7:18:00 PM,76,Saturday,Feb
01/21/2015,UA,1118,N53441,SFO,PDX,10:45:00 PM,10:42:00 PM,-3,20,11:02:00 PM,112,98,74,550,4:16:00 PM,4,1:37:00 PM,8:20:00 PM,-17,Wednesday,Jan
02/05/2015,B6,49,N274JB,BOS,SAV,11:38:00 AM,11:32:00 AM,-6,40,7:12:00 PM,166,212,168,901,12:00:00 PM,4,11:24:00 AM,12:04:00 PM,40,Thursday,Feb
01/24/2015,MQ,3407,N512MQ,CMH,LGA,11:15:00 AM,11:40:00 AM,25,17,11:57:00 AM,96,93,66,479,1:03:00 PM,10,12:51:00 PM,1:13:00 PM,22,Saturday,Jan
01/08/2015,B6,599,N324JB,BDL,DCA,5:20:00 PM,5:13:00 PM,-7,11,5:24:00 PM,92,91,77,313,6:41:00 PM,3,6:52:00 PM,6:44:00 PM,-8,Thursday,Jan
01/20/2015,EV,4554,N15574,IAH,TYS,7:25:00 PM,7:19:00 PM,-6,30,7:49:00 PM,122,141,108,771,10:37:00 PM,3,10:27:00 PM,10:40:00 PM,13,Tuesday,Jan
01/02/2015,EV,4484,N13988,ORD,IAD,9:05:00 PM,9:44:00 PM,39,14,9:58:00 PM,108,101,74,589,12:12:00 PM,13,11:53:00 PM,1:25:00 AM,32,Friday,Jan
01/15/2015,MQ,3360,N827MQ,DBQ,ORD,2:25:00 PM,2:20:00 PM,-5,8,2:28:00 PM,63,63,31,147,5:59:00 PM,24,12:28:00 AM,12:23:00 AM,-5,Thursday,Jan
01/16/2015,DL,2400,N587NW,MCO,ATL,5:30:00 PM,5:31:00 PM,1,27,5:58:00 PM,102,98,63,404,7:01:00 PM,8,7:12:00 PM,7:09:00 PM,-3,Friday,Jan
01/15/2015,DL,791,N965DN,ATL,STL,7:59:00 PM,8:05:00 PM,6,14,8:19:00 PM,105,91,73,484,8:32:00 PM,4,8:44:00 PM,8:36:00 PM,-8,Thursday,Jan
01/02/2015,VX,420,N627VA,LAX,JFK,11:05:00 PM,11:04:00 PM,-1,21,11:25:00 PM,315,323,291,2475,11:16:00 PM,11,12:20:00 AM,12:27:00 AM,7,Friday,Jan
02/05/2015,B6,341,N197JB,STX,SJU,4:48:00 PM,5:26:00 PM,38,14,5:40:00 PM,42,41,24,94,6:04:00 PM,3,5:30:00 PM,6:07:00 PM,37,Thursday,Feb
01/11/2015,EV,4603,N16976,EWR,ROC,5:10:00 PM,5:01:00 PM,-9,16,5:17:00 PM,78,71,47,246,6:04:00 PM,8,6:28:00 PM,6:12:00 PM,-16,Sunday,Jan
01/23/2015,US,543,N117UW,PHL,DFW,9:30:00 PM,10:41:00 PM,11,43,10:24:00 AM,231,254,202,1303,12:46:00 PM,9,12:21:00 PM,12:55:00 PM,34,Friday,Jan
01/29/2015,B6,1526,N249JB,BWI,BOS,5:52:00 PM,5:44:00 PM,-8,31,6:15:00 PM,82,107,71,369,7:26:00 PM,5,7:14:00 PM,7:31:00 PM,17,Thursday,Jan
01/03/2015,AA,1144,N3ARAA,DFW,LGA,1:35:00 PM,1:33:00 PM,-2,12,1:45:00 PM,195,190,173,1389,5:38:00 PM,5,5:50:00 PM,5:43:00 PM,-7,Saturday,Jan
01/04/2015,AS,730,N419AS,SEA,IAH,10:30:00 AM,10:31:00 AM,1,34,11:05:00 AM,252,256,216,1874,4:41:00 PM,6,4:42:00 PM,4:47:00 PM,5,Sunday,Jan
01/21/2015,MQ,3399,N643MQ,FSM,DFW,6:50:00 PM,6:40:00 PM,-10,9,6:49:00 PM,69,76,48,227,7:37:00 PM,19,7:59:00 PM,7:56:00 PM,-3,Wednesday,Jan
01/23/2015,AA,1377,N478AA,ABQ,DFW,12:15:00 PM,12:03:00 PM,-12,9,12:12:00 PM,99,102,83,569,2:35:00 PM,10,2:54:00 PM,2:45:00 PM,-9,Friday,Jan
01/21/2015,AA,392,N3JJAA,ORD,LGA,1:30:00 AM,1:30:00 AM,0,25,3:55:00 AM,120,126,94,733,10:29:00 AM,7,10:30:00 AM,10:36:00 AM,6,Wednesday,Jan
01/18/2015,DL,1443,N933DL,IAH,ATL,11:20:00 AM,11:15:00 AM,-5,8,11:23:00 AM,118,107,91,689,1:54:00 PM,8,2:18:00 PM,2:02:00 PM,-16,Sunday,Jan
01/25/2015,UA,437,N496UA,SFO,LAS,12:50:00 PM,12:42:00 PM,-8,18,1:00:00 PM,99,106,78,414,2:18:00 PM,10,2:29:00 PM,2:28:00 PM,-1,Sunday,Jan
01/01/2015,WN,371,N7813P,BWI,ROC,10:10:00 AM,10:05:00 AM,-5,7,10:12:00 AM,75,59,50,277,11:02:00 AM,2,11:25:00 AM,11:04:00 AM,-21,Thursday,Jan
02/06/2015,DL,1897,N345NW,ATL,BWI,7:05:00 PM,7:07:00 PM,2,15,7:22:00 PM,108,105,82,577,8:44:00 PM,8,8:53:00 PM,8:52:00 PM,-1,Friday,Feb
01/05/2015,MQ,3586,N806MQ,CMH,LGA,9:15:00 AM,10:07:00 AM,112,44,10:51:00 AM,105,127,74,479,12:05:00 PM,9,10:00:00 AM,12:14:00 PM,134,Monday,Jan
01/21/2015,HA,308,N485HA,HNL,KOA,7:02:00 PM,6:53:00 PM,-9,8,7:01:00 PM,43,44,31,163,7:32:00 PM,5,7:45:00 PM,7:37:00 PM,-8,Wednesday,Jan
01/31/2015,DL,2294,N533US,DTW,FLL,12:25:00 AM,12:22:00 AM,-3,11,1:33:00 AM,196,152,135,1127,10:48:00 PM,6,10:41:00 AM,11:54:00 PM,-47,Saturday,Jan
01/28/2015,AA,1073,N3HRAA,MIA,PHL,4:35:00 PM,4:34:00 PM,-1,9,4:43:00 PM,166,169,156,1013,7:19:00 PM,4,7:21:00 PM,7:23:00 PM,2,Wednesday,Jan
01/30/2015,B6,365,N586JB,SMF,LGB,1:56:00 PM,12:46:00 PM,-10,14,6:00:00 PM,78,76,58,387,11:58:00 PM,4,10:14:00 AM,10:02:00 AM,-12,Friday,Jan
01/26/2015,AA,2333,N3CBAA,TPA,DFW,10:57:00 AM,11:03:00 AM,6,15,11:18:00 AM,168,176,154,929,12:52:00 PM,7,12:45:00 PM,12:59:00 PM,14,Monday,Jan
01/28/2015,EV,2563,N901EV,CRP,DFW,7:15:00 PM,11:58:00 AM,163,37,12:35:00 PM,79,105,62,354,1:37:00 PM,6,10:34:00 AM,1:43:00 PM,189,Wednesday,Jan
02/03/2015,B6,1294,N317JB,MCO,HPN,8:30:00 PM,10:02:00 PM,92,12,10:14:00 PM,151,142,124,972,6:18:00 PM,6,11:01:00 PM,12:24:00 AM,83,Tuesday,Feb
01/24/2015,EV,5142,N614QX,SAT,MSP,1:30:00 AM,12:26:00 AM,-4,11,1:37:00 AM,169,166,148,1097,10:05:00 AM,7,10:19:00 AM,10:12:00 AM,-7,Saturday,Jan
01/12/2015,AA,117,N788AA,JFK,LAX,2:45:00 PM,3:41:00 PM,56,27,4:08:00 PM,399,367,334,2475,6:42:00 PM,6,6:24:00 PM,6:48:00 PM,24,Monday,Jan
01/30/2015,DL,1894,N368NW,SFO,CVG,10:00:00 PM,9:52:00 PM,-8,14,10:06:00 PM,263,248,229,2036,9:55:00 PM,5,4:23:00 AM,2:00:00 AM,-23,Friday,Jan
01/08/2015,AA,2207,N3GYAA,MIA,LAS,2:05:00 PM,1:58:00 PM,-7,14,2:12:00 PM,341,302,280,2174,3:52:00 PM,8,4:46:00 PM,4:00:00 PM,-46,Thursday,Jan
02/10/2015,UA,1760,N24202,TPA,CLE,11:25:00 AM,11:19:00 AM,-6,13,11:32:00 AM,151,149,131,927,1:43:00 PM,5,1:56:00 PM,1:48:00 PM,-8,Tuesday,Feb
01/08/2015,B6,1553,N537JB,FLL,SJU,4:44:00 PM,4:53:00 PM,9,12,5:05:00 PM,149,144,128,1046,8:13:00 PM,4,8:13:00 PM,8:17:00 PM,4,Thursday,Jan
01/04/2015,WN,4703,N7707C,SMF,SAN,12:25:00 PM,12:24:00 PM,-1,9,12:33:00 PM,85,77,64,480,1:37:00 PM,4,1:50:00 PM,1:41:00 PM,-9,Sunday,Jan
02/10/2015,UA,1653,N38454,IAD,SAN,10:26:00 AM,10:26:00 AM,0,25,1:51:00 PM,350,336,308,2253,10:59:00 AM,3,11:16:00 AM,11:02:00 AM,-14,Tuesday,Feb
02/07/2015,MQ,3054,N663MQ,CVG,JFK,12:50:00 PM,12:45:00 PM,-5,8,12:53:00 PM,121,103,91,589,2:24:00 PM,4,2:51:00 PM,2:28:00 PM,-23,Saturday,Feb
01/10/2015,WN,2743,N7720F,MDW,SAT,10:25:00 AM,10:24:00 AM,-1,8,10:32:00 AM,175,164,151,1036,1:03:00 PM,5,1:20:00 PM,1:08:00 PM,-12,Saturday,Jan
01/14/2015,EV,2542,N877AS,DFW,CRW,12:55:00 PM,4:57:00 PM,242,21,5:18:00 PM,129,145,120,946,8:18:00 PM,4,4:04:00 PM,8:22:00 PM,258,Wednesday,Jan
01/07/2015,WN,505,N784SW,PIT,HOU,4:45:00 PM,5:22:00 PM,37,7,5:29:00 PM,205,184,169,1131,7:18:00 PM,8,7:10:00 PM,7:26:00 PM,16,Wednesday,Jan
01/08/2015,UA,1230,N69835,IAH,MCO,10:22:00 AM,10:23:00 AM,1,12,10:35:00 AM,136,125,109,854,1:24:00 PM,4,1:38:00 PM,1:28:00 PM,-10,Thursday,Jan
02/11/2015,WN,2672,N949WN,DCA,IND,5:30:00 PM,5:20:00 PM,-10,22,5:42:00 PM,105,114,86,500,7:08:00 PM,6,7:15:00 PM,7:14:00 PM,-1,Wednesday,Feb
02/12/2015,WN,1031,N625SW,MCO,DAL,12:40:00 PM,12:48:00 PM,8,11,12:59:00 PM,180,170,155,973,2:34:00 PM,4,2:40:00 PM,2:38:00 PM,-2,Thursday,Feb
02/08/2015,WN,1600,N7723E,ELP,PHX,10:05:00 AM,10:00:00 AM,-5,11,10:11:00 AM,80,74,58,347,11:09:00 AM,5,11:25:00 AM,11:14:00 AM,-11,Sunday,Feb
01/19/2015,WN,818,N218WN,LAX,SMF,4:45:00 PM,4:40:00 PM,-5,4,4:44:00 PM,90,78,69,373,3:53:00 AM,5,9:15:00 AM,3:58:00 AM,-17,Monday,Jan
02/07/2015,AA,1462,N469AA,ONT,DFW,12:00:00 PM,7:52:00 AM,-8,18,1:10:00 PM,179,174,143,1188,10:33:00 AM,13,10:59:00 AM,10:46:00 AM,-13,Saturday,Feb
02/04/2015,DL,871,N968DL,JAN,ATL,11:15:00 PM,1:31:00 AM,16,17,2:48:00 AM,91,77,50,341,9:38:00 PM,10,10:46:00 PM,10:48:00 PM,2,Wednesday,Feb
02/11/2015,EV,2552,N877AS,DFW,BPT,9:20:00 PM,9:15:00 PM,-5,13,9:28:00 PM,66,58,42,270,10:10:00 PM,3,10:26:00 PM,10:13:00 PM,-13,Wednesday,Feb
01/21/2015,EV,5149,N936EV,ATL,XNA,4:43:00 PM,4:41:00 PM,-2,12,4:53:00 PM,120,115,98,589,5:31:00 PM,5,5:43:00 PM,5:36:00 PM,-7,Wednesday,Jan
01/25/2015,DL,1163,N959AT,ATL,JAN,10:49:00 AM,10:43:00 AM,-6,9,10:52:00 AM,86,70,57,341,10:49:00 AM,4,11:15:00 AM,10:53:00 AM,-22,Sunday,Jan
01/22/2015,WN,484,N265WN,SLC,PHX,10:05:00 PM,10:06:00 PM,1,16,10:22:00 PM,95,91,72,507,11:34:00 PM,3,11:40:00 PM,11:37:00 PM,-3,Thursday,Jan
01/16/2015,DL,2092,N555NW,ATL,PBI,11:00:00 AM,10:59:00 AM,-1,26,11:25:00 AM,112,109,80,545,12:45:00 PM,3,12:52:00 PM,12:48:00 PM,-4,Friday,Jan
01/21/2015,UA,1038,N12225,DEN,EWR,5:30:00 PM,6:03:00 PM,33,18,6:21:00 PM,218,203,178,1605,11:19:00 PM,7,11:08:00 PM,11:26:00 PM,18,Wednesday,Jan
01/11/2015,DL,1642,N999DN,CAK,ATL,5:40:00 PM,5:36:00 PM,-4,10,5:46:00 PM,119,110,91,528,7:17:00 PM,9,7:39:00 PM,7:26:00 PM,-13,Sunday,Jan
01/30/2015,DL,2206,N957DN,ATL,ORF,2:14:00 PM,2:11:00 PM,-3,18,2:29:00 PM,93,90,69,516,3:38:00 PM,3,3:47:00 PM,3:41:00 PM,-6,Friday,Jan
01/07/2015,OO,6240,N105SY,TUS,SFO,11:30:00 AM,11:31:00 AM,1,15,12:46:00 PM,148,127,104,751,9:30:00 PM,8,11:58:00 PM,9:38:00 PM,-20,Wednesday,Jan
01/27/2015,AA,2494,N3CEAA,MIA,SJU,11:05:00 AM,11:25:00 AM,20,13,11:38:00 AM,161,142,124,1045,2:42:00 PM,5,2:46:00 PM,2:47:00 PM,1,Tuesday,Jan
01/06/2015,DL,1977,N983DL,ORD,ATL,6:00:00 PM,6:32:00 PM,32,18,6:50:00 PM,122,102,78,606,9:08:00 PM,6,9:02:00 PM,9:14:00 PM,12,Tuesday,Jan
02/01/2015,WN,1929,N481WN,ATL,BWI,12:55:00 PM,12:55:00 PM,0,8,1:03:00 PM,105,88,75,577,2:18:00 PM,5,2:40:00 PM,2:23:00 PM,-17,Sunday,Feb
02/02/2015,WN,687,N771SA,HOU,BNA,7:50:00 PM,8:00:00 PM,10,16,8:16:00 PM,100,101,81,670,9:37:00 PM,4,9:30:00 PM,9:41:00 PM,11,Monday,Feb
01/25/2015,EV,5087,N860AS,MLU,ATL,11:33:00 AM,11:27:00 AM,-6,10,11:37:00 AM,87,77,60,448,1:37:00 PM,7,2:00:00 PM,1:44:00 PM,-16,Sunday,Jan
01/25/2015,DL,2476,N825DN,ATL,MSY,7:35:00 PM,7:34:00 PM,-1,25,7:59:00 PM,101,105,76,425,8:15:00 PM,4,8:16:00 PM,8:19:00 PM,3,Sunday,Jan
01/18/2015,WN,676,N251WN,PDX,SMF,6:55:00 PM,6:54:00 PM,-1,9,7:03:00 PM,85,82,69,479,8:12:00 PM,4,8:20:00 PM,8:16:00 PM,-4,Sunday,Jan
01/20/2015,WN,1172,N669SW,BWI,BDL,6:45:00 PM,6:59:00 PM,14,10,7:09:00 PM,65,67,51,283,8:00:00 PM,6,7:50:00 PM,8:06:00 PM,16,Tuesday,Jan
01/07/2015,US,1772,N912UY,LAS,CLT,11:59:00 AM,8:56:00 AM,-3,16,11:12:00 AM,243,232,210,1916,2:42:00 AM,6,8:02:00 AM,2:48:00 AM,-14,Wednesday,Jan
02/05/2015,WN,882,N745SW,LAS,DEN,3:50:00 AM,8:02:00 AM,12,15,9:17:00 AM,110,107,84,628,10:41:00 AM,8,10:40:00 AM,10:49:00 AM,9,Thursday,Feb
01/07/2015,EV,6035,N23139,DEN,DRO,2:19:00 PM,4:29:00 PM,130,11,4:40:00 PM,67,59,45,251,5:25:00 PM,3,3:26:00 PM,5:28:00 PM,122,Wednesday,Jan
01/16/2015,WN,4552,N616SW,BNA,MDW,7:55:00 PM,7:48:00 PM,-7,9,7:57:00 PM,95,94,63,395,9:00:00 PM,22,9:30:00 PM,9:22:00 PM,-8,Friday,Jan
01/18/2015,OO,5613,N980SW,SAN,SFO,1:15:00 PM,12:08:00 PM,-7,22,3:30:00 PM,102,100,70,447,2:40:00 AM,8,3:57:00 AM,2:48:00 AM,-9,Sunday,Jan
01/04/2015,UA,1298,N69838,DFW,DEN,8:12:00 PM,11:48:00 PM,216,10,11:58:00 PM,132,115,90,641,4:28:00 AM,15,9:24:00 PM,7:43:00 PM,199,Sunday,Jan
01/02/2015,WN,1155,N7726A,MDW,DEN,2:45:00 AM,2:43:00 AM,-2,16,3:59:00 AM,165,171,145,895,8:24:00 PM,10,9:30:00 PM,9:34:00 PM,4,Friday,Jan
02/08/2015,WN,50,N521SW,HOU,DAL,6:30:00 PM,6:25:00 PM,-5,10,6:35:00 PM,60,57,43,239,7:18:00 PM,4,7:30:00 PM,7:22:00 PM,-8,Sunday,Feb
01/24/2015,VX,936,N361VA,SFO,LAX,4:20:00 PM,4:16:00 PM,-4,9,4:25:00 PM,80,72,54,337,5:19:00 PM,9,5:40:00 PM,5:28:00 PM,-12,Saturday,Jan
01/08/2015,B6,1446,N354JB,CLT,BOS,6:32:00 PM,6:24:00 PM,-8,9,6:33:00 PM,122,112,97,728,8:10:00 PM,6,8:34:00 PM,8:16:00 PM,-18,Thursday,Jan
01/15/2015,US,1923,N803AW,MEM,CLT,1:35:00 AM,12:29:00 AM,-6,9,1:38:00 AM,99,89,72,511,11:50:00 PM,8,10:14:00 AM,11:58:00 PM,-16,Thursday,Jan
01/30/2015,AA,1255,N4XFAA,DFW,SJC,10:20:00 AM,10:21:00 AM,1,15,10:36:00 AM,229,212,194,1438,11:50:00 AM,3,12:09:00 PM,11:53:00 AM,-16,Friday,Jan
01/31/2015,EV,4730,N12195,ORD,DAY,1:10:00 PM,1:10:00 PM,0,19,1:29:00 PM,77,70,42,240,3:11:00 PM,9,3:27:00 PM,3:20:00 PM,-7,Saturday,Jan
01/30/2015,DL,2232,N917DE,CMH,ATL,6:20:00 PM,6:21:00 PM,1,16,6:37:00 PM,105,87,62,447,7:39:00 PM,9,8:05:00 PM,7:48:00 PM,-17,Friday,Jan
01/03/2015,B6,760,N228JB,PHL,BOS,8:35:00 PM,10:43:00 PM,128,13,10:56:00 PM,78,72,49,280,11:45:00 PM,10,9:53:00 PM,11:55:00 PM,122,Saturday,Jan
01/28/2015,AA,1331,N4XVAA,ORD,STL,8:20:00 PM,9:00:00 PM,40,17,9:17:00 PM,68,68,48,258,10:05:00 PM,3,9:28:00 PM,10:08:00 PM,40,Wednesday,Jan
01/01/2015,AA,70,N5BTAA,SAN,DFW,10:05:00 PM,5:59:00 PM,-6,22,12:21:00 AM,180,171,137,1171,11:38:00 AM,12,12:05:00 PM,11:50:00 AM,-15,Thursday,Jan
02/05/2015,OO,2615,N866AS,LAX,TUS,7:50:00 PM,9:24:00 PM,94,19,9:43:00 PM,80,88,64,451,11:47:00 PM,5,10:10:00 PM,11:52:00 PM,102,Thursday,Feb
01/09/2015,MQ,3095,N622MQ,DFW,ROW,5:25:00 PM,6:07:00 PM,42,9,6:16:00 PM,90,75,62,435,6:18:00 PM,4,5:55:00 PM,6:22:00 PM,27,Friday,Jan
02/02/2015,AA,1170,N3AMAA,DFW,LGA,6:50:00 PM,7:52:00 PM,62,15,8:07:00 PM,186,199,161,1389,11:48:00 PM,23,10:56:00 PM,11:11:00 AM,75,Monday,Feb
01/09/2015,OO,5375,N585SW,LAX,SBP,10:57:00 PM,10:47:00 PM,-10,13,11:00:00 PM,60,48,32,156,11:32:00 PM,3,11:57:00 PM,11:35:00 PM,-22,Friday,Jan
02/11/2015,MQ,3653,N611MQ,GSO,DFW,12:27:00 AM,12:22:00 AM,-5,23,2:45:00 AM,203,196,168,999,9:33:00 PM,5,11:50:00 PM,9:38:00 PM,-12,Wednesday,Feb
01/25/2015,MQ,2967,N690MQ,SAV,DFW,12:05:00 PM,12:01:00 PM,-4,11,12:12:00 PM,185,198,172,925,2:04:00 PM,15,2:10:00 PM,2:19:00 PM,9,Sunday,Jan
01/08/2015,DL,2266,N923DN,ATL,DEN,6:15:00 PM,6:48:00 PM,33,9,6:57:00 PM,214,194,175,1199,7:52:00 PM,10,7:49:00 PM,8:02:00 PM,13,Thursday,Jan
01/27/2015,US,536,N817AW,GEG,PHX,12:45:00 PM,11:34:00 AM,-11,24,1:58:00 PM,159,170,142,1020,12:20:00 PM,4,12:24:00 PM,12:24:00 PM,0,Tuesday,Jan
01/20/2015,EV,2526,N902EV,DFW,LAW,9:45:00 PM,9:38:00 PM,-7,13,9:51:00 PM,45,42,27,140,10:18:00 PM,2,10:30:00 PM,10:20:00 PM,-10,Tuesday,Jan
01/06/2015,MQ,3141,N655MQ,FWA,ORD,12:02:00 PM,10:27:00 AM,265,9,10:36:00 AM,68,57,34,157,10:10:00 AM,14,1:10:00 PM,10:24:00 AM,254,Tuesday,Jan
02/09/2015,US,821,N112US,DTW,CLT,9:15:00 AM,9:10:00 AM,-5,38,12:48:00 PM,119,133,75,500,10:03:00 AM,20,10:14:00 AM,10:23:00 AM,9,Monday,Feb
02/01/2015,NK,511,N510NK,DTW,LAS,11:17:00 AM,11:20:00 AM,3,54,12:14:00 PM,269,293,233,1749,1:07:00 PM,6,12:46:00 PM,1:13:00 PM,27,Sunday,Feb
02/11/2015,WN,260,N774SW,TPA,STL,4:35:00 PM,4:30:00 PM,-5,13,4:43:00 PM,150,139,122,869,5:45:00 PM,4,6:05:00 PM,5:49:00 PM,-16,Wednesday,Feb
01/23/2015,WN,529,N8643A,DCA,RSW,11:05:00 AM,11:02:00 AM,-3,11,11:13:00 AM,170,154,137,892,1:30:00 PM,6,1:55:00 PM,1:36:00 PM,-19,Friday,Jan
01/17/2015,MQ,3500,N523MQ,SYR,ORD,11:23:00 AM,11:21:00 AM,-2,9,11:30:00 AM,136,118,99,607,12:09:00 PM,10,12:39:00 PM,12:19:00 PM,-20,Saturday,Jan
01/13/2015,B6,108,N203JB,JFK,PWM,10:50:00 PM,10:46:00 PM,-4,14,11:00:00 PM,68,64,48,273,11:48:00 PM,2,11:58:00 PM,11:50:00 PM,-8,Tuesday,Jan
02/09/2015,WN,23,N438WN,HOU,EWR,1:40:00 PM,1:53:00 PM,13,12,2:05:00 PM,195,216,193,1411,6:18:00 PM,11,5:55:00 PM,6:29:00 PM,34,Monday,Feb
01/31/2015,WN,3127,N7706A,AUS,PHX,5:30:00 PM,5:31:00 PM,1,8,5:39:00 PM,155,141,129,872,6:48:00 PM,4,7:05:00 PM,6:52:00 PM,-13,Saturday,Jan
01/24/2015,UA,741,N453UA,ORD,SFO,10:49:00 PM,10:48:00 PM,-1,14,10:02:00 AM,287,258,238,1846,12:00:00 PM,6,12:36:00 PM,12:06:00 PM,-30,Saturday,Jan
01/01/2015,AS,671,N461AS,AUS,SEA,6:35:00 PM,6:34:00 PM,-1,24,6:58:00 PM,270,255,227,1770,8:45:00 PM,4,9:05:00 PM,8:49:00 PM,-16,Thursday,Jan
01/28/2015,EV,6023,N13118,ORD,OMA,10:45:00 PM,10:41:00 PM,-4,12,11:53:00 PM,95,79,64,416,10:57:00 AM,3,11:20:00 AM,11:00:00 AM,-20,Wednesday,Jan
02/02/2015,AS,679,N402AS,DEN,SEA,8:00:00 AM,3:55:00 AM,-5,18,9:13:00 AM,185,191,164,1024,11:57:00 PM,9,10:05:00 AM,10:06:00 AM,1,Monday,Feb
02/05/2015,WN,346,N227WN,BDL,ATL,6:45:00 AM,5:39:00 AM,-6,22,12:01:00 PM,175,172,141,859,10:22:00 AM,9,12:40:00 PM,11:31:00 AM,-9,Thursday,Feb
02/05/2015,US,558,N947UW,RDU,PHL,8:30:00 PM,8:23:00 PM,-7,9,8:32:00 PM,80,70,57,337,9:29:00 PM,4,9:50:00 PM,9:33:00 PM,-17,Thursday,Feb
02/02/2015,AA,1661,N631AA,MIA,DFW,10:55:00 AM,10:51:00 AM,-4,13,11:04:00 AM,202,192,173,1121,12:57:00 PM,6,1:17:00 PM,1:03:00 PM,-14,Monday,Feb
02/06/2015,US,1763,N722US,BNA,CLT,2:45:00 AM,1:38:00 AM,-7,31,8:09:00 AM,82,96,49,328,11:58:00 PM,16,10:07:00 AM,10:14:00 AM,7,Friday,Feb
01/03/2015,US,2061,N817AW,CLT,IAH,2:40:00 AM,1:34:00 AM,-6,29,8:03:00 AM,167,235,197,912,10:20:00 AM,9,8:27:00 PM,10:29:00 AM,62,Saturday,Jan
02/12/2015,HA,341,N477HA,ITO,HNL,8:27:00 PM,8:27:00 PM,0,10,9:37:00 PM,51,54,38,216,10:15:00 AM,6,10:18:00 AM,10:21:00 AM,3,Thursday,Feb
01/14/2015,NK,212,N510NK,STT,FLL,5:15:00 PM,5:31:00 PM,16,13,5:44:00 PM,184,174,156,1107,7:20:00 PM,5,7:19:00 PM,7:25:00 PM,6,Wednesday,Jan
01/19/2015,WN,334,N913WN,OAK,DEN,7:00:00 PM,6:59:00 PM,-1,7,7:06:00 PM,140,124,111,957,9:57:00 PM,6,10:20:00 PM,10:03:00 PM,-17,Monday,Jan
02/12/2015,US,683,N669AW,SJC,PHX,12:35:00 PM,12:25:00 PM,-10,13,12:38:00 PM,107,108,91,621,3:09:00 PM,4,3:22:00 PM,3:13:00 PM,-9,Thursday,Feb
01/15/2015,UA,776,N522UA,ORD,MCO,11:09:00 AM,11:04:00 AM,-5,18,11:22:00 AM,163,152,128,1005,2:30:00 PM,6,2:52:00 PM,2:36:00 PM,-16,Thursday,Jan
01/15/2015,DL,1375,N922DL,ATL,GSP,12:38:00 PM,12:33:00 PM,-5,28,1:01:00 PM,58,68,35,153,1:36:00 PM,5,1:36:00 PM,1:41:00 PM,5,Thursday,Jan
01/04/2015,DL,1283,N3740C,DEN,SLC,7:20:00 PM,7:14:00 PM,-6,15,7:29:00 PM,95,83,61,391,8:30:00 PM,7,8:55:00 PM,8:37:00 PM,-18,Sunday,Jan
01/13/2015,EV,5477,N612QX,DTW,ELM,10:00:00 AM,11:58:00 PM,-2,12,10:10:00 AM,71,60,45,332,10:55:00 AM,3,11:11:00 AM,10:58:00 AM,-13,Tuesday,Jan
01/19/2015,WN,486,N716SW,DEN,SJC,10:00:00 PM,5:56:00 PM,-4,10,10:06:00 PM,165,161,147,948,11:33:00 AM,4,12:45:00 PM,11:37:00 AM,-8,Monday,Jan
01/12/2015,F9,1068,N220FR,DEN,ORD,8:20:00 PM,10:48:00 PM,28,23,10:11:00 AM,140,147,119,888,1:10:00 PM,5,12:40:00 PM,1:15:00 PM,35,Monday,Jan
02/03/2015,WN,775,N8303R,PHX,TPA,10:05:00 AM,10:06:00 AM,1,22,10:28:00 AM,235,225,199,1788,3:47:00 PM,4,4:00:00 PM,3:51:00 PM,-9,Tuesday,Feb
02/03/2015,EV,4137,N18114,IAH,TUL,4:20:00 PM,4:50:00 PM,30,13,5:03:00 PM,90,78,62,429,6:05:00 PM,3,5:50:00 PM,6:08:00 PM,18,Tuesday,Feb
01/14/2015,OO,2629,N466SW,ELP,LAX,12:08:00 PM,11:59:00 AM,-9,9,12:08:00 PM,132,124,108,715,12:56:00 PM,7,1:20:00 PM,1:03:00 PM,-17,Wednesday,Jan
01/04/2015,AA,1360,N3HVAA,LAX,BNA,11:25:00 PM,11:20:00 PM,-5,16,11:36:00 PM,225,224,204,1797,2:00:00 AM,4,3:10:00 AM,2:04:00 AM,-6,Sunday,Jan
01/12/2015,WN,4631,N7746C,ATL,LGA,7:00:00 PM,8:06:00 PM,66,21,8:27:00 PM,125,125,93,762,10:00:00 PM,11,9:05:00 PM,10:11:00 PM,66,Monday,Jan
02/09/2015,WN,2295,N733SA,DEN,BWI,7:25:00 PM,7:25:00 PM,0,11,7:36:00 PM,195,181,166,1491,10:22:00 PM,4,4:40:00 PM,2:26:00 AM,-14,Monday,Feb
01/14/2015,OO,4548,N913EV,GRR,DTW,5:34:00 PM,5:25:00 PM,-9,13,5:38:00 PM,64,46,26,120,6:04:00 PM,7,6:38:00 PM,6:11:00 PM,-27,Wednesday,Jan
01/02/2015,WN,109,N8607M,CHS,BWI,11:15:00 PM,11:13:00 PM,-2,7,12:20:00 AM,110,83,63,472,10:23:00 AM,13,6:05:00 PM,11:36:00 AM,-29,Friday,Jan
01/15/2015,DL,2044,N934AT,IND,DTW,11:58:00 AM,11:52:00 AM,-6,11,12:03:00 PM,71,72,52,231,12:55:00 PM,9,1:09:00 PM,1:04:00 PM,-5,Thursday,Jan
02/08/2015,EV,4248,N22971,IAH,LFT,9:12:00 PM,9:08:00 PM,-4,16,9:24:00 PM,56,57,37,201,10:01:00 PM,4,10:08:00 PM,10:05:00 PM,-3,Sunday,Feb
02/10/2015,WN,1572,N483WN,LAX,SJC,1:10:00 PM,12:02:00 PM,-8,26,2:28:00 PM,75,79,49,308,11:17:00 PM,4,12:25:00 AM,12:21:00 AM,-4,Tuesday,Feb
01/18/2015,NK,624,N523NK,DEN,ORD,12:00:00 PM,7:53:00 AM,-7,11,12:04:00 PM,146,145,121,888,6:05:00 PM,13,8:26:00 PM,7:18:00 PM,-8,Sunday,Jan
01/25/2015,WN,4387,N355SW,LAX,OAK,9:15:00 PM,9:09:00 PM,-6,9,9:18:00 PM,75,64,50,337,10:08:00 PM,5,10:30:00 PM,10:13:00 PM,-17,Sunday,Jan
01/29/2015,US,1844,N170US,PHX,PHL,11:55:00 PM,10:25:00 AM,30,15,10:40:00 AM,270,242,220,2075,4:20:00 PM,7,4:25:00 PM,4:27:00 PM,2,Thursday,Jan
01/02/2015,AA,140,N631AA,SJU,MIA,11:29:00 AM,11:25:00 AM,-4,11,11:36:00 AM,166,158,140,1045,12:56:00 PM,7,1:15:00 PM,1:03:00 PM,-12,Friday,Jan
01/01/2015,UA,1704,N26226,IAH,MIA,7:23:00 PM,9:54:00 PM,151,14,10:08:00 PM,140,127,109,964,9:57:00 AM,4,10:43:00 PM,10:01:00 AM,138,Thursday,Jan
02/02/2015,DL,2044,N958AT,IND,DTW,11:58:00 AM,2:44:00 PM,166,9,2:53:00 PM,71,63,38,231,3:31:00 PM,16,1:09:00 PM,3:47:00 PM,158,Monday,Feb
02/11/2015,EV,5404,N861AS,ATL,BTR,4:11:00 PM,4:05:00 PM,-6,12,4:17:00 PM,102,89,73,448,4:30:00 PM,4,4:53:00 PM,4:34:00 PM,-19,Wednesday,Feb
02/09/2015,OO,7393,N494CA,SGU,SLC,7:18:00 PM,8:20:00 PM,2,12,9:32:00 PM,68,70,47,272,10:19:00 AM,11,10:26:00 AM,10:30:00 AM,4,Monday,Feb
01/28/2015,MQ,3613,N521MQ,ORD,ATL,10:00:00 AM,12:34:00 PM,154,13,12:47:00 PM,109,95,76,606,3:03:00 PM,6,12:49:00 PM,3:09:00 PM,140,Wednesday,Jan
01/02/2015,MQ,3155,N670MQ,ORD,CMI,1:10:00 PM,1:57:00 PM,47,14,2:11:00 PM,43,41,24,135,2:35:00 PM,3,1:53:00 PM,2:38:00 PM,45,Friday,Jan
01/03/2015,AS,12,N594AS,SEA,BOS,8:20:00 PM,7:16:00 PM,-4,23,9:39:00 PM,319,317,283,2496,5:22:00 PM,11,5:39:00 PM,5:33:00 PM,-6,Saturday,Jan
01/11/2015,WN,887,N625SW,RDU,BWI,6:45:00 PM,7:00:00 PM,15,8,7:08:00 PM,65,53,41,255,7:49:00 PM,4,7:50:00 PM,7:53:00 PM,3,Sunday,Jan
01/10/2015,F9,300,N213FR,DEN,TPA,11:59:00 PM,11:54:00 PM,-5,13,7:07:00 AM,192,213,192,1506,3:19:00 AM,8,3:11:00 AM,4:27:00 AM,16,Saturday,Jan
01/27/2015,B6,916,N942JB,SFO,JFK,9:25:00 PM,9:28:00 PM,3,14,9:42:00 PM,321,320,298,2586,6:40:00 AM,8,6:46:00 AM,6:48:00 AM,2,Tuesday,Jan
02/07/2015,AA,128,N3HLAA,DFW,IAD,8:20:00 PM,8:15:00 PM,-5,13,8:28:00 PM,153,162,144,1172,11:52:00 PM,5,11:53:00 PM,11:57:00 PM,4,Saturday,Feb
01/08/2015,UA,337,N840UA,EWR,BOS,3:30:00 PM,2:29:00 PM,-1,9,3:38:00 PM,72,69,54,200,1:32:00 AM,6,2:42:00 AM,1:38:00 AM,-4,Thursday,Jan
01/05/2015,WN,586,N207WN,LAS,ELP,5:25:00 PM,6:12:00 PM,47,10,6:22:00 PM,95,95,82,583,8:44:00 PM,3,8:00:00 PM,8:47:00 PM,47,Monday,Jan
01/28/2015,US,1766,N723UW,CLT,DCA,2:55:00 PM,2:51:00 PM,-4,23,3:14:00 PM,80,90,64,331,4:18:00 PM,3,4:15:00 PM,4:21:00 PM,6,Wednesday,Jan
01/07/2015,UA,324,N464UA,LAX,IAD,11:15:00 AM,11:30:00 AM,15,24,11:54:00 AM,292,291,260,2288,7:14:00 PM,7,7:07:00 PM,7:21:00 PM,14,Wednesday,Jan
01/04/2015,WN,1747,N460WN,LAS,SJC,1:05:00 PM,1:01:00 PM,-4,9,1:10:00 PM,85,75,63,386,2:13:00 PM,3,2:30:00 PM,2:16:00 PM,-14,Sunday,Jan
01/20/2015,EV,5154,N744EV,MSP,PHL,10:08:00 PM,10:04:00 PM,-4,13,11:17:00 PM,161,147,131,980,10:28:00 AM,3,10:49:00 AM,10:31:00 AM,-18,Tuesday,Jan
01/21/2015,AA,1239,N556AA,DFW,SAT,9:51:00 PM,9:58:00 PM,7,30,10:28:00 PM,64,85,50,247,11:18:00 PM,5,10:55:00 PM,11:23:00 PM,28,Wednesday,Jan
02/05/2015,OO,3495,N699BR,FAT,SEA,11:25:00 AM,12:11:00 PM,46,23,12:34:00 PM,135,129,101,748,2:15:00 PM,5,1:40:00 PM,2:20:00 PM,40,Thursday,Feb
02/08/2015,HA,328,N487HA,HNL,OGG,11:19:00 AM,11:13:00 AM,-6,11,11:24:00 AM,39,38,21,100,11:45:00 AM,6,11:58:00 AM,11:51:00 AM,-7,Sunday,Feb
01/05/2015,WN,544,N796SW,LAS,ATL,8:25:00 PM,10:07:00 AM,42,14,10:21:00 AM,225,244,223,1747,5:04:00 PM,7,4:10:00 PM,5:11:00 PM,61,Monday,Jan
02/01/2015,DL,2259,N317US,MSP,SLC,11:20:00 AM,11:21:00 AM,1,7,11:28:00 AM,171,155,141,991,12:49:00 PM,7,1:11:00 PM,12:56:00 PM,-15,Sunday,Feb
01/06/2015,MQ,3027,N617MQ,MSN,ORD,1:57:00 PM,10:43:00 PM,46,8,11:51:00 PM,63,50,29,108,10:20:00 AM,13,10:00:00 AM,10:33:00 AM,33,Tuesday,Jan
02/01/2015,EV,5292,N867AS,ATL,AVL,10:01:00 PM,9:59:00 PM,-2,12,10:11:00 PM,52,49,34,164,10:45:00 PM,3,10:53:00 PM,10:48:00 PM,-5,Sunday,Feb
01/08/2015,AS,345,N524AS,OAK,SEA,1:10:00 PM,12:07:00 PM,-3,24,3:31:00 PM,119,127,91,671,8:02:00 AM,12,8:09:00 AM,9:14:00 AM,5,Thursday,Jan
02/04/2015,AS,64,N764AS,KTN,SEA,5:43:00 PM,5:36:00 PM,-7,10,5:46:00 PM,102,111,96,680,8:22:00 PM,5,8:25:00 PM,8:27:00 PM,2,Wednesday,Feb
01/16/2015,AA,1179,N3HNAA,MIA,DCA,11:15:00 AM,11:19:00 AM,4,19,11:38:00 AM,152,151,128,919,1:46:00 PM,4,1:47:00 PM,1:50:00 PM,3,Friday,Jan
01/04/2015,UA,1084,N38727,CLE,DEN,4:41:00 PM,4:52:00 PM,11,9,5:01:00 PM,214,204,183,1201,6:04:00 PM,12,6:15:00 PM,6:16:00 PM,1,Sunday,Jan
02/05/2015,US,1844,N971UY,PHX,PHL,11:55:00 PM,10:00:00 AM,5,28,10:28:00 AM,270,286,252,2075,4:40:00 PM,6,4:25:00 PM,4:46:00 PM,21,Thursday,Feb
02/09/2015,DL,1741,N3741S,SLC,PDX,11:35:00 AM,11:33:00 AM,-2,13,11:46:00 AM,123,116,96,630,12:22:00 PM,7,12:38:00 PM,12:29:00 PM,-9,Monday,Feb
01/01/2015,WN,554,N492WN,HOU,MSY,5:55:00 PM,6:01:00 PM,6,7,6:08:00 PM,60,54,44,302,6:52:00 PM,3,6:55:00 PM,6:55:00 PM,0,Thursday,Jan
01/14/2015,WN,479,N751SW,SMF,SAN,12:40:00 PM,12:50:00 PM,10,8,12:58:00 PM,85,81,69,480,2:07:00 PM,4,2:05:00 PM,2:11:00 PM,6,Wednesday,Jan
02/10/2015,VX,407,N637VA,JFK,LAX,8:20:00 PM,8:24:00 PM,4,23,10:47:00 PM,390,381,345,2475,12:32:00 PM,13,12:50:00 PM,12:45:00 PM,-5,Tuesday,Feb
02/01/2015,DL,1738,N3731T,MSP,JFK,11:14:00 AM,11:11:00 AM,-3,12,11:23:00 AM,157,144,120,1029,2:23:00 PM,12,2:51:00 PM,2:35:00 PM,-16,Sunday,Feb
01/26/2015,AA,1171,N3EGAA,MIA,ORD,1:16:00 PM,2:01:00 PM,45,21,2:22:00 PM,204,207,178,1197,4:20:00 PM,8,3:40:00 PM,4:28:00 PM,48,Monday,Jan
01/15/2015,AA,179,N794AA,JFK,SFO,10:30:00 AM,10:24:00 AM,-6,11,10:35:00 AM,397,360,337,2586,1:12:00 PM,12,2:07:00 PM,1:24:00 PM,-43,Thursday,Jan
02/03/2015,NK,675,N614NK,MCO,FLL,11:37:00 AM,11:30:00 AM,-7,17,12:47:00 PM,71,71,47,177,9:34:00 PM,7,10:48:00 PM,10:41:00 PM,-7,Tuesday,Feb
01/07/2015,DL,1187,N908DA,MSP,DCA,5:35:00 PM,5:39:00 PM,4,16,5:55:00 PM,147,137,119,931,8:54:00 PM,2,9:02:00 PM,8:56:00 PM,-6,Wednesday,Jan
01/02/2015,NK,316,N632NK,DTW,LGA,12:00:00 PM,7:57:00 AM,-3,12,12:09:00 PM,98,84,63,502,11:12:00 PM,9,1:38:00 AM,12:21:00 AM,-17,Friday,Jan
01/23/2015,DL,830,N543US,ATL,JAX,7:15:00 PM,7:28:00 PM,13,14,7:42:00 PM,72,64,43,270,8:25:00 PM,7,8:27:00 PM,8:32:00 PM,5,Friday,Jan
01/14/2015,B6,499,N608JB,LGA,MCO,9:00:00 PM,9:12:00 PM,12,14,9:26:00 PM,169,160,137,950,11:43:00 PM,9,11:49:00 PM,11:52:00 PM,3,Wednesday,Jan
01/25/2015,AA,66,N5DVAA,SJU,JFK,11:51:00 AM,11:49:00 AM,-2,12,12:01:00 PM,244,230,215,1598,2:36:00 PM,3,2:55:00 PM,2:39:00 PM,-16,Sunday,Jan
01/30/2015,EV,5218,N920EV,ATL,PHF,9:01:00 PM,9:03:00 PM,2,18,9:21:00 PM,94,94,72,508,10:33:00 PM,4,10:35:00 PM,10:37:00 PM,2,Friday,Jan
02/07/2015,OO,4465,N432SW,ATL,SBN,10:04:00 AM,10:00:00 AM,-4,21,10:21:00 AM,109,107,83,566,11:44:00 AM,3,11:53:00 AM,11:47:00 AM,-6,Saturday,Feb
01/24/2015,DL,769,N967DL,ATL,MKE,10:10:00 PM,10:18:00 PM,8,11,10:29:00 PM,123,112,96,669,11:05:00 PM,5,11:13:00 PM,11:10:00 PM,-3,Saturday,Jan
01/24/2015,WN,3569,N751SW,ATL,DCA,5:00:00 PM,5:02:00 PM,2,9,5:11:00 PM,100,94,80,547,6:31:00 PM,5,6:40:00 PM,6:36:00 PM,-4,Saturday,Jan
01/22/2015,B6,1512,N510JB,RSW,EWR,12:34:00 PM,12:19:00 PM,-15,15,12:34:00 PM,172,153,130,1068,2:44:00 PM,8,3:26:00 PM,2:52:00 PM,-34,Thursday,Jan
02/05/2015,DL,2599,N357NB,STL,MSP,7:14:00 PM,6:08:00 PM,-6,10,7:18:00 PM,97,89,74,448,10:32:00 AM,5,10:51:00 AM,10:37:00 AM,-14,Thursday,Feb
01/29/2015,MQ,3024,N692MQ,GJT,DFW,10:00:00 PM,5:51:00 PM,-9,9,10:00:00 PM,140,114,99,773,9:39:00 PM,6,10:20:00 AM,10:45:00 PM,-35,Thursday,Jan
01/29/2015,DL,1842,N331NW,GRR,MSP,12:20:00 AM,1:34:00 AM,14,63,11:37:00 AM,110,128,62,408,11:39:00 AM,3,9:10:00 AM,12:42:00 PM,32,Thursday,Jan
02/10/2015,WN,1122,N254WN,BNA,MDW,5:15:00 PM,5:12:00 PM,-3,10,5:22:00 PM,95,86,72,395,6:34:00 PM,4,6:50:00 PM,6:38:00 PM,-12,Tuesday,Feb
01/18/2015,HA,2,N385HA,HNL,LAX,2:40:00 PM,2:33:00 PM,-7,14,2:47:00 PM,325,295,272,2556,9:19:00 PM,9,10:05:00 PM,9:28:00 PM,-37,Sunday,Jan
01/21/2015,US,1759,N952UW,PHL,RDU,8:30:00 PM,8:25:00 PM,-5,75,9:40:00 PM,82,142,62,337,10:42:00 PM,5,9:52:00 PM,10:47:00 PM,55,Wednesday,Jan
01/31/2015,EV,4328,N11137,MSY,EWR,5:51:00 PM,5:41:00 PM,-10,7,5:48:00 PM,175,162,143,1167,9:11:00 PM,12,9:46:00 PM,9:23:00 PM,-23,Saturday,Jan
01/27/2015,DL,2085,N343NW,GEG,SLC,12:00:00 PM,7:54:00 AM,-6,39,3:33:00 PM,112,129,77,546,1:50:00 PM,13,1:52:00 PM,6:03:00 PM,11,Tuesday,Jan
01/31/2015,AA,1033,N852AA,BOS,MIA,1:55:00 PM,2:00:00 PM,5,15,2:15:00 PM,221,199,177,1258,5:12:00 PM,7,5:36:00 PM,5:19:00 PM,-17,Saturday,Jan
01/31/2015,WN,3393,N716SW,OAK,BUR,8:20:00 PM,7:13:00 PM,-7,8,8:21:00 PM,65,61,51,325,10:12:00 AM,2,10:25:00 AM,10:14:00 AM,-11,Saturday,Jan
01/12/2015,US,473,N550UW,PHX,MSP,3:55:00 PM,3:51:00 PM,-4,12,4:03:00 PM,182,189,166,1276,7:49:00 PM,11,7:57:00 PM,8:00:00 PM,3,Monday,Jan
01/14/2015,DL,1336,N956DN,ATL,TPA,7:35:00 PM,7:35:00 PM,0,16,7:51:00 PM,86,79,60,406,8:51:00 PM,3,9:01:00 PM,8:54:00 PM,-7,Wednesday,Jan
02/03/2015,EV,5152,N974EV,ATL,MOB,5:25:00 PM,5:22:00 PM,-3,16,5:38:00 PM,78,72,52,302,5:30:00 PM,4,5:43:00 PM,5:34:00 PM,-9,Tuesday,Feb
01/08/2015,OO,4439,N800SK,LAS,SEA,12:20:00 AM,11:19:00 PM,-1,12,1:31:00 AM,164,140,124,867,9:35:00 PM,4,10:04:00 AM,9:39:00 PM,-25,Thursday,Jan
01/09/2015,US,1820,N549UW,CLT,RSW,10:10:00 PM,11:13:00 PM,63,13,11:26:00 PM,109,100,83,600,1:49:00 AM,4,11:59:00 PM,5:53:00 AM,54,Friday,Jan
02/08/2015,HA,207,N481HA,KOA,HNL,10:51:00 AM,10:43:00 AM,-8,11,10:54:00 AM,44,44,28,163,11:22:00 AM,5,11:35:00 AM,11:27:00 AM,-8,Sunday,Feb
02/07/2015,WN,2638,N8617E,IND,ATL,4:35:00 PM,4:34:00 PM,-1,9,4:43:00 PM,95,79,63,432,5:46:00 PM,7,6:10:00 PM,5:53:00 PM,-17,Saturday,Feb
01/12/2015,WN,2080,N8645A,MCO,BUF,8:40:00 PM,8:56:00 PM,16,10,9:06:00 PM,150,141,117,1011,11:03:00 PM,14,11:10:00 PM,11:17:00 PM,7,Monday,Jan
01/18/2015,DL,1932,N703TW,ATL,SLC,10:35:00 AM,10:31:00 AM,-4,18,10:49:00 AM,258,263,238,1590,12:47:00 PM,7,12:53:00 PM,12:54:00 PM,1,Sunday,Jan
01/06/2015,US,1899,N941UW,CLT,MCO,4:35:00 PM,4:47:00 PM,12,18,5:05:00 PM,100,96,68,468,6:13:00 PM,10,6:15:00 PM,6:23:00 PM,8,Tuesday,Jan
01/15/2015,US,1725,N939UW,CLT,MCO,2:45:00 AM,2:48:00 AM,3,56,12:44:00 PM,103,135,67,468,11:51:00 PM,12,8:28:00 PM,10:03:00 AM,35,Thursday,Jan
01/07/2015,WN,19,N526SW,DAL,HOU,11:00:00 AM,10:58:00 AM,-2,13,11:11:00 AM,65,60,44,239,11:55:00 AM,3,12:05:00 PM,11:58:00 AM,-7,Wednesday,Jan
02/06/2015,DL,853,N828DN,DTW,RSW,12:00:00 PM,12:10:00 PM,10,18,12:28:00 PM,184,156,133,1084,2:41:00 PM,5,3:04:00 PM,2:46:00 PM,-18,Friday,Feb
01/29/2015,AA,1079,N002AA,ELP,DFW,1:20:00 PM,1:19:00 PM,-1,22,1:41:00 PM,103,102,72,551,3:53:00 PM,8,4:03:00 PM,4:01:00 PM,-2,Thursday,Jan
01/11/2015,WN,1778,N8317M,LAX,PHX,10:40:00 PM,10:41:00 PM,1,8,10:49:00 PM,70,69,55,370,11:44:00 AM,6,11:50:00 AM,11:50:00 AM,0,Sunday,Jan
01/14/2015,UA,1647,N37471,ORD,IAH,6:47:00 PM,6:47:00 PM,0,14,7:01:00 PM,175,156,136,925,9:17:00 PM,6,9:42:00 PM,9:23:00 PM,-19,Wednesday,Jan
02/02/2015,AS,16,N556AS,SEA,MCO,8:05:00 AM,8:08:00 AM,3,17,10:25:00 AM,320,301,278,2554,4:03:00 PM,6,4:25:00 PM,4:09:00 PM,-16,Monday,Feb
01/21/2015,VX,413,N623VA,JFK,LAX,4:55:00 PM,4:49:00 PM,-6,13,5:02:00 PM,390,342,321,2475,7:23:00 PM,8,8:25:00 PM,7:31:00 PM,-54,Wednesday,Jan
01/26/2015,DL,2242,N915AT,ATL,CAE,10:25:00 AM,10:25:00 AM,0,11,10:36:00 AM,60,49,35,192,11:11:00 AM,3,11:25:00 AM,11:14:00 AM,-11,Monday,Jan
01/13/2015,US,2041,N196UW,CLT,ATL,5:59:00 PM,5:58:00 PM,-1,32,6:30:00 PM,76,97,51,226,7:21:00 PM,14,7:15:00 PM,7:35:00 PM,20,Tuesday,Jan
01/05/2015,WN,2674,N635SW,LAX,OAK,10:05:00 PM,12:24:00 AM,19,6,1:30:00 AM,75,65,53,337,10:23:00 AM,6,10:20:00 AM,10:29:00 AM,9,Monday,Jan
02/08/2015,OO,6457,N290SW,SMX,LAX,12:00:00 PM,7:55:00 AM,-5,23,1:18:00 PM,65,74,39,134,5:57:00 PM,12,10:05:00 PM,10:09:00 PM,4,Sunday,Feb
01/07/2015,MQ,3217,N648MQ,ORF,JFK,1:23:00 PM,1:23:00 PM,0,18,1:41:00 PM,87,75,50,290,2:31:00 PM,7,2:50:00 PM,2:38:00 PM,-12,Wednesday,Jan
01/23/2015,MQ,3543,N617MQ,DFW,MHK,11:50:00 PM,10:47:00 PM,-3,15,10:02:00 AM,84,80,62,431,11:04:00 AM,3,11:14:00 AM,11:07:00 AM,-7,Friday,Jan
01/01/2015,UA,296,N424UA,DEN,RNO,11:24:00 AM,12:34:00 PM,70,10,12:44:00 PM,140,112,97,804,1:21:00 PM,5,12:44:00 PM,1:26:00 PM,42,Thursday,Jan
01/10/2015,UA,1577,N37255,DEN,LGA,10:05:00 AM,10:25:00 AM,20,19,10:44:00 AM,224,201,175,1620,3:39:00 PM,7,3:49:00 PM,3:46:00 PM,-3,Saturday,Jan
01/05/2015,AA,1419,N3ARAA,MIA,BDL,7:55:00 PM,7:55:00 PM,0,26,8:21:00 PM,181,176,146,1194,10:47:00 PM,4,10:56:00 PM,10:51:00 PM,-5,Monday,Jan
01/26/2015,AA,131,N855AA,DFW,PHX,11:50:00 AM,11:46:00 AM,-4,17,12:03:00 PM,159,142,119,868,1:02:00 PM,6,1:29:00 PM,1:08:00 PM,-21,Monday,Jan
02/01/2015,OO,5294,N569SW,CLD,LAX,4:50:00 PM,4:42:00 PM,-8,13,4:55:00 PM,43,40,23,86,5:18:00 PM,4,5:33:00 PM,5:22:00 PM,-11,Sunday,Feb
02/12/2015,OO,4448,N170PQ,SLC,LAX,11:14:00 PM,11:12:00 PM,-2,18,1:30:00 AM,131,112,79,590,2:49:00 AM,15,10:25:00 AM,8:04:00 AM,-21,Thursday,Feb
01/08/2015,EV,4588,N12922,GPT,IAH,3:35:00 PM,3:31:00 PM,-4,13,4:44:00 PM,90,83,62,376,2:46:00 AM,8,8:05:00 AM,3:54:00 AM,-11,Thursday,Jan
01/09/2015,WN,489,N652SW,BWI,JAX,11:35:00 AM,11:35:00 AM,0,17,1:52:00 PM,130,130,106,663,10:38:00 AM,7,10:45:00 AM,10:45:00 AM,0,Friday,Jan
01/03/2015,US,719,N178US,PHL,SFO,6:00:00 PM,9:25:00 PM,205,15,9:40:00 PM,386,357,335,2521,3:15:00 PM,7,9:26:00 PM,10:22:00 PM,176,Saturday,Jan
02/03/2015,MQ,2912,N509MQ,STL,LGA,9:10:00 AM,8:05:00 AM,-5,10,9:15:00 AM,141,135,112,888,11:07:00 AM,13,11:31:00 AM,11:20:00 AM,-11,Tuesday,Feb
02/02/2015,WN,2958,N8654B,SLC,PHX,5:20:00 PM,6:08:00 PM,48,10,6:18:00 PM,95,85,68,507,7:26:00 PM,7,6:55:00 PM,7:33:00 PM,38,Monday,Feb
02/01/2015,VX,736,N522VA,DAL,DCA,2:10:00 PM,2:10:00 PM,0,9,2:19:00 PM,155,142,129,1184,5:28:00 PM,4,5:45:00 PM,5:32:00 PM,-13,Sunday,Feb
01/12/2015,DL,1250,N353NW,ATL,MCI,12:05:00 PM,12:35:00 PM,30,18,12:53:00 PM,134,124,102,692,1:35:00 PM,4,1:19:00 PM,1:39:00 PM,20,Monday,Jan
01/19/2015,EV,4212,N15973,EWR,RDU,11:35:00 AM,11:31:00 AM,-4,13,11:44:00 AM,103,88,66,416,12:50:00 PM,9,1:18:00 PM,12:59:00 PM,-19,Monday,Jan
01/29/2015,DL,2081,N697DL,RSW,DTW,8:00:00 AM,3:54:00 AM,-6,10,8:04:00 AM,174,158,143,1084,10:27:00 AM,5,10:54:00 AM,10:32:00 AM,-22,Thursday,Jan
02/06/2015,EV,5900,N14542,SGF,ORD,12:01:00 PM,7:55:00 AM,-6,25,2:20:00 PM,101,107,70,438,1:30:00 AM,12,2:42:00 AM,2:42:00 AM,0,Friday,Feb
01/02/2015,WN,1658,N422WN,SEA,DEN,7:50:00 AM,6:47:00 AM,-3,15,12:02:00 PM,155,154,133,1024,7:15:00 PM,6,8:25:00 PM,8:21:00 PM,-4,Friday,Jan
01/23/2015,AA,2348,N483AA,DFW,SLC,11:50:00 AM,12:10:00 PM,20,18,12:28:00 PM,171,159,136,989,1:44:00 PM,5,1:41:00 PM,1:49:00 PM,8,Friday,Jan
01/10/2015,US,1976,N667AW,CLT,EWR,8:20:00 PM,8:20:00 PM,0,14,8:34:00 PM,105,91,72,529,9:46:00 PM,5,10:05:00 PM,9:51:00 PM,-14,Saturday,Jan
01/31/2015,WN,3953,N242WN,MCO,PVD,1:35:00 AM,1:31:00 AM,-4,14,2:45:00 AM,155,162,144,1072,10:09:00 AM,4,10:10:00 AM,10:13:00 AM,3,Saturday,Jan
01/24/2015,UA,1698,N35204,DEN,IAH,3:54:00 PM,3:49:00 PM,-5,9,3:58:00 PM,135,132,107,862,6:45:00 PM,16,7:09:00 PM,7:01:00 PM,-8,Saturday,Jan
01/22/2015,NK,146,N615NK,ATL,DFW,5:31:00 PM,5:34:00 PM,3,14,5:48:00 PM,149,147,124,731,6:52:00 PM,9,7:00:00 PM,7:01:00 PM,1,Thursday,Jan
01/08/2015,EV,5393,N718EV,LGA,RDU,11:30:00 AM,10:21:00 AM,-9,23,12:44:00 PM,120,94,66,431,11:50:00 PM,5,10:30:00 AM,11:55:00 PM,-35,Thursday,Jan
02/02/2015,OO,6352,N912SW,BOI,SFO,5:45:00 PM,5:40:00 PM,-5,17,5:57:00 PM,110,112,92,522,6:29:00 PM,3,6:35:00 PM,6:32:00 PM,-3,Monday,Feb
01/25/2015,WN,391,N508SW,AUS,DAL,4:30:00 PM,4:25:00 PM,-5,9,4:34:00 PM,55,52,39,189,5:13:00 PM,4,5:25:00 PM,5:17:00 PM,-8,Sunday,Jan
01/29/2015,DL,2245,N801DZ,RSW,MSP,2:13:00 PM,2:07:00 PM,-6,12,2:19:00 PM,222,220,202,1416,4:41:00 PM,6,4:55:00 PM,4:47:00 PM,-8,Thursday,Jan
02/05/2015,WN,4290,N8609A,LAS,MCO,11:40:00 AM,11:44:00 AM,4,11,11:55:00 AM,255,257,236,2039,6:51:00 PM,10,6:55:00 PM,7:01:00 PM,6,Thursday,Feb
01/02/2015,VX,182,N846VA,SFO,EWR,9:40:00 PM,9:34:00 PM,-6,10,9:44:00 PM,320,310,290,2565,5:34:00 AM,10,12:00:00 PM,6:44:00 AM,-16,Friday,Jan
01/12/2015,NK,711,N508NK,LGA,DTW,4:45:00 PM,5:29:00 PM,44,11,5:40:00 PM,129,116,92,502,7:12:00 PM,13,6:54:00 PM,7:25:00 PM,31,Monday,Jan
01/22/2015,DL,1458,N525US,RSW,ATL,1:40:00 PM,1:37:00 PM,-3,15,1:52:00 PM,113,106,79,515,3:11:00 PM,12,3:33:00 PM,3:23:00 PM,-10,Thursday,Jan
01/18/2015,AA,1431,N504AA,DFW,IAH,10:30:00 AM,10:26:00 AM,-4,9,10:35:00 AM,66,59,42,224,11:17:00 AM,8,11:36:00 AM,11:25:00 AM,-11,Sunday,Jan
01/21/2015,AA,1124,N3ANAA,DFW,BOS,12:30:00 PM,12:28:00 PM,-2,21,12:49:00 PM,207,197,169,1562,4:38:00 PM,7,4:57:00 PM,4:45:00 PM,-12,Wednesday,Jan
01/11/2015,US,449,N805AW,PHX,BOI,9:09:00 PM,9:35:00 PM,26,12,9:47:00 PM,132,127,109,735,11:36:00 PM,6,11:21:00 PM,11:42:00 PM,21,Sunday,Jan
01/28/2015,OO,4757,N418SW,MSP,CID,9:49:00 PM,9:46:00 PM,-3,32,10:18:00 PM,73,73,37,220,10:55:00 PM,4,11:02:00 PM,10:59:00 PM,-3,Wednesday,Jan
01/20/2015,DL,2006,N326NB,LGA,MSY,8:05:00 AM,8:01:00 AM,-4,18,9:19:00 AM,225,204,181,1183,10:20:00 AM,5,10:50:00 AM,10:25:00 AM,-25,Tuesday,Jan
01/29/2015,AA,1688,N3HVAA,DFW,DCA,3:50:00 AM,2:46:00 AM,-4,20,8:06:00 AM,161,168,144,1192,11:30:00 AM,4,11:31:00 AM,11:34:00 AM,3,Thursday,Jan
01/13/2015,EV,5570,N133EV,ATL,BTR,1:50:00 PM,1:51:00 PM,1,22,2:13:00 PM,94,97,72,448,2:25:00 PM,3,2:24:00 PM,2:28:00 PM,4,Tuesday,Jan
01/13/2015,WN,402,N632SW,DEN,OAK,5:45:00 PM,5:39:00 PM,-6,18,5:57:00 PM,160,136,113,957,6:50:00 PM,5,7:25:00 PM,6:55:00 PM,-30,Tuesday,Jan
01/22/2015,DL,2440,N6701,SEA,MSP,7:55:00 AM,5:53:00 AM,-2,16,10:09:00 AM,191,196,177,1399,12:06:00 PM,3,12:06:00 PM,12:09:00 PM,3,Thursday,Jan
02/07/2015,B6,1733,N238JB,BTV,JFK,6:33:00 PM,6:17:00 PM,-16,30,6:47:00 PM,87,87,49,266,7:36:00 PM,8,8:00:00 PM,7:44:00 PM,-16,Saturday,Feb
01/08/2015,WN,4879,N229WN,FLL,LAS,12:00:00 PM,7:59:00 AM,-1,17,1:16:00 PM,350,323,288,2173,8:04:00 AM,18,1:50:00 PM,10:22:00 AM,-28,Thursday,Jan
02/06/2015,WN,2289,N7706A,MDW,LAS,3:55:00 PM,3:53:00 PM,-2,8,4:01:00 PM,240,220,207,1521,5:28:00 PM,5,5:55:00 PM,5:33:00 PM,-22,Friday,Feb
01/29/2015,UA,366,N806UA,MDT,ORD,4:37:00 PM,4:33:00 PM,-4,25,4:58:00 PM,132,121,90,594,5:28:00 PM,6,5:49:00 PM,5:34:00 PM,-15,Thursday,Jan
01/20/2015,OO,5444,N562SW,RDD,SFO,8:09:00 PM,8:00:00 PM,-9,13,8:13:00 PM,78,68,48,199,9:01:00 PM,7,9:27:00 PM,9:08:00 PM,-19,Tuesday,Jan
01/06/2015,DL,1378,N936DN,ORF,ATL,5:59:00 PM,5:57:00 PM,-2,12,6:09:00 PM,121,108,84,516,7:33:00 PM,12,8:00:00 PM,7:45:00 PM,-15,Tuesday,Jan
01/28/2015,WN,2352,N395SW,DTW,MDW,1:10:00 PM,1:15:00 PM,5,10,1:25:00 PM,70,58,43,228,1:08:00 PM,5,1:20:00 PM,1:13:00 PM,-7,Wednesday,Jan
01/19/2015,UA,1416,N77530,IAH,TPA,3:40:00 PM,3:39:00 PM,-1,20,3:59:00 PM,120,120,93,787,6:32:00 PM,7,6:40:00 PM,6:39:00 PM,-1,Monday,Jan
01/10/2015,WN,2636,N295WN,BWI,PWM,12:15:00 PM,1:01:00 PM,46,12,1:13:00 PM,85,80,63,452,2:16:00 PM,5,1:40:00 PM,2:21:00 PM,41,Saturday,Jan
01/18/2015,MQ,3465,N818MQ,RDU,JFK,10:25:00 AM,10:35:00 AM,10,16,10:51:00 AM,87,95,72,427,12:03:00 PM,7,11:52:00 AM,12:10:00 PM,18,Sunday,Jan
02/06/2015,WN,962,N632SW,BNA,RSW,6:00:00 PM,1:56:00 PM,-4,11,6:07:00 PM,120,110,93,722,11:40:00 AM,6,12:00:00 PM,11:46:00 AM,-14,Friday,Feb
01/20/2015,DL,1899,N327NB,MSP,PSP,6:00:00 PM,6:00:00 PM,0,23,8:23:00 PM,235,228,201,1454,10:44:00 AM,4,10:55:00 AM,10:48:00 AM,-7,Tuesday,Jan
02/06/2015,US,1735,N585UW,PVD,CLT,8:00:00 AM,3:53:00 AM,-7,44,11:37:00 AM,148,154,99,683,10:16:00 AM,11,10:28:00 AM,10:27:00 AM,-1,Friday,Feb
02/03/2015,B6,687,N806JB,BOS,LAX,7:23:00 PM,9:38:00 PM,135,22,10:00:00 PM,395,404,380,2611,12:20:00 PM,2,10:58:00 PM,12:22:00 PM,144,Tuesday,Feb
02/11/2015,WN,2771,N422WN,LGA,MKE,8:25:00 PM,8:27:00 PM,2,34,9:01:00 PM,155,148,110,738,9:51:00 PM,4,10:00:00 PM,9:55:00 PM,-5,Wednesday,Feb
02/04/2015,MQ,3481,N630MQ,ORD,FWA,11:35:00 AM,1:56:00 PM,21,13,6:09:00 PM,53,48,29,157,10:38:00 AM,6,10:28:00 AM,10:44:00 AM,16,Wednesday,Feb
01/16/2015,WN,3220,N8328A,PHX,MSY,10:10:00 AM,10:10:00 AM,0,26,10:36:00 AM,185,180,140,1300,1:56:00 PM,14,2:15:00 PM,2:10:00 PM,-5,Friday,Jan
01/30/2015,EV,5998,N13958,ORD,LIT,4:35:00 PM,4:49:00 PM,14,17,5:06:00 PM,116,106,84,552,6:30:00 PM,5,6:31:00 PM,6:35:00 PM,4,Friday,Jan
02/10/2015,DL,1916,N692DL,ATL,DEN,11:10:00 AM,11:07:00 AM,-3,17,11:24:00 AM,208,202,179,1199,12:23:00 PM,6,12:38:00 PM,12:29:00 PM,-9,Tuesday,Feb
01/25/2015,UA,1732,N69834,IAH,SEA,11:30:00 AM,11:31:00 AM,1,18,11:49:00 AM,296,283,256,1874,2:05:00 PM,9,2:26:00 PM,2:14:00 PM,-12,Sunday,Jan
01/10/2015,EV,5713,N832AS,PVD,IAD,2:27:00 PM,2:22:00 PM,-5,19,2:41:00 PM,98,102,79,372,4:00:00 PM,4,4:05:00 PM,4:04:00 PM,-1,Saturday,Jan
02/08/2015,DL,1895,N936DN,ATL,PHL,10:00:00 AM,11:57:00 PM,-3,23,10:20:00 AM,123,122,91,666,11:51:00 AM,8,12:03:00 PM,11:59:00 AM,-4,Sunday,Feb
02/05/2015,B6,833,N536JB,BOS,SFO,8:00:00 PM,7:56:00 PM,-4,51,8:47:00 PM,406,421,363,2704,11:50:00 PM,7,11:46:00 PM,11:57:00 PM,11,Thursday,Feb
01/02/2015,B6,1717,N789JB,LGA,TPA,12:29:00 AM,12:21:00 AM,-8,17,1:38:00 AM,185,182,159,1010,10:17:00 AM,6,10:34:00 AM,10:23:00 AM,-11,Friday,Jan
01/26/2015,AA,338,N3JAAA,LAX,SFO,5:50:00 PM,4:49:00 PM,-1,15,10:04:00 PM,83,71,53,337,3:57:00 AM,3,9:13:00 AM,8:00:00 AM,-13,Monday,Jan
01/22/2015,B6,7,N503JB,FLL,LAS,6:25:00 PM,6:22:00 PM,-3,18,6:40:00 PM,335,308,285,2173,8:25:00 PM,5,9:00:00 PM,8:30:00 PM,-30,Thursday,Jan
02/01/2015,OO,5537,N563SW,FAT,LAX,2:31:00 PM,2:27:00 PM,-4,6,2:33:00 PM,70,60,46,209,3:19:00 PM,8,3:41:00 PM,3:27:00 PM,-14,Sunday,Feb
01/29/2015,AS,341,N796AS,PSP,SFO,5:20:00 PM,5:05:00 PM,-15,20,5:25:00 PM,90,97,69,421,6:34:00 PM,8,6:50:00 PM,6:42:00 PM,-8,Thursday,Jan
02/06/2015,EV,5287,N754EV,MSP,RIC,7:18:00 PM,7:16:00 PM,-2,16,7:32:00 PM,147,142,121,970,10:33:00 PM,5,10:45:00 PM,10:38:00 PM,-7,Friday,Feb
02/03/2015,WN,3839,N370SW,FLL,PVD,6:20:00 PM,6:26:00 PM,6,12,6:38:00 PM,185,175,156,1188,9:14:00 PM,7,9:25:00 PM,9:21:00 PM,-4,Tuesday,Feb
02/06/2015,NK,761,N604NK,ORD,MSP,6:05:00 PM,6:04:00 PM,-1,11,7:15:00 PM,85,80,63,334,10:18:00 AM,6,10:30:00 AM,10:24:00 AM,-6,Friday,Feb
01/07/2015,DL,2095,N951DN,ATL,ORF,10:00:00 PM,9:57:00 PM,-3,21,10:18:00 PM,95,87,63,516,11:21:00 PM,3,11:35:00 PM,11:24:00 PM,-11,Wednesday,Jan
02/09/2015,OO,4687,N783CA,IDA,SLC,5:30:00 PM,5:23:00 PM,-7,7,5:30:00 PM,63,47,32,188,6:02:00 PM,8,6:33:00 PM,6:10:00 PM,-23,Monday,Feb
01/07/2015,US,2168,N953UW,DCA,LGA,10:00:00 PM,2:45:00 AM,45,28,9:13:00 AM,77,79,46,214,1:59:00 PM,5,9:17:00 AM,6:04:00 PM,47,Wednesday,Jan
01/13/2015,WN,2426,N256WN,MCI,MDW,3:05:00 PM,3:25:00 PM,20,9,3:34:00 PM,80,75,62,405,4:36:00 PM,4,4:25:00 PM,4:40:00 PM,15,Tuesday,Jan
02/01/2015,OO,7396,N781CA,TWF,SLC,2:45:00 AM,1:37:00 AM,-8,14,3:51:00 AM,52,50,31,175,10:22:00 AM,5,11:37:00 AM,10:27:00 AM,-10,Sunday,Feb
01/08/2015,WN,173,N432WN,DAL,ABQ,1:30:00 PM,1:30:00 PM,0,11,1:41:00 PM,110,101,86,580,2:07:00 PM,4,2:20:00 PM,2:11:00 PM,-9,Thursday,Jan
01/16/2015,UA,1185,N66828,IAH,SAN,2:30:00 PM,2:39:00 PM,9,14,2:53:00 PM,215,203,185,1303,3:58:00 PM,4,4:05:00 PM,4:02:00 PM,-3,Friday,Jan
01/16/2015,WN,508,N749SW,ATL,DEN,8:25:00 PM,8:25:00 PM,0,19,10:44:00 PM,210,204,178,1199,10:42:00 AM,7,10:55:00 AM,10:49:00 AM,-6,Friday,Jan
01/06/2015,WN,329,N7738A,STL,MDW,11:00:00 AM,11:14:00 AM,14,6,11:20:00 AM,65,59,46,251,12:06:00 PM,7,12:05:00 PM,12:13:00 PM,8,Tuesday,Jan
01/09/2015,DL,2586,N938DN,MIA,MSP,1:30:00 PM,1:25:00 PM,-5,15,1:40:00 PM,244,226,204,1501,4:04:00 PM,7,4:34:00 PM,4:11:00 PM,-23,Friday,Jan
01/20/2015,OO,5320,N932EV,DEN,MAF,2:10:00 PM,2:17:00 PM,7,19,2:36:00 PM,100,100,76,563,4:52:00 PM,5,4:50:00 PM,4:57:00 PM,7,Tuesday,Jan
01/23/2015,US,1983,N820AW,CLT,PBI,11:19:00 AM,11:19:00 AM,0,17,11:36:00 AM,107,117,95,590,1:11:00 PM,5,1:06:00 PM,1:16:00 PM,10,Friday,Jan
02/10/2015,AS,60,N778AS,KTN,SEA,7:10:00 PM,1:57:00 PM,-13,11,6:08:00 PM,110,108,89,680,11:37:00 AM,8,12:00:00 PM,11:45:00 AM,-15,Tuesday,Feb
02/08/2015,US,649,N544UW,PHX,DFW,11:54:00 PM,10:10:00 AM,16,26,10:36:00 AM,146,141,102,868,1:18:00 PM,13,1:20:00 PM,1:31:00 PM,11,Sunday,Feb
01/20/2015,WN,514,N8638A,DEN,LAS,12:05:00 PM,11:55:00 AM,-10,12,12:07:00 PM,115,111,94,628,12:41:00 PM,5,1:00:00 PM,12:46:00 PM,-14,Tuesday,Jan
02/08/2015,WN,4502,N353SW,ISP,BWI,5:50:00 PM,5:56:00 PM,6,7,6:03:00 PM,75,65,55,220,6:58:00 PM,3,7:05:00 PM,7:01:00 PM,-4,Sunday,Feb
02/02/2015,B6,745,N629JB,JFK,PSE,11:59:00 PM,10:22:00 PM,23,18,4:40:00 PM,227,220,198,1617,9:58:00 PM,4,8:46:00 PM,2:02:00 AM,16,Monday,Feb
01/02/2015,WN,760,N949WN,OKC,MDW,1:30:00 AM,12:27:00 AM,-3,17,2:44:00 AM,125,114,84,691,6:08:00 PM,13,9:35:00 PM,8:21:00 PM,-14,Friday,Jan
01/27/2015,OO,6237,N796SK,DEN,FSD,11:57:00 PM,11:52:00 PM,-5,15,10:07:00 AM,95,97,76,483,12:23:00 PM,6,12:32:00 PM,12:29:00 PM,-3,Tuesday,Jan
01/01/2015,WN,4122,N486WN,MEM,MCO,10:35:00 AM,10:35:00 AM,0,16,10:51:00 AM,110,112,89,684,1:20:00 PM,7,1:25:00 PM,1:27:00 PM,2,Thursday,Jan
02/04/2015,OO,4732,N8933B,SBN,ATL,12:20:00 PM,12:18:00 PM,-2,46,1:04:00 PM,116,145,85,566,2:29:00 PM,14,2:16:00 PM,2:43:00 PM,27,Wednesday,Feb
01/11/2015,MQ,3238,N504MQ,DFW,CID,6:00:00 PM,1:53:00 PM,-7,28,8:21:00 PM,115,123,90,685,10:51:00 AM,5,10:55:00 AM,10:56:00 AM,1,Sunday,Jan
02/01/2015,UA,342,N818UA,SFO,LAX,12:10:00 PM,12:09:00 PM,-1,14,12:23:00 PM,92,74,50,337,1:13:00 PM,10,1:42:00 PM,1:23:00 PM,-19,Sunday,Feb
01/16/2015,WN,4641,N272WN,SNA,SJC,10:05:00 AM,10:41:00 AM,36,8,10:49:00 AM,75,70,57,342,11:46:00 AM,5,11:20:00 AM,11:51:00 AM,31,Friday,Jan
01/14/2015,B6,1146,N266JB,FLL,RIC,8:40:00 PM,8:51:00 PM,11,15,9:06:00 PM,128,127,109,805,10:55:00 PM,3,10:48:00 PM,10:58:00 PM,10,Wednesday,Jan
02/01/2015,WN,2352,N250WN,BHM,MCO,4:10:00 PM,4:04:00 PM,-6,7,4:11:00 PM,90,77,64,479,6:15:00 PM,6,6:40:00 PM,6:21:00 PM,-19,Sunday,Feb
02/05/2015,OO,2579,N466SW,SAN,LAX,5:14:00 PM,8:02:00 PM,168,9,8:11:00 PM,46,40,23,109,8:34:00 PM,8,6:00:00 PM,8:42:00 PM,162,Thursday,Feb
02/07/2015,AA,1359,N508AA,DFW,FAT,8:40:00 PM,8:42:00 PM,2,11,8:53:00 PM,215,207,192,1313,10:05:00 PM,4,10:15:00 PM,10:09:00 PM,-6,Saturday,Feb
01/23/2015,AA,2406,N3KLAA,LAX,DFW,11:10:00 AM,10:05:00 AM,-5,16,12:21:00 PM,166,171,151,1235,7:52:00 AM,4,7:56:00 AM,7:56:00 AM,0,Friday,Jan
01/19/2015,US,623,N584UW,PHX,SAN,11:20:00 AM,11:15:00 AM,-5,24,11:39:00 AM,79,82,52,304,11:31:00 AM,6,11:39:00 AM,11:37:00 AM,-2,Monday,Jan
01/27/2015,US,649,N562UW,LAX,PHX,2:25:00 PM,1:16:00 PM,-9,21,3:37:00 PM,84,87,56,370,11:33:00 AM,10,12:49:00 PM,12:43:00 PM,-6,Tuesday,Jan
01/23/2015,WN,122,N495WN,AUS,TPA,11:55:00 PM,10:03:00 AM,8,14,10:17:00 AM,130,139,120,928,1:17:00 PM,5,1:05:00 PM,1:22:00 PM,17,Friday,Jan
01/05/2015,AA,1423,N3CLAA,PBI,DFW,1:35:00 AM,12:25:00 AM,-10,14,1:39:00 AM,195,188,165,1102,8:24:00 PM,9,11:50:00 PM,9:33:00 PM,-17,Monday,Jan
01/20/2015,DL,2071,N3736C,SLC,PHX,11:30:00 AM,11:21:00 AM,-9,17,11:38:00 AM,94,92,72,507,12:50:00 PM,3,1:04:00 PM,12:53:00 PM,-11,Tuesday,Jan
02/08/2015,OO,4623,N616QX,PDX,SEA,11:25:00 AM,11:19:00 AM,-6,14,11:33:00 AM,49,58,35,129,12:08:00 PM,9,12:14:00 PM,12:17:00 PM,3,Sunday,Feb
01/04/2015,OO,4587,N8884E,ISN,MSP,11:42:00 AM,11:48:00 AM,6,22,12:10:00 PM,116,105,75,546,1:25:00 PM,8,1:38:00 PM,1:33:00 PM,-5,Sunday,Jan
01/29/2015,AS,25,N517AS,BOS,SEA,1:35:00 AM,12:27:00 AM,-8,27,3:54:00 AM,392,364,329,2496,10:23:00 AM,8,11:07:00 AM,10:31:00 AM,-36,Thursday,Jan
01/25/2015,DL,1864,N326US,SAN,MSP,2:25:00 PM,2:24:00 PM,-1,19,4:43:00 PM,227,229,208,1532,12:11:00 PM,2,12:12:00 PM,12:13:00 PM,1,Sunday,Jan
02/03/2015,WN,1044,N726SW,BUR,DEN,2:10:00 PM,2:10:00 PM,0,8,2:18:00 PM,130,123,110,850,5:08:00 PM,5,5:20:00 PM,5:13:00 PM,-7,Tuesday,Feb
02/04/2015,US,1849,N732US,FLL,DCA,10:00:00 PM,5:58:00 PM,-2,15,11:13:00 PM,146,141,121,899,7:14:00 PM,5,8:26:00 PM,7:19:00 PM,-7,Wednesday,Feb
02/07/2015,UA,1018,N69819,MSY,SFO,6:00:00 PM,1:56:00 PM,-4,11,6:07:00 PM,301,277,262,1911,11:29:00 AM,4,12:01:00 PM,11:33:00 AM,-28,Saturday,Feb
01/14/2015,DL,1634,N388DA,SEA,SLC,12:00:00 PM,7:58:00 AM,-2,14,1:12:00 PM,119,110,92,689,12:44:00 PM,4,1:59:00 PM,12:48:00 PM,-11,Wednesday,Jan
02/03/2015,NK,316,N627NK,DTW,LGA,12:00:00 PM,12:00:00 PM,0,17,1:17:00 PM,98,93,66,502,12:23:00 AM,10,1:38:00 AM,1:33:00 AM,-5,Tuesday,Feb
01/26/2015,EV,5460,N135EV,BMI,ATL,4:55:00 PM,7:32:00 PM,157,31,8:03:00 PM,90,100,62,533,10:05:00 PM,7,7:25:00 PM,10:12:00 PM,167,Monday,Jan
01/06/2015,AA,1562,N595AA,RIC,DFW,5:50:00 PM,5:50:00 PM,0,14,10:04:00 PM,220,199,180,1158,6:04:00 PM,5,9:30:00 PM,6:09:00 PM,-21,Tuesday,Jan
01/20/2015,UA,465,N433UA,DEN,PHX,3:18:00 PM,3:22:00 PM,4,13,3:35:00 PM,115,121,103,602,5:18:00 PM,5,5:13:00 PM,5:23:00 PM,10,Tuesday,Jan
01/20/2015,DL,1593,N325NB,MKE,MSP,5:00:00 PM,4:57:00 PM,-3,11,5:08:00 PM,88,84,58,297,6:06:00 PM,15,6:28:00 PM,6:21:00 PM,-7,Tuesday,Jan
02/05/2015,WN,4899,N396SW,BWI,PBI,11:35:00 AM,12:43:00 PM,8,20,6:03:00 PM,160,205,181,883,12:04:00 PM,4,11:15:00 AM,12:08:00 PM,53,Thursday,Feb
01/05/2015,DL,1819,N949DN,LGA,MSP,2:33:00 PM,2:56:00 PM,23,36,3:32:00 PM,197,219,178,1020,5:30:00 PM,5,4:50:00 PM,5:35:00 PM,45,Monday,Jan
01/21/2015,UA,1528,N14115,ORD,IAD,4:18:00 PM,4:43:00 PM,25,19,5:02:00 PM,110,109,81,589,7:23:00 PM,9,7:08:00 PM,7:32:00 PM,24,Wednesday,Jan
01/05/2015,AA,1104,N3CMAA,LGA,DFW,11:50:00 AM,11:49:00 AM,-1,25,12:14:00 PM,250,270,235,1389,3:09:00 PM,10,3:00:00 PM,3:19:00 PM,19,Monday,Jan
01/15/2015,DL,1192,N995AT,TPA,JFK,6:59:00 PM,6:55:00 PM,-4,18,7:13:00 PM,161,169,127,1005,9:20:00 PM,24,9:40:00 PM,9:44:00 PM,4,Thursday,Jan
01/02/2015,UA,1289,N73406,EWR,SJU,11:59:00 PM,11:58:00 PM,-1,13,11:11:00 AM,234,212,187,1608,5:18:00 PM,12,9:53:00 PM,7:30:00 PM,-23,Friday,Jan
02/10/2015,MQ,3234,N918MQ,DFW,CHA,2:50:00 PM,2:48:00 PM,-2,13,3:01:00 PM,110,106,90,695,5:31:00 PM,3,5:40:00 PM,5:34:00 PM,-6,Tuesday,Feb
02/11/2015,MQ,3086,N507MQ,BNA,LGA,10:30:00 AM,10:33:00 AM,3,14,10:47:00 AM,121,116,99,764,1:26:00 PM,3,1:31:00 PM,1:29:00 PM,-2,Wednesday,Feb
02/07/2015,US,654,N547UW,PHX,SAN,6:10:00 PM,6:03:00 PM,-7,15,6:18:00 PM,69,67,49,304,6:07:00 PM,3,6:19:00 PM,6:10:00 PM,-9,Saturday,Feb
01/12/2015,DL,2658,N3734B,LAS,JFK,11:50:00 AM,11:45:00 AM,-5,13,11:58:00 AM,289,299,262,2248,7:20:00 PM,24,7:39:00 PM,7:44:00 PM,5,Monday,Jan
02/04/2015,DL,1172,N672DL,ATL,EGE,10:15:00 AM,10:15:00 AM,0,15,10:30:00 AM,222,210,191,1312,11:41:00 AM,4,11:57:00 AM,11:45:00 AM,-12,Wednesday,Feb
01/31/2015,WN,3520,N617SW,BWI,CLE,2:40:00 AM,1:35:00 AM,-5,11,2:46:00 AM,80,76,59,314,12:45:00 PM,6,6:00:00 PM,1:51:00 PM,-9,Saturday,Jan
01/24/2015,NK,469,N514NK,DFW,LAS,10:05:00 AM,10:06:00 AM,1,11,10:17:00 AM,180,157,139,1055,10:36:00 AM,7,11:05:00 AM,10:43:00 AM,-22,Saturday,Jan
01/03/2015,OO,4610,N8982A,DTW,CVG,10:15:00 AM,10:39:00 AM,24,25,11:04:00 AM,74,85,51,229,11:55:00 AM,9,11:29:00 AM,12:04:00 PM,35,Saturday,Jan
01/27/2015,WN,275,N759GS,CMH,BNA,11:15:00 PM,11:12:00 PM,-3,22,1:34:00 AM,90,81,53,337,12:27:00 AM,6,2:45:00 AM,1:33:00 AM,-12,Tuesday,Jan
01/31/2015,OO,5233,N768SK,ORD,ASE,6:10:00 PM,7:41:00 PM,91,18,7:59:00 PM,176,173,150,1013,9:29:00 PM,5,8:06:00 PM,9:34:00 PM,88,Saturday,Jan
02/01/2015,UA,1045,N16234,AUS,IAH,10:25:00 AM,10:21:00 AM,-4,13,11:34:00 AM,62,54,29,140,6:03:00 PM,12,8:27:00 PM,7:15:00 PM,-12,Sunday,Feb
01/31/2015,EV,2523,N879AS,DFW,SHV,11:00:00 AM,10:53:00 AM,-7,14,11:07:00 AM,52,51,33,190,11:40:00 AM,4,11:52:00 AM,11:44:00 AM,-8,Saturday,Jan
01/10/2015,EV,5167,N186PQ,MSP,IAH,3:40:00 PM,3:44:00 PM,4,22,4:06:00 PM,180,171,144,1034,6:30:00 PM,5,6:40:00 PM,6:35:00 PM,-5,Saturday,Jan
01/14/2015,EV,4521,N22909,EWR,PIT,1:00:00 PM,1:00:00 PM,0,17,1:17:00 PM,91,81,57,319,2:14:00 PM,7,2:31:00 PM,2:21:00 PM,-10,Wednesday,Jan
01/09/2015,OO,6271,N976SW,DEN,TUS,3:10:00 PM,3:09:00 PM,-1,12,3:21:00 PM,124,114,97,639,4:58:00 PM,5,5:14:00 PM,5:03:00 PM,-11,Friday,Jan
02/12/2015,WN,249,N697SW,GSP,HOU,10:00:00 PM,5:54:00 PM,-6,14,10:08:00 PM,160,173,155,845,12:43:00 PM,4,12:40:00 PM,12:47:00 PM,7,Thursday,Feb
01/07/2015,UA,251,N471UA,PHX,SFO,5:58:00 PM,6:03:00 PM,5,12,6:15:00 PM,127,117,102,651,6:57:00 PM,3,7:05:00 PM,7:00:00 PM,-5,Wednesday,Jan
01/09/2015,WN,3236,N771SA,LAS,AUS,2:30:00 PM,2:27:00 PM,-3,11,2:38:00 PM,155,157,142,1090,7:00:00 PM,4,7:05:00 PM,7:04:00 PM,-1,Friday,Jan
01/24/2015,WN,4587,N207WN,MDW,DCA,9:10:00 PM,9:03:00 PM,-7,7,9:10:00 PM,105,88,76,601,11:26:00 PM,5,11:55:00 PM,11:31:00 PM,-24,Saturday,Jan
01/16/2015,MQ,3418,N531MQ,BNA,LGA,2:11:00 PM,2:43:00 PM,32,52,3:35:00 PM,125,163,107,764,6:22:00 PM,4,5:16:00 PM,6:26:00 PM,70,Friday,Jan
01/26/2015,EV,5167,N924EV,ATL,LEX,9:15:00 AM,8:09:00 AM,-6,22,11:31:00 AM,73,75,50,304,8:21:00 PM,3,8:28:00 PM,8:24:00 PM,-4,Monday,Jan
01/21/2015,UA,496,N408UA,ORD,EWR,5:53:00 PM,5:50:00 PM,-3,16,10:06:00 PM,126,113,91,719,9:37:00 PM,6,11:59:00 PM,10:43:00 PM,-16,Wednesday,Jan
02/05/2015,EV,4628,N13995,EWR,ORF,10:23:00 PM,11:03:00 PM,40,10,11:13:00 PM,79,62,47,284,12:00:00 AM,5,11:42:00 PM,5:05:00 AM,23,Thursday,Feb
01/08/2015,MQ,3159,N932MQ,LFT,DFW,10:10:00 AM,10:19:00 AM,9,16,10:35:00 AM,88,89,60,351,11:35:00 AM,13,11:38:00 AM,11:48:00 AM,10,Thursday,Jan
01/13/2015,DL,1334,N922DX,ATL,RIC,12:25:00 AM,12:26:00 AM,1,20,2:46:00 AM,92,91,65,481,1:51:00 PM,6,1:57:00 PM,1:57:00 PM,0,Tuesday,Jan
01/09/2015,MQ,2968,N505MQ,STL,ORD,4:00:00 PM,8:14:00 PM,254,15,8:29:00 PM,95,69,47,258,9:16:00 PM,7,5:35:00 PM,9:23:00 PM,228,Friday,Jan
01/06/2015,DL,1667,N337NB,ATL,MYR,9:02:00 PM,9:01:00 PM,-1,17,9:18:00 PM,67,64,42,317,10:00:00 PM,5,10:09:00 PM,10:05:00 PM,-4,Tuesday,Jan
01/08/2015,WN,4914,N7746C,STL,DCA,3:35:00 PM,3:28:00 PM,-7,8,3:36:00 PM,110,100,87,719,6:03:00 PM,5,6:25:00 PM,6:08:00 PM,-17,Thursday,Jan
01/16/2015,AS,580,N536AS,PDX,SNA,11:35:00 AM,11:29:00 AM,-6,13,11:42:00 AM,137,133,114,859,1:36:00 PM,6,1:52:00 PM,1:42:00 PM,-10,Friday,Jan
01/29/2015,WN,1716,N427WN,LAS,SAN,10:00:00 AM,10:01:00 AM,1,11,10:12:00 AM,65,61,47,258,10:59:00 AM,3,11:05:00 AM,11:02:00 AM,-3,Thursday,Jan
02/01/2015,DL,2255,N908DE,ATL,BHM,7:00:00 PM,6:56:00 PM,-4,15,7:11:00 PM,58,52,33,134,6:44:00 PM,4,6:58:00 PM,6:48:00 PM,-10,Sunday,Feb
01/06/2015,UA,500,N828UA,IND,SFO,2:45:00 AM,2:47:00 AM,2,57,12:44:00 PM,312,327,260,1943,10:04:00 AM,10,11:57:00 PM,10:14:00 AM,17,Tuesday,Jan
01/08/2015,US,642,N679AW,ONT,PHX,12:40:00 PM,12:34:00 PM,-6,10,12:44:00 PM,73,64,51,325,2:35:00 PM,3,2:53:00 PM,2:38:00 PM,-15,Thursday,Jan
01/04/2015,OO,6360,N946SW,DEN,MTJ,8:09:00 AM,10:21:00 AM,12,16,11:37:00 AM,60,61,41,196,7:18:00 PM,4,6:09:00 PM,8:22:00 PM,13,Sunday,Jan
01/13/2015,WN,1700,N237WN,BOS,HOU,10:05:00 PM,5:58:00 PM,-7,12,11:10:00 PM,295,264,250,1609,10:20:00 AM,2,11:00:00 AM,10:22:00 AM,-38,Tuesday,Jan
01/14/2015,DL,2448,N667DN,PBI,ATL,5:45:00 PM,5:44:00 PM,-1,14,5:58:00 PM,117,111,80,545,7:18:00 PM,17,7:42:00 PM,7:35:00 PM,-7,Wednesday,Jan
01/30/2015,AS,12,N548AS,SEA,BOS,8:20:00 PM,10:48:00 PM,28,11,11:59:00 PM,320,305,285,2496,5:44:00 PM,9,5:40:00 PM,5:53:00 PM,13,Friday,Jan
01/29/2015,US,793,N753US,JAX,CLT,5:55:00 PM,5:48:00 PM,-7,28,6:16:00 PM,81,98,63,328,7:19:00 PM,7,7:16:00 PM,7:26:00 PM,10,Thursday,Jan
02/08/2015,EV,4398,N13964,CLE,DCA,8:37:00 PM,8:46:00 PM,9,10,8:56:00 PM,82,69,48,310,9:44:00 PM,11,9:59:00 PM,9:55:00 PM,-4,Sunday,Feb
01/16/2015,AA,1375,N3KPAA,RSW,ORD,3:03:00 PM,2:54:00 PM,-9,13,3:07:00 PM,187,212,188,1120,5:15:00 PM,11,5:10:00 PM,5:26:00 PM,16,Friday,Jan
02/11/2015,EV,3926,N36915,IAH,MFE,12:27:00 AM,12:22:00 AM,-5,16,1:38:00 AM,79,88,66,316,12:44:00 PM,6,12:46:00 PM,1:50:00 PM,4,Wednesday,Feb
01/16/2015,AS,108,N526AS,ANC,SEA,9:45:00 PM,10:46:00 PM,1,16,10:02:00 AM,199,200,180,1448,2:02:00 AM,4,2:04:00 AM,2:06:00 AM,2,Friday,Jan
02/12/2015,UA,468,N446UA,IAH,MIA,10:34:00 AM,10:40:00 AM,6,26,11:06:00 AM,141,152,119,964,2:05:00 PM,7,1:55:00 PM,2:12:00 PM,17,Thursday,Feb
01/01/2015,WN,2959,N477WN,SJC,LAS,7:20:00 PM,7:20:00 PM,0,8,7:28:00 PM,80,72,60,386,8:28:00 PM,4,8:40:00 PM,8:32:00 PM,-8,Thursday,Jan
01/29/2015,F9,720,N939FR,DEN,DCA,4:50:00 PM,4:46:00 PM,-4,10,4:56:00 PM,187,180,164,1476,9:40:00 PM,6,9:57:00 PM,9:46:00 PM,-11,Thursday,Jan
02/06/2015,AA,1315,N4XVAA,BNA,DFW,12:09:00 PM,12:01:00 PM,-8,33,3:34:00 PM,136,140,92,631,8:06:00 AM,15,10:25:00 AM,10:21:00 AM,-4,Friday,Feb
01/25/2015,WN,1890,N253WN,BWI,DAY,10:15:00 PM,10:44:00 PM,29,8,10:52:00 PM,90,83,69,406,1:01:00 AM,6,11:45:00 PM,7:07:00 AM,22,Sunday,Jan
01/27/2015,AA,1484,N455AA,DFW,AUS,8:25:00 PM,8:20:00 PM,-5,14,9:34:00 PM,58,53,34,190,10:08:00 AM,5,10:23:00 AM,10:13:00 AM,-10,Tuesday,Jan
01/22/2015,OO,5436,N913SW,MBS,ORD,12:50:00 PM,12:39:00 PM,-11,18,12:57:00 PM,75,66,41,222,12:38:00 PM,7,1:05:00 PM,12:45:00 PM,-20,Thursday,Jan
02/01/2015,WN,3676,N616SW,PWM,BWI,12:30:00 PM,12:29:00 PM,-1,6,12:35:00 PM,105,99,76,452,1:51:00 PM,17,2:15:00 PM,2:08:00 PM,-7,Sunday,Feb
01/05/2015,DL,2243,N988DL,ATL,IAH,2:55:00 PM,2:50:00 PM,-5,23,3:13:00 PM,140,130,102,689,3:55:00 PM,5,4:15:00 PM,4:00:00 PM,-15,Monday,Jan
01/04/2015,DL,2313,N973DL,PIT,ATL,6:45:00 PM,6:56:00 PM,11,14,7:10:00 PM,114,117,97,526,8:47:00 PM,6,8:39:00 PM,8:53:00 PM,14,Sunday,Jan
01/31/2015,EV,4261,N24103,MKE,EWR,11:14:00 PM,10:08:00 PM,-6,24,1:32:00 AM,130,134,100,725,10:12:00 AM,10,10:24:00 AM,10:22:00 AM,-2,Saturday,Jan
01/02/2015,EV,3259,N15986,HPN,ORD,1:30:00 AM,12:28:00 AM,-2,16,2:44:00 AM,154,156,132,738,1:56:00 PM,8,6:04:00 PM,6:04:00 PM,0,Friday,Jan
01/20/2015,OO,4545,N431SW,SLC,TUS,8:52:00 PM,8:50:00 PM,-2,44,9:34:00 PM,113,136,87,601,11:01:00 PM,5,10:45:00 PM,11:06:00 PM,21,Tuesday,Jan
02/06/2015,WN,2290,N798SW,EWR,MDW,6:25:00 PM,6:33:00 PM,8,35,7:08:00 PM,155,156,112,711,8:00:00 PM,9,8:00:00 PM,8:09:00 PM,9,Friday,Feb
02/11/2015,WN,4371,N902WN,HOU,DCA,7:40:00 PM,7:43:00 PM,3,10,7:53:00 PM,165,156,143,1218,11:16:00 PM,3,11:25:00 PM,11:19:00 PM,-6,Wednesday,Feb
02/02/2015,OO,6223,N745SK,SUN,SFO,2:16:00 PM,2:05:00 PM,-11,24,2:29:00 PM,118,130,103,587,3:12:00 PM,3,3:14:00 PM,3:15:00 PM,1,Monday,Feb
02/12/2015,WN,508,N7725A,ATL,DEN,8:25:00 PM,9:30:00 PM,5,11,10:41:00 PM,210,188,172,1199,10:33:00 AM,5,10:55:00 AM,10:38:00 AM,-17,Thursday,Feb
01/04/2015,DL,1160,N916DN,PHL,ATL,7:15:00 PM,9:21:00 PM,126,24,9:45:00 PM,144,145,116,666,11:41:00 PM,5,9:39:00 PM,11:46:00 PM,127,Sunday,Jan
01/07/2015,US,661,N195UW,LAX,PHL,2:25:00 PM,2:20:00 PM,-5,15,3:35:00 PM,302,301,282,2402,2:17:00 PM,4,2:27:00 PM,2:21:00 PM,-6,Wednesday,Jan
02/10/2015,WN,394,N619SW,ATL,HOU,1:55:00 PM,12:48:00 PM,-7,22,7:10:00 PM,145,132,105,696,11:55:00 PM,5,10:20:00 AM,10:00:00 AM,-20,Tuesday,Feb
01/16/2015,US,814,N944UW,PHL,RDU,6:15:00 PM,6:18:00 PM,3,25,6:43:00 PM,94,83,54,337,7:37:00 PM,4,7:49:00 PM,7:41:00 PM,-8,Friday,Jan
01/30/2015,OO,4688,N805SK,STL,MSP,7:26:00 PM,7:18:00 PM,-8,11,7:29:00 PM,94,97,82,448,8:51:00 PM,4,9:00:00 PM,8:55:00 PM,-5,Friday,Jan
01/07/2015,US,1977,N755US,DTW,CLT,4:45:00 PM,1:38:00 AM,53,27,8:05:00 AM,118,104,72,500,7:17:00 PM,5,12:43:00 PM,8:22:00 PM,39,Wednesday,Jan
01/24/2015,DL,1169,N3749D,MIA,LAX,8:02:00 AM,3:57:00 AM,-5,20,9:17:00 AM,363,348,315,2342,10:32:00 AM,13,11:05:00 AM,10:45:00 AM,-20,Saturday,Jan
01/15/2015,DL,1696,N968DL,BDL,ATL,12:48:00 PM,12:46:00 PM,-2,16,1:02:00 PM,167,163,139,859,3:21:00 PM,8,3:35:00 PM,3:29:00 PM,-6,Thursday,Jan
02/09/2015,OO,4628,N461SW,CVG,STL,11:59:00 AM,1:07:00 PM,68,47,1:54:00 PM,81,104,52,308,1:46:00 PM,5,12:20:00 PM,1:51:00 PM,91,Monday,Feb
01/28/2015,MQ,3087,N3AEMQ,XNA,ORD,5:20:00 PM,5:50:00 PM,30,11,6:01:00 PM,109,99,77,522,7:18:00 PM,11,7:09:00 PM,7:29:00 PM,20,Wednesday,Jan
01/24/2015,DL,810,N905DL,IAH,ATL,11:10:00 PM,10:05:00 PM,-5,12,11:17:00 PM,123,122,99,689,11:56:00 PM,11,10:13:00 AM,10:07:00 AM,-6,Saturday,Jan
01/18/2015,AA,2384,N3KTAA,LAS,LAX,3:55:00 PM,3:49:00 PM,-6,16,4:05:00 PM,67,64,41,236,4:46:00 PM,7,5:02:00 PM,4:53:00 PM,-9,Sunday,Jan
01/10/2015,WN,2942,N401WN,DAL,LBB,12:40:00 PM,11:38:00 AM,-2,7,12:45:00 PM,70,58,47,293,9:32:00 PM,4,11:50:00 PM,9:36:00 PM,-14,Saturday,Jan
01/01/2015,WN,692,N221WN,CAK,MCO,4:40:00 PM,3:36:00 PM,-4,9,4:45:00 PM,150,138,122,861,12:47:00 PM,7,7:10:00 PM,1:54:00 PM,-16,Thursday,Jan
01/11/2015,DL,2455,N917DE,CVG,ATL,6:16:00 PM,6:12:00 PM,-4,30,6:42:00 PM,104,112,68,373,7:50:00 PM,14,8:00:00 PM,8:04:00 PM,4,Sunday,Jan
01/07/2015,B6,280,N646JB,LGB,LAS,11:00:00 AM,10:57:00 AM,-3,30,11:27:00 AM,67,78,40,231,12:07:00 PM,8,12:07:00 PM,12:15:00 PM,8,Wednesday,Jan
01/17/2015,WN,4462,N401WN,IND,RSW,12:00:00 PM,7:56:00 AM,-4,21,1:17:00 PM,160,147,121,945,9:18:00 AM,5,12:40:00 PM,10:23:00 AM,-17,Saturday,Jan
01/28/2015,US,1800,N601AW,SEA,PHL,11:35:00 AM,11:30:00 AM,-5,19,12:49:00 PM,304,299,276,2378,4:25:00 PM,4,4:39:00 PM,4:29:00 PM,-10,Wednesday,Jan
01/05/2015,UA,373,N448UA,CLE,MCO,10:48:00 AM,10:49:00 AM,1,9,10:58:00 AM,154,136,121,895,12:59:00 PM,6,1:22:00 PM,1:05:00 PM,-17,Monday,Jan
01/15/2015,WN,3120,N265WN,BUR,SMF,11:15:00 PM,10:08:00 PM,-7,12,12:20:00 AM,80,120,102,358,6:02:00 PM,6,11:35:00 AM,6:08:00 PM,33,Thursday,Jan
02/06/2015,UA,1723,N66837,SFO,KOA,5:22:00 PM,8:45:00 PM,203,17,9:02:00 PM,336,373,353,2367,7:55:00 AM,3,8:58:00 PM,10:58:00 AM,240,Friday,Feb
02/08/2015,WN,51,N525SW,LBB,DAL,5:10:00 PM,5:08:00 PM,-2,7,5:15:00 PM,65,58,47,293,6:02:00 PM,4,6:15:00 PM,6:06:00 PM,-9,Sunday,Feb
01/13/2015,UA,256,N493UA,MIA,IAH,11:41:00 AM,12:13:00 PM,32,14,12:27:00 PM,178,161,141,964,1:48:00 PM,6,1:39:00 PM,1:54:00 PM,15,Tuesday,Jan
01/01/2015,OO,5463,N567SW,SMF,SFO,5:35:00 PM,5:25:00 PM,-10,5,5:30:00 PM,51,36,28,86,5:58:00 PM,3,6:26:00 PM,6:01:00 PM,-25,Thursday,Jan
01/08/2015,VX,351,N835VA,BOS,SFO,6:00:00 PM,1:56:00 PM,-4,17,7:13:00 PM,405,395,373,2704,12:26:00 PM,5,12:45:00 PM,12:31:00 PM,-14,Thursday,Jan
01/02/2015,UA,1693,N69816,DEN,SEA,10:13:00 PM,10:35:00 PM,22,13,10:48:00 PM,180,177,159,1024,3:27:00 AM,5,1:13:00 PM,8:32:00 AM,19,Friday,Jan
02/08/2015,DL,1173,N3758Y,MSP,MSY,10:05:00 AM,10:01:00 AM,-4,9,10:10:00 AM,174,130,117,1039,12:07:00 PM,4,12:59:00 PM,12:11:00 PM,-48,Sunday,Feb
01/30/2015,AA,2285,N3FUAA,JFK,MCO,2:59:00 PM,4:16:00 PM,77,41,4:57:00 PM,183,181,135,944,7:12:00 PM,5,6:02:00 PM,7:17:00 PM,75,Friday,Jan
01/27/2015,DL,953,N6716C,ATL,SAT,6:59:00 PM,6:57:00 PM,-2,24,7:21:00 PM,162,149,120,874,8:21:00 PM,5,8:41:00 PM,8:26:00 PM,-15,Tuesday,Jan
02/01/2015,WN,1272,N785SW,DAL,LAX,10:25:00 AM,10:26:00 AM,1,13,10:39:00 AM,205,198,176,1246,11:35:00 AM,9,11:50:00 AM,11:44:00 AM,-6,Sunday,Feb
01/28/2015,WN,154,N607SW,SMF,SAN,2:55:00 PM,2:51:00 PM,-4,10,3:01:00 PM,80,92,79,480,4:20:00 PM,3,4:15:00 PM,4:23:00 PM,8,Wednesday,Jan
01/12/2015,OO,2684,N907SW,PSP,PHX,6:05:00 PM,6:05:00 PM,0,14,6:19:00 PM,69,67,44,261,8:03:00 PM,9,8:14:00 PM,8:12:00 PM,-2,Monday,Jan
02/07/2015,OO,6211,N783SK,SAT,LAX,6:06:00 PM,6:03:00 PM,-3,16,6:19:00 PM,204,187,161,1211,7:00:00 PM,10,7:30:00 PM,7:10:00 PM,-20,Saturday,Feb
01/12/2015,AA,1387,N3BFAA,DFW,IAD,12:40:00 PM,11:38:00 AM,-2,32,7:10:00 PM,156,172,137,1172,12:27:00 PM,3,12:16:00 PM,12:30:00 PM,14,Monday,Jan
02/02/2015,DL,498,N339NB,JFK,AUS,5:35:00 PM,6:34:00 PM,59,72,7:46:00 PM,268,318,242,1521,10:48:00 PM,4,9:03:00 PM,10:52:00 PM,109,Monday,Feb
01/23/2015,MQ,3170,N815MQ,CMI,ORD,1:30:00 AM,11:19:00 PM,-11,7,12:26:00 AM,75,87,40,135,8:06:00 AM,40,12:45:00 PM,12:46:00 PM,1,Friday,Jan
01/02/2015,US,719,N675AW,PHL,SFO,6:00:00 PM,5:56:00 PM,-4,34,6:30:00 PM,386,405,362,2521,9:32:00 PM,9,9:26:00 PM,9:41:00 PM,15,Friday,Jan
01/25/2015,DL,1886,N948DN,ATL,LGA,4:45:00 PM,4:43:00 PM,-2,20,5:03:00 PM,134,119,92,762,6:35:00 PM,7,6:59:00 PM,6:42:00 PM,-17,Sunday,Jan
02/02/2015,UA,457,N829UA,SEA,DEN,3:30:00 PM,3:22:00 PM,-8,17,3:39:00 PM,157,139,117,1024,6:36:00 PM,5,7:07:00 PM,6:41:00 PM,-26,Monday,Feb
01/28/2015,MQ,3645,N611MQ,JAN,DFW,4:43:00 PM,4:41:00 PM,-2,8,4:49:00 PM,97,85,68,408,5:57:00 PM,9,6:20:00 PM,6:06:00 PM,-14,Wednesday,Jan
01/23/2015,WN,4535,N363SW,LAX,ELP,12:40:00 PM,12:37:00 PM,-3,14,12:51:00 PM,110,113,96,715,3:27:00 PM,3,3:30:00 PM,3:30:00 PM,0,Friday,Jan
01/23/2015,DL,2631,N338NB,MSY,JFK,11:30:00 AM,11:58:00 AM,28,13,12:11:00 PM,171,168,138,1182,3:29:00 PM,17,3:21:00 PM,3:46:00 PM,25,Friday,Jan
01/16/2015,WN,1803,N437WN,OAK,BUR,1:10:00 PM,12:07:00 PM,-3,14,2:21:00 PM,70,67,50,325,11:11:00 PM,3,12:20:00 AM,11:14:00 PM,-6,Friday,Jan
01/08/2015,WN,900,N218WN,MKE,LAX,10:25:00 AM,10:21:00 AM,-4,10,10:31:00 AM,275,257,238,1756,12:29:00 PM,9,1:00:00 PM,12:38:00 PM,-22,Thursday,Jan
01/16/2015,WN,3676,N621SW,BWI,RDU,2:45:00 PM,2:44:00 PM,-1,7,2:51:00 PM,70,55,45,255,3:36:00 PM,3,3:55:00 PM,3:39:00 PM,-16,Friday,Jan
01/25/2015,WN,7,N7708E,DAL,HOU,11:30:00 AM,10:25:00 AM,-5,6,11:31:00 AM,65,54,43,239,7:14:00 PM,5,9:35:00 PM,7:19:00 PM,-16,Sunday,Jan
01/14/2015,WN,650,N442WN,BWI,LAS,4:40:00 PM,3:38:00 PM,-2,17,5:55:00 PM,335,300,279,2106,11:34:00 AM,4,7:15:00 PM,11:38:00 AM,-37,Wednesday,Jan
01/26/2015,DL,1905,N590NW,DTW,MCO,2:07:00 PM,2:03:00 PM,-4,15,2:18:00 PM,174,146,120,957,4:18:00 PM,11,5:01:00 PM,4:29:00 PM,-32,Monday,Jan
01/29/2015,AA,2426,N3JXAA,LAX,DFW,12:26:00 AM,11:19:00 PM,-7,13,1:32:00 AM,179,169,147,1235,11:59:00 AM,9,12:25:00 PM,12:08:00 PM,-17,Thursday,Jan
01/20/2015,EV,2513,N879AS,DFW,MLU,2:40:00 PM,2:34:00 PM,-6,13,2:47:00 PM,63,62,47,293,3:34:00 PM,2,3:43:00 PM,3:36:00 PM,-7,Tuesday,Jan
01/28/2015,UA,1027,N77518,IAH,LGA,3:45:00 PM,3:43:00 PM,-2,19,4:02:00 PM,199,209,187,1416,8:09:00 PM,3,8:04:00 PM,8:12:00 PM,8,Wednesday,Jan
01/27/2015,UA,1285,N13718,SFO,ORD,11:10:00 PM,11:03:00 PM,-7,14,11:17:00 PM,248,233,211,1846,8:48:00 PM,8,3:18:00 AM,9:56:00 PM,-22,Tuesday,Jan
01/28/2015,UA,244,N445UA,ORD,SEA,8:05:00 AM,8:03:00 AM,-2,18,10:21:00 AM,275,264,239,1721,10:20:00 AM,7,10:40:00 AM,10:27:00 AM,-13,Wednesday,Jan
01/03/2015,OO,6287,N566SW,SFO,SBA,1:00:00 PM,1:02:00 PM,2,16,1:18:00 PM,83,78,58,262,2:16:00 PM,4,2:23:00 PM,2:20:00 PM,-3,Saturday,Jan
01/29/2015,EV,4450,N12921,GPT,IAH,6:54:00 PM,6:36:00 PM,-18,12,6:48:00 PM,91,86,66,376,7:54:00 PM,8,8:25:00 PM,8:02:00 PM,-23,Thursday,Jan
01/14/2015,EV,2507,N907EV,DFW,SHV,8:45:00 PM,9:13:00 PM,28,17,9:30:00 PM,54,52,29,190,9:59:00 PM,6,9:39:00 PM,10:05:00 PM,26,Wednesday,Jan
01/27/2015,OO,4995,N926SW,CVG,ORD,10:57:00 AM,11:11:00 AM,14,18,11:29:00 AM,78,90,59,265,11:28:00 AM,13,11:15:00 AM,11:41:00 AM,26,Tuesday,Jan
02/06/2015,NK,303,N631NK,ACY,MCO,6:08:00 PM,6:09:00 PM,1,8,6:17:00 PM,149,138,120,852,8:17:00 PM,10,8:37:00 PM,8:27:00 PM,-10,Friday,Feb
01/13/2015,DL,1237,N817DN,DTW,RSW,10:01:00 AM,10:00:00 AM,-1,23,10:23:00 AM,197,196,162,1084,1:05:00 PM,11,1:18:00 PM,1:16:00 PM,-2,Tuesday,Jan
01/06/2015,EV,4240,N14904,ORD,CAK,4:05:00 PM,4:01:00 PM,-4,15,4:16:00 PM,81,71,51,343,6:07:00 PM,5,6:26:00 PM,6:12:00 PM,-14,Tuesday,Jan
02/05/2015,OO,4973,N979SW,DEN,ISN,2:21:00 PM,2:16:00 PM,-5,18,2:34:00 PM,111,112,90,576,5:04:00 PM,4,5:12:00 PM,5:08:00 PM,-4,Thursday,Feb
01/02/2015,UA,445,N589UA,JFK,LAX,7:53:00 PM,8:08:00 PM,15,21,8:29:00 PM,385,379,350,2475,11:19:00 PM,8,11:18:00 PM,11:27:00 PM,9,Friday,Jan
01/30/2015,EV,5555,N882AS,CAE,ATL,9:15:00 AM,9:10:00 AM,-5,12,10:22:00 AM,66,66,41,192,6:03:00 PM,13,8:21:00 PM,7:16:00 PM,-5,Friday,Jan
01/16/2015,DL,1760,N388DA,SEA,ANC,8:57:00 PM,8:52:00 PM,-5,20,9:12:00 PM,220,209,186,1448,11:18:00 PM,3,11:37:00 PM,11:21:00 PM,-16,Friday,Jan
01/04/2015,WN,877,N242WN,DEN,SAT,11:00:00 AM,11:01:00 AM,1,13,11:14:00 AM,125,123,104,794,1:58:00 PM,6,2:05:00 PM,2:04:00 PM,-1,Sunday,Jan
01/03/2015,AA,2218,N541AA,COS,DFW,2:50:00 PM,3:29:00 PM,39,24,3:53:00 PM,110,158,77,592,6:10:00 PM,57,5:40:00 PM,7:07:00 PM,87,Saturday,Jan
02/02/2015,EV,5051,N868AS,CID,DTW,10:20:00 AM,12:40:00 PM,140,7,12:47:00 PM,93,102,82,430,3:09:00 PM,13,12:53:00 PM,3:22:00 PM,149,Monday,Feb
01/20/2015,MQ,3055,N814MQ,HSV,DFW,2:47:00 PM,3:12:00 PM,25,9,3:21:00 PM,133,125,106,603,5:07:00 PM,10,5:00:00 PM,5:17:00 PM,17,Tuesday,Jan
02/02/2015,HA,172,N489HA,LIH,HNL,2:58:00 PM,2:51:00 PM,-7,6,2:57:00 PM,34,58,40,102,3:37:00 PM,12,3:32:00 PM,3:49:00 PM,17,Monday,Feb
02/10/2015,DL,998,N935AT,DTW,GRR,2:02:00 PM,1:59:00 PM,-3,16,2:15:00 PM,56,47,28,120,2:43:00 PM,3,2:58:00 PM,2:46:00 PM,-12,Tuesday,Feb
01/05/2015,UA,1450,N66814,RSW,ORD,3:50:00 AM,2:44:00 AM,-6,10,3:54:00 AM,187,181,158,1120,9:32:00 PM,13,11:57:00 PM,10:45:00 PM,-12,Monday,Jan
01/17/2015,EV,6101,N14907,ORF,IAD,1:54:00 PM,1:49:00 PM,-5,7,1:56:00 PM,63,60,36,157,2:32:00 PM,17,2:57:00 PM,2:49:00 PM,-8,Saturday,Jan
01/22/2015,WN,2589,N520SW,HOU,SAT,8:25:00 PM,8:24:00 PM,-1,11,9:35:00 PM,60,58,43,192,10:18:00 AM,4,10:25:00 AM,10:22:00 AM,-3,Thursday,Jan
01/27/2015,WN,4304,N669SW,MCI,LAX,12:45:00 PM,6:08:00 PM,23,9,7:17:00 PM,225,200,185,1363,10:22:00 AM,6,10:30:00 AM,10:28:00 AM,-2,Tuesday,Jan
02/08/2015,US,785,N580UW,PHL,TPA,3:50:00 PM,3:48:00 PM,-2,19,4:07:00 PM,167,153,131,920,6:18:00 PM,3,6:37:00 PM,6:21:00 PM,-16,Sunday,Feb
01/25/2015,NK,348,N612NK,TPA,ACY,5:00:00 PM,4:57:00 PM,-3,11,5:08:00 PM,133,127,111,913,6:59:00 PM,5,7:13:00 PM,7:04:00 PM,-9,Sunday,Jan
01/06/2015,US,1976,N126UW,FLL,CLT,5:20:00 PM,5:20:00 PM,0,11,5:31:00 PM,121,115,92,631,7:03:00 PM,12,7:21:00 PM,7:15:00 PM,-6,Tuesday,Jan
02/04/2015,EV,5031,N922EV,TVC,DTW,1:38:00 PM,3:13:00 PM,95,21,3:34:00 PM,72,80,42,207,4:16:00 PM,17,2:50:00 PM,4:33:00 PM,103,Wednesday,Feb
02/09/2015,DL,43,N3756,JFK,SJU,3:30:00 PM,3:27:00 PM,-3,22,3:49:00 PM,242,223,196,1598,8:05:00 PM,5,8:32:00 PM,8:10:00 PM,-22,Monday,Feb
01/25/2015,WN,1119,N710SW,SAN,SAT,2:25:00 PM,2:19:00 PM,-6,9,2:28:00 PM,150,155,141,1129,6:49:00 PM,5,6:55:00 PM,6:54:00 PM,-1,Sunday,Jan
02/09/2015,WN,496,N623SW,DAL,BNA,4:05:00 PM,4:04:00 PM,-1,11,4:15:00 PM,100,102,84,623,5:39:00 PM,7,5:45:00 PM,5:46:00 PM,1,Monday,Feb
01/31/2015,WN,2442,N706SW,AUS,LAS,5:55:00 PM,5:51:00 PM,-4,10,10:01:00 PM,180,158,144,1090,12:25:00 AM,4,3:55:00 AM,12:29:00 AM,-26,Saturday,Jan
01/07/2015,WN,336,N659SW,DAL,MAF,5:50:00 PM,6:11:00 PM,21,19,6:30:00 PM,70,72,49,319,7:19:00 PM,4,7:00:00 PM,7:23:00 PM,23,Wednesday,Jan
01/21/2015,EV,4188,N27962,EWR,RIC,7:30:00 PM,7:45:00 PM,15,30,8:15:00 PM,87,94,58,277,9:13:00 PM,6,8:57:00 PM,9:19:00 PM,22,Wednesday,Jan
02/12/2015,WN,560,N641SW,PHX,ABQ,9:15:00 AM,9:13:00 AM,-2,9,10:22:00 AM,65,68,54,328,7:16:00 PM,5,8:20:00 PM,8:21:00 PM,1,Thursday,Feb
01/05/2015,AA,2321,N566AA,ORD,DFW,12:20:00 PM,3:41:00 PM,201,12,3:53:00 PM,155,139,121,802,5:54:00 PM,6,2:55:00 PM,6:00:00 PM,185,Monday,Jan
02/04/2015,VX,475,N837VA,LAS,LAX,3:30:00 PM,3:27:00 PM,-3,14,3:41:00 PM,70,65,43,236,4:24:00 PM,8,4:40:00 PM,4:32:00 PM,-8,Wednesday,Feb
02/07/2015,WN,2511,N7731A,MCO,IND,7:10:00 PM,7:05:00 PM,-5,8,7:13:00 PM,150,135,120,829,9:13:00 PM,7,9:40:00 PM,9:20:00 PM,-20,Saturday,Feb
02/10/2015,WN,101,N792SW,RDU,HOU,6:30:00 PM,6:27:00 PM,-3,11,6:38:00 PM,190,171,155,1050,8:13:00 PM,5,8:40:00 PM,8:18:00 PM,-22,Tuesday,Feb
02/11/2015,DL,1178,N958DN,RIC,ATL,4:39:00 PM,4:41:00 PM,2,15,4:56:00 PM,111,102,80,481,6:16:00 PM,7,6:30:00 PM,6:23:00 PM,-7,Wednesday,Feb
01/01/2015,EV,2534,N880AS,CRP,DFW,7:50:00 PM,9:39:00 PM,109,6,9:45:00 PM,75,64,51,354,10:36:00 PM,7,9:05:00 PM,10:43:00 PM,98,Thursday,Jan
01/28/2015,B6,842,N586JB,SAV,JFK,11:01:00 AM,10:55:00 AM,-6,11,11:06:00 AM,118,120,102,718,12:48:00 PM,7,12:59:00 PM,12:55:00 PM,-4,Wednesday,Jan
02/04/2015,WN,529,N8644C,DAL,DCA,2:25:00 PM,2:20:00 PM,-5,10,3:30:00 PM,165,142,129,1184,9:39:00 PM,3,10:10:00 AM,10:42:00 PM,-28,Wednesday,Feb
01/23/2015,AA,2208,N455AA,DFW,CLE,2:15:00 PM,2:13:00 PM,-2,27,2:40:00 PM,156,161,123,1021,5:43:00 PM,11,5:51:00 PM,5:54:00 PM,3,Friday,Jan
01/02/2015,WN,714,N291WN,TPA,SJU,6:05:00 PM,7:38:00 PM,93,9,7:47:00 PM,170,161,148,1237,11:15:00 PM,4,9:55:00 PM,11:19:00 PM,84,Friday,Jan
01/29/2015,B6,2191,N571JB,BOS,TPA,10:00:00 PM,5:57:00 PM,-3,28,12:25:00 AM,214,199,164,1185,10:09:00 AM,7,10:34:00 AM,10:16:00 AM,-18,Thursday,Jan
01/15/2015,DL,2022,N690DL,MCI,ATL,10:00:00 PM,5:56:00 PM,-4,21,11:17:00 PM,123,125,93,692,11:50:00 PM,11,10:03:00 AM,10:01:00 AM,-2,Thursday,Jan
01/14/2015,WN,490,N202WN,SJC,BUR,12:40:00 PM,11:37:00 AM,-3,7,12:44:00 PM,60,58,49,296,9:33:00 PM,2,10:40:00 PM,9:35:00 PM,-5,Wednesday,Jan
01/16/2015,OO,4976,N106SY,SFO,STL,4:10:00 PM,5:17:00 PM,67,21,5:38:00 PM,228,224,199,1735,10:57:00 PM,4,9:58:00 PM,11:01:00 PM,63,Friday,Jan
02/08/2015,OO,7393,N494CA,SGU,SLC,3:12:00 PM,3:08:00 PM,-4,8,3:16:00 PM,68,52,39,272,3:55:00 PM,5,4:20:00 PM,4:00:00 PM,-20,Sunday,Feb
01/15/2015,WN,162,N437WN,BNA,HOU,5:15:00 PM,5:13:00 PM,-2,11,5:24:00 PM,135,128,112,670,7:16:00 PM,5,7:30:00 PM,7:21:00 PM,-9,Thursday,Jan
01/23/2015,OO,2634,N423SW,ORD,MKE,9:10:00 AM,8:04:00 AM,-6,20,10:24:00 AM,53,55,26,67,1:50:00 PM,9,6:03:00 PM,1:59:00 PM,-4,Friday,Jan
02/11/2015,MQ,3616,N521MQ,RDU,LGA,3:56:00 AM,3:57:00 AM,1,34,11:31:00 AM,94,111,68,431,9:39:00 PM,9,9:30:00 PM,10:48:00 PM,18,Wednesday,Feb
02/10/2015,WN,3415,N553WN,DEN,LGA,5:55:00 PM,6:00:00 PM,5,14,6:14:00 PM,210,211,184,1620,11:18:00 PM,13,11:25:00 PM,11:31:00 PM,6,Tuesday,Feb
01/18/2015,OO,4570,N802SK,SJC,LAX,2:30:00 PM,2:30:00 PM,0,13,2:43:00 PM,80,73,49,308,3:32:00 PM,11,3:50:00 PM,3:43:00 PM,-7,Sunday,Jan
02/04/2015,WN,1145,N429WN,DAL,ABQ,11:10:00 PM,10:09:00 PM,-1,8,11:17:00 PM,110,102,90,580,2:47:00 AM,4,8:00:00 AM,3:51:00 AM,-9,Wednesday,Feb
01/28/2015,EV,4103,N11106,BHM,DEN,12:25:00 PM,12:15:00 PM,-10,23,12:38:00 PM,195,207,172,1083,2:30:00 PM,12,2:40:00 PM,2:42:00 PM,2,Wednesday,Jan
01/03/2015,EV,2520,N906EV,DFW,CRP,6:00:00 PM,1:44:00 PM,284,15,1:59:00 PM,75,87,69,354,3:08:00 PM,3,10:15:00 AM,3:11:00 PM,296,Saturday,Jan
01/15/2015,UA,462,N469UA,SFO,MSY,1:10:00 PM,1:08:00 PM,-2,24,1:32:00 PM,247,249,219,1911,7:11:00 PM,6,7:17:00 PM,7:17:00 PM,0,Thursday,Jan
01/11/2015,EV,4666,N13914,IAH,AMA,5:53:00 PM,7:43:00 PM,110,11,7:54:00 PM,107,94,79,517,9:13:00 PM,4,7:40:00 PM,9:17:00 PM,97,Sunday,Jan
01/06/2015,WN,139,N7747C,MDW,ATL,11:35:00 AM,11:34:00 AM,-1,14,11:48:00 AM,110,104,83,591,2:11:00 PM,7,2:25:00 PM,2:18:00 PM,-7,Tuesday,Jan
01/17/2015,MQ,3638,N507MQ,COU,ORD,12:43:00 PM,12:31:00 PM,-12,10,12:41:00 PM,80,84,48,315,1:29:00 PM,26,2:03:00 PM,1:55:00 PM,-8,Saturday,Jan
01/04/2015,EV,5187,N936EV,GTR,ATL,4:40:00 PM,3:38:00 PM,-2,9,4:47:00 PM,68,64,43,241,11:30:00 AM,12,12:48:00 PM,12:42:00 PM,-6,Sunday,Jan
01/17/2015,AS,718,N569AS,SLC,SAN,11:35:00 AM,11:32:00 AM,-3,28,6:00:00 PM,125,116,85,626,8:25:00 PM,3,10:40:00 PM,8:28:00 PM,-12,Saturday,Jan
01/01/2015,WN,3837,N7711N,HOU,MSY,11:50:00 AM,11:56:00 AM,6,7,12:03:00 PM,60,52,42,302,12:45:00 PM,3,12:50:00 PM,12:48:00 PM,-2,Thursday,Jan
01/27/2015,DL,993,N343NB,ATL,CRW,8:44:00 PM,8:42:00 PM,-2,24,9:06:00 PM,76,93,67,363,10:13:00 PM,2,10:00:00 PM,10:15:00 PM,15,Tuesday,Jan
01/29/2015,OO,7399,N915EV,MSP,HIB,11:15:00 AM,11:07:00 AM,-8,14,11:21:00 AM,62,57,38,174,11:59:00 AM,5,12:17:00 PM,12:04:00 PM,-13,Thursday,Jan
01/09/2015,AA,1694,N3EDAA,SAN,DFW,3:38:00 PM,3:30:00 PM,-8,8,3:38:00 PM,172,172,154,1171,8:12:00 PM,10,8:30:00 PM,8:22:00 PM,-8,Friday,Jan
02/10/2015,AA,1236,N496AA,DFW,BWI,2:45:00 PM,2:38:00 PM,-7,13,2:51:00 PM,166,163,146,1217,6:17:00 PM,4,6:31:00 PM,6:21:00 PM,-10,Tuesday,Feb
01/19/2015,F9,141,N941FR,DEN,SEA,5:12:00 PM,5:12:00 PM,0,10,5:22:00 PM,173,169,155,1024,6:57:00 PM,4,7:05:00 PM,7:01:00 PM,-4,Monday,Jan
01/19/2015,OO,7376,N487CA,BTM,SLC,3:35:00 PM,2:25:00 PM,-10,22,4:47:00 PM,82,87,60,358,2:47:00 AM,5,3:57:00 AM,3:52:00 AM,-5,Monday,Jan
01/06/2015,WN,830,N418WN,SMF,LAS,11:30:00 AM,12:46:00 PM,16,13,1:59:00 PM,80,85,64,397,10:03:00 AM,8,11:50:00 PM,10:11:00 AM,21,Tuesday,Jan
01/27/2015,WN,4661,N481WN,BHM,DAL,12:05:00 PM,12:01:00 PM,-4,8,12:09:00 PM,115,103,92,587,1:41:00 PM,3,2:00:00 PM,1:44:00 PM,-16,Tuesday,Jan
01/16/2015,OO,5646,N291SW,SFO,SBA,10:40:00 AM,11:39:00 AM,59,15,11:54:00 AM,83,74,55,262,12:49:00 PM,4,12:03:00 PM,12:53:00 PM,50,Friday,Jan
01/27/2015,DL,2466,N310NW,OMA,MSP,5:14:00 PM,5:09:00 PM,-5,12,5:21:00 PM,68,69,52,282,6:13:00 PM,5,6:22:00 PM,6:18:00 PM,-4,Tuesday,Jan
02/04/2015,F9,1073,N922FR,ORD,DEN,6:50:00 PM,7:44:00 PM,54,20,8:04:00 PM,160,157,130,888,9:14:00 PM,7,8:30:00 PM,9:21:00 PM,51,Wednesday,Feb
02/05/2015,AA,292,N785AA,LAX,JFK,12:00:00 PM,7:55:00 AM,-5,21,1:16:00 PM,316,333,307,2475,2:23:00 PM,5,2:16:00 PM,2:28:00 PM,12,Thursday,Feb
01/10/2015,WN,4131,N709SW,MDW,DTW,1:30:00 PM,1:37:00 PM,7,13,1:50:00 PM,70,67,44,228,3:34:00 PM,10,3:40:00 PM,3:44:00 PM,4,Saturday,Jan
02/06/2015,EV,5334,N852AS,ATL,ABY,10:28:00 AM,10:19:00 AM,-9,11,10:30:00 AM,53,43,29,145,10:59:00 AM,3,11:21:00 AM,11:02:00 AM,-19,Friday,Feb
01/14/2015,DL,2124,N813DN,MSY,ATL,11:15:00 PM,10:09:00 PM,-6,11,12:20:00 AM,89,81,64,425,8:24:00 PM,6,10:44:00 PM,9:30:00 PM,-14,Wednesday,Jan
02/01/2015,F9,1253,N938FR,LGA,MIA,10:45:00 PM,10:17:00 AM,32,21,10:38:00 AM,200,177,150,1096,1:08:00 PM,6,1:05:00 PM,1:14:00 PM,9,Sunday,Feb
01/30/2015,AA,1053,N550AA,DFW,RNO,5:50:00 PM,5:47:00 PM,-3,14,6:01:00 PM,217,190,172,1345,6:53:00 PM,4,7:27:00 PM,6:57:00 PM,-30,Friday,Jan
01/30/2015,WN,4546,N559WN,DAL,DCA,8:10:00 PM,8:12:00 PM,2,12,8:24:00 PM,165,157,139,1184,11:43:00 PM,6,11:55:00 PM,11:49:00 PM,-6,Friday,Jan
02/01/2015,EV,4092,N23139,IAH,ABQ,2:49:00 PM,2:43:00 PM,-6,24,3:07:00 PM,141,144,116,744,4:03:00 PM,4,4:10:00 PM,4:07:00 PM,-3,Sunday,Feb
01/01/2015,US,1954,N156UW,CLT,LGA,8:20:00 PM,8:14:00 PM,-6,12,8:26:00 PM,105,93,74,544,9:40:00 PM,7,10:05:00 PM,9:47:00 PM,-18,Thursday,Jan
01/12/2015,MQ,3388,N535MQ,JAX,ORD,12:25:00 PM,4:18:00 PM,233,9,4:27:00 PM,169,144,123,864,5:30:00 PM,12,2:14:00 PM,5:42:00 PM,208,Monday,Jan
01/26/2015,WN,2070,N355SW,BUR,PHX,10:20:00 AM,10:22:00 AM,2,11,11:33:00 AM,80,83,64,369,10:37:00 AM,8,10:40:00 AM,10:45:00 AM,5,Monday,Jan
01/13/2015,AS,40,N713AS,ADQ,ANC,5:25:00 PM,5:36:00 PM,11,3,5:39:00 PM,50,48,42,253,6:21:00 PM,3,6:15:00 PM,6:24:00 PM,9,Tuesday,Jan
01/20/2015,DL,833,N822DN,SAN,DTW,11:10:00 PM,10:07:00 PM,-3,18,12:25:00 AM,263,239,215,1956,2:00:00 PM,6,2:33:00 PM,2:06:00 PM,-27,Tuesday,Jan
02/06/2015,WN,214,N936WN,BWI,BNA,8:05:00 PM,8:37:00 PM,32,8,8:45:00 PM,125,95,81,587,9:06:00 PM,6,9:10:00 PM,9:12:00 PM,2,Friday,Feb
02/02/2015,AA,334,N585AA,MFE,DFW,11:32:00 AM,11:25:00 AM,-7,9,11:34:00 AM,98,86,72,469,12:46:00 PM,5,1:10:00 PM,12:51:00 PM,-19,Monday,Feb
02/09/2015,EV,6077,N14179,TYS,DEN,12:45:00 PM,11:55:00 PM,70,10,10:05:00 AM,222,189,173,1162,10:58:00 AM,6,10:27:00 AM,11:04:00 AM,37,Monday,Feb
01/19/2015,EV,4928,N924EV,PIA,ATL,12:00:00 PM,12:01:00 PM,1,25,2:26:00 PM,118,111,80,565,12:46:00 PM,6,1:58:00 PM,1:52:00 PM,-6,Monday,Jan
01/18/2015,MQ,3378,N9EAMQ,JFK,DCA,1:05:00 PM,12:59:00 PM,-6,24,1:23:00 PM,78,80,44,213,2:07:00 PM,12,2:23:00 PM,2:19:00 PM,-4,Sunday,Jan
01/27/2015,EV,5197,N612QX,DTW,CAK,4:05:00 PM,3:54:00 PM,-11,13,4:07:00 PM,62,49,32,133,4:39:00 PM,4,5:07:00 PM,4:43:00 PM,-24,Tuesday,Jan
01/06/2015,AS,558,N756AS,PDX,LAX,4:40:00 PM,1:33:00 AM,53,15,2:48:00 AM,144,153,118,834,10:46:00 PM,20,6:04:00 PM,10:06:00 AM,62,Tuesday,Jan
01/30/2015,DL,2046,N699DL,ATL,PHX,1:36:00 PM,2:54:00 PM,78,23,3:17:00 PM,257,252,223,1587,5:00:00 PM,6,3:53:00 PM,5:06:00 PM,73,Friday,Jan
01/07/2015,WN,486,N7723E,SJC,SNA,7:15:00 PM,6:08:00 PM,-7,7,7:15:00 PM,75,76,65,342,10:20:00 AM,4,10:30:00 AM,10:24:00 AM,-6,Wednesday,Jan
01/05/2015,UA,1018,N15712,ORD,LGA,12:00:00 PM,12:09:00 PM,9,14,2:23:00 PM,129,115,96,733,1:59:00 PM,5,6:09:00 PM,6:04:00 PM,-5,Monday,Jan
01/16/2015,MQ,3288,N614MQ,SPS,DFW,12:06:00 PM,7:59:00 AM,-7,28,2:27:00 PM,44,65,24,113,5:51:00 PM,13,5:50:00 PM,10:04:00 PM,14,Friday,Jan
01/12/2015,UA,1740,N37456,PDX,DEN,9:10:00 AM,9:10:00 AM,0,11,10:21:00 AM,155,165,135,991,11:36:00 AM,19,11:45:00 AM,11:55:00 AM,10,Monday,Jan
01/31/2015,DL,1597,N997DL,PHL,MSP,4:50:00 PM,5:12:00 PM,22,11,5:23:00 PM,184,177,162,980,7:05:00 PM,4,6:54:00 PM,7:09:00 PM,15,Saturday,Jan
01/15/2015,EV,4863,N13908,IAH,CRP,2:31:00 PM,3:21:00 PM,50,14,3:35:00 PM,63,63,44,201,4:19:00 PM,5,3:34:00 PM,4:24:00 PM,50,Thursday,Jan
02/11/2015,AA,2413,N395AA,DFW,LAX,8:00:00 AM,3:56:00 AM,-4,14,9:10:00 AM,209,193,160,1235,1:50:00 PM,19,8:29:00 PM,6:09:00 PM,-20,Wednesday,Feb
01/07/2015,OO,6336,N702SK,SFO,RNO,8:01:00 AM,3:55:00 AM,-6,15,9:10:00 AM,58,52,33,192,12:43:00 PM,4,1:59:00 PM,12:47:00 PM,-12,Wednesday,Jan
02/03/2015,WN,423,N211WN,BDL,MCO,1:10:00 PM,1:30:00 PM,20,9,1:39:00 PM,195,181,163,1050,4:22:00 PM,9,4:25:00 PM,4:31:00 PM,6,Tuesday,Feb
01/30/2015,MQ,3357,N905MQ,TUL,ORD,5:14:00 PM,5:11:00 PM,-3,20,5:31:00 PM,116,156,87,585,6:58:00 PM,49,7:10:00 PM,7:47:00 PM,37,Friday,Jan
02/05/2015,US,1910,N568UW,ORD,CLT,7:50:00 AM,5:39:00 AM,-11,13,7:52:00 AM,121,117,94,599,10:26:00 AM,10,1:51:00 PM,11:36:00 AM,-15,Thursday,Feb
01/22/2015,DL,1978,N940DN,ATL,RIC,10:00:00 PM,9:57:00 PM,-3,25,10:22:00 PM,92,88,59,481,11:21:00 PM,4,11:32:00 PM,11:25:00 PM,-7,Thursday,Jan
02/09/2015,NK,209,N615NK,ORD,OAK,3:50:00 PM,3:45:00 PM,-5,12,3:57:00 PM,285,296,276,1836,6:33:00 PM,8,6:35:00 PM,6:41:00 PM,6,Monday,Feb
01/27/2015,WN,608,N912WN,JAX,ATL,6:50:00 PM,6:43:00 PM,-7,18,7:01:00 PM,70,79,54,270,7:55:00 PM,7,8:00:00 PM,8:02:00 PM,2,Tuesday,Jan
01/18/2015,AA,1692,N013AA,MIA,ATL,8:00:00 PM,8:02:00 PM,2,13,8:15:00 PM,122,112,88,594,9:43:00 PM,11,10:02:00 PM,9:54:00 PM,-8,Sunday,Jan
01/22/2015,AS,60,N549AS,JNU,KTN,12:20:00 AM,11:17:00 PM,-3,11,12:28:00 AM,68,56,41,234,8:09:00 AM,4,10:28:00 AM,9:13:00 AM,-15,Thursday,Jan
01/03/2015,AA,1543,N455AA,PIT,DFW,3:35:00 PM,9:33:00 PM,178,37,10:10:00 AM,200,222,172,1067,12:02:00 PM,13,1:55:00 PM,12:15:00 PM,200,Saturday,Jan
02/04/2015,US,2160,N953UW,LGA,BOS,7:00:00 PM,7:47:00 PM,47,31,8:18:00 PM,71,81,43,184,9:01:00 PM,7,8:11:00 PM,9:08:00 PM,57,Wednesday,Feb
01/10/2015,WN,4060,N430WN,TPA,BDL,11:35:00 AM,11:31:00 AM,-4,18,12:49:00 PM,160,160,137,1111,11:06:00 AM,5,11:15:00 AM,11:11:00 AM,-4,Saturday,Jan
02/09/2015,EV,5332,N695CA,GPT,ATL,9:32:00 PM,8:27:00 PM,-5,11,9:38:00 PM,74,84,60,352,11:38:00 AM,13,11:46:00 AM,11:51:00 AM,5,Monday,Feb
01/14/2015,WN,2790,N647SW,PDX,OAK,1:00:00 PM,12:50:00 PM,-10,11,1:01:00 PM,100,102,86,543,2:27:00 PM,5,2:40:00 PM,2:32:00 PM,-8,Wednesday,Jan
01/01/2015,DL,478,N723TW,ATL,JFK,4:15:00 PM,4:23:00 PM,8,18,4:41:00 PM,140,139,106,760,6:27:00 PM,15,6:35:00 PM,6:42:00 PM,7,Thursday,Jan
01/07/2015,AA,1429,N369AA,MIA,MCO,12:30:00 PM,12:27:00 PM,-3,12,12:39:00 PM,69,56,36,192,1:15:00 PM,8,1:39:00 PM,1:23:00 PM,-16,Wednesday,Jan
02/02/2015,DL,1052,N915DE,ATL,MKE,12:23:00 PM,12:20:00 PM,-3,12,12:32:00 PM,121,120,101,669,1:13:00 PM,7,1:24:00 PM,1:20:00 PM,-4,Monday,Feb
01/07/2015,OO,4855,N912EV,CVG,MEM,4:00:00 PM,3:54:00 PM,-6,19,4:13:00 PM,95,95,72,403,4:25:00 PM,4,4:35:00 PM,4:29:00 PM,-6,Wednesday,Jan
01/07/2015,UA,1547,N24702,ORD,BOS,10:11:00 AM,10:55:00 AM,44,24,11:19:00 AM,130,142,113,867,2:12:00 PM,5,1:21:00 PM,2:17:00 PM,56,Wednesday,Jan
01/02/2015,B6,2006,N510JB,FLL,EWR,1:15:00 PM,12:05:00 PM,-10,11,1:16:00 PM,165,157,141,1065,11:37:00 AM,5,6:00:00 PM,12:42:00 PM,-18,Friday,Jan
01/25/2015,DL,1895,N917DN,ATL,PHL,10:00:00 AM,11:57:00 PM,-3,19,10:16:00 AM,123,113,90,666,11:46:00 AM,4,12:03:00 PM,11:50:00 AM,-13,Sunday,Jan
02/09/2015,EV,4362,N11184,IAH,MSP,1:04:00 PM,1:14:00 PM,10,15,1:29:00 PM,170,177,153,1034,4:02:00 PM,9,3:54:00 PM,4:11:00 PM,17,Monday,Feb
02/12/2015,EV,4617,N14974,BNA,IAH,11:18:00 AM,11:15:00 AM,-3,31,11:46:00 AM,142,154,114,657,1:40:00 PM,9,1:40:00 PM,1:49:00 PM,9,Thursday,Feb
02/05/2015,WN,506,N758SW,DCA,MDW,4:40:00 PM,3:33:00 PM,-7,12,4:45:00 PM,135,117,96,601,12:21:00 AM,9,3:55:00 AM,1:30:00 AM,-25,Thursday,Feb
01/25/2015,OO,6379,N122SY,ORD,AUS,1:00:00 PM,1:01:00 PM,1,39,1:40:00 PM,179,179,135,978,3:55:00 PM,5,3:59:00 PM,4:00:00 PM,1,Sunday,Jan
01/03/2015,AS,140,N453AS,ANC,PDX,11:45:00 AM,12:09:00 PM,24,10,12:19:00 PM,210,198,182,1542,4:21:00 PM,6,4:15:00 PM,4:27:00 PM,12,Saturday,Jan
01/21/2015,OO,5160,N982SW,GJT,DEN,8:27:00 PM,11:56:00 PM,29,22,10:18:00 AM,68,69,40,212,10:58:00 AM,7,10:35:00 AM,11:05:00 AM,30,Wednesday,Jan
01/22/2015,US,2065,N161UW,ATL,CLT,1:50:00 PM,12:43:00 PM,-7,16,1:59:00 PM,78,64,39,226,9:38:00 PM,9,10:08:00 AM,10:47:00 PM,-21,Thursday,Jan
02/04/2015,MQ,3645,N616MQ,DFW,JAN,3:00:00 PM,2:57:00 PM,-3,16,3:13:00 PM,76,78,59,408,4:12:00 PM,3,4:16:00 PM,4:15:00 PM,-1,Wednesday,Feb
01/14/2015,DL,1353,N997DL,PNS,ATL,12:02:00 PM,12:02:00 PM,0,17,12:19:00 PM,78,78,55,271,2:14:00 PM,6,2:20:00 PM,2:20:00 PM,0,Wednesday,Jan
01/03/2015,AA,33,N794AA,JFK,LAX,8:00:00 AM,8:00:00 AM,0,57,1:57:00 PM,385,429,350,2475,11:47:00 AM,22,11:25:00 AM,12:09:00 PM,44,Saturday,Jan
02/01/2015,EV,4146,N12924,IAH,HSV,7:10:00 PM,7:07:00 PM,-3,22,7:29:00 PM,105,107,79,595,8:48:00 PM,6,8:55:00 PM,8:54:00 PM,-1,Sunday,Feb
01/13/2015,EV,5924,N29906,ORD,TYS,2:40:00 PM,2:37:00 PM,-3,21,2:58:00 PM,94,102,75,475,5:13:00 PM,6,5:14:00 PM,5:19:00 PM,5,Tuesday,Jan
02/12/2015,UA,1255,N73291,LGA,ORD,8:00:00 AM,1:50:00 PM,50,41,9:31:00 PM,160,174,110,733,10:21:00 AM,23,10:40:00 PM,10:44:00 AM,64,Thursday,Feb
01/09/2015,DL,1054,N917DL,BDL,ATL,12:20:00 AM,1:31:00 AM,11,32,8:03:00 AM,171,177,137,859,10:20:00 AM,8,10:11:00 AM,10:28:00 AM,17,Friday,Jan
02/03/2015,OO,6493,N980SW,SFO,MFR,8:11:00 PM,8:05:00 PM,-6,13,8:18:00 PM,77,78,62,329,9:20:00 PM,3,9:28:00 PM,9:23:00 PM,-5,Tuesday,Feb
02/04/2015,UA,1754,N76526,IAH,TPA,1:39:00 AM,1:37:00 AM,-2,19,3:56:00 AM,120,120,97,787,10:33:00 AM,4,10:39:00 AM,10:37:00 AM,-2,Wednesday,Feb
01/05/2015,EV,4264,N13908,STL,IAH,2:23:00 PM,3:24:00 PM,61,8,3:32:00 PM,134,117,101,667,5:13:00 PM,8,4:37:00 PM,5:21:00 PM,44,Monday,Jan
01/04/2015,B6,938,N644JB,BQN,JFK,11:08:00 AM,11:05:00 AM,-3,13,11:18:00 AM,231,235,217,1576,1:55:00 PM,5,1:59:00 PM,2:00:00 PM,1,Sunday,Jan
01/28/2015,AA,1003,N4YMAA,DFW,PSP,10:00:00 AM,11:58:00 PM,-2,17,10:15:00 AM,187,186,162,1126,10:57:00 AM,7,11:07:00 AM,11:04:00 AM,-3,Wednesday,Jan
01/12/2015,OO,6369,N760SK,TUS,SFO,12:00:00 PM,7:52:00 AM,-8,10,12:02:00 PM,143,124,111,751,5:53:00 PM,3,12:23:00 AM,5:56:00 PM,-27,Monday,Jan
01/13/2015,EV,5288,N605QX,RIC,MSP,1:52:00 PM,12:44:00 PM,-8,10,1:54:00 PM,173,157,138,970,10:12:00 AM,9,10:45:00 AM,10:21:00 AM,-24,Tuesday,Jan
01/12/2015,DL,1081,N557NW,ATL,PBI,8:56:00 PM,10:34:00 PM,98,16,10:50:00 PM,109,104,82,545,12:12:00 PM,6,10:45:00 PM,6:18:00 PM,93,Monday,Jan
01/03/2015,OO,2620,N864AS,LAX,SAN,2:25:00 PM,2:19:00 PM,-6,15,2:34:00 PM,45,49,30,109,3:04:00 PM,4,3:10:00 PM,3:08:00 PM,-2,Saturday,Jan
01/09/2015,WN,1717,N909WN,ATL,MSP,4:55:00 PM,5:02:00 PM,7,19,5:21:00 PM,170,166,141,907,6:42:00 PM,6,6:45:00 PM,6:48:00 PM,3,Friday,Jan
02/04/2015,WN,4378,N521SW,DAL,AUS,8:05:00 AM,8:02:00 AM,-3,9,9:11:00 AM,55,46,32,189,12:43:00 PM,5,6:00:00 PM,12:48:00 PM,-12,Wednesday,Feb
02/08/2015,OO,4491,N813SK,SEA,PDX,3:49:00 PM,3:45:00 PM,-4,13,3:58:00 PM,49,45,27,129,4:25:00 PM,5,4:38:00 PM,4:30:00 PM,-8,Sunday,Feb
02/10/2015,AA,1576,N3KTAA,SNA,PHX,4:25:00 PM,4:36:00 PM,11,20,4:56:00 PM,79,90,61,338,6:57:00 PM,9,6:44:00 PM,7:06:00 PM,22,Tuesday,Feb
02/02/2015,DL,1499,N583NW,DTW,RSW,5:45:00 PM,5:51:00 PM,6,20,6:11:00 PM,180,157,133,1084,8:24:00 PM,4,8:45:00 PM,8:28:00 PM,-17,Monday,Feb
01/18/2015,EV,6105,N16911,IAH,BRO,6:07:00 PM,1:53:00 PM,-14,11,6:04:00 PM,76,71,49,308,11:53:00 PM,11,10:23:00 AM,10:04:00 AM,-19,Sunday,Jan
01/25/2015,DL,1134,N956DN,PBI,ATL,11:00:00 AM,10:54:00 AM,-6,22,11:16:00 AM,112,113,80,545,12:36:00 PM,11,12:52:00 PM,12:47:00 PM,-5,Sunday,Jan
01/29/2015,US,555,N128UW,PHL,SLC,6:10:00 PM,6:32:00 PM,22,69,7:41:00 PM,313,352,280,1927,10:21:00 PM,3,9:23:00 PM,10:24:00 PM,61,Thursday,Jan
02/06/2015,AA,1617,N3LDAA,ORD,LAX,7:15:00 PM,7:13:00 PM,-2,13,7:26:00 PM,275,247,226,1744,9:12:00 PM,8,9:50:00 PM,9:20:00 PM,-30,Friday,Feb
01/11/2015,EV,5698,N834AS,BDL,IAD,7:55:00 AM,6:45:00 AM,-10,16,12:01:00 PM,88,84,63,326,10:04:00 PM,5,12:23:00 AM,10:09:00 PM,-14,Sunday,Jan
01/18/2015,WN,4835,N553WN,SNA,HOU,12:55:00 PM,1:00:00 PM,5,11,1:11:00 PM,175,175,158,1357,5:49:00 PM,6,5:50:00 PM,5:55:00 PM,5,Sunday,Jan
01/20/2015,EV,4357,N14204,EWR,CMH,4:50:00 PM,4:47:00 PM,-3,10,4:57:00 PM,115,98,78,463,6:15:00 PM,10,6:45:00 PM,6:25:00 PM,-20,Tuesday,Jan
02/11/2015,MQ,3061,N856MQ,AZO,ORD,4:30:00 PM,4:23:00 PM,-7,23,4:46:00 PM,63,70,35,122,4:21:00 PM,12,4:33:00 PM,4:33:00 PM,0,Wednesday,Feb
01/22/2015,DL,845,N945DN,ATL,PBI,11:57:00 PM,11:56:00 PM,-1,25,10:21:00 AM,111,109,80,545,11:41:00 AM,4,11:48:00 AM,11:45:00 AM,-3,Thursday,Jan
01/29/2015,UA,1641,N37465,EWR,MCO,1:00:00 PM,12:56:00 PM,-4,9,1:05:00 PM,173,146,131,937,3:16:00 PM,6,3:53:00 PM,3:22:00 PM,-31,Thursday,Jan
01/07/2015,DL,1742,N989DL,ATL,FAY,7:12:00 PM,7:16:00 PM,4,21,7:37:00 PM,77,69,42,331,8:19:00 PM,6,8:29:00 PM,8:25:00 PM,-4,Wednesday,Jan
01/01/2015,DL,1136,N830DN,RSW,ATL,5:00:00 PM,4:56:00 PM,-4,9,5:05:00 PM,109,95,80,515,6:25:00 PM,6,6:49:00 PM,6:31:00 PM,-18,Thursday,Jan
02/04/2015,WN,1011,N287WN,DEN,OKC,3:25:00 PM,3:30:00 PM,5,12,3:42:00 PM,95,86,70,495,5:52:00 PM,4,6:00:00 PM,5:56:00 PM,-4,Wednesday,Feb
01/14/2015,B6,1038,N358JB,AUS,BOS,6:45:00 PM,7:30:00 PM,45,14,7:44:00 PM,214,219,196,1698,12:00:00 AM,9,11:19:00 PM,9:09:00 AM,50,Wednesday,Jan
01/26/2015,OO,5438,N564SW,PUB,DEN,5:04:00 PM,4:48:00 PM,-16,5,4:53:00 PM,48,36,26,109,5:19:00 PM,5,5:52:00 PM,5:24:00 PM,-28,Monday,Jan
01/17/2015,WN,3172,N759GS,ATL,RIC,10:50:00 AM,10:43:00 AM,-7,11,10:54:00 AM,100,78,64,481,11:58:00 AM,3,12:30:00 PM,12:01:00 PM,-29,Saturday,Jan
01/20/2015,US,459,N181UW,PHX,DEN,10:40:00 PM,11:51:00 PM,11,25,10:16:00 AM,112,109,78,602,11:34:00 AM,6,11:32:00 AM,11:40:00 AM,8,Tuesday,Jan
02/05/2015,HA,364,N486HA,HNL,OGG,12:33:00 PM,12:40:00 PM,7,27,1:07:00 PM,39,53,20,100,1:27:00 PM,6,1:12:00 PM,1:33:00 PM,21,Thursday,Feb
01/13/2015,MQ,3316,N524MQ,DFW,CID,11:35:00 AM,11:55:00 AM,20,16,12:11:00 PM,114,131,86,685,1:37:00 PM,29,1:29:00 PM,2:06:00 PM,37,Tuesday,Jan
01/15/2015,VX,29,N839VA,JFK,SFO,6:50:00 PM,7:07:00 PM,17,27,7:34:00 PM,410,375,343,2586,10:17:00 PM,5,10:40:00 PM,10:22:00 PM,-18,Thursday,Jan
01/11/2015,OO,7429,N431SW,PIH,SLC,12:30:00 PM,12:34:00 PM,4,10,12:44:00 PM,45,46,30,150,1:14:00 PM,6,1:15:00 PM,1:20:00 PM,5,Sunday,Jan
02/03/2015,DL,1375,N361NB,ATL,GSP,12:38:00 PM,12:33:00 PM,-5,15,12:48:00 PM,58,49,31,153,1:19:00 PM,3,1:36:00 PM,1:22:00 PM,-14,Tuesday,Feb
02/12/2015,DL,1479,N6711M,DTW,TPA,12:00:00 PM,11:58:00 AM,-2,17,12:15:00 PM,170,153,132,983,2:27:00 PM,4,2:50:00 PM,2:31:00 PM,-19,Thursday,Feb
01/12/2015,AA,1626,N3KTAA,MSP,ORD,12:01:00 PM,12:16:00 PM,15,23,12:39:00 PM,88,94,52,334,1:31:00 PM,19,1:29:00 PM,1:50:00 PM,21,Monday,Jan
01/14/2015,MQ,3189,N523MQ,CID,DFW,7:59:00 AM,7:58:00 AM,-1,8,12:06:00 PM,141,155,104,685,3:50:00 AM,43,10:20:00 AM,11:33:00 AM,13,Wednesday,Jan
02/10/2015,UA,1012,N24202,DFW,IAH,5:30:00 AM,4:29:00 AM,-1,14,6:43:00 AM,68,62,36,224,1:19:00 PM,12,3:38:00 PM,3:31:00 PM,-7,Tuesday,Feb
01/14/2015,UA,580,N837UA,IAH,SFO,3:02:00 PM,3:24:00 PM,22,15,3:39:00 PM,261,259,236,1635,5:35:00 PM,8,5:23:00 PM,5:43:00 PM,20,Wednesday,Jan
01/21/2015,AS,67,N531AS,JNU,ANC,7:55:00 PM,7:49:00 PM,-6,9,7:58:00 PM,105,96,83,571,9:21:00 PM,4,9:40:00 PM,9:25:00 PM,-15,Wednesday,Jan
02/06/2015,AA,384,N3DYAA,LAX,MIA,11:45:00 PM,11:44:00 PM,-1,20,4:04:00 AM,284,287,258,2342,12:22:00 AM,9,12:29:00 AM,1:31:00 AM,2,Friday,Feb
01/23/2015,AA,1653,N3KJAA,JFK,CLT,10:20:00 AM,9:17:00 AM,-3,20,11:37:00 AM,132,132,101,541,10:18:00 AM,11,10:32:00 AM,10:29:00 AM,-3,Friday,Jan
02/02/2015,UA,1662,N76514,DCA,SFO,11:30:00 AM,11:36:00 AM,6,12,12:48:00 PM,380,348,328,2442,11:16:00 AM,8,11:50:00 AM,11:24:00 AM,-26,Monday,Feb
01/25/2015,VX,769,N839VA,LGA,DAL,6:30:00 PM,6:28:00 PM,-2,38,7:06:00 PM,250,226,185,1381,9:11:00 PM,3,9:40:00 PM,9:14:00 PM,-26,Sunday,Jan
01/23/2015,US,1960,N102UW,CLT,BWI,10:45:00 PM,9:38:00 PM,-7,11,10:49:00 PM,85,71,54,361,10:43:00 AM,6,11:10:00 AM,10:49:00 AM,-21,Friday,Jan
02/08/2015,OO,6492,N913SW,DEN,COD,6:45:00 PM,6:40:00 PM,-5,21,7:01:00 PM,91,90,65,391,8:06:00 PM,4,8:16:00 PM,8:10:00 PM,-6,Sunday,Feb
01/05/2015,WN,41,N937WN,HOU,LGA,6:10:00 PM,7:12:00 PM,62,14,7:26:00 PM,195,251,157,1428,11:03:00 PM,80,10:25:00 PM,11:23:00 PM,118,Monday,Jan
01/07/2015,MQ,2996,N935MQ,DFW,VPS,10:55:00 AM,10:56:00 AM,1,20,11:16:00 AM,109,106,81,641,12:37:00 PM,5,12:44:00 PM,12:42:00 PM,-2,Wednesday,Jan
01/30/2015,MQ,3141,N900MQ,FWA,ORD,12:02:00 PM,7:55:00 AM,-7,21,1:16:00 PM,68,59,32,157,6:48:00 AM,6,1:10:00 PM,7:54:00 AM,-16,Friday,Jan
02/01/2015,AA,245,N3MCAA,DCA,LAX,5:10:00 PM,5:06:00 PM,-4,13,5:19:00 PM,357,340,312,2311,7:31:00 PM,15,8:07:00 PM,7:46:00 PM,-21,Sunday,Feb
01/01/2015,EV,4602,N14198,XNA,EWR,4:48:00 PM,5:04:00 PM,16,26,5:30:00 PM,171,169,134,1131,8:44:00 PM,9,8:39:00 PM,8:53:00 PM,14,Thursday,Jan
02/08/2015,F9,1105,N223FR,FLL,CLE,10:40:00 PM,10:40:00 PM,0,14,11:54:00 PM,170,164,141,1062,12:15:00 PM,9,12:30:00 PM,12:24:00 PM,-6,Sunday,Feb
01/12/2015,EV,4762,N14977,GRR,EWR,9:35:00 PM,9:31:00 PM,-4,12,10:43:00 PM,110,100,79,605,11:02:00 AM,9,11:25:00 AM,11:11:00 AM,-14,Monday,Jan
02/09/2015,VX,918,N529VA,SFO,LAS,6:00:00 PM,6:00:00 PM,0,11,6:11:00 PM,90,84,65,414,7:16:00 PM,8,7:30:00 PM,7:24:00 PM,-6,Monday,Feb
01/26/2015,OO,4681,N812SK,EUG,SLC,12:00:00 PM,7:52:00 AM,-8,12,12:04:00 PM,115,99,83,618,10:27:00 AM,4,1:55:00 PM,11:31:00 AM,-24,Monday,Jan
01/07/2015,WN,157,N609SW,PHX,ELP,10:00:00 PM,5:56:00 PM,-4,9,10:05:00 PM,65,66,51,347,3:56:00 AM,6,8:05:00 AM,8:02:00 AM,-3,Wednesday,Jan
01/19/2015,DL,1159,N919DE,BUF,ATL,4:11:00 PM,4:06:00 PM,-5,24,4:30:00 PM,146,129,100,712,6:10:00 PM,5,6:37:00 PM,6:15:00 PM,-22,Monday,Jan
01/06/2015,MQ,3380,N670MQ,LFT,DFW,6:09:00 PM,6:15:00 PM,6,11,6:26:00 PM,86,82,62,351,7:28:00 PM,9,7:35:00 PM,7:37:00 PM,2,Tuesday,Jan
01/17/2015,EV,5319,N751EV,PIT,LGA,10:00:00 PM,5:55:00 PM,-5,29,12:24:00 AM,104,84,50,335,9:14:00 AM,5,12:44:00 PM,9:19:00 AM,-25,Saturday,Jan
01/29/2015,WN,2163,N8609A,LAS,MDW,12:10:00 PM,12:11:00 PM,1,14,12:25:00 PM,210,194,174,1521,5:19:00 PM,6,5:40:00 PM,5:25:00 PM,-15,Thursday,Jan
01/12/2015,US,1880,N751UW,MCO,DCA,1:08:00 PM,1:00:00 PM,-8,17,1:17:00 PM,126,126,99,759,2:56:00 PM,10,3:14:00 PM,3:06:00 PM,-8,Monday,Jan
01/11/2015,WN,1982,N524SW,OKC,DAL,1:45:00 PM,1:44:00 PM,-1,8,1:52:00 PM,55,49,37,181,2:29:00 PM,4,2:40:00 PM,2:33:00 PM,-7,Sunday,Jan
01/23/2015,DL,1263,N975DL,PVD,ATL,4:40:00 PM,3:38:00 PM,-2,13,5:51:00 PM,184,180,159,903,9:30:00 PM,8,10:44:00 PM,9:38:00 PM,-6,Friday,Jan
01/05/2015,DL,2126,N909DL,PIT,ATL,10:24:00 AM,10:25:00 AM,1,42,6:07:00 PM,127,135,86,526,10:33:00 AM,7,10:31:00 AM,10:40:00 AM,9,Monday,Jan
01/07/2015,DL,2303,N970AT,BHM,ATL,6:05:00 PM,1:59:00 PM,-6,13,7:12:00 PM,65,51,29,134,10:41:00 AM,9,11:10:00 AM,10:50:00 AM,-20,Wednesday,Jan
01/20/2015,NK,342,N606NK,PHX,MSP,3:15:00 PM,5:06:00 PM,111,10,5:16:00 PM,186,170,152,1276,8:48:00 PM,8,7:21:00 PM,8:56:00 PM,95,Tuesday,Jan
01/01/2015,AS,320,N622AS,SEA,SFO,12:05:00 PM,12:02:00 PM,-3,21,2:23:00 PM,125,125,97,679,8:00:00 AM,7,9:10:00 AM,8:07:00 AM,-3,Thursday,Jan
02/07/2015,OO,4743,N809SK,SNA,SLC,4:35:00 PM,4:33:00 PM,-2,13,4:46:00 PM,110,97,80,588,7:06:00 PM,4,7:25:00 PM,7:10:00 PM,-15,Saturday,Feb
01/25/2015,EV,4957,N146PQ,IAH,ATL,12:00:00 PM,7:55:00 AM,-5,11,12:06:00 PM,113,109,84,689,11:30:00 AM,14,1:53:00 PM,12:44:00 PM,-9,Sunday,Jan
01/02/2015,EV,4192,N13978,IAH,ELP,11:25:00 AM,11:21:00 AM,-4,18,11:39:00 AM,123,119,99,667,12:18:00 PM,2,12:28:00 PM,12:20:00 PM,-8,Friday,Jan
01/14/2015,HA,239,N493HA,HNL,LIH,5:23:00 PM,5:31:00 PM,8,12,5:43:00 PM,37,39,23,102,6:06:00 PM,4,6:00:00 PM,6:10:00 PM,10,Wednesday,Jan
01/07/2015,WN,2242,N8325D,MDW,BWI,4:35:00 PM,5:27:00 PM,52,14,5:41:00 PM,105,105,85,611,8:06:00 PM,6,7:20:00 PM,8:12:00 PM,52,Wednesday,Jan
01/27/2015,MQ,3442,N606MQ,ORD,CMI,9:25:00 PM,9:32:00 PM,7,40,10:12:00 PM,49,66,24,135,10:36:00 PM,2,10:14:00 PM,10:38:00 PM,24,Tuesday,Jan
02/12/2015,WN,4386,N388SW,ROC,BWI,3:30:00 PM,1:30:00 AM,60,13,2:43:00 AM,85,74,55,277,11:38:00 AM,6,3:55:00 AM,12:44:00 PM,49,Thursday,Feb
02/01/2015,DL,2386,N136DL,LAS,ATL,11:29:00 AM,11:24:00 AM,-5,33,11:57:00 AM,229,234,191,1747,6:08:00 PM,10,6:18:00 PM,6:18:00 PM,0,Sunday,Feb
01/25/2015,UA,1286,N16703,SRQ,ORD,2:08:00 PM,6:02:00 PM,234,10,6:12:00 PM,180,176,156,1050,7:48:00 PM,10,4:08:00 PM,7:58:00 PM,230,Sunday,Jan
02/03/2015,WN,2429,N921WN,SMF,SNA,3:05:00 PM,3:15:00 PM,10,7,3:22:00 PM,80,73,63,404,4:25:00 PM,3,4:25:00 PM,4:28:00 PM,3,Tuesday,Feb
01/03/2015,HA,20,N580HA,HNL,SMF,2:55:00 PM,3:17:00 PM,22,54,4:11:00 PM,315,342,280,2462,10:51:00 PM,8,10:10:00 PM,10:59:00 PM,49,Saturday,Jan
02/11/2015,AS,349,N791AS,OAK,SEA,6:55:00 PM,6:48:00 PM,-7,14,7:02:00 PM,115,114,95,671,8:37:00 PM,5,8:50:00 PM,8:42:00 PM,-8,Wednesday,Feb
01/31/2015,UA,1266,N76269,LAX,SFO,1:10:00 PM,2:25:00 PM,75,17,2:42:00 PM,91,78,56,337,3:38:00 PM,5,2:41:00 PM,3:43:00 PM,62,Saturday,Jan
02/01/2015,DL,1978,N915DN,ATL,RIC,10:00:00 PM,10:28:00 PM,28,12,10:40:00 PM,92,75,58,481,11:38:00 PM,5,11:32:00 PM,11:43:00 PM,11,Sunday,Feb
01/02/2015,F9,704,N204FR,DEN,MSY,2:28:00 PM,3:19:00 PM,51,14,3:33:00 PM,145,154,135,1062,6:48:00 PM,5,5:53:00 PM,6:53:00 PM,60,Friday,Jan
02/05/2015,DL,2162,N342NW,DTW,PHL,5:41:00 PM,6:15:00 PM,34,32,6:47:00 PM,113,107,71,453,7:58:00 PM,4,7:34:00 PM,8:02:00 PM,28,Thursday,Feb
01/26/2015,OO,5640,N295SW,SFO,SBA,11:30:00 AM,11:36:00 AM,6,15,1:51:00 PM,85,88,71,262,10:02:00 AM,2,11:55:00 PM,10:04:00 AM,9,Monday,Jan
01/06/2015,EV,5356,N926EV,ATL,PHF,1:52:00 PM,1:48:00 PM,-4,20,2:08:00 PM,93,104,82,508,3:30:00 PM,2,3:25:00 PM,3:32:00 PM,7,Tuesday,Jan
02/11/2015,WN,891,N259WN,ABQ,DAL,12:00:00 PM,7:55:00 AM,-5,19,1:14:00 PM,100,101,78,580,11:32:00 AM,4,12:40:00 PM,11:36:00 AM,-4,Wednesday,Feb
01/23/2015,US,2043,N806AW,CLT,PBI,8:15:00 PM,8:14:00 PM,-1,20,8:34:00 PM,112,118,91,590,10:05:00 PM,7,10:07:00 PM,10:12:00 PM,5,Friday,Jan
01/17/2015,EV,3950,N13979,TVC,ORD,3:59:00 PM,3:51:00 PM,-8,12,4:03:00 PM,76,70,45,224,3:48:00 PM,13,4:15:00 PM,4:01:00 PM,-14,Saturday,Jan
02/09/2015,UA,223,N412UA,EWR,MIA,2:01:00 PM,5:00:00 PM,179,13,5:13:00 PM,194,187,166,1085,7:59:00 PM,8,5:15:00 PM,8:07:00 PM,172,Monday,Feb
01/30/2015,DL,2128,N136DL,DTW,MCO,10:05:00 AM,10:03:00 AM,-2,15,10:18:00 AM,180,147,121,957,12:19:00 PM,11,1:05:00 PM,12:30:00 PM,-35,Friday,Jan
01/13/2015,MQ,3207,N918MQ,DFW,GRR,2:35:00 PM,2:45:00 PM,10,19,3:04:00 PM,145,147,121,931,6:05:00 PM,7,6:00:00 PM,6:12:00 PM,12,Tuesday,Jan
01/18/2015,WN,20,N508SW,HOU,DAL,11:00:00 AM,10:58:00 AM,-2,11,11:09:00 AM,60,59,44,239,11:53:00 AM,4,12:00:00 PM,11:57:00 AM,-3,Sunday,Jan
02/07/2015,AS,324,N703AS,SEA,SJC,12:10:00 PM,12:08:00 PM,-2,26,12:34:00 PM,123,144,114,697,2:28:00 PM,4,2:13:00 PM,2:32:00 PM,19,Saturday,Feb
01/15/2015,OO,6287,N929EV,SFO,SBA,1:50:00 PM,3:27:00 PM,97,26,3:53:00 PM,71,78,48,262,4:41:00 PM,4,3:01:00 PM,4:45:00 PM,104,Thursday,Jan
01/12/2015,AA,1143,N016AA,DFW,GUC,1:00:00 PM,12:56:00 PM,-4,17,1:13:00 PM,128,125,105,678,1:58:00 PM,3,2:08:00 PM,2:01:00 PM,-7,Monday,Jan
02/09/2015,WN,2589,N670SW,SAT,DAL,10:55:00 AM,10:51:00 AM,-4,8,10:59:00 AM,60,58,44,248,11:43:00 AM,6,11:55:00 AM,11:49:00 AM,-6,Monday,Feb
01/18/2015,EV,5034,N916EV,VLD,ATL,11:06:00 AM,11:04:00 AM,-2,8,11:12:00 AM,60,66,53,208,12:05:00 PM,5,12:06:00 PM,12:10:00 PM,4,Sunday,Jan
02/04/2015,EV,4386,N14902,ELP,IAH,11:40:00 AM,11:34:00 AM,-6,15,11:49:00 AM,113,132,105,667,2:34:00 PM,12,2:33:00 PM,2:46:00 PM,13,Wednesday,Feb
02/03/2015,DL,2324,N3737C,SLC,ATL,10:06:00 AM,10:03:00 AM,-3,16,11:19:00 AM,212,192,171,1590,1:10:00 PM,5,3:38:00 PM,1:15:00 PM,-23,Tuesday,Feb
01/31/2015,UA,370,N544UA,SFO,OGG,11:38:00 AM,11:30:00 AM,-8,14,12:44:00 PM,335,314,296,2338,11:40:00 AM,4,12:13:00 PM,11:44:00 AM,-29,Saturday,Jan
01/02/2015,UA,1602,N75433,PDX,EWR,11:30:00 PM,11:38:00 PM,8,10,11:48:00 PM,296,277,259,2434,10:07:00 PM,8,12:26:00 AM,11:15:00 PM,-11,Friday,Jan
01/26/2015,WN,1271,N636WN,ATL,TPA,6:55:00 PM,7:48:00 PM,53,20,8:08:00 PM,85,79,56,406,9:04:00 PM,3,8:20:00 PM,9:07:00 PM,47,Monday,Jan
01/13/2015,WN,3925,N7744A,BOS,MDW,12:35:00 PM,12:34:00 PM,-1,15,12:49:00 PM,180,160,140,861,2:09:00 PM,5,2:35:00 PM,2:14:00 PM,-21,Tuesday,Jan
02/04/2015,EV,5470,N707EV,BUF,LGA,6:59:00 PM,6:57:00 PM,-2,32,7:29:00 PM,91,130,87,292,8:56:00 PM,11,8:30:00 PM,9:07:00 PM,37,Wednesday,Feb
01/03/2015,OO,6336,N973SW,SFO,RNO,11:30:00 AM,10:28:00 AM,-2,13,12:41:00 PM,61,55,37,192,7:18:00 PM,5,9:31:00 PM,8:23:00 PM,-8,Saturday,Jan
01/08/2015,DL,2595,N974DL,ATL,ORF,5:33:00 PM,6:19:00 PM,46,11,6:30:00 PM,93,78,64,516,7:34:00 PM,3,7:06:00 PM,7:37:00 PM,31,Thursday,Jan
01/11/2015,DL,2077,N925AT,VPS,ATL,2:33:00 PM,2:33:00 PM,0,32,3:05:00 PM,75,80,40,250,4:45:00 PM,8,4:48:00 PM,4:53:00 PM,5,Sunday,Jan
01/27/2015,UA,1181,N29717,IAD,PHX,5:40:00 PM,5:50:00 PM,10,14,6:04:00 PM,316,290,267,1956,8:31:00 PM,9,8:56:00 PM,8:40:00 PM,-16,Tuesday,Jan
01/13/2015,AA,267,N5DFAA,LAX,HNL,6:50:00 PM,7:03:00 PM,13,17,7:20:00 PM,368,353,333,2556,10:53:00 PM,3,10:58:00 PM,10:56:00 PM,-2,Tuesday,Jan
01/24/2015,OO,5200,N507CA,SFO,PSP,5:03:00 PM,4:57:00 PM,-6,14,5:11:00 PM,88,90,70,421,6:21:00 PM,6,6:31:00 PM,6:27:00 PM,-4,Saturday,Jan
01/20/2015,DL,15,N751AT,ATL,SLC,4:30:00 PM,4:31:00 PM,1,16,4:47:00 PM,261,248,226,1590,6:33:00 PM,6,6:51:00 PM,6:39:00 PM,-12,Tuesday,Jan
01/27/2015,AA,1613,N3DFAA,SJU,MIA,5:01:00 PM,4:54:00 PM,-7,11,5:05:00 PM,179,175,150,1045,6:35:00 PM,14,7:00:00 PM,6:49:00 PM,-11,Tuesday,Jan
01/13/2015,WN,188,N294WN,BNA,MCI,4:45:00 PM,4:45:00 PM,0,23,5:08:00 PM,100,110,78,491,6:26:00 PM,9,6:25:00 PM,6:35:00 PM,10,Tuesday,Jan
01/05/2015,AA,17,N012AA,ATL,MIA,10:00:00 PM,5:55:00 PM,-5,16,11:11:00 PM,112,106,84,594,11:35:00 AM,6,1:52:00 PM,12:41:00 PM,-11,Monday,Jan
02/08/2015,UA,1617,N24224,ORD,MSP,7:35:00 PM,7:38:00 PM,3,10,7:48:00 PM,90,70,54,334,8:42:00 PM,6,9:05:00 PM,8:48:00 PM,-17,Sunday,Feb
01/19/2015,WN,896,N400WN,BUR,SJC,4:25:00 PM,4:40:00 PM,15,13,4:53:00 PM,65,72,55,296,5:48:00 PM,4,5:30:00 PM,5:52:00 PM,22,Monday,Jan
01/31/2015,AA,1697,N001AA,STL,MIA,4:40:00 PM,4:35:00 PM,-5,10,4:45:00 PM,165,158,137,1068,8:02:00 PM,11,8:25:00 PM,8:13:00 PM,-12,Saturday,Jan
01/04/2015,DL,1421,N682DA,SEA,ATL,10:30:00 PM,10:28:00 PM,-2,15,10:43:00 PM,273,247,227,2182,5:30:00 AM,5,12:03:00 PM,5:35:00 AM,-28,Sunday,Jan
01/05/2015,UA,1718,N81449,DEN,LAX,11:25:00 AM,12:27:00 PM,62,15,12:42:00 PM,153,130,108,862,1:30:00 PM,7,12:58:00 PM,1:37:00 PM,39,Monday,Jan
01/04/2015,DL,1451,N124DE,MSP,LAS,5:50:00 PM,6:05:00 PM,15,17,6:22:00 PM,214,198,174,1299,7:16:00 PM,7,7:24:00 PM,7:23:00 PM,-1,Sunday,Jan
02/06/2015,OO,5346,N291SW,CLD,LAX,1:04:00 PM,1:04:00 PM,0,11,1:15:00 PM,46,48,23,86,1:38:00 PM,14,1:50:00 PM,1:52:00 PM,2,Friday,Feb
01/10/2015,WN,4420,N8609A,LAS,BNA,4:40:00 PM,4:58:00 PM,18,8,5:06:00 PM,205,202,189,1587,10:15:00 PM,5,10:05:00 PM,10:20:00 PM,15,Saturday,Jan
02/08/2015,B6,1522,N537JB,LGB,PDX,10:05:00 AM,11:59:00 PM,-6,10,10:09:00 AM,145,123,108,846,11:57:00 AM,5,12:30:00 PM,12:02:00 PM,-28,Sunday,Feb
01/05/2015,WN,182,N7702A,OAK,PDX,11:20:00 AM,11:18:00 AM,-2,6,11:24:00 AM,100,90,80,543,12:44:00 PM,4,1:00:00 PM,12:48:00 PM,-12,Monday,Jan
02/01/2015,UA,1615,N37267,EWR,AUS,8:15:00 PM,8:14:00 PM,-1,10,8:24:00 PM,255,244,230,1504,11:14:00 PM,4,11:30:00 PM,11:18:00 PM,-12,Sunday,Feb
01/08/2015,AA,1542,N504AA,PHL,DFW,4:56:00 PM,5:13:00 PM,17,20,5:33:00 PM,239,236,201,1303,7:54:00 PM,15,7:55:00 PM,8:09:00 PM,14,Thursday,Jan
01/09/2015,WN,3758,N408WN,MDW,LAX,1:10:00 PM,1:11:00 PM,1,9,2:20:00 PM,280,251,235,1750,9:15:00 AM,7,1:50:00 PM,10:22:00 AM,-28,Friday,Jan
01/24/2015,DL,1494,N948DN,PHL,ATL,11:30:00 AM,12:01:00 PM,31,13,12:14:00 PM,139,125,99,666,1:53:00 PM,13,1:49:00 PM,2:06:00 PM,17,Saturday,Jan
01/18/2015,OO,5256,N745SK,IAH,SAT,12:55:00 PM,12:45:00 PM,-10,10,12:55:00 PM,64,50,37,191,1:32:00 PM,3,1:59:00 PM,1:35:00 PM,-24,Sunday,Jan
01/02/2015,DL,1580,N140LL,ATL,LAS,5:50:00 PM,5:48:00 PM,-2,11,5:59:00 PM,280,255,238,1747,6:57:00 PM,6,7:30:00 PM,7:03:00 PM,-27,Friday,Jan
01/27/2015,US,1929,N825AW,IND,CLT,12:05:00 PM,11:56:00 AM,-9,17,12:13:00 PM,98,94,64,427,1:17:00 PM,13,1:43:00 PM,1:30:00 PM,-13,Tuesday,Jan
01/19/2015,WN,2699,N904WN,BNA,STL,1:55:00 PM,1:51:00 PM,-4,8,1:59:00 PM,70,62,51,272,11:50:00 PM,3,10:05:00 AM,11:53:00 PM,-12,Monday,Jan
02/08/2015,DL,2003,N969AT,LGA,MIA,10:00:00 PM,5:57:00 PM,-3,20,11:17:00 PM,205,174,150,1096,10:47:00 PM,4,10:25:00 AM,11:51:00 PM,-34,Sunday,Feb
01/20/2015,WN,3310,N553WN,LGA,STL,5:55:00 PM,5:53:00 PM,-2,20,11:13:00 PM,180,164,138,888,11:31:00 AM,6,1:55:00 PM,11:37:00 AM,-18,Tuesday,Jan
01/25/2015,UA,1609,N53442,ORD,LAS,11:50:00 AM,11:49:00 AM,-1,19,12:08:00 PM,244,213,184,1514,1:12:00 PM,10,1:54:00 PM,1:22:00 PM,-32,Sunday,Jan
01/02/2015,WN,4466,N489WN,BUR,SJC,8:00:00 AM,8:08:00 AM,8,14,10:22:00 AM,65,68,51,296,7:13:00 PM,3,6:05:00 PM,7:16:00 PM,11,Friday,Jan
01/05/2015,AA,1049,N3FPAA,DFW,RDU,5:40:00 PM,6:24:00 PM,44,15,6:39:00 PM,145,140,121,1061,9:40:00 PM,4,9:05:00 PM,9:44:00 PM,39,Monday,Jan
01/06/2015,EV,5960,N12145,DEN,LBB,7:46:00 PM,7:58:00 PM,12,17,8:15:00 PM,90,87,63,456,10:18:00 PM,7,10:16:00 PM,10:25:00 PM,9,Tuesday,Jan
01/19/2015,WN,581,N412WN,ATL,RIC,10:35:00 AM,10:27:00 AM,-8,14,10:41:00 AM,95,88,68,481,11:49:00 AM,6,12:10:00 PM,11:55:00 AM,-15,Monday,Jan
01/19/2015,EV,5073,N740EV,MSP,BIS,9:40:00 PM,9:37:00 PM,-3,12,9:49:00 PM,90,76,61,386,10:50:00 PM,3,11:10:00 PM,10:53:00 PM,-17,Monday,Jan
01/07/2015,HA,121,N487HA,ITO,HNL,12:40:00 PM,1:51:00 PM,11,7,1:58:00 PM,50,48,36,216,9:34:00 PM,5,9:30:00 PM,9:39:00 PM,9,Wednesday,Jan
02/05/2015,EV,4131,N21130,EWR,OMA,10:00:00 PM,5:50:00 PM,-10,15,10:05:00 PM,205,202,182,1134,6:07:00 PM,5,8:25:00 PM,7:12:00 PM,-13,Thursday,Feb
01/06/2015,OO,4691,N437SW,MSP,LAN,7:52:00 PM,7:51:00 PM,-1,28,8:19:00 PM,96,92,60,455,10:19:00 PM,4,10:28:00 PM,10:23:00 PM,-5,Tuesday,Jan
02/08/2015,AA,1513,N022AA,DFW,ATL,10:00:00 PM,5:54:00 PM,-6,10,10:04:00 PM,120,125,105,731,10:49:00 PM,10,10:00:00 AM,11:59:00 PM,-1,Sunday,Feb
01/19/2015,WN,3473,N7738A,DEN,DTW,7:30:00 PM,7:28:00 PM,-2,16,7:44:00 PM,160,161,134,1123,11:58:00 PM,11,10:10:00 AM,9:09:00 AM,-1,Monday,Jan
02/09/2015,B6,918,N329JB,JFK,BOS,4:45:00 PM,5:06:00 PM,21,19,5:25:00 PM,74,80,34,187,5:59:00 PM,27,5:59:00 PM,6:26:00 PM,27,Monday,Feb
01/31/2015,UA,1094,N68452,IAD,MCO,5:03:00 PM,5:05:00 PM,2,12,5:17:00 PM,142,125,105,758,7:02:00 PM,8,7:25:00 PM,7:10:00 PM,-15,Saturday,Jan
01/03/2015,AA,1624,N403AA,PHX,DFW,11:10:00 PM,10:05:00 PM,-5,20,12:25:00 AM,140,149,108,868,10:13:00 AM,21,10:30:00 AM,10:34:00 AM,4,Saturday,Jan
01/04/2015,MQ,3036,N660MQ,DFW,XNA,11:25:00 AM,11:36:00 AM,11,19,11:55:00 AM,63,72,46,280,12:41:00 PM,7,12:28:00 PM,12:48:00 PM,20,Sunday,Jan
02/07/2015,EV,5334,N848AS,ABY,ATL,2:08:00 PM,2:02:00 PM,-6,10,2:12:00 PM,56,50,33,145,2:45:00 PM,7,3:04:00 PM,2:52:00 PM,-12,Saturday,Feb
01/06/2015,DL,2570,N827DN,MSP,SAN,7:35:00 PM,7:43:00 PM,8,15,7:58:00 PM,239,218,197,1532,9:15:00 PM,6,9:34:00 PM,9:21:00 PM,-13,Tuesday,Jan
01/10/2015,MQ,3361,N814MQ,JFK,RDU,12:40:00 PM,12:32:00 PM,-8,20,12:52:00 PM,101,99,75,427,2:07:00 PM,4,2:21:00 PM,2:11:00 PM,-10,Saturday,Jan
02/02/2015,DL,2357,N974DL,DTW,MKE,12:15:00 PM,5:29:00 PM,314,18,5:47:00 PM,77,70,45,237,5:32:00 PM,7,12:32:00 PM,5:39:00 PM,307,Monday,Feb
02/05/2015,WN,449,N741SA,MCI,MSP,10:45:00 AM,10:41:00 AM,-4,11,10:52:00 AM,80,86,71,393,12:03:00 PM,4,12:05:00 PM,12:07:00 PM,2,Thursday,Feb
02/05/2015,OO,5175,N760SK,IAH,ONT,5:35:00 PM,5:34:00 PM,-1,12,5:46:00 PM,216,189,174,1334,6:40:00 PM,3,7:11:00 PM,6:43:00 PM,-28,Thursday,Feb
01/20/2015,DL,1730,N932DL,ATL,CHS,12:10:00 PM,12:09:00 PM,-1,10,12:19:00 PM,69,53,39,259,12:58:00 PM,4,1:19:00 PM,1:02:00 PM,-17,Tuesday,Jan
01/05/2015,OO,4832,N633SK,LAX,SJC,2:25:00 PM,2:28:00 PM,3,21,4:49:00 PM,78,74,50,308,1:39:00 AM,3,2:43:00 AM,2:42:00 AM,-1,Monday,Jan
02/01/2015,WN,1740,N258WN,DEN,CAK,10:55:00 AM,10:56:00 AM,1,24,11:20:00 AM,165,168,139,1224,3:39:00 PM,5,3:40:00 PM,3:44:00 PM,4,Sunday,Feb
01/14/2015,HA,114,N492HA,HNL,OGG,3:32:00 PM,2:25:00 PM,-7,16,4:41:00 PM,36,44,21,100,10:02:00 PM,7,10:08:00 PM,10:09:00 PM,1,Wednesday,Jan
01/18/2015,AA,1292,N476AA,DFW,TUL,10:45:00 AM,11:47:00 AM,62,12,11:59:00 AM,59,63,47,237,12:46:00 PM,4,11:44:00 AM,12:50:00 PM,66,Sunday,Jan
01/22/2015,OO,5472,N963SW,SPI,ORD,6:18:00 PM,6:11:00 PM,-7,9,6:20:00 PM,64,66,46,174,7:06:00 PM,11,7:22:00 PM,7:17:00 PM,-5,Thursday,Jan
01/31/2015,WN,316,N935WN,PHX,LAS,3:00:00 PM,3:08:00 PM,8,19,3:27:00 PM,65,78,50,255,3:17:00 PM,9,3:05:00 PM,3:26:00 PM,21,Saturday,Jan
01/11/2015,MQ,3327,N6EAMQ,DFW,CRP,4:20:00 PM,4:24:00 PM,4,9,4:33:00 PM,75,73,60,354,5:33:00 PM,4,5:35:00 PM,5:37:00 PM,2,Sunday,Jan
01/30/2015,OO,5431,N905SW,MKE,ORD,1:15:00 PM,1:08:00 PM,-7,11,1:19:00 PM,53,42,21,67,1:40:00 PM,10,2:08:00 PM,1:50:00 PM,-18,Friday,Jan
01/28/2015,WN,1613,N424WN,SLC,PHX,11:50:00 AM,11:48:00 AM,-2,9,11:57:00 AM,100,90,76,507,1:13:00 PM,5,1:30:00 PM,1:18:00 PM,-12,Wednesday,Jan
01/24/2015,WN,3382,N8650F,PHX,MDW,11:20:00 AM,11:17:00 AM,-3,10,11:27:00 AM,210,203,187,1444,3:34:00 PM,6,3:50:00 PM,3:40:00 PM,-10,Saturday,Jan
01/31/2015,WN,2658,N494WN,LAS,BUR,8:30:00 PM,8:19:00 PM,-11,10,8:29:00 PM,65,55,42,223,9:11:00 PM,3,9:35:00 PM,9:14:00 PM,-21,Saturday,Jan
01/06/2015,WN,4212,N407WN,MDW,PHL,10:05:00 AM,10:50:00 AM,45,9,10:59:00 AM,110,97,83,668,1:22:00 PM,5,12:55:00 PM,1:27:00 PM,32,Tuesday,Jan
01/03/2015,B6,315,N309JB,SYR,JFK,11:40:00 AM,11:29:00 AM,-11,18,11:47:00 AM,70,66,42,209,12:29:00 PM,6,12:50:00 PM,12:35:00 PM,-15,Saturday,Jan
02/06/2015,WN,4529,N356SW,MCO,ISP,4:00:00 PM,4:02:00 PM,2,10,4:12:00 PM,145,152,138,971,6:30:00 PM,4,6:25:00 PM,6:34:00 PM,9,Friday,Feb
02/03/2015,OO,5479,N943SW,ORD,MBS,10:10:00 AM,11:07:00 AM,57,21,11:28:00 AM,70,63,38,222,1:06:00 PM,4,12:20:00 PM,1:10:00 PM,50,Tuesday,Feb
01/31/2015,DL,1058,N553NW,MCO,ATL,4:30:00 PM,4:28:00 PM,-2,11,4:39:00 PM,102,79,59,404,5:38:00 PM,9,6:12:00 PM,5:47:00 PM,-25,Saturday,Jan
02/10/2015,B6,1485,N374JB,BOS,PIT,11:30:00 AM,6:03:00 PM,33,35,9:38:00 PM,115,121,81,496,10:59:00 AM,5,10:25:00 AM,11:04:00 AM,39,Tuesday,Feb
01/07/2015,AS,601,N526AS,LAS,SEA,9:58:00 PM,9:48:00 PM,-10,18,10:06:00 PM,151,145,123,867,9:09:00 AM,4,5:29:00 AM,1:13:00 PM,-16,Wednesday,Jan
02/07/2015,EV,6050,N27152,ORD,SBN,10:18:00 AM,10:12:00 AM,-6,17,10:29:00 AM,48,43,22,84,11:51:00 AM,4,12:06:00 PM,11:55:00 AM,-11,Saturday,Feb
01/30/2015,DL,2668,N924AT,LGA,BOS,5:59:00 PM,1:33:00 AM,34,64,11:37:00 AM,78,115,44,184,8:21:00 PM,7,9:17:00 AM,8:28:00 PM,71,Friday,Jan
01/21/2015,WN,46,N526SW,DAL,ELP,7:05:00 PM,7:06:00 PM,1,12,7:18:00 PM,105,112,97,562,7:55:00 PM,3,7:50:00 PM,7:58:00 PM,8,Wednesday,Jan
01/16/2015,DL,743,N962DL,ATL,RDU,5:40:00 PM,5:55:00 PM,15,17,6:12:00 PM,82,77,56,356,7:08:00 PM,4,7:02:00 PM,7:12:00 PM,10,Friday,Jan
01/30/2015,UA,1598,N57855,SFO,MCO,6:05:00 PM,7:14:00 PM,9,22,9:36:00 PM,303,300,271,2446,5:07:00 PM,7,5:08:00 PM,5:14:00 PM,6,Friday,Jan
01/25/2015,MQ,3450,N806MQ,DFW,MAF,12:55:00 PM,1:02:00 PM,7,12,1:14:00 PM,72,69,52,309,2:06:00 PM,5,2:07:00 PM,2:11:00 PM,4,Sunday,Jan
02/01/2015,WN,2266,N450WN,CLT,BWI,7:50:00 PM,7:58:00 PM,8,15,8:13:00 PM,85,73,54,361,9:07:00 PM,4,9:15:00 PM,9:11:00 PM,-4,Sunday,Feb
01/31/2015,US,686,N156UW,PHX,SFO,5:59:00 PM,5:58:00 PM,-1,21,6:19:00 PM,125,122,95,651,6:54:00 PM,6,7:04:00 PM,7:00:00 PM,-4,Saturday,Jan
02/03/2015,WN,4569,N7812G,BNA,JAX,6:00:00 PM,6:03:00 PM,3,7,6:10:00 PM,85,82,63,483,8:13:00 PM,12,8:25:00 PM,8:25:00 PM,0,Tuesday,Feb
01/02/2015,WN,2058,N268WN,PHX,ONT,9:15:00 AM,12:41:00 PM,26,11,1:52:00 PM,70,63,48,325,12:40:00 PM,4,10:25:00 AM,12:44:00 PM,19,Friday,Jan
01/17/2015,UA,706,N410UA,SEA,SFO,6:45:00 AM,6:40:00 AM,-5,15,7:55:00 AM,137,121,103,679,1:38:00 AM,3,8:02:00 AM,2:41:00 AM,-21,Saturday,Jan
01/09/2015,WN,1987,N511SW,HOU,CRP,2:35:00 PM,2:45:00 PM,10,8,2:53:00 PM,50,52,40,187,3:33:00 PM,4,3:25:00 PM,3:37:00 PM,12,Friday,Jan
01/03/2015,OO,5204,N701SK,ORD,MSY,6:34:00 PM,8:14:00 PM,100,42,8:56:00 PM,146,199,153,837,11:29:00 PM,4,9:00:00 PM,11:33:00 PM,153,Saturday,Jan
02/10/2015,DL,1323,N911DL,ATL,JAX,8:30:00 PM,8:30:00 PM,0,13,8:43:00 PM,68,58,41,270,9:24:00 PM,4,9:38:00 PM,9:28:00 PM,-10,Tuesday,Feb
01/14/2015,OO,4615,N161PQ,SLC,ABQ,8:57:00 PM,8:55:00 PM,-2,12,9:07:00 PM,93,87,67,493,10:14:00 PM,8,10:30:00 PM,10:22:00 PM,-8,Wednesday,Jan
02/04/2015,AA,2304,N492AA,TUS,DFW,2:53:00 PM,2:49:00 PM,-4,10,2:59:00 PM,132,125,109,813,5:48:00 PM,6,6:05:00 PM,5:54:00 PM,-11,Wednesday,Feb
02/01/2015,US,809,N947UW,DFW,PHL,5:55:00 PM,5:56:00 PM,1,9,6:05:00 PM,179,157,141,1303,9:26:00 PM,7,9:54:00 PM,9:33:00 PM,-21,Sunday,Feb
02/11/2015,OO,2626,N866AS,LAX,SAN,10:25:00 AM,10:20:00 AM,-5,12,10:32:00 AM,45,45,30,109,11:02:00 AM,3,11:10:00 AM,11:05:00 AM,-5,Wednesday,Feb
01/28/2015,WN,3681,N7732A,SMF,LAX,7:05:00 PM,6:58:00 PM,-7,10,7:08:00 PM,80,80,63,373,8:11:00 PM,7,8:25:00 PM,8:18:00 PM,-7,Wednesday,Jan
02/08/2015,WN,1199,N205WN,OAK,BUR,6:05:00 PM,1:59:00 PM,-6,16,7:15:00 PM,65,67,49,325,10:04:00 AM,2,10:10:00 AM,10:06:00 AM,-4,Sunday,Feb
01/18/2015,US,602,N587UW,ORD,PHX,2:00:00 AM,9:55:00 PM,-5,15,3:10:00 AM,231,212,192,1440,12:22:00 AM,5,3:51:00 AM,12:27:00 AM,-24,Sunday,Jan
01/10/2015,US,1846,N835AW,TPA,DCA,2:50:00 PM,2:42:00 PM,-8,8,2:50:00 PM,129,114,102,814,4:32:00 PM,4,4:59:00 PM,4:36:00 PM,-23,Saturday,Jan
02/02/2015,DL,1365,N933DL,ATL,PIT,5:05:00 PM,5:01:00 PM,-4,18,5:19:00 PM,98,103,76,526,6:35:00 PM,9,6:43:00 PM,6:44:00 PM,1,Monday,Feb
01/07/2015,MQ,3666,N696MQ,LSE,ORD,10:03:00 AM,2:23:00 PM,260,5,2:28:00 PM,72,93,40,215,3:08:00 PM,48,11:15:00 AM,3:56:00 PM,281,Wednesday,Jan
01/06/2015,EV,3273,N31131,IAH,GRK,11:50:00 PM,10:49:00 PM,-1,10,11:59:00 PM,58,49,33,166,10:32:00 AM,6,10:48:00 AM,10:38:00 AM,-10,Tuesday,Jan
01/24/2015,MQ,3620,N522MQ,LGA,STL,2:40:00 PM,2:37:00 PM,-3,22,2:59:00 PM,174,145,120,888,3:59:00 PM,3,4:34:00 PM,4:02:00 PM,-32,Saturday,Jan
01/16/2015,DL,1284,N332NB,MKE,DTW,4:32:00 PM,4:28:00 PM,-4,10,4:38:00 PM,82,59,42,237,6:20:00 PM,7,6:54:00 PM,6:27:00 PM,-27,Friday,Jan
01/01/2015,DL,1804,N552NW,FLL,DTW,11:40:00 AM,11:38:00 AM,-2,17,11:55:00 AM,190,180,156,1127,2:31:00 PM,7,2:50:00 PM,2:38:00 PM,-12,Thursday,Jan
02/02/2015,WN,600,N739GB,SLC,OAK,12:00:00 PM,12:06:00 PM,6,11,12:17:00 PM,115,101,85,588,12:42:00 PM,5,12:55:00 PM,12:47:00 PM,-8,Monday,Feb
01/13/2015,AA,2471,N3HEAA,FLL,DFW,2:44:00 AM,2:40:00 AM,-4,17,3:57:00 AM,201,194,171,1119,10:48:00 PM,6,10:05:00 AM,11:54:00 PM,-11,Tuesday,Jan
01/26/2015,UA,156,N14237,SFO,SNA,8:03:00 PM,7:56:00 PM,-7,13,8:09:00 PM,85,83,66,372,9:15:00 PM,4,9:28:00 PM,9:19:00 PM,-9,Monday,Jan
02/05/2015,MQ,3016,N692MQ,DFW,PNS,2:40:00 AM,1:38:00 AM,-2,98,7:16:00 PM,100,179,79,604,10:35:00 AM,2,8:20:00 PM,10:37:00 AM,77,Thursday,Feb
01/19/2015,AA,1077,N4WMAA,BWI,DFW,11:31:00 AM,10:22:00 AM,-9,11,11:33:00 AM,224,201,184,1217,10:37:00 AM,6,11:15:00 AM,10:43:00 AM,-32,Monday,Jan
01/27/2015,HA,334,N487HA,HNL,OGG,3:22:00 PM,3:20:00 PM,-2,17,3:37:00 PM,37,43,21,100,3:58:00 PM,5,3:59:00 PM,4:03:00 PM,4,Tuesday,Jan
01/07/2015,UA,1587,N78511,RSW,EWR,2:59:00 PM,3:26:00 PM,27,18,3:44:00 PM,165,161,133,1068,5:57:00 PM,10,5:44:00 PM,6:07:00 PM,23,Wednesday,Jan
01/23/2015,DL,1866,N828DN,SFO,ATL,2:25:00 PM,2:21:00 PM,-4,15,3:36:00 PM,274,277,253,2139,1:49:00 PM,9,1:59:00 PM,1:58:00 PM,-1,Friday,Jan
01/21/2015,VX,710,N855VA,SFO,DAL,12:20:00 AM,11:18:00 PM,-2,16,1:34:00 AM,195,200,179,1476,12:33:00 PM,5,12:35:00 PM,12:38:00 PM,3,Wednesday,Jan
02/04/2015,UA,1677,N26123,DEN,EWR,10:15:00 AM,10:36:00 AM,21,45,11:21:00 AM,218,235,178,1605,4:19:00 PM,12,3:53:00 PM,4:31:00 PM,38,Wednesday,Feb
01/14/2015,WN,1038,N654SW,PVD,MCO,12:15:00 PM,12:17:00 PM,2,18,12:35:00 PM,190,186,162,1072,3:17:00 PM,6,3:25:00 PM,3:23:00 PM,-2,Wednesday,Jan
02/10/2015,EV,6114,N17115,ICT,ORD,6:02:00 PM,5:57:00 PM,-5,7,6:04:00 PM,116,95,80,588,7:24:00 PM,8,7:58:00 PM,7:32:00 PM,-26,Tuesday,Feb
02/01/2015,WN,993,N621SW,IND,MCO,12:15:00 PM,12:53:00 PM,38,16,1:09:00 PM,135,133,110,829,2:59:00 PM,7,2:30:00 PM,3:06:00 PM,36,Sunday,Feb
01/07/2015,NK,304,N616NK,MCO,ACY,9:47:00 PM,9:09:00 AM,142,11,8:20:00 PM,123,114,99,852,3:59:00 PM,4,11:50:00 PM,8:03:00 PM,133,Wednesday,Jan
01/14/2015,EV,3940,N11113,ORD,DTW,4:06:00 PM,3:59:00 PM,-7,22,4:21:00 PM,83,78,48,235,6:09:00 PM,8,6:29:00 PM,6:17:00 PM,-12,Wednesday,Jan
01/28/2015,EV,4179,N18556,IAH,MFE,6:07:00 PM,1:53:00 PM,-14,16,6:09:00 PM,78,71,50,316,11:59:00 PM,5,10:25:00 AM,10:04:00 AM,-21,Wednesday,Jan
01/27/2015,DL,104,N912DN,ATL,BOS,12:25:00 AM,12:24:00 AM,-1,32,3:56:00 AM,150,168,128,946,10:04:00 AM,8,11:55:00 PM,10:12:00 AM,17,Tuesday,Jan
01/30/2015,WN,1931,N8616C,LAS,BWI,9:15:00 AM,8:07:00 AM,-8,16,10:23:00 AM,265,258,237,2106,3:20:00 PM,5,3:40:00 PM,3:25:00 PM,-15,Friday,Jan
01/02/2015,B6,2301,N656JB,BUF,JFK,7:10:00 PM,6:04:00 PM,-6,9,7:13:00 PM,82,65,49,301,10:02:00 AM,7,10:32:00 AM,10:09:00 AM,-23,Friday,Jan
01/17/2015,WN,3940,N766SW,PHX,DAL,6:00:00 PM,6:00:00 PM,0,9,6:09:00 PM,135,124,111,879,12:00:00 PM,4,12:15:00 PM,12:04:00 PM,-11,Saturday,Jan
01/11/2015,MQ,2903,N653MQ,DFW,BTR,10:05:00 AM,10:03:00 AM,-2,17,10:20:00 AM,78,76,57,383,11:17:00 AM,2,11:23:00 AM,11:19:00 AM,-4,Sunday,Jan
01/21/2015,WN,1092,N297WN,ATL,BOS,1:50:00 PM,1:43:00 PM,-7,17,2:00:00 PM,155,139,113,946,3:53:00 PM,9,4:25:00 PM,4:02:00 PM,-23,Wednesday,Jan
02/02/2015,AA,1608,N3EVAA,DFW,SJU,4:40:00 PM,4:45:00 PM,5,12,4:57:00 PM,263,254,237,2165,10:54:00 PM,5,11:03:00 PM,10:59:00 PM,-4,Monday,Feb
01/29/2015,US,1992,N740UW,FLL,DCA,11:58:00 AM,11:53:00 AM,-5,11,12:04:00 PM,152,144,129,899,2:13:00 PM,4,2:30:00 PM,2:17:00 PM,-13,Thursday,Jan
01/31/2015,EV,4446,N12136,IAH,SHV,7:53:00 PM,8:05:00 PM,12,9,8:14:00 PM,59,51,35,192,8:49:00 PM,7,8:52:00 PM,8:56:00 PM,4,Saturday,Jan
01/05/2015,EV,5233,N917EV,ABE,DTW,5:16:00 PM,5:17:00 PM,1,9,5:26:00 PM,109,128,95,425,7:01:00 PM,24,7:05:00 PM,7:25:00 PM,20,Monday,Jan
01/22/2015,AS,406,N525AS,PDX,SJC,12:00:00 PM,6:46:00 AM,-14,14,12:00:00 PM,100,102,84,569,12:24:00 AM,4,2:40:00 AM,12:28:00 AM,-12,Thursday,Jan
01/24/2015,MQ,2982,N650MQ,ORD,RST,8:05:00 AM,8:00:00 AM,-5,11,9:11:00 AM,70,59,44,268,1:55:00 PM,4,7:15:00 PM,1:59:00 PM,-16,Saturday,Jan
01/10/2015,WN,2823,N637SW,BWI,PBI,11:30:00 AM,12:44:00 PM,14,15,1:59:00 PM,160,150,130,883,11:09:00 AM,5,11:10:00 AM,11:14:00 AM,4,Saturday,Jan
01/16/2015,EV,4352,N14902,CVG,EWR,7:33:00 PM,7:27:00 PM,-6,18,7:45:00 PM,118,126,94,569,9:19:00 PM,14,9:31:00 PM,9:33:00 PM,2,Friday,Jan
01/01/2015,B6,275,N834JB,BDL,SJU,2:15:00 PM,2:05:00 PM,-10,11,2:16:00 PM,233,216,189,1666,6:25:00 PM,16,7:08:00 PM,6:41:00 PM,-27,Thursday,Jan
02/04/2015,B6,1304,N559JB,SJU,JFK,3:55:00 PM,3:50:00 PM,-5,16,4:06:00 PM,247,251,228,1598,6:54:00 PM,7,7:02:00 PM,7:01:00 PM,-1,Wednesday,Feb
01/07/2015,MQ,3158,N655MQ,ORD,SGF,8:25:00 PM,10:26:00 AM,61,13,10:39:00 AM,95,92,73,438,11:52:00 AM,6,11:00:00 AM,11:58:00 AM,58,Wednesday,Jan
02/02/2015,WN,2238,N463WN,LAX,STL,1:40:00 PM,1:53:00 PM,13,11,2:04:00 PM,210,200,185,1592,7:09:00 PM,4,7:10:00 PM,7:13:00 PM,3,Monday,Feb
02/03/2015,OO,5600,N772SK,BUR,SFO,7:33:00 PM,7:31:00 PM,-2,13,7:44:00 PM,80,79,62,326,8:46:00 PM,4,8:53:00 PM,8:50:00 PM,-3,Tuesday,Feb
01/29/2015,OO,4551,N781CA,RDM,SLC,1:15:00 PM,12:05:00 PM,-10,16,2:21:00 PM,99,104,82,525,12:43:00 PM,6,1:54:00 PM,12:49:00 PM,-5,Thursday,Jan
01/17/2015,MQ,3030,N650MQ,ORD,BUF,2:45:00 AM,2:43:00 AM,-2,11,3:54:00 AM,86,78,64,473,11:58:00 PM,3,10:11:00 AM,10:01:00 AM,-10,Saturday,Jan
01/31/2015,AA,1297,N3LBAA,LGA,MIA,12:00:00 PM,7:50:00 AM,-10,29,1:19:00 PM,193,182,145,1096,12:44:00 PM,8,7:13:00 PM,1:52:00 PM,-21,Saturday,Jan
01/31/2015,AS,822,N596AS,OGG,PDX,11:05:00 PM,11:39:00 PM,34,8,11:47:00 PM,329,279,265,2562,1:12:00 PM,6,3:34:00 PM,1:18:00 PM,-16,Saturday,Jan
02/09/2015,EV,3924,N15973,MFE,IAH,5:54:00 PM,4:44:00 PM,-10,12,5:56:00 PM,76,84,64,316,8:00:00 AM,8,9:10:00 AM,8:08:00 AM,-2,Monday,Feb
02/09/2015,WN,2242,N8623F,BWI,MHT,8:05:00 PM,8:59:00 PM,54,14,9:13:00 PM,80,81,61,377,10:14:00 PM,6,9:25:00 PM,10:20:00 PM,55,Monday,Feb
01/29/2015,DL,410,N374DA,DEN,JFK,10:55:00 AM,11:10:00 AM,15,11,11:21:00 AM,219,212,193,1626,4:34:00 PM,8,4:34:00 PM,4:42:00 PM,8,Thursday,Jan
01/18/2015,AA,1537,N3FAAA,MCO,ORD,11:45:00 AM,11:38:00 AM,-7,13,11:51:00 AM,173,169,148,1005,1:19:00 PM,8,1:38:00 PM,1:27:00 PM,-11,Sunday,Jan
01/06/2015,DL,1321,N362NW,BUF,DTW,1:15:00 PM,1:16:00 PM,1,37,5:53:00 PM,94,94,46,241,1:39:00 AM,11,2:49:00 AM,3:50:00 AM,1,Tuesday,Jan
01/22/2015,MQ,3050,N643MQ,DFW,VPS,8:10:00 PM,8:17:00 PM,7,15,8:32:00 PM,108,111,88,641,10:00:00 PM,8,9:58:00 PM,10:08:00 PM,10,Thursday,Jan
01/31/2015,OO,2590,N868CA,SAN,LAX,8:11:00 PM,8:03:00 PM,-8,16,8:19:00 PM,49,55,24,109,8:43:00 PM,15,9:00:00 PM,8:58:00 PM,-2,Saturday,Jan
01/04/2015,AS,456,N517AS,SEA,LAX,7:55:00 PM,7:57:00 PM,2,18,8:15:00 PM,150,145,114,954,10:09:00 PM,13,10:25:00 PM,10:22:00 PM,-3,Sunday,Jan
01/05/2015,DL,1322,N946DN,PHL,DTW,11:15:00 PM,10:09:00 PM,-6,10,11:19:00 PM,111,100,83,453,12:42:00 PM,7,6:06:00 PM,12:49:00 PM,-17,Monday,Jan
02/05/2015,WN,523,N421LV,MCI,LAS,11:15:00 AM,11:15:00 AM,0,10,11:25:00 AM,190,175,160,1139,12:05:00 PM,5,12:25:00 PM,12:10:00 PM,-15,Thursday,Feb
01/29/2015,US,2006,N703UW,CLT,RIC,8:15:00 PM,8:08:00 PM,-7,12,8:20:00 PM,66,59,42,257,9:02:00 PM,5,9:21:00 PM,9:07:00 PM,-14,Thursday,Jan
02/03/2015,EV,5180,N761ND,CLE,LGA,2:08:00 PM,4:37:00 PM,149,15,4:52:00 PM,92,135,61,419,5:53:00 PM,59,3:40:00 PM,6:52:00 PM,192,Tuesday,Feb
01/15/2015,AA,137,N3GUAA,DCA,DFW,1:34:00 AM,1:31:00 AM,-3,16,2:47:00 AM,221,215,186,1192,11:53:00 PM,13,10:15:00 AM,10:06:00 AM,-9,Thursday,Jan
01/09/2015,WN,1621,N703SW,SDF,TPA,1:20:00 PM,1:14:00 PM,-6,11,1:25:00 PM,125,122,106,727,3:11:00 PM,5,3:25:00 PM,3:16:00 PM,-9,Friday,Jan
01/24/2015,AA,1281,N3HGAA,EWR,PHX,10:29:00 AM,11:03:00 AM,34,33,11:36:00 AM,331,320,281,2133,2:17:00 PM,6,2:00:00 PM,2:23:00 PM,23,Saturday,Jan
01/21/2015,WN,3300,N794SW,BOS,BWI,11:50:00 PM,10:46:00 PM,-4,11,11:57:00 PM,100,86,66,369,11:03:00 AM,9,11:30:00 AM,11:12:00 AM,-18,Wednesday,Jan
01/08/2015,EV,6159,N16147,ORD,MCI,12:05:00 PM,12:29:00 PM,24,27,12:56:00 PM,97,102,69,403,2:05:00 PM,6,1:42:00 PM,2:11:00 PM,29,Thursday,Jan
01/14/2015,AA,1151,N586AA,DEN,DFW,2:46:00 PM,2:49:00 PM,3,12,3:01:00 PM,119,101,85,641,5:26:00 PM,4,5:45:00 PM,5:30:00 PM,-15,Wednesday,Jan
01/26/2015,AA,65,N3GXAA,JFK,DFW,4:15:00 PM,4:15:00 PM,0,57,5:12:00 PM,256,260,191,1391,7:23:00 PM,12,7:31:00 PM,7:35:00 PM,4,Monday,Jan
02/01/2015,DL,1434,N548US,HNL,LAX,4:15:00 PM,4:11:00 PM,-4,12,4:23:00 PM,334,303,280,2556,11:03:00 PM,11,11:49:00 PM,11:14:00 PM,-35,Sunday,Feb
01/06/2015,WN,12,N491WN,DAL,MCI,10:35:00 AM,10:33:00 AM,-2,7,10:40:00 AM,85,80,67,460,11:47:00 AM,6,12:00:00 PM,11:53:00 AM,-7,Tuesday,Jan
02/01/2015,OO,6521,N967SW,SAN,DEN,2:49:00 PM,2:48:00 PM,-1,17,3:05:00 PM,138,148,123,853,6:08:00 PM,8,6:07:00 PM,6:16:00 PM,9,Sunday,Feb
01/29/2015,DL,221,N921DL,LGA,ATL,3:00:00 PM,2:56:00 PM,-4,20,3:16:00 PM,173,141,115,762,5:11:00 PM,6,5:53:00 PM,5:17:00 PM,-36,Thursday,Jan
01/26/2015,DL,1142,N987AT,ATL,HOU,2:55:00 PM,2:57:00 PM,2,11,3:08:00 PM,147,115,102,696,3:50:00 PM,2,4:22:00 PM,3:52:00 PM,-30,Monday,Jan
01/29/2015,OO,5377,N569SW,LAX,CLD,12:25:00 AM,11:16:00 PM,-9,14,1:30:00 AM,46,44,24,86,3:54:00 AM,6,9:11:00 AM,8:00:00 AM,-11,Thursday,Jan
02/10/2015,EV,5028,N758EV,STL,MSP,5:03:00 PM,5:14:00 PM,11,8,5:22:00 PM,95,112,100,448,7:02:00 PM,4,6:38:00 PM,7:06:00 PM,28,Tuesday,Feb
02/03/2015,EV,4510,N14179,RIC,EWR,11:11:00 PM,12:21:00 AM,10,27,2:48:00 AM,82,90,53,277,12:41:00 PM,10,11:33:00 AM,1:51:00 PM,18,Tuesday,Feb
01/15/2015,OO,6410,N941SW,BUR,SFO,5:04:00 PM,5:22:00 PM,18,36,5:58:00 PM,86,103,59,326,6:57:00 PM,8,6:30:00 PM,7:05:00 PM,35,Thursday,Jan
02/09/2015,EV,5487,N883AS,DTW,BHM,12:41:00 PM,12:48:00 PM,7,36,8:24:00 PM,131,123,84,625,10:48:00 PM,3,11:52:00 PM,11:51:00 PM,-1,Monday,Feb
01/20/2015,MQ,3574,N639MQ,MIA,CMH,8:29:00 PM,8:26:00 PM,-3,27,11:53:00 PM,164,160,129,990,12:02:00 PM,4,12:13:00 PM,12:06:00 PM,-7,Tuesday,Jan
01/06/2015,WN,689,N940WN,LAS,ABQ,1:20:00 PM,1:26:00 PM,6,15,1:41:00 PM,85,90,67,486,3:48:00 PM,8,3:45:00 PM,3:56:00 PM,11,Tuesday,Jan
01/07/2015,B6,795,N597JB,JFK,AUS,11:30:00 AM,10:26:00 AM,-4,16,12:42:00 PM,267,262,243,1521,11:45:00 AM,3,11:57:00 AM,11:48:00 AM,-9,Wednesday,Jan
01/01/2015,WN,678,N7752B,GRR,DEN,8:05:00 AM,3:56:00 AM,-9,12,8:08:00 AM,190,183,164,1015,1:52:00 PM,7,7:15:00 PM,1:59:00 PM,-16,Thursday,Jan
01/26/2015,OO,4706,N441SW,ISN,MSP,1:40:00 PM,1:32:00 PM,-8,25,1:57:00 PM,104,101,69,546,3:06:00 PM,7,3:24:00 PM,3:13:00 PM,-11,Monday,Jan
01/04/2015,MQ,3674,N615MQ,DFW,GRK,1:15:00 PM,2:01:00 PM,46,10,2:11:00 PM,43,45,31,134,2:42:00 PM,4,1:58:00 PM,2:46:00 PM,48,Sunday,Jan
01/15/2015,VX,501,N637VA,JFK,FLL,8:00:00 AM,10:52:00 AM,172,11,11:03:00 AM,185,167,149,1069,1:32:00 PM,7,11:05:00 AM,1:39:00 PM,154,Thursday,Jan
01/30/2015,OO,2699,N896SK,ABQ,PHX,12:25:00 PM,12:41:00 PM,16,47,1:28:00 PM,83,120,67,328,2:35:00 PM,6,1:48:00 PM,2:41:00 PM,53,Friday,Jan
01/30/2015,WN,342,N400WN,SAN,SJC,6:00:00 PM,6:16:00 PM,16,12,6:28:00 PM,80,79,62,417,7:30:00 PM,5,7:20:00 PM,7:35:00 PM,15,Friday,Jan
02/04/2015,AS,40,N768AS,ADQ,ANC,5:25:00 PM,5:16:00 PM,-9,5,5:21:00 PM,50,51,42,253,6:03:00 PM,4,6:15:00 PM,6:07:00 PM,-8,Wednesday,Feb
01/03/2015,DL,1326,N550NW,FLL,DTW,10:45:00 PM,10:40:00 PM,-5,23,10:03:00 AM,184,170,140,1127,12:23:00 PM,7,12:49:00 PM,12:30:00 PM,-19,Saturday,Jan
01/02/2015,OO,6415,N679SA,DEN,GTF,10:40:00 AM,11:01:00 AM,21,13,11:14:00 AM,120,108,91,624,12:45:00 PM,4,12:40:00 PM,12:49:00 PM,9,Friday,Jan
02/08/2015,WN,4814,N608SW,RIC,ATL,4:25:00 PM,4:23:00 PM,-2,12,4:35:00 PM,105,96,77,481,5:52:00 PM,7,6:10:00 PM,5:59:00 PM,-11,Sunday,Feb
02/05/2015,DL,1071,N393DA,MKE,MSP,10:00:00 PM,11:14:00 PM,14,18,1:32:00 AM,90,78,56,297,10:28:00 AM,4,11:30:00 AM,11:32:00 AM,2,Thursday,Feb
02/10/2015,EV,4634,N11127,RDU,IAH,2:41:00 PM,2:32:00 PM,-9,28,3:00:00 PM,198,196,158,1042,4:38:00 PM,10,4:59:00 PM,4:48:00 PM,-11,Tuesday,Feb
02/04/2015,UA,574,N836UA,ORD,IAH,8:15:00 PM,8:35:00 PM,20,17,8:52:00 PM,167,152,127,925,10:59:00 PM,8,11:02:00 PM,11:07:00 PM,5,Wednesday,Feb
01/17/2015,UA,1542,N76503,BOS,EWR,11:15:00 PM,11:10:00 PM,-5,17,12:27:00 AM,86,85,51,200,9:18:00 AM,17,12:41:00 PM,11:35:00 AM,-6,Saturday,Jan
01/20/2015,AA,168,N376AA,DFW,SFO,3:55:00 AM,3:51:00 AM,-4,19,9:10:00 AM,232,231,208,1464,9:38:00 PM,4,10:47:00 PM,10:42:00 PM,-5,Tuesday,Jan
02/01/2015,OO,6347,N118SY,SFO,AUS,1:00:00 PM,12:54:00 PM,-6,19,1:13:00 PM,208,208,184,1504,6:17:00 PM,5,6:28:00 PM,6:22:00 PM,-6,Sunday,Feb
01/24/2015,WN,2707,N232WN,PHX,SFO,11:50:00 AM,11:46:00 AM,-4,10,11:56:00 AM,130,110,95,651,12:31:00 PM,5,1:00:00 PM,12:36:00 PM,-24,Saturday,Jan
01/31/2015,DL,1182,N925DN,ATL,SDF,10:05:00 PM,10:03:00 PM,-2,14,10:17:00 PM,79,76,55,321,11:12:00 PM,7,11:24:00 PM,11:19:00 PM,-5,Saturday,Jan
01/28/2015,OO,4452,N161PQ,LAX,OAK,11:30:00 AM,11:26:00 AM,-4,20,11:46:00 AM,87,77,53,337,12:39:00 PM,4,12:57:00 PM,12:43:00 PM,-14,Wednesday,Jan
02/10/2015,WN,2587,N265WN,BWI,FLL,1:15:00 PM,1:10:00 PM,-5,39,4:49:00 PM,160,167,123,925,1:52:00 PM,5,1:55:00 PM,1:57:00 PM,2,Tuesday,Feb
01/25/2015,WN,1437,N228WN,BWI,ISP,1:55:00 PM,1:49:00 PM,-6,9,1:58:00 PM,60,58,44,220,2:42:00 PM,5,2:55:00 PM,2:47:00 PM,-8,Sunday,Jan
01/19/2015,UA,1747,N13716,MIA,ORD,1:50:00 PM,1:51:00 PM,1,14,2:05:00 PM,200,190,171,1197,3:56:00 PM,5,4:10:00 PM,4:01:00 PM,-9,Monday,Jan
01/04/2015,MQ,2970,N655MQ,FAR,ORD,5:20:00 PM,8:03:00 PM,163,11,8:14:00 PM,120,137,78,557,9:32:00 PM,48,7:20:00 PM,10:20:00 PM,180,Sunday,Jan
01/06/2015,WN,216,N959WN,MCO,ALB,6:50:00 PM,7:33:00 PM,43,16,7:49:00 PM,160,158,139,1073,10:08:00 PM,3,9:30:00 PM,10:11:00 PM,41,Tuesday,Jan
01/13/2015,EV,4415,N15985,SAV,IAH,4:45:00 PM,4:38:00 PM,-7,10,4:48:00 PM,170,165,147,851,6:15:00 PM,8,6:35:00 PM,6:23:00 PM,-12,Tuesday,Jan
01/21/2015,WN,3130,N8646B,PBI,ISP,7:40:00 PM,8:10:00 PM,30,9,8:19:00 PM,160,150,136,1052,10:35:00 PM,5,10:20:00 PM,10:40:00 PM,20,Wednesday,Jan
01/02/2015,DL,1925,N837MH,ATL,SLC,10:50:00 AM,10:49:00 AM,-1,24,11:13:00 AM,262,245,216,1590,12:49:00 PM,5,1:12:00 PM,12:54:00 PM,-18,Friday,Jan
01/15/2015,DL,1942,N968AT,ATL,EWR,12:45:00 PM,12:43:00 PM,-2,19,1:02:00 PM,134,120,98,746,2:40:00 PM,3,2:59:00 PM,2:43:00 PM,-16,Thursday,Jan
01/10/2015,WN,3088,N717SA,EWR,MSY,1:30:00 PM,1:34:00 PM,4,15,1:49:00 PM,225,195,176,1167,3:45:00 PM,4,4:15:00 PM,3:49:00 PM,-26,Saturday,Jan
01/27/2015,AA,1030,N479AA,DFW,JAX,11:15:00 AM,11:12:00 AM,-3,9,11:21:00 AM,131,124,110,918,2:11:00 PM,5,2:26:00 PM,2:16:00 PM,-10,Tuesday,Jan
02/04/2015,AS,67,N592AS,KTN,SIT,4:44:00 PM,4:37:00 PM,-7,16,4:53:00 PM,60,51,32,183,5:25:00 PM,3,5:44:00 PM,5:28:00 PM,-16,Wednesday,Feb
01/08/2015,AA,266,N5DFAA,LIH,LAX,3:05:00 PM,3:05:00 PM,0,18,3:23:00 PM,328,310,288,2615,10:11:00 PM,4,10:33:00 PM,10:15:00 PM,-18,Thursday,Jan
01/28/2015,OO,4742,N803SK,SNA,SLC,10:05:00 PM,10:01:00 PM,-4,16,11:17:00 PM,119,100,78,588,9:35:00 PM,6,10:04:00 AM,10:41:00 PM,-23,Wednesday,Jan
01/06/2015,MQ,3399,N616MQ,FSM,DFW,6:50:00 PM,6:51:00 PM,1,4,6:55:00 PM,69,56,42,227,7:37:00 PM,10,7:59:00 PM,7:47:00 PM,-12,Tuesday,Jan
02/10/2015,WN,158,N423WN,PDX,DEN,12:00:00 PM,7:55:00 AM,-5,14,12:09:00 PM,145,141,122,991,7:11:00 PM,5,8:25:00 PM,7:16:00 PM,-9,Tuesday,Feb
01/16/2015,US,1938,N710UW,BNA,CLT,5:09:00 PM,5:02:00 PM,-7,11,5:13:00 PM,76,72,54,328,7:07:00 PM,7,7:25:00 PM,7:14:00 PM,-11,Friday,Jan
01/17/2015,WN,4565,N900WN,MSP,MDW,10:45:00 AM,10:39:00 AM,-6,9,10:48:00 AM,90,80,67,349,11:55:00 AM,4,12:15:00 PM,11:59:00 AM,-16,Saturday,Jan
01/16/2015,DL,440,N722TW,JFK,LAX,11:35:00 AM,11:31:00 AM,-4,19,11:50:00 AM,390,353,327,2475,2:17:00 PM,7,3:05:00 PM,2:24:00 PM,-41,Friday,Jan
02/08/2015,AA,2311,N3KTAA,SEA,DFW,3:51:00 PM,3:45:00 PM,-6,11,3:56:00 PM,219,202,186,1660,9:02:00 PM,5,9:30:00 PM,9:07:00 PM,-23,Sunday,Feb
01/11/2015,B6,328,N535JB,MCO,EWR,7:55:00 PM,7:53:00 PM,-2,12,8:05:00 PM,152,141,123,937,10:08:00 PM,6,10:27:00 PM,10:14:00 PM,-13,Sunday,Jan
01/27/2015,OO,5391,N982SW,MRY,LAX,6:04:00 PM,6:04:00 PM,0,12,6:16:00 PM,77,71,48,266,7:04:00 PM,11,7:21:00 PM,7:15:00 PM,-6,Tuesday,Jan
02/03/2015,UA,219,N214UA,ORD,HNL,10:15:00 AM,11:00:00 AM,45,32,11:32:00 AM,559,575,528,4243,4:20:00 PM,15,3:34:00 PM,4:35:00 PM,61,Tuesday,Feb
01/11/2015,DL,981,N557NW,BOS,ATL,12:10:00 PM,12:10:00 PM,0,14,12:24:00 PM,184,166,145,946,2:49:00 PM,7,3:14:00 PM,2:56:00 PM,-18,Sunday,Jan
01/17/2015,OO,5347,N973SW,LAX,MRY,4:25:00 PM,4:19:00 PM,-6,12,4:31:00 PM,69,63,46,266,5:17:00 PM,5,5:34:00 PM,5:22:00 PM,-12,Saturday,Jan
02/05/2015,VX,169,N631VA,EWR,LAX,5:25:00 PM,5:22:00 PM,-3,26,5:48:00 PM,385,362,324,2454,8:12:00 PM,12,8:50:00 PM,8:24:00 PM,-26,Thursday,Feb
01/29/2015,EV,6132,N12967,BHM,ORD,6:09:00 PM,1:59:00 PM,-10,8,6:07:00 PM,126,116,101,584,10:48:00 AM,7,11:15:00 AM,10:55:00 AM,-20,Thursday,Jan
01/19/2015,DL,2171,N319NB,SDF,ATL,1:30:00 AM,12:24:00 AM,-6,14,1:38:00 AM,93,76,55,321,11:33:00 AM,7,6:03:00 PM,12:40:00 PM,-23,Monday,Jan
01/26/2015,DL,1470,N930DL,CLE,ATL,11:16:00 AM,11:16:00 AM,0,14,11:30:00 AM,118,101,81,554,12:51:00 PM,6,1:14:00 PM,12:57:00 PM,-17,Monday,Jan
01/30/2015,WN,4995,N370SW,TPA,PIT,4:50:00 PM,4:53:00 PM,3,14,5:07:00 PM,135,156,132,873,7:19:00 PM,10,7:05:00 PM,7:29:00 PM,24,Friday,Jan
02/05/2015,DL,1662,N806DN,SAN,ATL,9:10:00 AM,9:13:00 AM,3,12,10:25:00 AM,242,236,218,1892,3:03:00 PM,6,3:12:00 PM,3:09:00 PM,-3,Thursday,Feb
01/21/2015,US,2124,N758US,DCA,BOS,5:30:00 PM,5:28:00 PM,-2,22,5:50:00 PM,91,87,58,399,6:48:00 PM,7,7:01:00 PM,6:55:00 PM,-6,Wednesday,Jan
02/03/2015,DL,2537,N958DL,ATL,EWR,3:12:00 PM,3:11:00 PM,-1,11,3:22:00 PM,135,114,97,746,4:59:00 PM,6,5:27:00 PM,5:05:00 PM,-22,Tuesday,Feb
01/17/2015,AA,2373,N582AA,DFW,BNA,8:25:00 PM,8:24:00 PM,-1,16,8:40:00 PM,101,104,76,631,9:56:00 PM,12,10:06:00 PM,10:08:00 PM,2,Saturday,Jan
02/06/2015,WN,3049,N653SW,HOU,LAX,2:25:00 PM,3:31:00 PM,6,12,4:43:00 PM,235,209,189,1390,3:52:00 AM,8,10:20:00 AM,8:00:00 AM,-20,Friday,Feb
01/06/2015,WN,373,N663SW,BUR,OAK,9:30:00 PM,9:31:00 PM,1,9,10:40:00 PM,70,65,49,325,10:29:00 AM,7,10:40:00 AM,10:36:00 AM,-4,Tuesday,Jan
01/15/2015,EV,4704,N14158,IAH,CHS,10:33:00 AM,10:43:00 AM,10,16,10:59:00 AM,138,133,110,925,1:49:00 PM,7,1:51:00 PM,1:56:00 PM,5,Thursday,Jan
01/23/2015,WN,791,N435WN,OAK,LAS,5:30:00 PM,5:25:00 PM,-5,7,5:32:00 PM,85,89,75,407,6:47:00 PM,7,6:55:00 PM,6:54:00 PM,-1,Friday,Jan
02/09/2015,US,1850,N119US,PHL,MCO,5:50:00 PM,4:45:00 PM,-5,13,5:58:00 PM,160,137,120,861,1:58:00 PM,4,9:30:00 PM,6:02:00 PM,-28,Monday,Feb
02/10/2015,WN,437,N904WN,SNA,LAS,4:10:00 PM,5:33:00 PM,83,3,5:36:00 PM,65,51,43,226,6:19:00 PM,5,5:15:00 PM,6:24:00 PM,69,Tuesday,Feb
01/18/2015,F9,1220,N905FR,MCO,ILG,6:25:00 PM,6:09:00 PM,-16,12,6:21:00 PM,133,134,110,841,8:11:00 PM,12,8:38:00 PM,8:23:00 PM,-15,Sunday,Jan
01/20/2015,UA,1721,N69838,SFO,KOA,6:05:00 PM,1:58:00 PM,-7,23,8:21:00 PM,336,328,300,2367,12:21:00 PM,5,12:41:00 PM,12:26:00 PM,-15,Tuesday,Jan
01/17/2015,WN,2555,N457WN,TPA,ALB,8:05:00 AM,8:01:00 AM,-4,14,9:15:00 AM,160,160,143,1130,10:38:00 AM,3,10:45:00 AM,10:41:00 AM,-4,Saturday,Jan
02/04/2015,UA,677,N435UA,RNO,DEN,1:19:00 PM,1:37:00 PM,18,20,1:57:00 PM,134,122,97,804,4:34:00 PM,5,4:33:00 PM,4:39:00 PM,6,Wednesday,Feb
01/11/2015,OO,7432,N431SW,SLC,TWF,1:55:00 PM,1:53:00 PM,-2,18,2:11:00 PM,47,55,32,175,2:43:00 PM,5,2:42:00 PM,2:48:00 PM,6,Sunday,Jan
01/20/2015,DL,2198,N965DN,MSP,DTW,10:24:00 AM,10:20:00 AM,-4,11,11:31:00 AM,110,100,80,528,10:51:00 AM,9,11:14:00 AM,11:00:00 AM,-14,Tuesday,Jan
02/05/2015,AS,501,N618AS,SNA,SEA,10:00:00 AM,10:02:00 AM,2,12,10:14:00 AM,160,150,132,978,12:26:00 PM,6,12:40:00 PM,12:32:00 PM,-8,Thursday,Feb
01/09/2015,DL,2333,N323NB,MSP,SLC,7:18:00 PM,7:19:00 PM,1,7,7:26:00 PM,170,154,143,991,8:49:00 PM,4,9:08:00 PM,8:53:00 PM,-15,Friday,Jan
01/21/2015,WN,15,N732SW,DAL,HOU,10:00:00 AM,10:00:00 AM,0,7,10:07:00 AM,65,57,45,239,10:52:00 AM,5,11:05:00 AM,10:57:00 AM,-8,Wednesday,Jan
02/03/2015,EV,2544,N907EV,DFW,FSD,8:10:00 PM,8:20:00 PM,10,10,8:30:00 PM,127,120,107,737,10:17:00 PM,3,10:17:00 PM,10:20:00 PM,3,Tuesday,Feb
01/21/2015,AA,916,N3DVAA,MIA,DCA,9:10:00 PM,9:04:00 PM,-6,11,9:15:00 PM,148,140,123,919,11:18:00 PM,6,11:38:00 PM,11:24:00 PM,-14,Wednesday,Jan
01/08/2015,MQ,2946,N670MQ,LCH,DFW,12:20:00 AM,11:19:00 PM,-1,12,1:31:00 AM,80,96,52,295,10:23:00 AM,32,12:40:00 PM,1:55:00 PM,15,Thursday,Jan
01/31/2015,WN,4062,N613SW,DEN,SAT,10:55:00 AM,10:47:00 AM,-8,13,11:00:00 AM,125,141,121,794,2:01:00 PM,7,2:00:00 PM,2:08:00 PM,8,Saturday,Jan
01/22/2015,EV,4473,N12563,ORD,TVC,1:20:00 PM,1:16:00 PM,-4,11,1:27:00 PM,69,56,42,224,3:09:00 PM,3,3:29:00 PM,3:12:00 PM,-17,Thursday,Jan
01/02/2015,WN,3487,N392SW,LAS,PHX,2:20:00 PM,1:16:00 PM,-4,13,2:29:00 PM,65,61,40,255,8:09:00 AM,8,10:25:00 AM,9:17:00 AM,-8,Friday,Jan
01/16/2015,OO,6192,N971SW,DEN,SBA,11:38:00 AM,11:37:00 AM,-1,29,12:06:00 PM,160,166,133,916,1:19:00 PM,4,1:18:00 PM,1:23:00 PM,5,Friday,Jan
02/09/2015,B6,611,N534JB,JFK,LAS,9:29:00 PM,9:27:00 PM,-2,33,10:00:00 PM,349,358,319,2248,7:19:00 PM,6,6:18:00 PM,1:25:00 AM,7,Monday,Feb
02/01/2015,WN,2059,N658SW,LAS,SMF,6:30:00 PM,6:38:00 PM,8,12,6:50:00 PM,90,91,75,397,8:05:00 PM,4,8:00:00 PM,8:09:00 PM,9,Sunday,Feb
01/31/2015,MQ,3630,N941MQ,PIA,DFW,11:38:00 AM,11:28:00 AM,-10,13,11:41:00 AM,137,126,102,672,1:23:00 PM,11,1:55:00 PM,1:34:00 PM,-21,Saturday,Jan
02/05/2015,WN,1106,N270WN,TPA,STL,8:00:00 AM,3:57:00 AM,-3,15,9:12:00 AM,145,143,123,869,7:15:00 PM,5,8:25:00 PM,8:20:00 PM,-5,Thursday,Feb
01/15/2015,UA,739,N848UA,PHX,IAH,4:28:00 PM,6:03:00 PM,95,12,6:15:00 PM,154,137,119,1009,9:14:00 PM,6,8:02:00 PM,9:20:00 PM,78,Thursday,Jan
01/22/2015,OO,6311,N292SW,LAX,PSP,10:26:00 PM,10:20:00 PM,-6,14,10:34:00 PM,53,49,31,110,11:05:00 PM,4,11:19:00 PM,11:09:00 PM,-10,Thursday,Jan
02/06/2015,HA,236,N477HA,HNL,OGG,5:55:00 PM,6:04:00 PM,9,11,6:15:00 PM,37,40,24,100,6:39:00 PM,5,6:32:00 PM,6:44:00 PM,12,Friday,Feb
01/24/2015,WN,3625,N756SA,LAX,SMF,3:50:00 AM,2:48:00 AM,-2,12,8:00:00 AM,80,79,64,373,6:04:00 PM,3,7:10:00 PM,6:07:00 PM,-3,Saturday,Jan
02/11/2015,DL,2125,N3737C,ATL,BWI,11:56:00 PM,11:56:00 PM,0,22,10:18:00 AM,113,101,74,577,11:32:00 AM,5,11:49:00 AM,11:37:00 AM,-12,Wednesday,Feb
01/11/2015,AA,1689,N3GGAA,MIA,MSP,8:15:00 PM,8:12:00 PM,-3,24,8:36:00 PM,240,224,195,1501,10:51:00 PM,5,11:15:00 PM,10:56:00 PM,-19,Sunday,Jan
01/15/2015,US,447,N571UW,CLT,DEN,8:20:00 PM,8:22:00 PM,2,24,8:46:00 PM,226,217,186,1337,9:52:00 PM,7,10:06:00 PM,9:59:00 PM,-7,Thursday,Jan
01/31/2015,EV,5035,N611QX,RIC,DTW,12:30:00 PM,12:23:00 PM,-7,15,12:38:00 PM,119,121,98,456,2:16:00 PM,8,2:29:00 PM,2:24:00 PM,-5,Saturday,Jan
01/09/2015,EV,5781,N16963,LRD,IAH,1:40:00 PM,1:35:00 PM,-5,14,1:49:00 PM,74,72,52,301,2:41:00 PM,6,2:54:00 PM,2:47:00 PM,-7,Friday,Jan
02/04/2015,DL,2436,N3731T,DTW,SEA,11:35:00 AM,11:35:00 AM,0,42,7:17:00 PM,319,343,292,1927,11:09:00 AM,9,10:54:00 AM,11:18:00 AM,24,Wednesday,Feb
01/31/2015,AA,2470,N642AA,BOS,DFW,1:15:00 PM,1:14:00 PM,-1,26,1:40:00 PM,271,260,224,1562,4:24:00 PM,10,4:46:00 PM,4:34:00 PM,-12,Saturday,Jan
01/03/2015,OO,2640,N423SW,ORD,ICT,4:05:00 PM,6:28:00 PM,143,16,6:44:00 PM,110,129,103,588,8:27:00 PM,10,5:55:00 PM,8:37:00 PM,162,Saturday,Jan
02/04/2015,WN,134,N741SA,ABQ,HOU,5:55:00 PM,5:52:00 PM,-3,12,10:04:00 PM,120,115,99,759,10:43:00 PM,4,11:55:00 PM,10:47:00 PM,-8,Wednesday,Feb
01/07/2015,EV,4672,N12900,EWR,STL,8:30:00 PM,9:24:00 PM,54,31,9:55:00 PM,176,171,134,872,11:09:00 PM,6,10:26:00 PM,11:15:00 PM,49,Wednesday,Jan
01/10/2015,B6,668,N206JB,PSE,MCO,6:04:00 AM,12:46:00 AM,-18,12,1:58:00 AM,185,171,155,1179,7:33:00 PM,4,2:09:00 AM,7:37:00 PM,-32,Saturday,Jan
02/07/2015,AA,245,N3LTAA,DCA,LAX,5:10:00 PM,5:04:00 PM,-6,12,5:16:00 PM,357,327,310,2311,7:26:00 PM,5,8:07:00 PM,7:31:00 PM,-36,Saturday,Feb
02/05/2015,WN,19,N523SW,DAL,HOU,11:00:00 AM,11:13:00 AM,13,8,11:21:00 AM,65,56,45,239,12:06:00 PM,3,12:05:00 PM,12:09:00 PM,4,Thursday,Feb
01/19/2015,OO,4991,N912SW,BFL,DEN,1:21:00 PM,1:23:00 PM,2,12,1:35:00 PM,144,134,113,845,4:28:00 PM,9,4:45:00 PM,4:37:00 PM,-8,Monday,Jan
01/06/2015,AA,1053,N565AA,DFW,RNO,5:50:00 PM,6:07:00 PM,17,12,6:19:00 PM,217,185,167,1345,7:06:00 PM,6,7:27:00 PM,7:12:00 PM,-15,Tuesday,Jan
01/16/2015,OO,4493,N781CA,BZN,SLC,1:14:00 PM,1:11:00 PM,-3,12,1:23:00 PM,76,85,69,347,2:32:00 PM,4,2:30:00 PM,2:36:00 PM,6,Friday,Jan
01/30/2015,EV,4924,N133EV,ECP,ATL,10:48:00 PM,10:45:00 PM,-3,12,11:57:00 PM,67,61,43,240,11:40:00 AM,6,11:55:00 AM,11:46:00 AM,-9,Friday,Jan
01/06/2015,DL,2407,N692DL,ATL,DAB,8:59:00 PM,8:59:00 PM,0,17,9:16:00 PM,78,73,51,366,10:07:00 PM,5,10:17:00 PM,10:12:00 PM,-5,Tuesday,Jan
02/06/2015,UA,1130,N73291,LAX,ORD,10:00:00 PM,5:57:00 PM,-3,20,11:17:00 PM,243,248,203,1744,12:40:00 PM,25,1:03:00 PM,1:05:00 PM,2,Friday,Feb
02/06/2015,MQ,3162,N668MQ,CVG,DFW,5:20:00 PM,5:35:00 PM,15,13,5:48:00 PM,165,145,123,812,6:51:00 PM,9,7:05:00 PM,7:00:00 PM,-5,Friday,Feb
02/02/2015,OO,4506,N459SW,BIS,MSP,11:07:00 AM,10:58:00 AM,-9,11,11:09:00 AM,82,73,56,386,12:05:00 PM,6,12:29:00 PM,12:11:00 PM,-18,Monday,Feb
01/02/2015,HA,297,N487HA,KOA,HNL,4:59:00 PM,5:34:00 PM,35,13,5:47:00 PM,44,60,31,163,6:18:00 PM,16,5:43:00 PM,6:34:00 PM,51,Friday,Jan
02/10/2015,WN,220,N247WN,MSY,LAX,10:25:00 AM,10:38:00 AM,13,5,10:43:00 AM,275,237,222,1670,12:25:00 PM,10,1:00:00 PM,12:35:00 PM,-25,Tuesday,Feb
01/11/2015,B6,2302,N775JB,JFK,BUF,4:30:00 PM,5:35:00 PM,65,33,6:08:00 PM,89,96,57,301,7:05:00 PM,6,5:59:00 PM,7:11:00 PM,72,Sunday,Jan
01/09/2015,UA,636,N833UA,MCI,ORD,6:42:00 PM,7:14:00 PM,32,22,7:36:00 PM,96,142,64,403,8:40:00 PM,56,8:18:00 PM,9:36:00 PM,78,Friday,Jan
01/20/2015,AA,1463,N3FXAA,FLL,ORD,11:55:00 AM,11:54:00 AM,-1,13,12:07:00 PM,205,196,178,1182,2:05:00 PM,5,2:20:00 PM,2:10:00 PM,-10,Tuesday,Jan
02/11/2015,DL,2415,N933AT,ATL,EWR,9:45:00 PM,9:41:00 PM,-4,9,9:50:00 PM,126,107,95,746,11:25:00 PM,3,11:51:00 PM,11:28:00 PM,-23,Wednesday,Feb
01/12/2015,EV,5171,N232PQ,MGM,ATL,1:39:00 PM,5:02:00 PM,203,10,5:12:00 PM,55,56,33,147,6:45:00 PM,13,3:34:00 PM,6:58:00 PM,204,Monday,Jan
01/09/2015,F9,1024,N921FR,MKE,MCO,2:45:00 PM,4:16:00 PM,91,8,4:24:00 PM,160,161,140,1066,7:44:00 PM,13,6:25:00 PM,7:57:00 PM,92,Friday,Jan
01/03/2015,WN,2161,N600WN,BNA,CMH,10:30:00 AM,10:44:00 AM,14,8,10:52:00 AM,70,72,60,337,12:52:00 PM,4,12:40:00 PM,12:56:00 PM,16,Saturday,Jan
01/31/2015,OO,4994,N715SK,SFO,OKC,4:15:00 PM,5:23:00 PM,68,17,5:40:00 PM,191,190,165,1384,10:25:00 PM,8,9:26:00 PM,10:33:00 PM,67,Saturday,Jan
02/09/2015,UA,1293,N33294,DEN,BIL,11:10:00 AM,11:07:00 AM,-3,13,11:20:00 AM,94,83,66,455,12:26:00 PM,4,12:44:00 PM,12:30:00 PM,-14,Monday,Feb
01/10/2015,F9,1279,N947FR,PHL,MCO,5:30:00 AM,6:41:00 AM,11,14,7:55:00 AM,160,144,125,861,8:00:00 AM,5,9:10:00 AM,8:05:00 AM,-5,Saturday,Jan
01/20/2015,UA,884,N465UA,ORD,EWR,6:08:00 PM,6:05:00 PM,-3,19,6:24:00 PM,131,121,95,719,8:59:00 PM,7,9:19:00 PM,9:06:00 PM,-13,Tuesday,Jan
01/16/2015,DL,1866,N825DN,SFO,ATL,2:25:00 PM,2:22:00 PM,-3,22,4:44:00 PM,274,275,246,2139,1:50:00 PM,7,1:59:00 PM,1:57:00 PM,-2,Friday,Jan
01/03/2015,B6,790,N267JB,DCA,BOS,4:55:00 PM,4:46:00 PM,-9,17,5:03:00 PM,88,78,56,399,5:59:00 PM,5,6:23:00 PM,6:04:00 PM,-19,Saturday,Jan
02/05/2015,EV,4728,N11539,IAH,CLL,11:35:00 AM,11:26:00 AM,-9,41,12:07:00 PM,44,67,21,74,12:28:00 PM,5,12:19:00 PM,12:33:00 PM,14,Thursday,Feb
01/07/2015,US,1908,N165US,CLT,ORD,6:00:00 PM,8:16:00 PM,136,12,8:28:00 PM,129,117,97,599,9:05:00 PM,8,7:09:00 PM,9:13:00 PM,124,Wednesday,Jan
01/23/2015,DL,1598,N966DL,JAX,ATL,5:30:00 AM,4:26:00 AM,-4,11,5:37:00 AM,70,66,47,270,2:24:00 PM,8,4:40:00 PM,3:32:00 PM,-8,Friday,Jan
01/05/2015,WN,106,N7707C,LAX,DEN,8:05:00 PM,8:50:00 PM,45,6,8:56:00 PM,130,133,121,862,11:57:00 PM,6,11:15:00 PM,3:03:00 AM,48,Monday,Jan
01/29/2015,US,500,N650AW,SEA,PHX,3:00:00 PM,2:59:00 PM,-1,17,3:16:00 PM,167,180,158,1107,6:54:00 PM,5,6:47:00 PM,6:59:00 PM,12,Thursday,Jan
01/28/2015,WN,48,N7724A,BNA,HOU,3:15:00 PM,3:12:00 PM,-3,9,3:21:00 PM,135,116,101,670,5:02:00 PM,6,5:30:00 PM,5:08:00 PM,-22,Wednesday,Jan
01/25/2015,DL,101,N825DN,LAX,ATL,11:15:00 AM,11:28:00 AM,13,12,11:40:00 AM,254,251,235,1947,6:35:00 PM,4,6:29:00 PM,6:39:00 PM,10,Sunday,Jan
01/27/2015,WN,617,N235WN,HOU,ATL,5:05:00 PM,5:06:00 PM,1,8,5:14:00 PM,110,123,110,696,8:04:00 PM,5,7:55:00 PM,8:09:00 PM,14,Tuesday,Jan
01/30/2015,B6,573,N510JB,EWR,TPA,3:00:00 PM,2:58:00 PM,-2,19,3:17:00 PM,181,161,136,997,5:33:00 PM,6,6:01:00 PM,5:39:00 PM,-22,Friday,Jan
01/28/2015,DL,831,N338NW,LGA,DTW,12:20:00 AM,11:17:00 PM,-3,32,2:49:00 AM,126,114,75,502,6:04:00 PM,7,8:26:00 PM,7:11:00 PM,-15,Wednesday,Jan
02/08/2015,EV,5363,N744EV,DTW,LIT,1:56:00 PM,1:51:00 PM,-5,13,2:04:00 PM,143,124,106,705,2:50:00 PM,5,3:19:00 PM,2:55:00 PM,-24,Sunday,Feb
01/13/2015,WN,4926,N7815L,SAN,SMF,12:50:00 PM,12:46:00 PM,-4,9,12:55:00 PM,90,86,74,480,2:09:00 PM,3,2:20:00 PM,2:12:00 PM,-8,Tuesday,Jan
01/19/2015,DL,2159,N992DL,JFK,MCO,6:25:00 PM,6:32:00 PM,7,31,7:03:00 PM,193,176,138,944,9:21:00 PM,7,9:38:00 PM,9:28:00 PM,-10,Monday,Jan
01/27/2015,EV,4194,N13964,CVG,IAH,6:42:00 PM,6:34:00 PM,-8,13,6:47:00 PM,163,138,118,871,7:45:00 PM,7,8:25:00 PM,7:52:00 PM,-33,Tuesday,Jan
02/11/2015,WN,775,N8321D,SAN,PHX,5:50:00 PM,4:47:00 PM,-3,27,11:14:00 PM,80,86,51,304,6:05:00 PM,8,7:10:00 PM,7:13:00 PM,3,Wednesday,Feb
01/29/2015,WN,354,N742SW,MCO,SAN,5:30:00 PM,5:26:00 PM,-4,8,5:34:00 PM,330,316,303,2149,7:37:00 PM,5,8:00:00 PM,7:42:00 PM,-18,Thursday,Jan
01/29/2015,WN,114,N293WN,ATL,DAL,7:15:00 PM,7:10:00 PM,-5,15,8:25:00 PM,150,137,119,721,10:24:00 AM,3,10:45:00 AM,10:27:00 AM,-18,Thursday,Jan
01/27/2015,DL,2348,N6707A,SLC,DTW,11:20:00 AM,11:15:00 AM,-5,22,11:37:00 AM,212,210,183,1481,4:40:00 PM,5,4:52:00 PM,4:45:00 PM,-7,Tuesday,Jan
01/30/2015,AA,1106,N4YCAA,DFW,CLE,6:45:00 PM,6:45:00 PM,0,13,6:58:00 PM,154,149,132,1021,10:10:00 PM,4,10:19:00 PM,10:14:00 PM,-5,Friday,Jan
01/02/2015,UA,581,N529UA,DEN,IAD,10:23:00 AM,1:54:00 PM,31,15,6:09:00 PM,188,172,151,1452,1:40:00 PM,6,1:31:00 PM,1:46:00 PM,15,Friday,Jan
01/19/2015,OO,6345,N593ML,LNK,DEN,12:56:00 PM,1:01:00 PM,5,10,1:11:00 PM,93,86,71,423,1:22:00 PM,5,1:29:00 PM,1:27:00 PM,-2,Monday,Jan
01/26/2015,WN,1885,N755SA,IND,HOU,6:20:00 PM,6:19:00 PM,-1,6,6:25:00 PM,165,125,116,861,7:21:00 PM,3,8:05:00 PM,7:24:00 PM,-41,Monday,Jan
02/07/2015,EV,4648,N14179,MOB,IAH,2:25:00 PM,2:20:00 PM,-5,25,4:45:00 PM,97,104,69,427,3:54:00 AM,10,8:02:00 AM,8:04:00 AM,2,Saturday,Feb
01/05/2015,WN,1637,N457WN,STL,DEN,7:45:00 PM,7:56:00 PM,11,11,8:07:00 PM,150,143,126,770,9:13:00 PM,6,9:15:00 PM,9:19:00 PM,4,Monday,Jan
01/10/2015,UA,1688,N68821,ORD,SJU,9:10:00 AM,1:54:00 PM,44,22,7:16:00 PM,280,267,238,2072,3:14:00 PM,7,2:50:00 PM,3:21:00 PM,31,Saturday,Jan
02/12/2015,WN,786,N777QC,SAN,OAK,11:40:00 AM,11:38:00 AM,-2,7,11:45:00 AM,90,76,64,446,12:49:00 PM,5,1:10:00 PM,12:54:00 PM,-16,Thursday,Feb
01/30/2015,WN,355,N204WN,OAK,SNA,5:20:00 PM,5:47:00 PM,27,10,5:57:00 PM,80,77,63,371,7:00:00 PM,4,6:40:00 PM,7:04:00 PM,24,Friday,Jan
01/04/2015,WN,4484,N782SA,ORF,BWI,8:15:00 PM,9:48:00 PM,93,18,10:06:00 PM,65,68,42,159,10:48:00 PM,8,9:20:00 PM,10:56:00 PM,96,Sunday,Jan
01/18/2015,VX,715,N523VA,DCA,DAL,11:25:00 AM,11:16:00 AM,-9,13,11:29:00 AM,210,188,165,1184,1:14:00 PM,10,1:55:00 PM,1:24:00 PM,-31,Sunday,Jan
01/29/2015,NK,394,N532NK,LAS,PHL,11:08:00 AM,11:03:00 AM,-5,11,11:14:00 AM,274,264,242,2176,6:16:00 PM,11,6:42:00 PM,6:27:00 PM,-15,Thursday,Jan
02/10/2015,WN,496,N784SW,BNA,BWI,6:15:00 PM,6:11:00 PM,-4,8,6:19:00 PM,95,94,78,587,8:37:00 PM,8,8:50:00 PM,8:45:00 PM,-5,Tuesday,Feb
01/17/2015,MQ,2982,N671MQ,ORD,RST,8:05:00 AM,3:58:00 AM,-7,16,9:14:00 AM,70,70,49,268,6:03:00 PM,5,7:15:00 PM,6:08:00 PM,-7,Saturday,Jan
01/19/2015,US,454,N508AY,PHX,SLC,9:15:00 PM,9:14:00 PM,-1,20,9:34:00 PM,100,99,74,507,10:48:00 PM,5,10:55:00 PM,10:53:00 PM,-2,Monday,Jan
02/06/2015,US,1906,N751UW,ORF,CLT,11:10:00 PM,10:03:00 PM,-7,15,11:18:00 PM,89,98,69,290,10:27:00 AM,14,11:39:00 AM,12:41:00 PM,2,Friday,Feb
01/15/2015,MQ,3373,N925MQ,CLL,DFW,6:25:00 PM,6:14:00 PM,-11,9,6:23:00 PM,59,54,34,164,6:57:00 PM,11,7:24:00 PM,7:08:00 PM,-16,Thursday,Jan
01/29/2015,WN,130,N436WN,SMF,LAS,5:15:00 PM,5:13:00 PM,-2,10,5:23:00 PM,80,77,61,397,6:24:00 PM,6,6:35:00 PM,6:30:00 PM,-5,Thursday,Jan
01/21/2015,AA,1300,N3FPAA,SNA,DFW,4:45:00 PM,11:11:00 PM,26,13,12:24:00 AM,183,156,136,1205,11:40:00 AM,7,11:48:00 AM,11:47:00 AM,-1,Wednesday,Jan
01/09/2015,MQ,2979,N645MQ,DFW,GRK,10:05:00 PM,10:01:00 PM,-4,15,10:16:00 PM,44,47,29,134,10:45:00 PM,3,10:49:00 PM,10:48:00 PM,-1,Friday,Jan
01/16/2015,UA,493,N463UA,ORD,SFO,5:00:00 PM,5:19:00 PM,19,23,5:42:00 PM,290,284,257,1846,7:59:00 PM,4,7:50:00 PM,8:03:00 PM,13,Friday,Jan
02/06/2015,WN,759,N8652B,DEN,MCI,7:30:00 PM,7:36:00 PM,6,15,7:51:00 PM,90,91,70,533,10:01:00 PM,6,10:00:00 PM,10:07:00 PM,7,Friday,Feb
01/30/2015,EV,6105,N16541,IAH,BRO,6:07:00 PM,1:56:00 PM,-11,26,8:22:00 PM,76,90,58,308,10:20:00 AM,6,10:23:00 AM,10:26:00 AM,3,Friday,Jan
01/16/2015,US,2034,N819AW,RDU,CLT,7:40:00 PM,7:41:00 PM,1,11,7:52:00 PM,61,50,34,130,8:26:00 PM,5,8:41:00 PM,8:31:00 PM,-10,Friday,Jan
01/07/2015,MQ,3351,N902MQ,SAV,DFW,5:28:00 PM,5:30:00 PM,2,18,5:48:00 PM,182,183,152,925,7:20:00 PM,13,7:30:00 PM,7:33:00 PM,3,Wednesday,Jan
01/08/2015,AA,1684,N3EJAA,EWR,MIA,11:15:00 AM,11:15:00 AM,0,17,11:32:00 AM,190,173,147,1085,1:59:00 PM,9,2:25:00 PM,2:08:00 PM,-17,Thursday,Jan
01/05/2015,EV,5398,N686BR,ATL,EWN,2:54:00 PM,2:52:00 PM,-2,13,3:05:00 PM,81,75,60,433,4:05:00 PM,2,4:15:00 PM,4:07:00 PM,-8,Monday,Jan
01/04/2015,F9,190,N954FR,DEN,FAR,3:53:00 PM,4:33:00 PM,40,13,4:46:00 PM,103,105,86,627,7:12:00 PM,6,6:36:00 PM,7:18:00 PM,42,Sunday,Jan
02/02/2015,DL,1410,N331NW,DEN,DTW,4:15:00 PM,4:21:00 PM,6,15,4:36:00 PM,165,161,134,1123,8:50:00 PM,12,9:00:00 PM,9:02:00 PM,2,Monday,Feb
01/09/2015,MQ,3148,N531MQ,DTW,ORD,4:46:00 PM,10:06:00 PM,20,40,2:46:00 AM,89,100,48,235,1:34:00 AM,12,11:15:00 PM,2:46:00 AM,31,Friday,Jan
01/10/2015,UA,255,N514UA,DEN,SAN,7:00:00 PM,6:58:00 PM,-2,14,7:12:00 PM,145,132,114,853,8:06:00 PM,4,8:25:00 PM,8:10:00 PM,-15,Saturday,Jan
01/10/2015,US,1859,N713UW,JAX,CLT,12:45:00 PM,11:39:00 AM,-6,12,1:51:00 PM,89,78,58,328,10:49:00 PM,8,10:14:00 AM,11:57:00 PM,-17,Saturday,Jan
02/11/2015,EV,4667,N11121,EWR,MSP,2:35:00 PM,2:25:00 PM,-10,10,2:35:00 PM,195,205,148,1008,4:03:00 PM,47,4:50:00 PM,4:50:00 PM,0,Wednesday,Feb
02/02/2015,AA,1151,N575AA,DFW,DEN,1:00:00 PM,12:58:00 PM,-2,22,1:20:00 PM,126,130,101,641,2:01:00 PM,7,2:06:00 PM,2:08:00 PM,2,Monday,Feb
01/18/2015,B6,499,N605JB,LGA,MCO,9:00:00 PM,9:26:00 PM,26,20,9:46:00 PM,169,160,137,950,3:03:00 AM,3,11:49:00 PM,6:06:00 AM,17,Sunday,Jan
01/11/2015,AA,244,N3FWAA,SNA,DFW,1:55:00 PM,12:48:00 PM,-7,33,8:21:00 PM,172,193,147,1205,1:48:00 PM,13,1:47:00 PM,2:01:00 PM,14,Sunday,Jan
01/20/2015,AA,290,N3EVAA,AUS,JFK,10:00:00 AM,11:56:00 PM,-4,18,10:14:00 AM,212,223,192,1521,2:26:00 PM,13,2:32:00 PM,2:39:00 PM,7,Tuesday,Jan
01/04/2015,OO,5228,N758SK,LAX,MSP,6:59:00 PM,7:04:00 PM,5,30,7:34:00 PM,218,243,205,1535,11:59:00 AM,8,1:37:00 PM,10:07:00 AM,30,Sunday,Jan
02/03/2015,DL,1468,N975AT,DTW,ORD,10:15:00 AM,10:14:00 AM,-1,25,10:39:00 AM,95,93,46,235,10:25:00 AM,22,10:50:00 AM,10:47:00 AM,-3,Tuesday,Feb
01/09/2015,EV,4181,N11164,MCI,EWR,5:24:00 PM,5:23:00 PM,-1,11,5:34:00 PM,169,158,133,1092,8:47:00 PM,14,9:13:00 PM,9:01:00 PM,-12,Friday,Jan
02/08/2015,US,1949,N751UW,CLT,RDU,11:20:00 AM,11:18:00 AM,-2,12,11:30:00 AM,49,44,30,130,12:00:00 PM,2,12:09:00 PM,12:02:00 PM,-7,Sunday,Feb
02/08/2015,AA,1228,N488AA,DFW,SLC,3:20:00 PM,3:54:00 PM,34,21,4:15:00 PM,170,175,147,989,5:42:00 PM,7,5:10:00 PM,5:49:00 PM,39,Sunday,Feb
02/11/2015,UA,503,N548UA,BOS,SFO,5:27:00 PM,6:24:00 PM,57,13,6:37:00 PM,394,357,338,2704,9:15:00 PM,6,9:01:00 PM,9:21:00 PM,20,Wednesday,Feb
01/03/2015,AA,1209,N3MDAA,TPA,LAX,12:25:00 AM,12:23:00 AM,-2,11,1:34:00 AM,330,318,295,2158,8:29:00 PM,12,11:55:00 PM,10:41:00 PM,-14,Saturday,Jan
01/07/2015,AA,1305,N582AA,DSM,DFW,3:39:00 PM,9:39:00 PM,180,11,11:50:00 PM,136,109,89,624,11:19:00 AM,9,1:55:00 PM,11:28:00 AM,153,Wednesday,Jan
01/19/2015,DL,2144,N335NB,DTW,DCA,5:26:00 PM,5:26:00 PM,0,15,5:41:00 PM,92,83,65,405,6:46:00 PM,3,6:58:00 PM,6:49:00 PM,-9,Monday,Jan
01/25/2015,WN,4018,N778SW,LAX,DAL,7:05:00 PM,7:09:00 PM,4,5,7:14:00 PM,170,170,162,1246,11:56:00 PM,3,11:55:00 PM,11:59:00 PM,4,Sunday,Jan
01/09/2015,WN,514,N8608N,TPA,DEN,6:00:00 PM,1:59:00 PM,-1,8,6:07:00 PM,250,231,216,1506,10:43:00 AM,7,11:10:00 AM,10:50:00 AM,-20,Friday,Jan
02/01/2015,WN,799,N372SW,HOU,ATL,10:00:00 PM,5:57:00 PM,-3,8,10:05:00 PM,115,96,84,696,8:29:00 PM,4,11:55:00 PM,9:33:00 PM,-22,Sunday,Feb
02/09/2015,AS,525,N525AS,BUR,SEA,5:55:00 PM,5:40:00 PM,-15,17,5:57:00 PM,150,150,127,937,8:04:00 PM,6,8:25:00 PM,8:10:00 PM,-15,Monday,Feb
02/09/2015,UA,534,N779UA,HNL,LAX,9:45:00 PM,9:37:00 PM,-8,26,10:03:00 PM,314,298,262,2556,6:25:00 PM,10,9:59:00 PM,7:35:00 PM,-24,Monday,Feb
01/27/2015,WN,1044,N219WN,BUR,DEN,2:10:00 PM,2:06:00 PM,-4,7,2:13:00 PM,130,115,104,850,4:57:00 PM,4,5:20:00 PM,5:01:00 PM,-19,Tuesday,Jan
01/16/2015,WN,1972,N626SW,MCO,STL,8:25:00 PM,8:16:00 PM,-9,10,8:26:00 PM,155,161,143,882,9:49:00 PM,8,10:00:00 PM,9:57:00 PM,-3,Friday,Jan
01/22/2015,OO,5628,N728SK,SFO,SNA,8:29:00 PM,8:26:00 PM,-3,74,10:40:00 AM,90,142,62,372,11:42:00 AM,6,10:59:00 AM,11:48:00 AM,49,Thursday,Jan
02/01/2015,US,692,N940UW,PHX,HNL,11:35:00 AM,5:03:00 PM,328,11,5:14:00 PM,417,388,374,2917,8:28:00 PM,3,3:32:00 PM,8:31:00 PM,299,Sunday,Feb
01/29/2015,EV,6079,N12569,ORD,SBN,3:08:00 PM,3:05:00 PM,-3,11,3:16:00 PM,48,43,22,84,4:38:00 PM,10,4:56:00 PM,4:48:00 PM,-8,Thursday,Jan
01/04/2015,AA,913,N3GLAA,DCA,MIA,12:00:00 PM,7:56:00 AM,-4,15,1:11:00 PM,157,170,138,919,10:29:00 AM,17,11:37:00 AM,12:46:00 PM,9,Sunday,Jan
02/03/2015,OO,2628,N464SW,LAX,SLC,6:40:00 PM,6:40:00 PM,0,15,6:55:00 PM,105,112,94,590,9:29:00 PM,3,9:25:00 PM,9:32:00 PM,7,Tuesday,Feb
01/05/2015,EV,2566,N907EV,DFW,TYS,6:05:00 PM,7:54:00 PM,109,23,8:17:00 PM,115,133,97,772,10:54:00 PM,13,9:00:00 PM,11:07:00 PM,127,Monday,Jan
02/09/2015,DL,1672,N908DL,ATL,BUF,9:11:00 AM,8:08:00 AM,-3,16,10:24:00 AM,121,110,89,712,11:53:00 PM,5,10:12:00 AM,11:58:00 PM,-14,Monday,Feb
02/12/2015,WN,394,N624SW,IND,ATL,1:15:00 PM,1:14:00 PM,-1,23,3:37:00 PM,105,100,71,432,2:48:00 AM,6,8:00:00 AM,3:54:00 AM,-6,Thursday,Feb
01/25/2015,US,2063,N828AW,CLT,BWI,2:50:00 PM,2:46:00 PM,-4,12,2:58:00 PM,85,70,52,361,3:50:00 PM,6,4:15:00 PM,3:56:00 PM,-19,Sunday,Jan
02/11/2015,US,1923,N740UW,CLT,DTW,11:20:00 AM,11:33:00 AM,13,15,11:48:00 AM,108,113,86,500,1:14:00 PM,12,1:08:00 PM,1:26:00 PM,18,Wednesday,Feb
01/18/2015,AS,512,N531AS,SEA,SNA,1:50:00 PM,1:45:00 PM,-5,20,2:05:00 PM,150,158,134,978,4:19:00 PM,4,4:20:00 PM,4:23:00 PM,3,Sunday,Jan
01/14/2015,DL,1748,N681DA,LAS,DTW,11:15:00 PM,11:09:00 PM,-6,19,11:28:00 PM,231,227,199,1749,6:47:00 AM,9,12:06:00 PM,7:56:00 AM,-10,Wednesday,Jan
02/09/2015,WN,2353,N8617E,LAS,MKE,6:00:00 PM,1:55:00 PM,-5,11,6:06:00 PM,205,191,169,1524,1:55:00 PM,11,2:25:00 PM,2:06:00 PM,-19,Monday,Feb
02/02/2015,AA,1279,N480AA,DFW,OMA,11:35:00 AM,12:42:00 PM,7,15,1:57:00 PM,104,104,83,583,10:20:00 AM,6,10:19:00 AM,10:26:00 AM,7,Monday,Feb
01/10/2015,UA,1443,N12116,IAD,STT,11:30:00 AM,11:30:00 AM,0,17,12:47:00 PM,233,237,214,1606,1:21:00 PM,6,1:23:00 PM,1:27:00 PM,4,Saturday,Jan
02/08/2015,WN,940,N612SW,PDX,DEN,11:20:00 AM,11:16:00 AM,-4,11,11:27:00 AM,145,129,113,991,2:20:00 PM,5,2:45:00 PM,2:25:00 PM,-20,Sunday,Feb
01/08/2015,US,2059,N758US,DCA,CLT,11:55:00 AM,11:49:00 AM,-6,13,12:02:00 PM,91,98,58,331,1:00:00 PM,27,1:26:00 PM,1:27:00 PM,1,Thursday,Jan
01/19/2015,AS,484,N413AS,SEA,SAN,7:55:00 PM,7:51:00 PM,-4,14,8:05:00 PM,157,155,138,1050,10:23:00 PM,3,10:32:00 PM,10:26:00 PM,-6,Monday,Jan
02/06/2015,OO,4767,N554CA,OAK,LAX,3:25:00 PM,4:25:00 PM,60,26,4:51:00 PM,80,95,51,337,5:42:00 PM,18,4:45:00 PM,6:00:00 PM,75,Friday,Feb
01/29/2015,MQ,3351,N617MQ,DFW,SAV,1:50:00 PM,1:44:00 PM,-6,16,2:00:00 PM,133,128,108,925,4:48:00 PM,4,5:03:00 PM,4:52:00 PM,-11,Thursday,Jan
01/10/2015,WN,3285,N8600F,MCI,FLL,9:30:00 PM,8:26:00 PM,-4,9,9:35:00 PM,185,166,154,1242,1:09:00 PM,3,1:35:00 PM,1:12:00 PM,-23,Saturday,Jan
01/13/2015,EV,5684,N34110,IAH,CLL,5:36:00 PM,5:27:00 PM,-9,8,5:35:00 PM,44,34,21,74,5:56:00 PM,5,6:20:00 PM,6:01:00 PM,-19,Tuesday,Jan
02/04/2015,DL,2524,N333NB,DLH,MSP,3:10:00 AM,5:30:00 AM,20,18,6:48:00 AM,70,52,31,144,1:19:00 PM,3,2:20:00 PM,2:22:00 PM,2,Wednesday,Feb
01/17/2015,AA,8,N355AA,HNL,DFW,5:45:00 PM,5:33:00 PM,-12,20,5:53:00 PM,441,419,395,3784,6:28:00 PM,4,2:06:00 AM,7:32:00 PM,-34,Saturday,Jan
01/16/2015,MQ,3217,N617MQ,ORF,JFK,1:23:00 PM,1:23:00 PM,0,9,1:32:00 PM,87,80,63,290,2:35:00 PM,8,2:50:00 PM,2:43:00 PM,-7,Friday,Jan
01/04/2015,WN,3926,N296WN,MDW,ABQ,11:50:00 PM,10:05:00 AM,15,29,10:34:00 AM,190,195,161,1121,12:15:00 PM,5,12:00:00 PM,12:20:00 PM,20,Sunday,Jan
02/01/2015,DL,2517,N910DE,PVD,ATL,6:03:00 PM,6:04:00 PM,1,14,6:18:00 PM,177,178,151,903,8:49:00 PM,13,9:00:00 PM,9:02:00 PM,2,Sunday,Feb
01/16/2015,AA,2400,N3BHAA,LAX,DFW,5:05:00 AM,10:09:00 AM,64,10,11:19:00 AM,169,158,141,1235,6:40:00 AM,7,9:54:00 PM,6:47:00 AM,53,Friday,Jan
01/01/2015,OO,6284,N771SK,LAS,LAX,3:26:00 PM,3:53:00 PM,27,18,4:11:00 PM,72,66,36,236,4:47:00 PM,12,4:38:00 PM,4:59:00 PM,21,Thursday,Jan
01/20/2015,B6,691,N517JB,BOS,TPA,4:51:00 PM,4:47:00 PM,-4,12,4:59:00 PM,215,189,174,1185,7:53:00 PM,3,8:26:00 PM,7:56:00 PM,-30,Tuesday,Jan
02/05/2015,MQ,3412,N849MQ,TYS,ORD,3:36:00 PM,3:56:00 PM,20,7,4:03:00 PM,109,94,80,475,4:23:00 PM,7,4:25:00 PM,4:30:00 PM,5,Thursday,Feb
02/09/2015,EV,4174,N12172,ORF,ORD,12:33:00 PM,1:14:00 PM,41,8,1:22:00 PM,143,136,116,717,2:18:00 PM,12,1:56:00 PM,2:30:00 PM,34,Monday,Feb
01/23/2015,WN,772,N202WN,LAS,OAK,6:55:00 PM,6:52:00 PM,-3,15,7:07:00 PM,90,85,65,407,8:12:00 PM,5,8:25:00 PM,8:17:00 PM,-8,Friday,Jan
01/04/2015,EV,4313,N17115,CMH,DEN,1:16:00 PM,1:45:00 PM,29,7,1:52:00 PM,204,213,187,1154,2:59:00 PM,19,2:40:00 PM,3:18:00 PM,38,Sunday,Jan
01/08/2015,AA,277,N559AA,MCI,DFW,3:11:00 PM,3:11:00 PM,0,17,3:28:00 PM,99,101,72,460,4:40:00 PM,12,4:50:00 PM,4:52:00 PM,2,Thursday,Jan
01/13/2015,OO,5633,N732SK,COS,DEN,8:00:00 AM,12:24:00 PM,264,25,12:49:00 PM,54,49,19,73,1:08:00 PM,5,1:54:00 PM,1:13:00 PM,259,Tuesday,Jan
01/23/2015,AA,1572,N3EMAA,DFW,BDL,6:55:00 PM,6:50:00 PM,-5,12,7:02:00 PM,193,182,165,1471,10:47:00 PM,5,11:08:00 PM,10:52:00 PM,-16,Friday,Jan
02/02/2015,AA,1328,N485AA,DFW,OKC,11:30:00 AM,11:26:00 AM,-4,15,11:41:00 AM,54,51,31,175,12:12:00 PM,5,12:24:00 PM,12:17:00 PM,-7,Monday,Feb
01/12/2015,WN,4546,N405WN,DAL,DCA,8:10:00 PM,8:08:00 PM,-2,8,8:16:00 PM,165,152,139,1184,11:35:00 PM,5,11:55:00 PM,11:40:00 PM,-15,Monday,Jan
01/15/2015,MQ,2987,N500MQ,SYR,ORD,1:15:00 PM,12:09:00 PM,-6,35,4:44:00 PM,160,142,97,607,12:21:00 AM,10,3:55:00 AM,1:31:00 AM,-24,Thursday,Jan
01/13/2015,US,856,N125UW,CLT,DCA,7:46:00 PM,7:44:00 PM,-2,13,7:57:00 PM,74,65,49,331,8:46:00 PM,3,9:00:00 PM,8:49:00 PM,-11,Tuesday,Jan
02/04/2015,WN,362,N943WN,BWI,ROC,10:10:00 PM,10:14:00 PM,4,12,10:26:00 PM,70,66,48,277,11:14:00 PM,6,11:20:00 PM,11:20:00 PM,0,Wednesday,Feb
01/14/2015,EV,5328,N847AS,ATL,TLH,6:05:00 PM,6:06:00 PM,1,17,8:23:00 PM,70,66,43,223,10:06:00 AM,6,10:15:00 AM,10:12:00 AM,-3,Wednesday,Jan
01/06/2015,DL,2421,N958AT,BNA,ATL,7:15:00 PM,7:11:00 PM,-4,13,8:24:00 PM,70,56,38,214,11:02:00 AM,5,11:25:00 AM,11:07:00 AM,-18,Tuesday,Jan
01/16/2015,US,2050,N810AW,CLT,RDU,2:40:00 AM,1:38:00 AM,-2,14,3:52:00 AM,55,49,31,130,10:23:00 AM,4,11:35:00 AM,10:27:00 AM,-8,Friday,Jan
02/01/2015,WN,607,N227WN,PDX,SMF,11:10:00 AM,11:07:00 AM,-3,8,11:15:00 AM,85,79,68,479,12:23:00 PM,3,12:35:00 PM,12:26:00 PM,-9,Sunday,Feb
01/06/2015,DL,833,N826DN,SAN,DTW,11:10:00 PM,10:07:00 PM,-3,21,12:28:00 AM,263,278,249,1956,2:37:00 PM,8,2:33:00 PM,2:45:00 PM,12,Tuesday,Jan
01/23/2015,AS,222,N306AS,SEA,SFO,12:20:00 AM,11:16:00 PM,-4,17,1:33:00 AM,129,116,92,679,6:05:00 PM,7,8:29:00 PM,7:12:00 PM,-17,Friday,Jan
02/03/2015,DL,2532,N326US,SLC,GEG,9:36:00 PM,9:38:00 PM,2,15,9:53:00 PM,116,110,92,546,10:25:00 PM,3,10:32:00 PM,10:28:00 PM,-4,Tuesday,Feb
01/02/2015,US,713,N624AW,JAX,CLT,12:45:00 PM,7:18:00 PM,33,12,9:30:00 PM,87,74,55,328,10:25:00 AM,7,10:12:00 AM,10:32:00 AM,20,Friday,Jan
01/10/2015,WN,2464,N8620H,MCO,MDW,11:20:00 AM,11:16:00 AM,-4,10,11:26:00 AM,170,164,150,990,12:56:00 PM,4,1:10:00 PM,1:00:00 PM,-10,Saturday,Jan
01/15/2015,WN,2711,N717SA,ABQ,PHX,2:25:00 PM,2:32:00 PM,7,8,2:40:00 PM,75,66,54,328,3:34:00 PM,4,3:40:00 PM,3:38:00 PM,-2,Thursday,Jan
01/07/2015,AS,573,N609AS,SAN,PDX,3:30:00 PM,1:16:00 PM,-14,17,3:33:00 PM,163,150,129,933,12:42:00 PM,4,7:13:00 PM,12:46:00 PM,-27,Wednesday,Jan
02/02/2015,AA,1429,N354AA,MCO,MIA,2:39:00 PM,2:33:00 PM,-6,19,2:52:00 PM,70,62,37,192,3:29:00 PM,6,3:49:00 PM,3:35:00 PM,-14,Monday,Feb
01/16/2015,OO,5310,N296SW,DEN,GCC,7:51:00 PM,7:48:00 PM,-3,12,8:00:00 PM,100,87,69,313,9:09:00 PM,6,9:31:00 PM,9:15:00 PM,-16,Friday,Jan
01/14/2015,DL,1297,N940DL,SRQ,ATL,3:08:00 PM,3:05:00 PM,-3,8,3:13:00 PM,102,94,80,444,4:33:00 PM,6,4:50:00 PM,4:39:00 PM,-11,Wednesday,Jan
01/03/2015,OO,5347,N967SW,LAX,MRY,4:30:00 PM,4:26:00 PM,-4,18,4:44:00 PM,70,73,51,266,5:35:00 PM,4,5:40:00 PM,5:39:00 PM,-1,Saturday,Jan
02/05/2015,EV,4345,N12145,CRP,IAH,5:08:00 PM,4:56:00 PM,-12,20,5:16:00 PM,61,71,44,201,6:00:00 PM,7,6:09:00 PM,6:07:00 PM,-2,Thursday,Feb
01/26/2015,MQ,3017,N8EGMQ,DFW,AMA,9:55:00 PM,9:55:00 PM,0,10,10:05:00 PM,69,62,47,312,10:52:00 PM,5,11:04:00 PM,10:57:00 PM,-7,Monday,Jan
01/06/2015,WN,562,N271LV,DAL,MDW,1:05:00 PM,1:20:00 PM,15,9,1:29:00 PM,130,131,115,793,3:24:00 PM,7,3:15:00 PM,3:31:00 PM,16,Tuesday,Jan
01/16/2015,WN,310,N291WN,BWI,FNT,8:05:00 PM,8:16:00 PM,11,10,8:26:00 PM,105,92,79,452,9:45:00 PM,3,9:50:00 PM,9:48:00 PM,-2,Friday,Jan
01/29/2015,EV,5238,N936EV,CAE,ATL,1:05:00 PM,1:02:00 PM,-3,23,1:25:00 PM,67,80,44,192,2:09:00 PM,13,2:12:00 PM,2:22:00 PM,10,Thursday,Jan
01/07/2015,OO,4749,N161PQ,SLC,ONT,3:05:00 PM,3:03:00 PM,-2,15,3:18:00 PM,107,100,80,558,3:38:00 PM,5,3:52:00 PM,3:43:00 PM,-9,Wednesday,Jan
01/19/2015,WN,3933,N245WN,DCA,ATL,2:20:00 PM,2:21:00 PM,1,16,2:37:00 PM,130,106,84,547,4:01:00 PM,6,4:30:00 PM,4:07:00 PM,-23,Monday,Jan
02/05/2015,WN,1044,N426WN,BUR,DEN,2:10:00 PM,2:17:00 PM,7,7,2:24:00 PM,130,124,112,850,5:16:00 PM,5,5:20:00 PM,5:21:00 PM,1,Thursday,Feb
01/21/2015,AA,316,N3JHAA,DFW,DEN,11:35:00 AM,12:34:00 PM,59,13,12:47:00 PM,121,116,99,641,1:26:00 PM,4,12:36:00 PM,1:30:00 PM,54,Wednesday,Jan
02/09/2015,EV,2549,N877AS,BPT,DFW,10:03:00 PM,5:56:00 PM,-7,13,10:09:00 PM,77,72,49,270,3:58:00 AM,10,10:20:00 AM,8:08:00 AM,-12,Monday,Feb
02/04/2015,OO,5435,N982SW,PSC,SFO,5:30:00 AM,4:24:00 AM,-6,12,5:36:00 AM,126,106,91,620,10:07:00 PM,3,1:36:00 AM,11:10:00 PM,-26,Wednesday,Feb
01/20/2015,OO,6436,N586SW,SFO,MRY,10:15:00 AM,11:50:00 AM,95,13,12:03:00 PM,45,37,20,77,12:23:00 PM,4,11:00:00 AM,12:27:00 PM,87,Tuesday,Jan
01/11/2015,DL,970,N959AT,DAL,ATL,12:51:00 PM,1:09:00 PM,18,13,1:22:00 PM,120,119,90,721,3:52:00 PM,16,3:51:00 PM,4:08:00 PM,17,Sunday,Jan
01/09/2015,B6,1416,N571JB,LGB,AUS,11:17:00 AM,11:21:00 AM,4,11,11:32:00 AM,165,176,161,1226,4:13:00 PM,4,4:02:00 PM,4:17:00 PM,15,Friday,Jan
01/18/2015,MQ,3235,N509MQ,CID,DFW,5:04:00 PM,5:17:00 PM,13,11,5:28:00 PM,131,116,93,685,7:01:00 PM,12,7:15:00 PM,7:13:00 PM,-2,Sunday,Jan
02/04/2015,B6,748,N585JB,LAS,JFK,1:39:00 PM,2:19:00 PM,40,19,2:38:00 PM,290,274,248,2248,9:46:00 PM,7,9:29:00 PM,9:53:00 PM,24,Wednesday,Feb
02/06/2015,UA,1632,N76522,IAH,LGA,5:55:00 PM,5:48:00 PM,-7,21,6:09:00 PM,206,207,181,1416,10:10:00 PM,5,10:21:00 PM,10:15:00 PM,-6,Friday,Feb
01/09/2015,WN,1451,N713SW,MCI,MKE,4:40:00 PM,4:40:00 PM,0,9,4:49:00 PM,85,82,67,436,5:56:00 PM,6,6:05:00 PM,6:02:00 PM,-3,Friday,Jan
01/08/2015,OO,3479,N218AG,SAN,SLC,10:00:00 PM,5:51:00 PM,-9,16,10:07:00 PM,110,114,90,626,9:37:00 PM,8,11:50:00 PM,10:45:00 PM,-5,Thursday,Jan
01/06/2015,WN,682,N737JW,DCA,ATL,4:50:00 PM,5:19:00 PM,29,13,5:32:00 PM,130,123,90,547,7:02:00 PM,20,7:00:00 PM,7:22:00 PM,22,Tuesday,Jan
01/19/2015,B6,51,N566JB,BOS,MCO,12:21:00 AM,11:14:00 PM,-7,21,1:35:00 AM,206,187,158,1121,10:13:00 AM,8,10:47:00 AM,10:21:00 AM,-26,Monday,Jan
02/09/2015,HA,345,N477HA,HNL,LIH,10:04:00 AM,11:57:00 PM,-7,13,10:10:00 AM,38,43,22,102,10:32:00 AM,8,10:42:00 AM,10:40:00 AM,-2,Monday,Feb
01/11/2015,EV,5608,N186PQ,DTW,MSN,1:45:00 PM,1:42:00 PM,-3,11,1:53:00 PM,78,65,51,311,1:44:00 PM,3,2:03:00 PM,1:47:00 PM,-16,Sunday,Jan
02/02/2015,WN,4858,N8618N,ALB,MCO,3:05:00 PM,3:07:00 PM,2,70,4:17:00 PM,195,238,158,1073,6:55:00 PM,10,6:20:00 PM,7:05:00 PM,45,Monday,Feb
01/23/2015,EV,5154,N723EV,PHL,MSP,11:25:00 AM,11:18:00 AM,-7,18,11:36:00 AM,177,179,157,980,1:13:00 PM,4,1:22:00 PM,1:17:00 PM,-5,Friday,Jan
01/31/2015,MQ,3410,N651MQ,DFW,BHM,12:45:00 PM,11:39:00 AM,-6,13,1:52:00 PM,97,93,77,597,10:09:00 AM,3,10:22:00 AM,10:12:00 AM,-10,Saturday,Jan
02/09/2015,UA,401,N831UA,DEN,LAX,8:05:00 AM,8:02:00 AM,-3,10,9:12:00 AM,148,157,141,862,9:33:00 PM,6,9:33:00 PM,9:39:00 PM,6,Monday,Feb
01/26/2015,DL,2167,N331NW,DTW,SLC,11:35:00 AM,11:38:00 AM,3,14,1:52:00 PM,256,230,211,1481,10:23:00 AM,5,10:51:00 AM,10:28:00 AM,-23,Monday,Jan
01/22/2015,WN,2242,N8629A,RSW,MDW,1:45:00 PM,2:21:00 PM,36,9,2:30:00 PM,185,166,150,1105,4:00:00 PM,7,3:50:00 PM,4:07:00 PM,17,Thursday,Jan
02/09/2015,WN,635,N605SW,STL,MCO,6:20:00 PM,6:25:00 PM,5,6,6:31:00 PM,135,122,111,882,9:22:00 PM,5,9:35:00 PM,9:27:00 PM,-8,Monday,Feb
01/13/2015,MQ,3263,N654MQ,ACT,DFW,11:55:00 AM,12:13:00 PM,18,8,12:21:00 PM,44,38,26,89,12:47:00 PM,4,12:39:00 PM,12:51:00 PM,12,Tuesday,Jan
01/04/2015,US,1812,N191UW,CLT,BOS,10:11:00 PM,10:31:00 PM,20,16,10:47:00 PM,119,106,84,728,11:11:00 AM,6,10:10:00 AM,5:17:00 PM,7,Sunday,Jan
02/03/2015,EV,4389,N12922,ORD,CID,10:45:00 PM,10:48:00 PM,3,23,10:11:00 AM,63,65,36,196,10:47:00 AM,6,10:48:00 AM,10:53:00 AM,5,Tuesday,Feb
01/04/2015,WN,4882,N965WN,PHX,ABQ,10:35:00 AM,10:50:00 AM,15,9,10:59:00 AM,65,69,45,328,11:44:00 AM,15,11:40:00 AM,11:59:00 AM,19,Sunday,Jan
01/21/2015,AA,2345,N480AA,DFW,ORD,9:30:00 PM,9:24:00 PM,-6,11,9:35:00 PM,124,111,94,802,11:09:00 PM,6,11:34:00 PM,11:15:00 PM,-19,Wednesday,Jan
01/16/2015,WN,274,N923WN,IND,BWI,1:35:00 PM,1:29:00 PM,-6,7,1:36:00 PM,90,84,72,516,2:48:00 PM,5,3:05:00 PM,2:53:00 PM,-12,Friday,Jan
01/16/2015,WN,169,N703SW,ONT,LAS,8:20:00 PM,7:19:00 PM,-1,7,8:26:00 PM,60,52,36,197,10:02:00 AM,9,10:20:00 AM,10:11:00 AM,-9,Friday,Jan
01/07/2015,WN,4641,N945WN,SNA,SJC,10:05:00 AM,10:05:00 AM,0,7,10:12:00 AM,75,65,54,342,11:06:00 AM,4,11:20:00 AM,11:10:00 AM,-10,Wednesday,Jan
01/16/2015,OO,5379,N568SW,LAX,CLD,7:22:00 PM,7:14:00 PM,-8,27,7:41:00 PM,46,54,24,86,8:05:00 PM,3,8:08:00 PM,8:08:00 PM,0,Friday,Jan
01/05/2015,UA,1485,N31412,IAH,LAS,6:00:00 PM,6:01:00 PM,1,18,7:19:00 PM,204,190,165,1222,10:04:00 AM,7,10:24:00 AM,10:11:00 AM,-13,Monday,Jan
01/10/2015,DL,2291,N990DL,ATL,CLE,7:30:00 PM,7:30:00 PM,0,17,7:47:00 PM,110,103,78,554,9:05:00 PM,8,9:20:00 PM,9:13:00 PM,-7,Saturday,Jan
01/20/2015,DL,1414,N315US,LAX,SLC,10:25:00 AM,10:33:00 AM,8,18,10:51:00 AM,110,100,78,590,1:09:00 PM,4,1:15:00 PM,1:13:00 PM,-2,Tuesday,Jan
02/06/2015,AA,1612,N3JHAA,BOS,ORD,7:51:00 PM,7:57:00 PM,6,15,8:12:00 PM,171,164,137,867,9:29:00 PM,12,9:42:00 PM,9:41:00 PM,-1,Friday,Feb
01/01/2015,WN,4198,N775SW,RSW,MKE,7:15:00 PM,6:07:00 PM,-8,16,8:23:00 PM,180,189,168,1183,11:11:00 AM,5,11:15:00 AM,11:16:00 AM,1,Thursday,Jan
02/03/2015,B6,561,N615JB,LGA,PBI,2:19:00 PM,2:58:00 PM,39,19,3:17:00 PM,180,172,148,1035,5:45:00 PM,5,5:19:00 PM,5:50:00 PM,31,Tuesday,Feb
01/02/2015,OO,6609,N468CA,PHX,YUM,5:40:00 PM,5:36:00 PM,-4,21,5:57:00 PM,52,56,32,160,6:29:00 PM,3,6:32:00 PM,6:32:00 PM,0,Friday,Jan
02/08/2015,AA,1389,N4YDAA,DFW,LAS,5:15:00 PM,5:21:00 PM,6,13,5:34:00 PM,183,172,152,1055,6:06:00 PM,7,6:18:00 PM,6:13:00 PM,-5,Sunday,Feb
02/10/2015,UA,305,N526UA,LAX,ORD,12:02:00 PM,7:54:00 AM,-8,20,1:14:00 PM,246,218,189,1744,11:23:00 AM,9,12:08:00 PM,11:32:00 AM,-36,Tuesday,Feb
01/08/2015,EV,5467,N923EV,ATL,XNA,11:24:00 AM,11:58:00 AM,34,14,12:12:00 PM,120,113,96,589,12:48:00 PM,3,12:24:00 PM,12:51:00 PM,27,Thursday,Jan
01/09/2015,DL,2226,N6707A,ATL,FLL,8:00:00 AM,3:58:00 AM,-2,15,9:13:00 AM,114,100,81,581,9:34:00 PM,4,11:54:00 PM,9:38:00 PM,-16,Friday,Jan
02/11/2015,AA,1333,N466AA,MCI,DFW,5:13:00 PM,5:09:00 PM,-4,12,5:21:00 PM,102,105,80,460,6:41:00 PM,13,6:55:00 PM,6:54:00 PM,-1,Wednesday,Feb
02/12/2015,WN,513,N7715E,TPA,PVD,10:50:00 AM,11:34:00 AM,44,12,11:46:00 AM,160,157,138,1136,2:04:00 PM,7,1:30:00 PM,2:11:00 PM,41,Thursday,Feb
01/28/2015,WN,1945,N772SW,LGA,BNA,10:45:00 PM,10:43:00 PM,-2,16,11:59:00 PM,165,124,102,764,10:41:00 AM,6,11:30:00 AM,10:47:00 AM,-43,Wednesday,Jan
01/26/2015,F9,901,N926FR,TTN,ATL,12:00:00 PM,12:02:00 PM,2,36,3:38:00 PM,139,146,102,701,10:20:00 AM,8,9:19:00 AM,10:28:00 AM,9,Monday,Jan
01/12/2015,B6,1282,N239JB,RIC,BOS,6:59:00 PM,6:55:00 PM,-4,10,7:05:00 PM,88,79,63,474,8:08:00 PM,6,8:27:00 PM,8:14:00 PM,-13,Monday,Jan
01/28/2015,UA,1660,N17233,MSP,DEN,12:59:00 PM,12:59:00 PM,0,13,1:12:00 PM,137,117,96,680,1:48:00 PM,8,2:16:00 PM,1:56:00 PM,-20,Wednesday,Jan
01/15/2015,EV,5328,N914EV,ATL,TLH,6:05:00 PM,6:03:00 PM,-2,20,8:23:00 PM,70,69,44,223,10:07:00 AM,5,10:15:00 AM,10:12:00 AM,-3,Thursday,Jan
02/12/2015,UA,404,N435UA,BOS,IAH,12:58:00 PM,2:02:00 PM,64,13,2:15:00 PM,277,238,216,1597,4:51:00 PM,9,4:35:00 PM,5:00:00 PM,25,Thursday,Feb
01/27/2015,WN,791,N7814B,OAK,LAS,5:30:00 PM,5:26:00 PM,-4,7,5:33:00 PM,85,85,67,407,6:40:00 PM,11,6:55:00 PM,6:51:00 PM,-4,Tuesday,Jan
01/05/2015,WN,724,N515SW,AUS,HOU,12:50:00 PM,12:49:00 PM,-1,10,12:59:00 PM,50,46,29,148,1:28:00 PM,7,1:40:00 PM,1:35:00 PM,-5,Monday,Jan
01/26/2015,AA,1049,N3GNAA,DFW,RDU,5:45:00 PM,5:48:00 PM,3,21,6:09:00 PM,142,153,128,1061,9:17:00 PM,4,9:07:00 PM,9:21:00 PM,14,Monday,Jan
01/26/2015,AS,16,N556AS,SEA,MCO,8:05:00 AM,8:03:00 AM,-2,13,9:16:00 AM,320,300,281,2554,3:57:00 PM,6,4:25:00 PM,4:03:00 PM,-22,Monday,Jan
01/18/2015,MQ,3374,N851MQ,JFK,RDU,7:59:00 PM,8:51:00 PM,52,19,9:10:00 PM,106,96,73,427,10:23:00 PM,4,9:45:00 PM,10:27:00 PM,42,Sunday,Jan
02/04/2015,DL,1380,N893AT,HSV,ATL,11:00:00 AM,10:57:00 AM,-3,14,11:11:00 AM,62,56,34,151,12:45:00 PM,8,1:02:00 PM,12:53:00 PM,-9,Wednesday,Feb
02/05/2015,OO,7364,N224SW,SLC,CNY,1:45:00 PM,1:36:00 PM,-9,12,1:48:00 PM,63,54,36,184,2:24:00 PM,6,2:48:00 PM,2:30:00 PM,-18,Thursday,Feb
01/16/2015,UA,1610,N57864,BOS,SFO,8:04:00 AM,8:00:00 AM,-4,22,10:22:00 AM,407,409,368,2704,11:30:00 AM,19,11:51:00 AM,11:49:00 AM,-2,Friday,Jan
01/10/2015,US,1866,N103US,FLL,CLT,2:25:00 PM,1:19:00 PM,-6,13,3:32:00 PM,118,112,94,631,8:06:00 AM,5,10:23:00 AM,9:11:00 AM,-12,Saturday,Jan
02/03/2015,DL,1678,N929DL,ATL,BWI,5:25:00 PM,5:20:00 PM,-5,14,5:34:00 PM,110,99,76,577,6:50:00 PM,9,7:15:00 PM,6:59:00 PM,-16,Tuesday,Feb
02/10/2015,EV,5321,N371CA,FSD,MSP,1:14:00 PM,1:47:00 PM,33,17,2:04:00 PM,66,61,36,196,2:40:00 PM,8,2:20:00 PM,2:48:00 PM,28,Tuesday,Feb
02/06/2015,US,660,N669AW,FLL,CLT,9:10:00 AM,8:07:00 AM,-3,12,9:19:00 AM,122,123,102,631,10:01:00 AM,9,10:12:00 AM,10:10:00 AM,-2,Friday,Feb
02/08/2015,WN,4014,N8617E,FLL,PVD,6:00:00 PM,1:57:00 PM,-3,14,7:11:00 PM,185,167,147,1188,11:38:00 AM,6,12:05:00 PM,11:44:00 AM,-21,Sunday,Feb
01/23/2015,DL,1567,N813DN,ATL,SAN,8:50:00 PM,8:55:00 PM,5,13,9:08:00 PM,296,270,252,1892,10:20:00 PM,5,10:46:00 PM,10:25:00 PM,-21,Friday,Jan
01/23/2015,WN,1446,N8315C,PHX,MSP,11:15:00 AM,11:13:00 AM,-2,17,11:30:00 AM,195,191,169,1276,3:19:00 PM,5,3:30:00 PM,3:24:00 PM,-6,Friday,Jan
01/24/2015,EV,5611,N873AS,ATL,VLD,8:51:00 PM,8:42:00 PM,-9,16,8:58:00 PM,60,54,34,208,9:32:00 PM,4,9:51:00 PM,9:36:00 PM,-15,Saturday,Jan
02/02/2015,WN,2233,N522SW,MSY,DAL,2:35:00 PM,2:31:00 PM,-4,9,2:40:00 PM,90,90,73,436,3:53:00 PM,8,4:05:00 PM,4:01:00 PM,-4,Monday,Feb
02/10/2015,F9,244,N905FR,DEN,IAH,10:35:00 AM,10:32:00 AM,-3,8,10:40:00 AM,134,125,111,862,1:31:00 PM,6,1:49:00 PM,1:37:00 PM,-12,Tuesday,Feb
02/02/2015,WN,4473,N907WN,SAN,BWI,8:05:00 AM,11:33:00 AM,28,6,11:39:00 AM,295,274,264,2295,4:03:00 PM,4,4:00:00 PM,4:07:00 PM,7,Monday,Feb
01/15/2015,NK,135,N624NK,MSP,MCO,3:50:00 AM,2:48:00 AM,-2,32,10:20:00 AM,200,202,163,1310,12:03:00 PM,7,12:10:00 PM,12:10:00 PM,0,Thursday,Jan
02/11/2015,B6,598,N641JB,SEA,BOS,2:13:00 PM,3:24:00 PM,71,12,3:36:00 PM,301,302,280,2496,11:16:00 PM,10,10:14:00 PM,11:26:00 PM,72,Wednesday,Feb
02/09/2015,WN,885,N921WN,MEM,MDW,12:00:00 PM,11:26:00 AM,326,8,11:34:00 AM,105,90,78,480,12:52:00 PM,4,2:45:00 AM,12:56:00 PM,311,Monday,Feb
01/31/2015,AA,1063,N3CYAA,BOS,ORD,3:40:00 PM,3:35:00 PM,-5,15,3:50:00 PM,175,171,148,867,5:18:00 PM,8,5:35:00 PM,5:26:00 PM,-9,Saturday,Jan
02/04/2015,OO,3445,N215AG,ONT,SEA,11:10:00 AM,11:02:00 AM,-8,12,11:14:00 AM,163,152,136,956,1:30:00 PM,4,1:53:00 PM,1:34:00 PM,-19,Wednesday,Feb
01/08/2015,AS,629,N583AS,LAS,PDX,5:50:00 PM,2:41:00 AM,51,13,3:54:00 AM,136,130,114,763,10:48:00 PM,3,6:06:00 PM,11:51:00 PM,45,Thursday,Jan
01/30/2015,US,410,N640AW,DEN,PHX,6:45:00 AM,6:43:00 AM,-2,13,7:56:00 AM,122,118,101,602,1:37:00 AM,4,2:47:00 AM,2:41:00 AM,-6,Friday,Jan
01/28/2015,WN,689,N7730A,DEN,OAK,1:55:00 PM,1:53:00 PM,-2,23,7:16:00 PM,170,159,131,957,10:27:00 AM,5,10:45:00 AM,10:32:00 AM,-13,Wednesday,Jan
01/08/2015,DL,1996,N364NW,MSP,LGA,10:00:00 PM,5:55:00 PM,-5,13,10:08:00 PM,170,158,122,1020,10:10:00 AM,23,10:50:00 AM,10:33:00 AM,-17,Thursday,Jan
01/15/2015,NK,316,N613NK,DTW,LGA,12:00:00 PM,12:00:00 PM,0,13,1:13:00 PM,98,88,69,502,12:22:00 AM,6,1:38:00 AM,12:28:00 AM,-10,Thursday,Jan
01/06/2015,US,1800,N658AW,SEA,PHL,11:35:00 AM,11:31:00 AM,-4,17,12:48:00 PM,304,276,254,2378,4:02:00 PM,5,4:39:00 PM,4:07:00 PM,-32,Tuesday,Jan
01/08/2015,WN,1971,N446WN,ATL,PHX,1:55:00 PM,2:01:00 PM,6,10,2:11:00 PM,265,241,226,1587,3:57:00 PM,5,4:20:00 PM,4:02:00 PM,-18,Thursday,Jan
02/02/2015,MQ,3387,N817MQ,DFW,GCK,7:00:00 PM,8:10:00 PM,70,12,8:22:00 PM,87,81,65,404,9:27:00 PM,4,8:27:00 PM,9:31:00 PM,64,Monday,Feb
01/01/2015,UA,552,N831UA,IAH,ORD,10:15:00 AM,10:17:00 AM,2,22,10:39:00 AM,156,148,114,925,12:33:00 PM,12,12:51:00 PM,12:45:00 PM,-6,Thursday,Jan
01/25/2015,UA,342,N850UA,SFO,LAX,12:10:00 PM,12:05:00 PM,-5,14,12:19:00 PM,92,85,55,337,1:14:00 PM,16,1:42:00 PM,1:30:00 PM,-12,Sunday,Jan
01/29/2015,MQ,3219,N534MQ,DFW,LBB,12:40:00 PM,12:34:00 PM,-6,16,12:50:00 PM,66,65,44,282,1:34:00 PM,5,1:46:00 PM,1:39:00 PM,-7,Thursday,Jan
02/04/2015,F9,2049,N938FR,MIA,DEN,10:15:00 AM,5:04:00 PM,409,20,5:24:00 PM,264,268,240,1709,7:24:00 PM,8,12:39:00 PM,7:32:00 PM,413,Wednesday,Feb
02/06/2015,DL,490,N3766,JFK,SLC,3:59:00 PM,4:05:00 PM,6,32,4:37:00 PM,330,315,279,1990,7:16:00 PM,4,7:29:00 PM,7:20:00 PM,-9,Friday,Feb
01/11/2015,US,433,N576UW,PHX,SFO,11:20:00 AM,11:19:00 AM,-1,37,11:56:00 AM,134,182,140,651,1:16:00 PM,5,12:34:00 PM,1:21:00 PM,47,Sunday,Jan
01/03/2015,WN,116,N395SW,SAT,ELP,6:55:00 PM,7:17:00 PM,22,7,7:24:00 PM,95,84,74,496,7:38:00 PM,3,7:30:00 PM,7:41:00 PM,11,Saturday,Jan
01/18/2015,WN,1433,N419WN,LAS,ABQ,4:10:00 PM,4:01:00 PM,-9,15,4:16:00 PM,85,82,61,486,6:17:00 PM,6,6:35:00 PM,6:23:00 PM,-12,Sunday,Jan
01/09/2015,DL,1367,N909DA,ATL,ROC,7:13:00 PM,6:08:00 PM,-5,15,8:23:00 PM,125,114,93,749,10:56:00 AM,6,11:18:00 AM,11:02:00 AM,-16,Friday,Jan
01/08/2015,WN,2343,N625SW,TPA,MKE,11:25:00 AM,11:23:00 AM,-2,9,11:32:00 AM,170,184,170,1075,1:22:00 PM,5,1:15:00 PM,1:27:00 PM,12,Thursday,Jan
01/02/2015,MQ,3096,N515MQ,LAX,ASE,6:05:00 PM,7:15:00 PM,10,14,8:29:00 PM,125,134,118,737,12:27:00 PM,2,12:10:00 PM,12:29:00 PM,19,Friday,Jan
01/25/2015,EV,4909,N720EV,RIC,BOS,12:15:00 PM,12:08:00 PM,-7,10,12:18:00 PM,94,84,67,474,1:25:00 PM,7,1:49:00 PM,1:32:00 PM,-17,Sunday,Jan
02/03/2015,WN,313,N907WN,MDW,LGA,3:20:00 PM,3:20:00 PM,0,65,4:25:00 PM,120,167,95,725,7:00:00 PM,7,6:20:00 PM,7:07:00 PM,47,Tuesday,Feb
01/06/2015,DL,2413,N338NB,MSP,ORD,10:00:00 AM,11:59:00 PM,-1,13,10:12:00 AM,98,70,47,334,10:59:00 AM,10,11:38:00 AM,11:09:00 AM,-29,Tuesday,Jan
01/30/2015,EV,5787,N13132,TUL,IAH,1:30:00 AM,12:23:00 AM,-7,19,2:42:00 AM,106,106,73,429,1:55:00 PM,14,7:16:00 PM,6:09:00 PM,-7,Friday,Jan
01/15/2015,EV,4962,N933EV,ATL,ROA,12:16:00 PM,12:11:00 PM,-5,11,12:22:00 PM,79,69,55,357,1:17:00 PM,3,1:35:00 PM,1:20:00 PM,-15,Thursday,Jan
01/06/2015,EV,5911,N13538,ORD,PIA,1:10:00 PM,1:15:00 PM,5,23,1:38:00 PM,57,56,27,130,2:05:00 PM,6,2:07:00 PM,2:11:00 PM,4,Tuesday,Jan
01/04/2015,OO,5511,N730SK,ORD,CID,12:00:00 PM,12:18:00 PM,18,60,1:18:00 PM,61,103,36,196,1:54:00 PM,7,1:01:00 PM,2:01:00 PM,60,Sunday,Jan
01/25/2015,DL,2340,N3753,SEA,DTW,10:42:00 PM,10:49:00 PM,7,13,10:02:00 AM,252,242,224,1927,4:46:00 PM,5,4:54:00 PM,4:51:00 PM,-3,Sunday,Jan
01/21/2015,WN,61,N214WN,MDW,CMH,1:20:00 PM,1:15:00 PM,-5,14,1:29:00 PM,70,68,49,283,3:18:00 PM,5,3:30:00 PM,3:23:00 PM,-7,Wednesday,Jan
01/29/2015,OO,2681,N477CA,GJT,PHX,6:20:00 PM,6:15:00 PM,-5,7,6:22:00 PM,108,103,76,438,7:38:00 PM,20,8:08:00 PM,7:58:00 PM,-10,Thursday,Jan
01/14/2015,UA,1743,N87527,PDX,SFO,10:05:00 PM,5:57:00 PM,-8,10,10:07:00 PM,114,101,86,550,11:33:00 AM,5,1:59:00 PM,11:38:00 AM,-21,Wednesday,Jan
02/11/2015,UA,1242,N73299,FLL,EWR,5:30:00 PM,5:38:00 PM,8,9,5:47:00 PM,185,164,142,1065,8:09:00 PM,13,8:35:00 PM,8:22:00 PM,-13,Wednesday,Feb
01/23/2015,AA,2409,N3JVAA,ORD,TPA,6:05:00 PM,6:03:00 PM,-2,12,6:15:00 PM,152,154,136,1012,9:31:00 PM,6,9:37:00 PM,9:37:00 PM,0,Friday,Jan
01/09/2015,MQ,3272,N817MQ,PNS,DFW,6:57:00 PM,7:20:00 PM,23,12,7:32:00 PM,128,129,93,604,9:05:00 PM,24,9:05:00 PM,9:29:00 PM,24,Friday,Jan
01/11/2015,WN,4194,N8623F,SLC,BWI,12:55:00 PM,12:52:00 PM,-3,16,1:08:00 PM,245,246,224,1865,6:52:00 PM,6,7:00:00 PM,6:58:00 PM,-2,Sunday,Jan
01/26/2015,WN,576,N937WN,ONT,OAK,8:25:00 PM,9:36:00 PM,71,6,9:42:00 PM,75,61,50,362,10:32:00 PM,5,9:40:00 PM,10:37:00 PM,57,Monday,Jan
02/05/2015,B6,576,N249JB,MSY,JFK,6:14:00 PM,6:40:00 PM,26,11,6:51:00 PM,165,161,146,1182,10:17:00 PM,4,9:59:00 PM,10:21:00 PM,22,Thursday,Feb
01/22/2015,MQ,3533,N501MQ,LGA,DTW,11:40:00 AM,11:31:00 AM,-9,26,11:57:00 AM,121,112,79,502,1:16:00 PM,7,1:41:00 PM,1:23:00 PM,-18,Thursday,Jan
01/31/2015,VX,260,N843VA,LAS,JFK,10:10:00 PM,10:11:00 PM,1,11,10:22:00 PM,289,272,251,2248,5:33:00 AM,10,7:59:00 AM,6:43:00 AM,-16,Saturday,Jan
02/09/2015,DL,2448,N658DL,ATL,PBI,3:00:00 PM,3:17:00 PM,17,13,3:30:00 PM,114,95,77,545,4:47:00 PM,5,4:54:00 PM,4:52:00 PM,-2,Monday,Feb
02/06/2015,WN,1699,N904WN,ATL,DTW,3:45:00 PM,3:44:00 PM,-1,9,3:53:00 PM,125,110,93,594,5:26:00 PM,8,5:50:00 PM,5:34:00 PM,-16,Friday,Feb
02/06/2015,OO,6323,N579SW,SAN,LAX,12:55:00 PM,12:55:00 PM,0,11,1:06:00 PM,52,52,31,109,1:37:00 PM,10,1:47:00 PM,1:47:00 PM,0,Friday,Feb
01/09/2015,US,1725,N939UW,CLT,MCO,2:45:00 AM,2:45:00 AM,0,20,8:05:00 AM,103,100,73,468,7:18:00 PM,7,8:28:00 PM,8:25:00 PM,-3,Friday,Jan
02/10/2015,WN,4024,N8635F,MCO,STL,3:15:00 PM,3:15:00 PM,0,9,3:24:00 PM,155,156,143,882,4:47:00 PM,4,4:50:00 PM,4:51:00 PM,1,Tuesday,Feb
01/02/2015,MQ,3301,N517MQ,LGA,RDU,4:40:00 PM,4:34:00 PM,-6,30,5:04:00 PM,108,107,73,431,6:17:00 PM,4,6:28:00 PM,6:21:00 PM,-7,Friday,Jan
01/22/2015,DL,2490,N906DA,IND,MSP,10:00:00 PM,5:55:00 PM,-5,15,11:10:00 PM,130,99,79,503,12:29:00 AM,5,9:10:00 AM,1:34:00 AM,-36,Thursday,Jan
02/10/2015,DL,1649,N127DL,LAS,ATL,1:44:00 PM,1:43:00 PM,-1,11,1:54:00 PM,230,204,186,1747,8:00:00 PM,7,8:34:00 PM,8:07:00 PM,-27,Tuesday,Feb
01/20/2015,MQ,3015,N935MQ,BTR,DFW,12:46:00 PM,11:33:00 AM,-13,11,12:44:00 PM,94,91,68,383,11:52:00 PM,12,10:20:00 AM,10:04:00 AM,-16,Tuesday,Jan
02/09/2015,EV,2502,N907EV,RAP,DFW,12:25:00 AM,11:16:00 PM,-9,8,12:24:00 AM,145,119,106,835,10:10:00 AM,5,10:50:00 AM,10:15:00 AM,-35,Monday,Feb
01/28/2015,WN,782,N441WN,DCA,MKE,3:55:00 PM,3:50:00 PM,-5,14,4:04:00 PM,135,121,103,634,4:47:00 PM,4,5:10:00 PM,4:51:00 PM,-19,Wednesday,Jan
01/24/2015,WN,4409,N396SW,BOI,LAS,2:55:00 PM,2:50:00 PM,-5,7,2:57:00 PM,100,99,77,519,3:14:00 PM,15,3:35:00 PM,3:29:00 PM,-6,Saturday,Jan
01/16/2015,OO,4671,N613SK,DEN,SLC,11:46:00 AM,11:41:00 AM,-5,15,11:56:00 AM,88,91,64,391,1:00:00 PM,12,1:14:00 PM,1:12:00 PM,-2,Friday,Jan
01/13/2015,AA,1165,N3CGAA,BOS,JFK,12:05:00 PM,12:08:00 PM,3,19,2:27:00 PM,77,85,56,187,12:23:00 AM,10,12:22:00 AM,1:33:00 AM,11,Tuesday,Jan
01/29/2015,UA,238,N472UA,PHX,SFO,8:00:00 AM,8:00:00 AM,0,22,10:22:00 AM,133,123,97,651,1:59:00 PM,4,7:13:00 PM,6:03:00 PM,-10,Thursday,Jan
01/21/2015,WN,215,N550WN,GRR,DEN,5:40:00 PM,5:41:00 PM,1,25,6:06:00 PM,195,188,153,1015,6:39:00 PM,10,6:55:00 PM,6:49:00 PM,-6,Wednesday,Jan
01/11/2015,MQ,3644,N833MQ,SAF,DFW,4:44:00 PM,4:44:00 PM,0,14,4:58:00 PM,96,96,75,551,7:13:00 PM,7,7:20:00 PM,7:20:00 PM,0,Sunday,Jan
01/06/2015,WN,1136,N8315C,TPA,HOU,5:50:00 PM,4:49:00 PM,-1,13,10:02:00 PM,155,143,118,781,8:00:00 AM,12,10:25:00 AM,9:12:00 AM,-13,Tuesday,Jan
02/07/2015,DL,894,N915DL,FNT,ATL,12:00:00 PM,7:55:00 AM,-5,13,12:08:00 PM,149,109,91,645,1:39:00 AM,5,10:29:00 AM,2:44:00 AM,-45,Saturday,Feb
01/04/2015,VX,759,N846VA,SEA,SFO,7:35:00 PM,7:41:00 PM,6,9,7:50:00 PM,125,115,92,679,9:22:00 PM,14,9:40:00 PM,9:36:00 PM,-4,Sunday,Jan
02/12/2015,DL,2302,N910DE,LGA,FLL,1:00:00 PM,1:16:00 PM,16,25,1:41:00 PM,203,215,183,1076,4:44:00 PM,7,4:23:00 PM,4:51:00 PM,28,Thursday,Feb
01/19/2015,WN,500,N740SW,MDW,DTW,9:40:00 PM,9:34:00 PM,-6,12,9:46:00 PM,70,60,43,228,11:29:00 PM,5,11:50:00 PM,11:34:00 PM,-16,Monday,Jan
02/10/2015,WN,4028,N942WN,DSM,MDW,6:10:00 PM,6:06:00 PM,-4,6,6:12:00 PM,75,62,50,306,7:02:00 PM,6,7:25:00 PM,7:08:00 PM,-17,Tuesday,Feb
01/28/2015,DL,855,N319US,DTW,SLC,5:22:00 PM,5:19:00 PM,-3,14,5:33:00 PM,247,226,207,1481,7:00:00 PM,5,7:29:00 PM,7:05:00 PM,-24,Wednesday,Jan
02/07/2015,WN,3796,N657SW,PHX,SLC,12:20:00 AM,11:17:00 PM,-3,12,12:29:00 AM,95,95,76,507,12:45:00 PM,7,1:55:00 PM,1:52:00 PM,-3,Saturday,Feb
01/31/2015,B6,672,N703JB,FLL,LGA,6:45:00 PM,7:34:00 PM,49,17,7:51:00 PM,167,209,144,1076,10:15:00 PM,48,9:32:00 PM,11:03:00 PM,91,Saturday,Jan
01/24/2015,EV,6014,N17524,DAL,IAH,6:20:00 PM,6:15:00 PM,-5,14,6:29:00 PM,68,61,40,216,7:09:00 PM,7,7:28:00 PM,7:16:00 PM,-12,Saturday,Jan
01/24/2015,WN,316,N474WN,HOU,DEN,10:15:00 AM,10:16:00 AM,1,7,10:23:00 AM,155,144,132,883,11:35:00 AM,5,11:50:00 AM,11:40:00 AM,-10,Saturday,Jan
02/03/2015,US,1816,N713UW,TPA,DCA,1:18:00 PM,1:11:00 PM,-7,9,1:20:00 PM,127,118,99,814,2:59:00 PM,10,3:25:00 PM,3:09:00 PM,-16,Tuesday,Feb
01/04/2015,AS,731,N419AS,SEA,ANC,9:40:00 PM,10:01:00 PM,21,20,10:21:00 PM,239,249,224,1448,10:05:00 AM,5,3:39:00 PM,11:10:00 AM,31,Sunday,Jan
01/28/2015,EV,4253,N12567,ORD,CAE,1:16:00 PM,1:11:00 PM,-5,17,1:28:00 PM,115,112,91,667,3:59:00 PM,4,4:11:00 PM,4:03:00 PM,-8,Wednesday,Jan
01/13/2015,US,690,N156UW,RSW,CLT,10:20:00 AM,9:12:00 AM,-8,10,10:22:00 AM,116,108,86,600,10:48:00 PM,12,10:16:00 AM,10:00:00 AM,-16,Tuesday,Jan
01/09/2015,B6,866,N588JB,SJU,ORD,2:32:00 PM,2:33:00 PM,1,11,2:44:00 PM,317,285,268,2072,5:12:00 PM,6,5:49:00 PM,5:18:00 PM,-31,Friday,Jan
01/07/2015,US,1783,N585UW,CLT,BOS,8:20:00 PM,8:24:00 PM,4,23,8:47:00 PM,125,121,94,728,10:21:00 PM,4,10:25:00 PM,10:25:00 PM,0,Wednesday,Jan
01/11/2015,DL,1944,N916DL,ILM,ATL,12:20:00 AM,11:10:00 PM,-10,17,12:27:00 AM,100,98,74,377,12:41:00 PM,7,6:00:00 PM,12:48:00 PM,-12,Sunday,Jan
01/11/2015,DL,824,N348NW,PHX,DTW,11:12:00 PM,10:06:00 PM,-6,15,12:21:00 AM,227,218,196,1671,12:37:00 PM,7,12:59:00 PM,12:44:00 PM,-15,Sunday,Jan
01/04/2015,B6,122,N653JB,PBI,BOS,8:15:00 PM,8:53:00 PM,38,9,9:02:00 PM,171,156,142,1197,11:24:00 PM,5,11:06:00 PM,11:29:00 PM,23,Sunday,Jan
01/29/2015,OO,7378,N431SW,SLC,BTM,9:50:00 PM,9:44:00 PM,-6,11,9:55:00 PM,79,64,51,358,10:46:00 PM,2,11:09:00 PM,10:48:00 PM,-21,Thursday,Jan
02/12/2015,UA,601,N830UA,PHL,ORD,12:00:00 PM,10:07:00 PM,67,10,11:17:00 PM,145,136,108,678,8:05:00 AM,18,12:25:00 AM,10:23:00 AM,58,Thursday,Feb
01/01/2015,UA,1127,N73860,SFO,EWR,10:39:00 PM,10:47:00 PM,8,31,11:18:00 PM,309,321,276,2565,5:54:00 PM,14,4:48:00 PM,10:08:00 PM,20,Thursday,Jan
01/14/2015,DL,1939,N915DE,DCA,ATL,4:00:00 PM,4:01:00 PM,1,16,4:17:00 PM,124,107,86,547,5:43:00 PM,5,6:04:00 PM,5:48:00 PM,-16,Wednesday,Jan
02/03/2015,DL,1786,N808DN,ATL,LGA,2:45:00 PM,3:33:00 PM,48,19,3:52:00 PM,130,185,94,762,5:26:00 PM,72,4:55:00 PM,6:38:00 PM,103,Tuesday,Feb
02/08/2015,WN,960,N457WN,ORF,MDW,4:55:00 PM,4:59:00 PM,4,8,5:07:00 PM,140,127,114,704,6:01:00 PM,5,6:15:00 PM,6:06:00 PM,-9,Sunday,Feb
01/27/2015,AA,2252,N3KBAA,DFW,SEA,10:50:00 AM,10:51:00 AM,1,15,11:06:00 AM,265,237,217,1660,12:43:00 PM,5,1:15:00 PM,12:48:00 PM,-27,Tuesday,Jan
01/31/2015,UA,298,N802UA,ATL,EWR,12:01:00 PM,12:00:00 PM,-1,12,1:12:00 PM,131,130,103,746,3:55:00 AM,15,9:12:00 AM,9:10:00 AM,-2,Saturday,Jan
02/01/2015,B6,49,N328JB,BOS,SAV,11:38:00 AM,11:30:00 AM,-8,12,12:42:00 PM,166,149,129,901,10:51:00 AM,8,11:24:00 AM,10:59:00 AM,-25,Sunday,Feb
01/07/2015,B6,733,N358JB,MCO,SJU,1:10:00 PM,1:52:00 PM,42,12,2:04:00 PM,163,158,141,1189,5:25:00 PM,5,4:53:00 PM,5:30:00 PM,37,Wednesday,Jan
01/10/2015,EV,4540,N11548,IAH,PNS,3:56:00 PM,3:54:00 PM,-2,14,4:08:00 PM,89,84,63,489,5:11:00 PM,7,5:25:00 PM,5:18:00 PM,-7,Saturday,Jan
01/16/2015,WN,1087,N418WN,ROC,MCO,12:25:00 PM,12:35:00 PM,10,11,12:46:00 PM,180,150,134,1033,3:00:00 PM,5,3:25:00 PM,3:05:00 PM,-20,Friday,Jan
01/02/2015,DL,1810,N904DE,DFW,ATL,6:30:00 PM,6:54:00 PM,24,14,7:08:00 PM,118,118,91,731,9:39:00 PM,13,9:28:00 PM,9:52:00 PM,24,Friday,Jan
01/14/2015,UA,745,N487UA,IAH,LGA,4:45:00 PM,4:43:00 PM,-2,15,4:58:00 PM,200,185,165,1416,8:43:00 PM,5,9:05:00 PM,8:48:00 PM,-17,Wednesday,Jan
02/08/2015,OO,6475,N767SK,SLC,DEN,10:05:00 AM,11:59:00 PM,-6,8,10:07:00 AM,95,71,57,391,11:04:00 AM,6,11:40:00 AM,11:10:00 AM,-30,Sunday,Feb
02/08/2015,US,400,N764US,OAK,PHX,12:29:00 PM,12:44:00 PM,15,15,12:59:00 PM,111,116,92,646,3:31:00 PM,9,3:20:00 PM,3:40:00 PM,20,Sunday,Feb
01/10/2015,OO,5459,N237SW,SFO,RDD,6:35:00 PM,6:30:00 PM,-5,15,6:45:00 PM,68,60,41,199,7:26:00 PM,4,7:43:00 PM,7:30:00 PM,-13,Saturday,Jan
01/04/2015,WN,2260,N969WN,STL,DEN,1:10:00 PM,12:05:00 PM,-5,21,2:26:00 PM,155,149,121,770,12:27:00 AM,7,2:45:00 AM,1:34:00 AM,-11,Sunday,Jan
01/20/2015,EV,4653,N18102,MOB,IAH,6:30:00 PM,6:27:00 PM,-3,10,6:37:00 PM,97,92,75,427,7:52:00 PM,7,8:07:00 PM,7:59:00 PM,-8,Tuesday,Jan
01/03/2015,WN,3672,N650SW,PHX,ABQ,10:35:00 AM,10:46:00 AM,11,13,10:59:00 AM,65,68,51,328,11:50:00 AM,4,11:40:00 AM,11:54:00 AM,14,Saturday,Jan
02/02/2015,WN,4818,N508SW,DAL,LBB,3:35:00 PM,3:49:00 PM,14,13,4:02:00 PM,65,67,51,293,4:53:00 PM,3,4:40:00 PM,4:56:00 PM,16,Monday,Feb
01/24/2015,WN,2639,N7736A,ISP,MCO,12:20:00 PM,12:19:00 PM,-1,7,12:26:00 PM,175,184,171,971,3:17:00 PM,6,3:15:00 PM,3:23:00 PM,8,Saturday,Jan
01/20/2015,EV,5248,N612QX,MSP,MDW,5:15:00 PM,5:15:00 PM,0,46,6:01:00 PM,95,113,63,349,7:04:00 PM,4,6:50:00 PM,7:08:00 PM,18,Tuesday,Jan
01/22/2015,HA,312,N480HA,HNL,ITO,6:44:00 PM,6:44:00 PM,0,10,6:54:00 PM,50,50,35,216,7:29:00 PM,5,7:34:00 PM,7:34:00 PM,0,Thursday,Jan
01/26/2015,DL,2028,N582NW,MCO,DTW,4:00:00 PM,3:58:00 PM,-2,14,4:12:00 PM,160,157,133,957,6:25:00 PM,10,6:40:00 PM,6:35:00 PM,-5,Monday,Jan
01/13/2015,OO,2588,N466SW,RNO,LAX,3:37:00 PM,3:35:00 PM,-2,11,3:46:00 PM,89,86,62,391,4:48:00 PM,13,5:06:00 PM,5:01:00 PM,-5,Tuesday,Jan
01/31/2015,AA,72,N026AA,MCO,DFW,10:19:00 AM,10:17:00 AM,-2,14,10:31:00 AM,181,164,143,985,11:54:00 AM,7,12:20:00 PM,12:01:00 PM,-19,Saturday,Jan
01/16/2015,AS,655,N402AS,DFW,PDX,4:35:00 PM,4:29:00 PM,-6,16,4:45:00 PM,249,254,232,1616,6:37:00 PM,6,6:44:00 PM,6:43:00 PM,-1,Friday,Jan
02/02/2015,VX,910,N849VA,SFO,LAS,12:25:00 PM,12:20:00 PM,-5,10,12:30:00 PM,90,93,65,414,1:35:00 PM,18,1:55:00 PM,1:53:00 PM,-2,Monday,Feb
01/22/2015,DL,1307,N663DN,RIC,ATL,6:05:00 PM,6:07:00 PM,2,22,6:29:00 PM,117,111,79,481,7:48:00 PM,10,8:02:00 PM,7:58:00 PM,-4,Thursday,Jan
02/02/2015,B6,277,N586JB,FLL,SFO,6:19:00 PM,6:30:00 PM,11,22,6:52:00 PM,389,407,352,2583,9:44:00 PM,33,9:48:00 PM,10:17:00 PM,29,Monday,Feb
01/15/2015,OO,7396,N455SW,TWF,SLC,2:28:00 PM,2:21:00 PM,-7,10,3:31:00 PM,52,52,31,175,10:02:00 PM,11,12:20:00 AM,11:13:00 PM,-7,Thursday,Jan
01/14/2015,US,676,N155UW,PHL,LAS,5:50:00 PM,5:49:00 PM,-1,12,6:01:00 PM,340,300,282,2176,7:43:00 PM,6,8:30:00 PM,7:49:00 PM,-41,Wednesday,Jan
01/22/2015,F9,1144,N924FR,DFW,CLE,3:20:00 PM,4:12:00 PM,52,12,4:24:00 PM,150,139,119,1021,7:23:00 PM,8,6:50:00 PM,7:31:00 PM,41,Thursday,Jan
01/02/2015,AA,2400,N5CDAA,LAX,DFW,5:05:00 AM,11:59:00 PM,-6,22,9:21:00 PM,170,174,147,1235,8:48:00 PM,5,9:55:00 PM,9:53:00 PM,-2,Friday,Jan
02/03/2015,DL,1864,N3772H,SAN,MSP,2:25:00 PM,2:21:00 PM,-4,18,3:39:00 PM,227,219,196,1532,11:55:00 AM,5,12:12:00 PM,12:00:00 PM,-12,Tuesday,Feb
02/02/2015,DL,2317,N635DL,DTW,LAS,12:06:00 PM,2:04:00 PM,118,87,3:31:00 PM,281,337,245,1749,4:36:00 PM,5,1:47:00 PM,4:41:00 PM,174,Monday,Feb
02/07/2015,B6,1801,N373JB,JFK,FLL,3:40:00 PM,3:51:00 PM,11,16,4:07:00 PM,199,162,141,1069,6:28:00 PM,5,6:59:00 PM,6:33:00 PM,-26,Saturday,Feb
01/05/2015,WN,877,N268WN,ATL,DTW,6:50:00 PM,7:29:00 PM,39,15,7:44:00 PM,120,116,90,594,9:14:00 PM,11,8:50:00 PM,9:25:00 PM,35,Monday,Jan
01/06/2015,AA,344,N3CVAA,MIA,DEN,1:55:00 PM,2:11:00 PM,16,12,2:23:00 PM,274,264,242,1709,4:25:00 PM,10,4:29:00 PM,4:35:00 PM,6,Tuesday,Jan
01/01/2015,DL,754,N927AT,ATL,PIT,3:00:00 PM,4:41:00 PM,101,19,5:00:00 PM,107,92,70,526,6:10:00 PM,3,4:47:00 PM,6:13:00 PM,86,Thursday,Jan
02/06/2015,DL,1428,N925DL,ATL,CLT,8:40:00 PM,8:37:00 PM,-3,24,9:01:00 PM,68,74,43,226,9:44:00 PM,7,9:48:00 PM,9:51:00 PM,3,Friday,Feb
02/05/2015,WN,1695,N246LV,PHX,SNA,3:30:00 PM,3:51:00 PM,21,10,4:01:00 PM,70,75,55,338,3:56:00 PM,10,3:40:00 PM,4:06:00 PM,26,Thursday,Feb
01/15/2015,HA,535,N489HA,OGG,HNL,11:19:00 AM,11:20:00 AM,1,5,11:25:00 AM,36,35,24,100,11:49:00 AM,6,11:55:00 AM,11:55:00 AM,0,Thursday,Jan
01/26/2015,EV,5040,N686BR,ATL,ILM,10:44:00 PM,9:37:00 PM,-7,13,11:50:00 PM,79,80,64,377,10:54:00 AM,3,11:03:00 AM,10:57:00 AM,-6,Monday,Jan
01/26/2015,US,1794,N723UW,PIT,CLT,12:05:00 PM,2:00:00 PM,115,41,2:41:00 PM,92,110,63,366,3:44:00 PM,6,1:37:00 PM,3:50:00 PM,133,Monday,Jan
02/09/2015,AA,2290,N583AA,DFW,PIT,8:15:00 PM,8:16:00 PM,1,13,8:29:00 PM,150,152,135,1067,11:44:00 PM,4,11:45:00 PM,11:48:00 PM,3,Monday,Feb
01/30/2015,MQ,3537,N662MQ,MIA,PNS,9:10:00 PM,9:06:00 PM,-4,34,9:40:00 PM,112,127,89,530,10:09:00 PM,4,10:02:00 PM,10:13:00 PM,11,Friday,Jan
01/05/2015,EV,5321,N708EV,MSP,FSD,11:29:00 AM,11:29:00 AM,0,35,12:04:00 PM,70,82,36,196,12:40:00 PM,11,12:39:00 PM,12:51:00 PM,12,Monday,Jan
02/05/2015,WN,595,N961WN,BWI,ALB,7:00:00 PM,6:53:00 PM,-7,7,7:00:00 PM,75,61,52,289,7:52:00 PM,2,8:15:00 PM,7:54:00 PM,-21,Thursday,Feb
02/08/2015,EV,5014,N228PQ,ELM,DTW,9:30:00 PM,11:54:00 PM,24,7,10:01:00 AM,86,69,56,332,10:57:00 AM,6,10:56:00 AM,11:03:00 AM,7,Sunday,Feb
01/27/2015,WN,336,N353SW,LAS,DEN,10:00:00 AM,10:09:00 AM,9,19,10:28:00 AM,110,109,85,628,12:53:00 PM,5,12:50:00 PM,12:58:00 PM,8,Tuesday,Jan
01/23/2015,EV,5177,N974EV,DTW,EVV,3:30:00 PM,3:26:00 PM,-4,21,3:47:00 PM,92,88,64,363,3:51:00 PM,3,4:02:00 PM,3:54:00 PM,-8,Friday,Jan
01/21/2015,AS,744,N786AS,SFO,SLC,8:55:00 PM,9:05:00 PM,10,12,9:17:00 PM,110,102,86,599,11:43:00 PM,4,11:45:00 PM,11:47:00 PM,2,Wednesday,Jan
01/03/2015,WN,371,N270WN,CLT,BWI,2:45:00 AM,2:45:00 AM,0,24,8:09:00 AM,100,97,65,361,7:14:00 PM,8,8:25:00 PM,8:22:00 PM,-3,Saturday,Jan
01/16/2015,DL,2296,N916DN,MSP,LGA,5:28:00 PM,5:54:00 PM,26,16,6:10:00 PM,163,154,130,1020,9:20:00 PM,8,9:11:00 PM,9:28:00 PM,17,Friday,Jan
01/15/2015,AA,1228,N4YBAA,DFW,SLC,3:20:00 PM,3:21:00 PM,1,13,3:34:00 PM,170,150,133,989,4:47:00 PM,4,5:10:00 PM,4:51:00 PM,-19,Thursday,Jan
01/01/2015,DL,1570,N966AT,STL,ATL,11:32:00 AM,11:29:00 AM,-3,16,11:45:00 AM,92,87,66,484,1:51:00 PM,5,2:04:00 PM,1:56:00 PM,-8,Thursday,Jan
01/09/2015,UA,252,N768UA,HNL,IAH,7:55:00 PM,8:10:00 PM,15,17,8:27:00 PM,453,451,409,3904,11:16:00 PM,25,12:28:00 AM,2:41:00 AM,13,Friday,Jan
01/25/2015,UA,1667,N68453,ORD,PDX,5:06:00 PM,5:14:00 PM,8,24,5:38:00 PM,277,271,242,1739,7:40:00 PM,5,7:43:00 PM,7:45:00 PM,2,Sunday,Jan
01/09/2015,NK,265,N605NK,ACY,FLL,8:03:00 PM,7:50:00 PM,-13,7,7:57:00 PM,162,157,140,977,10:17:00 PM,10,10:45:00 PM,10:27:00 PM,-18,Friday,Jan
01/15/2015,B6,1933,N184JB,MCO,SJU,10:00:00 AM,11:53:00 PM,-7,15,10:08:00 AM,165,160,136,1189,1:24:00 PM,9,1:45:00 PM,1:33:00 PM,-12,Thursday,Jan
02/01/2015,WN,203,N725SW,JAX,HOU,4:50:00 PM,4:45:00 PM,-5,9,4:54:00 PM,155,153,135,816,6:09:00 PM,9,6:25:00 PM,6:18:00 PM,-7,Sunday,Feb
01/17/2015,EV,5440,N712EV,MSP,SAT,11:25:00 AM,11:21:00 AM,-4,24,11:45:00 AM,186,175,147,1097,2:12:00 PM,4,2:31:00 PM,2:16:00 PM,-15,Saturday,Jan
01/04/2015,DL,445,N956DL,JFK,ATL,12:00:00 PM,1:02:00 PM,62,17,1:19:00 PM,157,154,133,760,3:32:00 PM,4,2:37:00 PM,3:36:00 PM,59,Sunday,Jan
01/28/2015,UA,1539,N36476,IAH,LAS,9:12:00 PM,9:06:00 PM,-6,19,9:25:00 PM,212,192,166,1222,10:11:00 PM,7,10:44:00 PM,10:18:00 PM,-26,Wednesday,Jan
01/12/2015,VX,258,N854VA,LAS,JFK,3:10:00 PM,3:05:00 PM,-5,14,3:19:00 PM,290,297,269,2248,10:48:00 PM,14,11:00:00 PM,11:02:00 PM,2,Monday,Jan
01/03/2015,OO,6228,N703SK,DEN,BOI,8:05:00 AM,11:54:00 PM,109,15,10:09:00 AM,126,118,100,649,11:49:00 AM,3,10:11:00 AM,11:52:00 AM,101,Saturday,Jan
01/16/2015,DL,1256,N911DL,GPT,ATL,1:15:00 PM,12:09:00 PM,-6,9,1:18:00 PM,81,75,55,352,9:13:00 AM,11,11:36:00 AM,10:24:00 AM,-12,Friday,Jan
01/18/2015,WN,1690,N439WN,DAL,OAK,3:00:00 PM,2:56:00 PM,-4,10,3:06:00 PM,235,224,208,1468,4:34:00 PM,6,4:55:00 PM,4:40:00 PM,-15,Sunday,Jan
02/11/2015,DL,1680,N670DN,ATL,SFO,10:50:00 AM,10:47:00 AM,-3,25,11:12:00 AM,330,314,283,2139,12:55:00 PM,6,1:20:00 PM,1:01:00 PM,-19,Wednesday,Feb
01/14/2015,WN,289,N945WN,PHX,RNO,8:50:00 PM,9:25:00 PM,35,12,9:37:00 PM,110,106,89,601,10:06:00 PM,5,9:40:00 PM,10:11:00 PM,31,Wednesday,Jan
01/03/2015,WN,179,N373SW,TPA,CMH,6:35:00 PM,7:07:00 PM,32,8,7:15:00 PM,130,122,109,829,9:04:00 PM,5,8:45:00 PM,9:09:00 PM,24,Saturday,Jan
02/06/2015,EV,3270,N14923,ICT,IAH,1:15:00 PM,12:28:00 AM,73,10,1:38:00 AM,115,97,78,542,1:56:00 PM,9,9:10:00 AM,6:05:00 PM,55,Friday,Feb
01/20/2015,B6,2783,N304JB,BOS,RDU,4:05:00 PM,4:01:00 PM,-4,11,4:12:00 PM,131,119,101,612,5:53:00 PM,7,6:16:00 PM,6:00:00 PM,-16,Tuesday,Jan
02/07/2015,AS,365,N590AS,OAK,SEA,8:25:00 PM,7:16:00 PM,-9,16,9:32:00 PM,114,113,92,671,11:04:00 AM,5,11:19:00 AM,11:09:00 AM,-10,Saturday,Feb
01/10/2015,AA,1031,N496AA,DFW,PIT,1:50:00 PM,1:48:00 PM,-2,10,1:58:00 PM,152,149,131,1067,5:09:00 PM,8,5:22:00 PM,5:17:00 PM,-5,Saturday,Jan
01/28/2015,AA,1593,N3LNAA,DFW,CLT,2:50:00 PM,2:44:00 PM,-6,12,2:56:00 PM,138,203,115,936,5:51:00 PM,76,6:08:00 PM,7:07:00 PM,59,Wednesday,Jan
01/24/2015,US,1767,N705UW,DCA,RSW,10:15:00 AM,10:05:00 AM,-10,12,10:17:00 AM,165,161,146,892,12:43:00 PM,3,1:00:00 PM,12:46:00 PM,-14,Saturday,Jan
01/27/2015,WN,190,N449WN,OAK,SAN,6:25:00 PM,6:23:00 PM,-2,8,6:31:00 PM,85,81,70,446,7:41:00 PM,3,7:50:00 PM,7:44:00 PM,-6,Tuesday,Jan
01/18/2015,AS,386,N791AS,SFO,PSP,9:40:00 PM,9:33:00 PM,-7,11,9:44:00 PM,79,77,61,421,10:45:00 PM,5,10:59:00 PM,10:50:00 PM,-9,Sunday,Jan
01/28/2015,DL,1266,N913DE,BUF,ATL,1:15:00 PM,1:13:00 PM,-2,25,3:38:00 PM,156,115,85,712,8:03:00 AM,5,1:51:00 PM,8:08:00 AM,-43,Wednesday,Jan
02/01/2015,US,814,N959UW,MSP,PHL,1:59:00 PM,1:52:00 PM,-7,17,2:09:00 PM,154,162,126,980,5:15:00 PM,19,5:33:00 PM,5:34:00 PM,1,Sunday,Feb
02/07/2015,UA,1262,N27477,MCO,EWR,8:25:00 PM,8:21:00 PM,-4,15,9:36:00 PM,153,153,130,937,11:46:00 AM,8,11:58:00 AM,11:54:00 AM,-4,Saturday,Feb
02/10/2015,AA,1235,N3LEAA,ORD,DEN,9:15:00 PM,9:16:00 PM,1,11,9:27:00 PM,153,151,135,888,10:42:00 PM,5,10:48:00 PM,10:47:00 PM,-1,Tuesday,Feb
01/28/2015,EV,5799,N14514,JAN,IAH,4:36:00 PM,4:19:00 PM,-17,11,4:30:00 PM,83,82,60,351,5:30:00 PM,11,5:59:00 PM,5:41:00 PM,-18,Wednesday,Jan
01/10/2015,WN,4303,N901WN,TPA,RDU,6:00:00 PM,1:54:00 PM,-6,12,6:06:00 PM,100,97,81,587,10:27:00 AM,4,10:40:00 AM,10:31:00 AM,-9,Saturday,Jan
02/08/2015,DL,2146,N969DL,VPS,ATL,10:25:00 AM,10:19:00 AM,-6,18,10:37:00 AM,74,70,45,250,12:22:00 PM,7,12:39:00 PM,12:29:00 PM,-10,Sunday,Feb
01/10/2015,US,491,N179UW,PHX,LAX,11:35:00 AM,12:41:00 PM,6,13,1:54:00 PM,90,83,61,370,1:55:00 PM,9,6:05:00 PM,6:04:00 PM,-1,Saturday,Jan
02/03/2015,OO,4982,N568SW,SAN,LAX,1:55:00 PM,1:51:00 PM,-4,5,1:56:00 PM,50,42,27,109,2:23:00 PM,10,2:45:00 PM,2:33:00 PM,-12,Tuesday,Feb
01/02/2015,WN,2052,N8652B,MDW,RDU,9:20:00 PM,9:31:00 PM,11,14,9:45:00 PM,110,102,83,632,8:08:00 AM,5,10:10:00 AM,1:13:00 PM,3,Friday,Jan
01/15/2015,WN,523,N629SW,CMH,BWI,2:25:00 PM,2:25:00 PM,0,20,4:45:00 PM,85,82,58,337,2:43:00 AM,4,3:50:00 AM,2:47:00 AM,-3,Thursday,Jan
01/21/2015,EV,3947,N13968,MSN,ORD,11:22:00 AM,11:08:00 AM,-14,14,11:22:00 AM,58,86,29,108,11:51:00 AM,43,12:20:00 PM,12:34:00 PM,14,Wednesday,Jan
01/19/2015,EV,4580,N14993,EWR,MKE,3:17:00 PM,3:08:00 PM,-9,21,3:29:00 PM,153,157,130,725,4:39:00 PM,6,4:50:00 PM,4:45:00 PM,-5,Monday,Jan
01/02/2015,OO,4479,N549CA,SLC,DEN,10:55:00 AM,10:51:00 AM,-4,23,11:14:00 AM,89,93,62,391,12:16:00 PM,8,12:24:00 PM,12:24:00 PM,0,Friday,Jan
01/20/2015,OO,4702,N825SK,LAX,SMF,1:35:00 PM,2:40:00 PM,65,14,2:54:00 PM,88,76,58,373,3:52:00 PM,4,3:03:00 PM,3:56:00 PM,53,Tuesday,Jan
01/27/2015,WN,621,N8317M,MCO,BNA,11:20:00 AM,11:21:00 AM,1,11,11:32:00 AM,120,120,105,616,12:17:00 PM,4,12:20:00 PM,12:21:00 PM,1,Tuesday,Jan
02/10/2015,AA,1423,N3KJAA,PBI,DFW,1:37:00 AM,1:30:00 AM,-7,13,2:43:00 AM,198,180,161,1102,8:24:00 PM,6,11:55:00 PM,9:30:00 PM,-25,Tuesday,Feb
01/06/2015,AA,1688,N3LYAA,DFW,DCA,3:50:00 AM,8:03:00 AM,13,9,9:12:00 AM,161,208,135,1192,11:27:00 AM,64,11:31:00 AM,12:31:00 PM,60,Tuesday,Jan
02/04/2015,UA,1471,N68807,ORD,PHX,12:06:00 PM,12:56:00 PM,50,16,1:12:00 PM,235,232,208,1440,3:40:00 PM,8,3:01:00 PM,3:48:00 PM,47,Wednesday,Feb
02/12/2015,OO,5309,N929SW,SBA,LAX,1:20:00 PM,1:08:00 PM,-12,7,1:15:00 PM,52,43,26,89,1:41:00 PM,10,2:12:00 PM,1:51:00 PM,-21,Thursday,Feb
01/23/2015,DL,2498,N924AT,LGA,TPA,3:00:00 PM,3:01:00 PM,1,18,3:19:00 PM,204,178,155,1010,5:54:00 PM,5,6:24:00 PM,5:59:00 PM,-25,Friday,Jan
01/05/2015,WN,843,N8327A,STL,LAS,1:55:00 PM,2:11:00 PM,16,10,2:21:00 PM,225,209,186,1371,3:27:00 PM,13,3:40:00 PM,3:40:00 PM,0,Monday,Jan
01/14/2015,WN,3041,N8625A,DEN,BWI,10:20:00 AM,10:23:00 AM,3,17,10:40:00 AM,195,205,182,1491,3:42:00 PM,6,3:35:00 PM,3:48:00 PM,13,Wednesday,Jan
01/21/2015,WN,432,N7750A,PHX,LAX,1:05:00 PM,12:57:00 PM,-8,7,1:04:00 PM,95,91,57,370,1:01:00 PM,27,1:40:00 PM,1:28:00 PM,-12,Wednesday,Jan
01/17/2015,US,532,N180US,LAX,PHX,2:25:00 PM,2:21:00 PM,-4,13,3:34:00 PM,84,70,53,370,10:27:00 AM,4,12:49:00 PM,11:31:00 AM,-18,Saturday,Jan
01/27/2015,AA,36,N3FUAA,SAN,DFW,9:39:00 PM,9:36:00 PM,-3,17,11:53:00 PM,171,170,139,1171,2:12:00 PM,14,2:30:00 PM,2:26:00 PM,-4,Tuesday,Jan
01/11/2015,OO,6250,N824AS,DEN,PSP,9:56:00 PM,10:22:00 PM,26,29,10:51:00 PM,145,143,109,776,11:40:00 PM,5,11:21:00 PM,11:45:00 PM,24,Sunday,Jan
02/04/2015,WN,4210,N8658A,RDU,BNA,9:15:00 AM,9:17:00 AM,2,36,1:53:00 PM,105,124,83,442,7:16:00 PM,5,6:00:00 PM,8:21:00 PM,21,Wednesday,Feb
02/06/2015,MQ,3493,N626MQ,MIA,BHM,2:00:00 PM,1:57:00 PM,-3,17,2:14:00 PM,125,121,102,661,2:56:00 PM,2,3:05:00 PM,2:58:00 PM,-7,Friday,Feb
01/25/2015,WN,917,N772SW,MDW,GSP,1:30:00 PM,1:25:00 PM,-5,26,1:51:00 PM,95,105,76,562,4:07:00 PM,3,4:05:00 PM,4:10:00 PM,5,Sunday,Jan
01/18/2015,UA,1247,N57862,DEN,SFO,11:30:00 AM,12:23:00 PM,53,17,12:40:00 PM,163,154,129,967,1:49:00 PM,8,1:13:00 PM,1:57:00 PM,44,Sunday,Jan
01/11/2015,EV,3271,N17560,CLE,LGA,3:35:00 PM,3:34:00 PM,-1,11,3:45:00 PM,100,82,64,419,4:49:00 PM,7,5:15:00 PM,4:56:00 PM,-19,Sunday,Jan
02/05/2015,DL,2160,N948DN,ATL,MIA,4:19:00 PM,4:18:00 PM,-1,17,4:35:00 PM,115,118,89,594,6:04:00 PM,12,6:14:00 PM,6:16:00 PM,2,Thursday,Feb
02/01/2015,OO,2602,N492SW,LAX,FAT,7:59:00 PM,7:53:00 PM,-6,14,8:07:00 PM,57,61,41,209,8:48:00 PM,6,8:56:00 PM,8:54:00 PM,-2,Sunday,Feb
01/30/2015,AA,113,N3CYAA,MIA,DEN,9:15:00 PM,9:17:00 PM,2,32,9:49:00 PM,275,277,237,1709,11:46:00 PM,8,11:50:00 PM,11:54:00 PM,4,Friday,Jan
01/23/2015,DL,873,N6702,STT,ATL,5:45:00 PM,5:39:00 PM,-6,12,5:51:00 PM,249,254,229,1599,8:40:00 PM,13,8:54:00 PM,8:53:00 PM,-1,Friday,Jan
02/06/2015,WN,3851,N402WN,SMF,SEA,8:00:00 AM,3:54:00 AM,-6,10,8:04:00 AM,115,104,86,605,9:30:00 PM,8,11:55:00 PM,9:38:00 PM,-17,Friday,Feb
01/01/2015,UA,400,N430UA,SFO,IAH,11:20:00 PM,9:09:00 AM,49,14,11:23:00 PM,221,217,199,1635,6:42:00 AM,4,2:01:00 AM,6:46:00 AM,45,Thursday,Jan
01/08/2015,US,627,N653AW,EWR,PHX,4:35:00 PM,4:37:00 PM,2,17,4:54:00 PM,330,322,300,2133,7:54:00 PM,5,8:05:00 PM,7:59:00 PM,-6,Thursday,Jan
01/28/2015,WN,754,N550WN,ONT,PHX,4:05:00 PM,4:01:00 PM,-4,5,4:06:00 PM,70,63,51,325,5:57:00 PM,7,6:15:00 PM,6:04:00 PM,-11,Wednesday,Jan
01/27/2015,WN,4163,N262WN,SAN,PDX,8:55:00 PM,8:48:00 PM,-7,13,9:01:00 PM,160,137,120,933,11:01:00 PM,4,11:35:00 PM,11:05:00 PM,-30,Tuesday,Jan
01/22/2015,WN,795,N633SW,ATL,BWI,2:45:00 AM,2:40:00 AM,-5,14,3:54:00 AM,110,106,87,577,8:21:00 PM,5,9:35:00 PM,8:26:00 PM,-9,Thursday,Jan
02/11/2015,OO,5219,N948SW,ORD,MEM,4:03:00 PM,4:00:00 PM,-3,12,4:12:00 PM,114,121,95,491,5:47:00 PM,14,5:57:00 PM,6:01:00 PM,4,Wednesday,Feb
01/02/2015,AA,2267,N3MAAA,LAX,ORD,4:35:00 PM,4:30:00 PM,-5,10,4:40:00 PM,240,228,210,1744,10:10:00 PM,8,10:35:00 PM,10:18:00 PM,-17,Friday,Jan
02/08/2015,VX,878,N525VA,DAL,DCA,6:05:00 PM,6:04:00 PM,-1,13,6:17:00 PM,155,160,143,1184,9:40:00 PM,4,9:40:00 PM,9:44:00 PM,4,Sunday,Feb
01/21/2015,WN,607,N945WN,SMF,LAX,1:05:00 PM,1:04:00 PM,-1,14,1:18:00 PM,80,80,60,373,2:18:00 PM,6,2:25:00 PM,2:24:00 PM,-1,Wednesday,Jan
02/04/2015,UA,207,N809UA,LAX,LAS,10:35:00 PM,10:29:00 PM,-6,13,10:42:00 PM,72,63,39,236,11:21:00 PM,11,11:47:00 PM,11:32:00 PM,-15,Wednesday,Feb
01/22/2015,B6,654,N649JB,PBI,JFK,12:47:00 PM,12:59:00 PM,12,11,1:10:00 PM,162,145,130,1028,3:20:00 PM,4,3:29:00 PM,3:24:00 PM,-5,Thursday,Jan
01/25/2015,UA,349,N473UA,DEN,TPA,12:41:00 PM,12:47:00 PM,6,12,12:59:00 PM,203,188,172,1506,5:51:00 PM,4,6:04:00 PM,5:55:00 PM,-9,Sunday,Jan
01/04/2015,OO,3499,N225AG,SLC,PDX,8:00:00 AM,10:43:00 PM,883,13,10:56:00 PM,115,124,107,630,11:43:00 PM,4,1:55:00 PM,11:47:00 PM,892,Sunday,Jan
02/04/2015,MQ,2903,N683MQ,DFW,BTR,10:05:00 AM,10:06:00 AM,1,20,10:26:00 AM,78,85,60,383,11:26:00 AM,5,11:23:00 AM,11:31:00 AM,8,Wednesday,Feb
01/02/2015,WN,4561,N436WN,LAX,OAK,7:20:00 PM,7:24:00 PM,4,9,7:33:00 PM,75,70,55,337,8:28:00 PM,6,8:35:00 PM,8:34:00 PM,-1,Friday,Jan
02/07/2015,UA,1060,N76517,SFO,DCA,1:54:00 PM,2:01:00 PM,7,28,2:29:00 PM,306,287,255,2442,9:44:00 PM,4,10:00:00 PM,9:48:00 PM,-12,Saturday,Feb
01/10/2015,EV,4089,N14562,IAH,ELP,1:12:00 PM,1:11:00 PM,-1,11,1:22:00 PM,127,107,92,667,1:54:00 PM,4,2:19:00 PM,1:58:00 PM,-21,Saturday,Jan
01/27/2015,OO,5345,N929EV,ORD,MKE,4:47:00 PM,4:40:00 PM,-7,14,4:54:00 PM,49,39,20,67,5:14:00 PM,5,5:36:00 PM,5:19:00 PM,-17,Tuesday,Jan
01/29/2015,AA,2227,N001AA,IAH,MIA,7:35:00 PM,7:29:00 PM,-6,13,7:42:00 PM,140,131,113,964,10:35:00 PM,5,10:55:00 PM,10:40:00 PM,-15,Thursday,Jan
02/02/2015,DL,2316,N138DL,DTW,LAS,11:34:00 AM,10:44:00 PM,70,17,10:01:00 AM,292,260,237,1749,10:58:00 AM,6,10:26:00 AM,11:04:00 AM,38,Monday,Feb
02/12/2015,WN,430,N969WN,MCO,BDL,2:30:00 PM,2:24:00 PM,-6,13,2:37:00 PM,160,143,123,1050,4:40:00 PM,7,5:10:00 PM,4:47:00 PM,-23,Thursday,Feb
01/18/2015,US,450,N564UW,PHX,SLC,2:45:00 PM,2:42:00 PM,-3,21,3:03:00 PM,99,96,69,507,4:12:00 PM,6,4:24:00 PM,4:18:00 PM,-6,Sunday,Jan
02/03/2015,EV,5496,N979EV,CHO,ATL,4:38:00 PM,4:33:00 PM,-5,12,4:45:00 PM,101,95,77,457,6:02:00 PM,6,6:19:00 PM,6:08:00 PM,-11,Tuesday,Feb
01/12/2015,WN,510,N774SW,BUF,BWI,11:10:00 AM,12:45:00 PM,95,19,1:04:00 PM,75,77,54,281,1:58:00 PM,4,12:25:00 PM,2:02:00 PM,97,Monday,Jan
01/05/2015,WN,1637,N457WN,BWI,STL,5:50:00 PM,5:58:00 PM,8,10,6:08:00 PM,140,145,131,738,7:19:00 PM,4,7:10:00 PM,7:23:00 PM,13,Monday,Jan
01/03/2015,OO,5322,N652BR,FWA,ORD,8:08:00 PM,7:58:00 PM,-10,12,8:10:00 PM,69,56,31,157,7:41:00 PM,13,8:17:00 PM,7:54:00 PM,-23,Saturday,Jan
01/02/2015,EV,4971,N936EV,ATL,GPT,4:48:00 PM,4:57:00 PM,9,17,5:14:00 PM,82,87,66,352,5:20:00 PM,4,5:10:00 PM,5:24:00 PM,14,Friday,Jan
01/30/2015,AA,1314,N3AUAA,LAX,IND,11:25:00 AM,11:15:00 AM,-10,20,11:35:00 AM,237,241,216,1814,6:11:00 PM,5,6:22:00 PM,6:16:00 PM,-6,Friday,Jan
01/29/2015,US,726,N829AW,LAX,PIT,11:30:00 AM,11:22:00 AM,-8,21,11:43:00 AM,268,266,237,2136,6:40:00 PM,8,6:58:00 PM,6:48:00 PM,-10,Thursday,Jan
02/11/2015,B6,1887,N368JB,ORH,MCO,11:39:00 AM,12:06:00 PM,27,10,12:16:00 PM,190,178,154,1091,2:50:00 PM,14,2:49:00 PM,3:04:00 PM,15,Wednesday,Feb
01/21/2015,AA,295,N853AA,MIA,LAX,8:20:00 PM,7:12:00 PM,-8,16,8:28:00 PM,369,344,324,2342,11:52:00 AM,4,12:29:00 PM,11:56:00 AM,-33,Wednesday,Jan
01/16/2015,EV,6182,N13553,BDL,IAD,7:26:00 PM,7:19:00 PM,-7,9,7:28:00 PM,90,87,71,326,8:39:00 PM,7,8:56:00 PM,8:46:00 PM,-10,Friday,Jan
01/31/2015,AA,1337,N5BYAA,LAS,DFW,5:50:00 PM,5:46:00 PM,-4,16,6:02:00 PM,150,157,130,1055,10:12:00 PM,11,10:20:00 PM,10:23:00 PM,3,Saturday,Jan
02/01/2015,AA,1372,N4XSAA,DFW,STL,9:45:00 PM,9:41:00 PM,-4,12,9:53:00 PM,92,106,74,550,11:07:00 PM,20,11:17:00 PM,11:27:00 PM,10,Sunday,Feb
01/17/2015,DL,1947,N959DL,LGA,ATL,11:00:00 AM,10:56:00 AM,-4,35,11:31:00 AM,166,150,109,762,1:20:00 PM,6,1:46:00 PM,1:26:00 PM,-20,Saturday,Jan
01/17/2015,US,1719,N816AW,CLT,FLL,4:16:00 PM,4:09:00 PM,-7,17,4:26:00 PM,121,109,90,631,5:56:00 PM,2,6:17:00 PM,5:58:00 PM,-19,Saturday,Jan
02/06/2015,US,1977,N816AW,DTW,CLT,4:45:00 PM,4:40:00 PM,-5,13,5:53:00 PM,118,95,73,500,8:06:00 AM,9,12:43:00 PM,9:15:00 AM,-28,Friday,Feb
01/08/2015,UA,769,N847UA,ROC,ORD,3:50:00 AM,2:48:00 AM,-2,25,9:13:00 AM,125,125,89,528,12:42:00 PM,11,1:55:00 PM,1:53:00 PM,-2,Thursday,Jan
02/06/2015,OO,6368,N969SW,BIS,DEN,8:32:00 PM,8:15:00 PM,-17,9,8:24:00 PM,110,92,76,516,8:40:00 PM,7,9:22:00 PM,8:47:00 PM,-35,Friday,Feb
01/20/2015,AA,1561,N595AA,DFW,EWR,7:20:00 PM,7:25:00 PM,5,15,7:40:00 PM,184,201,176,1372,11:36:00 PM,10,11:24:00 PM,11:46:00 PM,22,Tuesday,Jan
02/08/2015,OO,5505,N507CA,FAT,DEN,1:27:00 PM,1:20:00 PM,-7,11,1:31:00 PM,138,120,104,844,4:15:00 PM,5,4:45:00 PM,4:20:00 PM,-25,Sunday,Feb
01/09/2015,US,1816,N725UW,TPA,DCA,1:18:00 PM,1:08:00 PM,-10,13,1:21:00 PM,127,114,97,814,2:58:00 PM,4,3:25:00 PM,3:02:00 PM,-23,Friday,Jan
01/23/2015,AS,46,N768AS,BET,ANC,9:12:00 PM,9:19:00 PM,7,6,9:25:00 PM,65,65,55,399,10:20:00 PM,4,10:17:00 PM,10:24:00 PM,7,Friday,Jan
01/07/2015,US,1713,N565UW,SFO,PHL,1:40:00 PM,1:34:00 PM,-6,10,1:44:00 PM,311,296,281,2521,9:25:00 PM,5,9:51:00 PM,9:30:00 PM,-21,Wednesday,Jan
02/09/2015,HA,257,N493HA,KOA,HNL,2:34:00 PM,2:34:00 PM,0,9,2:43:00 PM,44,54,35,163,3:18:00 PM,10,3:18:00 PM,3:28:00 PM,10,Monday,Feb
01/14/2015,WN,396,N486WN,SJU,MCO,6:50:00 PM,6:46:00 PM,-4,13,6:59:00 PM,190,190,170,1189,8:49:00 PM,7,9:00:00 PM,8:56:00 PM,-4,Wednesday,Jan
01/10/2015,MQ,3230,N539MQ,ORD,CMH,12:40:00 PM,1:53:00 PM,13,11,6:04:00 PM,74,59,45,296,10:49:00 AM,3,10:54:00 AM,10:52:00 AM,-2,Saturday,Jan
01/11/2015,WN,1116,N508SW,DAL,MSY,12:40:00 PM,12:39:00 PM,-1,11,12:50:00 PM,80,78,63,436,1:53:00 PM,4,2:00:00 PM,1:57:00 PM,-3,Sunday,Jan
02/04/2015,AA,326,N4YAAA,STL,DFW,12:37:00 PM,1:05:00 PM,28,8,1:13:00 PM,113,98,81,550,2:34:00 PM,9,2:30:00 PM,2:43:00 PM,13,Wednesday,Feb
01/19/2015,WN,1150,N613SW,BDL,BWI,8:05:00 AM,9:16:00 AM,11,18,11:34:00 AM,85,72,49,283,8:23:00 PM,5,9:30:00 PM,8:28:00 PM,-2,Monday,Jan
01/08/2015,OO,4832,N633SK,LAX,SJC,12:00:00 PM,7:55:00 AM,-5,19,1:14:00 PM,78,70,47,308,10:01:00 PM,4,11:18:00 PM,10:05:00 PM,-13,Thursday,Jan
02/10/2015,EV,4999,N843AS,ATL,MOB,12:30:00 PM,1:05:00 PM,35,13,1:18:00 PM,74,61,44,302,1:02:00 PM,4,12:44:00 PM,1:06:00 PM,22,Tuesday,Feb
01/01/2015,WN,287,N8612K,MCO,BWI,5:15:00 PM,7:04:00 PM,109,19,7:23:00 PM,130,132,107,787,9:10:00 PM,6,7:25:00 PM,9:16:00 PM,111,Thursday,Jan
01/06/2015,AS,687,N512AS,DEN,SEA,5:50:00 PM,5:54:00 PM,4,13,6:07:00 PM,180,173,154,1024,7:41:00 PM,6,7:50:00 PM,7:47:00 PM,-3,Tuesday,Jan
01/29/2015,EV,5605,N608QX,DTW,RIC,7:35:00 PM,7:51:00 PM,16,38,8:29:00 PM,99,105,64,456,9:33:00 PM,3,9:14:00 PM,9:36:00 PM,22,Thursday,Jan
01/14/2015,EV,4213,N48901,ORD,HPN,3:55:00 AM,2:49:00 AM,-6,9,3:58:00 AM,124,120,105,738,10:43:00 AM,6,10:59:00 AM,10:49:00 AM,-10,Wednesday,Jan
02/11/2015,UA,766,N518UA,JFK,SFO,12:00:00 PM,11:58:00 AM,-2,17,12:15:00 PM,400,370,343,2586,2:58:00 PM,10,3:40:00 PM,3:08:00 PM,-32,Wednesday,Feb
01/27/2015,WN,1071,N951WN,PDX,LAS,12:40:00 PM,12:34:00 PM,-6,8,12:42:00 PM,125,121,108,763,2:30:00 PM,5,2:45:00 PM,2:35:00 PM,-10,Tuesday,Jan
01/16/2015,WN,404,N8603F,SEA,MDW,1:45:00 PM,2:17:00 PM,32,16,2:33:00 PM,240,230,208,1733,8:01:00 PM,6,7:45:00 PM,8:07:00 PM,22,Friday,Jan
01/17/2015,DL,340,N309US,ATL,MSP,12:25:00 AM,12:24:00 AM,-1,10,1:34:00 AM,159,140,126,907,12:40:00 PM,4,6:04:00 PM,12:44:00 PM,-20,Saturday,Jan
01/27/2015,MQ,2959,N942MQ,ORD,FAR,8:30:00 PM,9:10:00 PM,40,18,9:28:00 PM,114,122,97,557,11:05:00 PM,7,10:24:00 PM,11:12:00 PM,48,Tuesday,Jan
01/22/2015,B6,466,N586JB,RSW,BOS,12:40:00 PM,12:40:00 PM,0,19,12:59:00 PM,179,180,156,1249,3:35:00 PM,5,3:39:00 PM,3:40:00 PM,1,Thursday,Jan
01/17/2015,MQ,3273,N824MQ,CHO,LGA,2:25:00 PM,2:08:00 PM,-17,11,2:19:00 PM,75,70,52,305,3:11:00 PM,7,3:40:00 PM,3:18:00 PM,-22,Saturday,Jan
02/05/2015,B6,531,N807JB,SLC,LGB,6:43:00 PM,7:15:00 PM,32,26,7:41:00 PM,106,119,90,588,8:11:00 PM,3,7:29:00 PM,8:14:00 PM,45,Thursday,Feb
01/10/2015,OO,5483,N941SW,DEN,SLC,6:56:00 PM,6:50:00 PM,-6,16,7:06:00 PM,93,81,62,391,8:08:00 PM,3,8:29:00 PM,8:11:00 PM,-18,Saturday,Jan
01/10/2015,HA,309,N487HA,OGG,LIH,5:45:00 PM,5:50:00 PM,5,7,5:57:00 PM,45,43,31,201,6:28:00 PM,5,6:30:00 PM,6:33:00 PM,3,Saturday,Jan
01/24/2015,UA,789,N492UA,DEN,BOS,10:05:00 AM,10:02:00 AM,-3,13,10:15:00 AM,228,231,211,1754,3:46:00 PM,7,3:53:00 PM,3:53:00 PM,0,Saturday,Jan
01/13/2015,WN,2300,N7735A,BNA,MDW,3:20:00 PM,3:14:00 PM,-6,15,3:29:00 PM,90,83,63,395,4:32:00 PM,5,4:50:00 PM,4:37:00 PM,-13,Tuesday,Jan
01/11/2015,OO,4555,N449SW,SLC,RDM,11:43:00 AM,11:33:00 AM,-10,23,11:56:00 AM,116,128,101,525,12:37:00 PM,4,12:39:00 PM,12:41:00 PM,2,Sunday,Jan
02/05/2015,EV,5252,N131EV,OMA,ATL,10:50:00 AM,10:55:00 AM,5,12,11:07:00 AM,125,118,97,821,1:44:00 PM,9,1:55:00 PM,1:53:00 PM,-2,Thursday,Feb
01/01/2015,OO,5426,N563SW,SFO,SBP,6:57:00 PM,6:56:00 PM,-1,12,7:08:00 PM,65,63,47,190,7:55:00 PM,4,8:02:00 PM,7:59:00 PM,-3,Thursday,Jan
02/09/2015,MQ,2947,N537MQ,LIT,DFW,9:30:00 PM,9:32:00 PM,2,13,10:45:00 PM,79,72,51,304,10:36:00 AM,8,10:49:00 AM,10:44:00 AM,-5,Monday,Feb
01/21/2015,US,421,N755US,ONT,PHX,7:25:00 PM,7:24:00 PM,-1,14,7:38:00 PM,71,69,51,325,9:29:00 PM,4,9:36:00 PM,9:33:00 PM,-3,Wednesday,Jan
02/09/2015,AA,1132,N3JMAA,DFW,PHX,10:40:00 PM,10:40:00 PM,0,18,11:58:00 PM,160,169,128,868,11:06:00 AM,23,11:20:00 AM,11:29:00 AM,9,Monday,Feb
02/08/2015,EV,4741,N28529,SHV,IAH,5:05:00 PM,4:55:00 PM,-10,22,5:17:00 PM,64,72,42,192,5:59:00 PM,8,6:09:00 PM,6:07:00 PM,-2,Sunday,Feb
01/13/2015,US,1962,N716UW,DTW,CLT,1:50:00 PM,2:18:00 PM,28,10,2:28:00 PM,108,92,78,500,3:46:00 PM,4,3:38:00 PM,3:50:00 PM,12,Tuesday,Jan
02/10/2015,EV,4932,N744EV,GRR,MSP,10:15:00 AM,10:48:00 AM,33,11,10:59:00 AM,104,91,72,408,11:11:00 AM,8,10:59:00 AM,11:19:00 AM,20,Tuesday,Feb
02/09/2015,AS,16,N526AS,SEA,MCO,8:05:00 AM,8:01:00 AM,-4,12,9:13:00 AM,317,293,277,2554,3:50:00 PM,4,4:22:00 PM,3:54:00 PM,-28,Monday,Feb
01/19/2015,OO,6275,N479CA,COS,LAX,1:56:00 PM,2:26:00 PM,30,16,2:42:00 PM,158,156,130,833,3:52:00 PM,10,3:34:00 PM,4:02:00 PM,28,Monday,Jan
01/15/2015,UA,649,N464UA,JAC,DEN,1:28:00 PM,1:22:00 PM,-6,15,1:37:00 PM,92,77,56,406,2:33:00 PM,6,3:00:00 PM,2:39:00 PM,-21,Thursday,Jan
02/01/2015,VX,953,N635VA,SAN,SFO,1:50:00 PM,12:49:00 PM,-1,15,6:04:00 PM,95,91,70,447,10:14:00 AM,6,10:25:00 AM,10:20:00 AM,-5,Sunday,Feb
02/04/2015,B6,1142,N508JB,PBI,BDL,11:45:00 AM,3:50:00 PM,245,7,3:57:00 PM,162,150,139,1133,6:16:00 PM,4,2:27:00 PM,6:20:00 PM,233,Wednesday,Feb
01/01/2015,OO,5241,N742SK,DEN,SAT,8:04:00 AM,10:21:00 AM,17,9,11:30:00 AM,132,129,115,794,11:25:00 AM,5,11:16:00 AM,11:30:00 AM,14,Thursday,Jan
01/02/2015,AS,162,N713AS,FAI,ANC,12:00:00 PM,7:56:00 AM,-4,22,1:18:00 PM,73,72,44,261,10:02:00 PM,6,11:13:00 PM,10:08:00 PM,-5,Friday,Jan
01/13/2015,DL,2058,N924DL,MCO,JFK,1:38:00 AM,1:36:00 AM,-2,11,2:47:00 AM,142,131,113,944,10:40:00 PM,7,10:00:00 AM,10:47:00 PM,-13,Tuesday,Jan
01/02/2015,WN,4728,N782SA,CLE,MDW,8:35:00 PM,8:32:00 PM,-3,5,8:37:00 PM,80,66,55,307,8:32:00 PM,6,8:55:00 PM,8:38:00 PM,-17,Friday,Jan
01/04/2015,MQ,3042,N692MQ,MIA,CHS,9:15:00 PM,9:12:00 PM,-3,26,9:38:00 PM,102,107,78,489,10:56:00 PM,3,10:57:00 PM,10:59:00 PM,2,Sunday,Jan
02/04/2015,AA,270,N5DFAA,HNL,LAX,10:28:00 AM,9:19:00 AM,-9,23,12:42:00 PM,327,307,281,2556,3:23:00 PM,3,3:55:00 PM,3:26:00 PM,-29,Wednesday,Feb
01/09/2015,MQ,3045,N603MQ,ORD,TUL,11:55:00 AM,12:56:00 PM,61,10,1:06:00 PM,117,110,97,585,2:43:00 PM,3,1:52:00 PM,2:46:00 PM,54,Friday,Jan
02/04/2015,EV,4619,N13118,IAH,CAE,1:31:00 PM,1:25:00 PM,-6,11,1:36:00 PM,132,132,117,878,4:33:00 PM,4,4:43:00 PM,4:37:00 PM,-6,Wednesday,Feb
01/15/2015,MQ,3064,N925MQ,SGF,DFW,2:55:00 PM,2:55:00 PM,0,12,3:07:00 PM,89,80,58,364,4:05:00 PM,10,4:24:00 PM,4:15:00 PM,-9,Thursday,Jan
01/10/2015,WN,2572,N636WN,PDX,PHX,1:05:00 PM,1:06:00 PM,1,8,1:14:00 PM,150,143,131,1009,4:25:00 PM,4,4:35:00 PM,4:29:00 PM,-6,Saturday,Jan
01/04/2015,EV,5056,N926EV,FAY,ATL,4:41:00 PM,4:35:00 PM,-6,11,4:46:00 PM,92,86,67,331,5:53:00 PM,8,6:13:00 PM,6:01:00 PM,-12,Sunday,Jan
01/12/2015,WN,1357,N8323C,MSP,PHX,3:50:00 AM,3:56:00 AM,6,13,8:09:00 AM,220,202,184,1276,10:13:00 AM,5,10:30:00 AM,10:18:00 AM,-12,Monday,Jan
01/04/2015,OO,5487,N750SK,IAH,ASE,11:56:00 AM,12:06:00 PM,10,20,12:26:00 PM,172,183,145,913,1:51:00 PM,18,1:48:00 PM,2:09:00 PM,21,Sunday,Jan
01/20/2015,OO,2683,N897SK,ELP,PHX,12:30:00 PM,12:21:00 PM,-9,16,12:37:00 PM,85,102,66,347,1:43:00 PM,20,1:55:00 PM,2:03:00 PM,8,Tuesday,Jan
02/08/2015,DL,42,N3739P,SJU,JFK,3:01:00 PM,2:55:00 PM,-6,15,3:10:00 PM,249,237,206,1598,5:36:00 PM,16,6:10:00 PM,5:52:00 PM,-18,Sunday,Feb
01/10/2015,WN,3616,N446WN,MCO,BUF,3:30:00 PM,3:52:00 PM,22,13,4:05:00 PM,155,150,131,1011,6:16:00 PM,6,6:05:00 PM,6:22:00 PM,17,Saturday,Jan
01/23/2015,EV,3920,N13970,ORD,AVP,1:25:00 PM,1:22:00 PM,-3,27,1:49:00 PM,105,112,81,632,4:10:00 PM,4,4:10:00 PM,4:14:00 PM,4,Friday,Jan
01/30/2015,EV,5183,N914EV,ATL,MGM,11:55:00 AM,11:54:00 AM,-1,12,12:06:00 PM,56,43,29,147,11:35:00 AM,2,11:51:00 AM,11:37:00 AM,-14,Friday,Jan
01/06/2015,DL,1841,N954AT,SYR,ATL,5:46:00 PM,6:05:00 PM,19,11,6:16:00 PM,158,148,117,794,8:13:00 PM,20,8:24:00 PM,8:33:00 PM,9,Tuesday,Jan
01/10/2015,NK,724,N605NK,FLL,LBE,1:13:00 PM,1:08:00 PM,-5,11,1:19:00 PM,158,145,130,980,3:29:00 PM,4,3:51:00 PM,3:33:00 PM,-18,Saturday,Jan
01/09/2015,DL,1170,N3763D,LAX,CMH,10:30:00 PM,10:34:00 PM,4,15,10:49:00 PM,258,251,231,1995,6:40:00 AM,5,6:48:00 AM,6:45:00 AM,-3,Friday,Jan
01/30/2015,AA,196,N3EHAA,MIA,PHL,12:00:00 PM,7:53:00 AM,-7,18,1:11:00 PM,162,161,137,1013,10:28:00 AM,6,12:42:00 PM,11:34:00 AM,-8,Friday,Jan
01/24/2015,MQ,3206,N510MQ,GRR,ORD,11:45:00 AM,11:54:00 AM,9,16,12:10:00 PM,58,54,30,137,11:40:00 AM,8,11:43:00 AM,11:48:00 AM,5,Saturday,Jan
01/06/2015,MQ,3645,N623MQ,DFW,JAN,3:00:00 PM,3:25:00 PM,25,14,3:39:00 PM,76,76,56,408,4:35:00 PM,6,4:16:00 PM,4:41:00 PM,25,Tuesday,Jan
01/17/2015,US,804,N252AU,CLT,STT,11:50:00 PM,11:55:00 PM,5,32,10:27:00 AM,216,215,174,1520,2:21:00 PM,9,2:26:00 PM,2:30:00 PM,4,Saturday,Jan
01/19/2015,UA,1649,N14731,IAH,SNA,12:46:00 PM,12:44:00 PM,-2,21,6:05:00 PM,226,219,193,1346,10:18:00 AM,5,10:32:00 AM,10:23:00 AM,-9,Monday,Jan
01/14/2015,MQ,3129,N698MQ,DFW,VPS,4:20:00 PM,5:30:00 PM,70,15,5:45:00 PM,108,97,75,641,7:00:00 PM,7,6:08:00 PM,7:07:00 PM,59,Wednesday,Jan
01/28/2015,DL,1325,N3766,LAX,MSY,1:25:00 PM,1:16:00 PM,-9,14,1:30:00 PM,219,200,183,1670,6:33:00 PM,3,7:04:00 PM,6:36:00 PM,-28,Wednesday,Jan
01/01/2015,US,563,N557UW,PHX,SAN,9:05:00 PM,9:18:00 PM,13,19,9:37:00 PM,73,70,49,304,9:26:00 PM,2,9:18:00 PM,9:28:00 PM,10,Thursday,Jan
01/25/2015,EV,3955,N17524,IAH,JAN,2:40:00 PM,2:45:00 PM,5,25,3:10:00 PM,76,79,50,351,4:00:00 PM,4,3:56:00 PM,4:04:00 PM,8,Sunday,Jan
01/25/2015,DL,2344,N906AT,ATL,CHA,11:53:00 AM,11:51:00 AM,-2,10,12:01:00 PM,48,39,25,106,12:26:00 PM,4,12:41:00 PM,12:30:00 PM,-11,Sunday,Jan
01/01/2015,B6,536,N354JB,FLL,SWF,12:05:00 PM,12:00:00 PM,-5,15,12:15:00 PM,176,175,155,1118,2:50:00 PM,5,3:01:00 PM,2:55:00 PM,-6,Thursday,Jan
01/02/2015,MQ,3041,N918MQ,DFW,DSM,8:20:00 PM,7:18:00 PM,-2,15,9:33:00 PM,108,94,77,624,10:50:00 AM,2,11:08:00 AM,10:52:00 AM,-16,Friday,Jan
01/23/2015,US,453,N827AW,DTW,CLT,10:15:00 AM,10:10:00 AM,-5,10,10:20:00 AM,116,118,88,500,11:48:00 AM,20,12:11:00 PM,12:08:00 PM,-3,Friday,Jan
02/04/2015,EV,5208,N147PQ,MSP,CLE,7:15:00 PM,8:58:00 PM,103,15,9:13:00 PM,111,101,80,622,11:33:00 PM,6,10:06:00 PM,11:39:00 PM,93,Wednesday,Feb
01/06/2015,US,510,N662AW,BOS,PHX,10:40:00 PM,10:43:00 PM,3,19,10:02:00 AM,355,342,318,2300,1:20:00 PM,5,1:35:00 PM,1:25:00 PM,-10,Tuesday,Jan
01/21/2015,WN,707,N8324A,LAS,TPA,10:00:00 AM,11:55:00 PM,-5,14,10:09:00 AM,250,235,215,1984,4:44:00 PM,6,5:10:00 PM,4:50:00 PM,-20,Wednesday,Jan
01/09/2015,EV,4362,N26141,IAH,MSP,1:04:00 PM,1:41:00 PM,37,17,1:58:00 PM,170,184,148,1034,4:26:00 PM,19,3:54:00 PM,4:45:00 PM,51,Friday,Jan
01/16/2015,DL,1463,N904DL,ATL,CHS,10:49:00 AM,10:48:00 AM,-1,19,11:07:00 AM,69,66,41,259,11:48:00 AM,6,11:58:00 AM,11:54:00 AM,-4,Friday,Jan
01/30/2015,EV,4164,N19966,CLE,DCA,11:36:00 AM,10:23:00 AM,-13,22,12:45:00 PM,83,84,57,310,10:42:00 PM,5,11:59:00 PM,10:47:00 PM,-12,Friday,Jan
02/03/2015,DL,1626,N595NW,ATL,FLL,3:10:00 PM,3:09:00 PM,-1,23,3:32:00 PM,115,110,85,581,4:57:00 PM,2,5:05:00 PM,4:59:00 PM,-6,Tuesday,Feb
01/12/2015,DL,1198,N682DA,RIC,ATL,7:14:00 PM,9:01:00 PM,107,9,9:10:00 PM,111,105,87,481,10:37:00 PM,9,9:05:00 PM,10:46:00 PM,101,Monday,Jan
01/16/2015,AS,140,N549AS,ANC,PDX,11:40:00 AM,11:27:00 AM,-13,24,11:51:00 AM,208,222,194,1542,4:05:00 PM,4,4:08:00 PM,4:09:00 PM,1,Friday,Jan
01/09/2015,DL,1646,N671DN,PHX,ATL,9:45:00 PM,4:40:00 PM,-5,12,4:52:00 AM,202,195,177,1587,6:49:00 AM,6,12:07:00 PM,7:55:00 AM,-12,Friday,Jan
01/18/2015,B6,1210,N351JB,JAX,BOS,5:18:00 PM,5:15:00 PM,-3,8,5:23:00 PM,146,137,124,1010,7:27:00 PM,5,7:44:00 PM,7:32:00 PM,-12,Sunday,Jan
02/02/2015,WN,132,N8601C,SLC,MDW,3:50:00 AM,8:02:00 AM,12,10,9:12:00 AM,190,172,154,1259,11:46:00 AM,8,12:00:00 PM,11:54:00 AM,-6,Monday,Feb
02/09/2015,UA,616,N444UA,ORD,DCA,2:01:00 PM,2:05:00 PM,4,13,2:18:00 PM,113,98,81,612,4:39:00 PM,4,4:54:00 PM,4:43:00 PM,-11,Monday,Feb
01/06/2015,AA,1098,N4YBAA,DFW,SMF,12:25:00 PM,12:21:00 PM,-4,15,12:36:00 PM,233,210,190,1431,1:46:00 PM,5,2:18:00 PM,1:51:00 PM,-27,Tuesday,Jan
01/03/2015,AA,2255,N4WNAA,DFW,RIC,8:00:00 AM,3:56:00 AM,-4,12,8:08:00 AM,160,153,134,1158,11:22:00 AM,7,11:40:00 AM,11:29:00 AM,-11,Saturday,Jan
02/06/2015,AA,1213,N5BVAA,DFW,MCO,2:20:00 PM,3:35:00 PM,75,15,3:50:00 PM,145,147,128,985,6:58:00 PM,4,5:45:00 PM,7:02:00 PM,77,Friday,Feb
02/04/2015,DL,1094,N921DN,MSP,TPA,7:12:00 PM,7:14:00 PM,2,22,9:36:00 PM,201,199,169,1306,1:25:00 PM,8,1:33:00 PM,1:33:00 PM,0,Wednesday,Feb
02/05/2015,EV,4200,N17146,DCA,CLE,10:29:00 AM,11:23:00 AM,54,7,11:30:00 AM,88,69,55,310,12:25:00 PM,7,11:57:00 AM,12:32:00 PM,35,Thursday,Feb
01/15/2015,AS,864,N532AS,KOA,SEA,2:20:00 PM,2:39:00 PM,19,8,2:47:00 PM,352,309,294,2688,9:41:00 PM,7,10:12:00 PM,9:48:00 PM,-24,Thursday,Jan
01/29/2015,WN,4299,N202WN,ATL,FLL,1:50:00 PM,1:50:00 PM,0,17,6:07:00 PM,120,111,77,581,10:24:00 AM,17,10:50:00 AM,10:41:00 AM,-9,Thursday,Jan
01/01/2015,B6,136,N534JB,PHX,JFK,11:59:00 PM,2:38:00 PM,39,18,8:56:00 AM,267,248,226,2153,4:42:00 PM,4,2:26:00 PM,4:46:00 PM,20,Thursday,Jan
01/08/2015,WN,770,N740SW,STL,BWI,7:55:00 AM,7:54:00 AM,-1,19,1:13:00 PM,125,119,95,738,12:48:00 PM,5,6:00:00 PM,1:53:00 PM,-7,Thursday,Jan
01/26/2015,EV,4242,N14116,CRW,IAH,4:47:00 PM,5:10:00 PM,23,22,5:32:00 PM,180,159,131,975,6:43:00 PM,6,6:47:00 PM,6:49:00 PM,2,Monday,Jan
01/12/2015,AA,44,N3FDAA,LAS,JFK,9:10:00 AM,8:09:00 AM,-1,14,10:23:00 AM,292,291,270,2248,3:53:00 PM,7,4:02:00 PM,4:00:00 PM,-2,Monday,Jan
02/02/2015,DL,303,N6715C,MCO,SLC,12:20:00 AM,11:18:00 PM,-2,10,12:28:00 AM,302,299,284,1931,10:12:00 AM,5,10:22:00 AM,10:17:00 AM,-5,Monday,Feb
01/03/2015,WN,128,N7742B,LAX,SJC,4:45:00 PM,5:58:00 PM,73,10,6:08:00 PM,65,76,52,308,7:00:00 PM,14,5:50:00 PM,7:14:00 PM,84,Saturday,Jan
01/13/2015,EV,5044,N730EV,AUS,DTW,12:20:00 AM,11:16:00 PM,-4,10,12:26:00 AM,171,155,137,1149,10:43:00 AM,8,11:11:00 AM,10:51:00 AM,-20,Tuesday,Jan
01/17/2015,DL,2484,N371NW,PHL,DTW,7:10:00 PM,7:14:00 PM,4,10,8:24:00 PM,116,108,90,453,10:54:00 AM,8,11:06:00 AM,11:02:00 AM,-4,Saturday,Jan
02/11/2015,DL,1901,N542US,BOS,ATL,12:10:00 PM,12:41:00 PM,31,56,1:37:00 PM,187,198,138,946,3:55:00 PM,4,3:17:00 PM,3:59:00 PM,42,Wednesday,Feb
01/23/2015,US,775,N256AY,SJU,PHL,9:35:00 PM,9:38:00 PM,3,17,11:55:00 PM,235,250,230,1576,12:45:00 PM,3,12:30:00 PM,12:48:00 PM,18,Friday,Jan
01/04/2015,WN,1121,N275WN,HOU,DAL,6:00:00 PM,6:38:00 PM,38,7,6:45:00 PM,60,50,40,239,7:25:00 PM,3,7:00:00 PM,7:28:00 PM,28,Sunday,Jan
01/05/2015,MQ,3182,N629MQ,FSM,DFW,2:30:00 PM,2:40:00 PM,10,7,2:47:00 PM,65,85,46,227,3:33:00 PM,32,3:35:00 PM,4:05:00 PM,30,Monday,Jan
01/14/2015,UA,1061,N38727,LGA,ORD,11:00:00 AM,10:58:00 AM,-2,37,11:35:00 AM,167,152,110,733,12:25:00 PM,5,12:47:00 PM,12:30:00 PM,-17,Wednesday,Jan
01/29/2015,US,1747,N105UW,CLT,PIT,7:59:00 PM,7:57:00 PM,-2,11,8:08:00 PM,79,75,58,366,9:06:00 PM,6,9:18:00 PM,9:12:00 PM,-6,Thursday,Jan
02/03/2015,EV,5756,N832AS,IAD,PIT,12:50:00 PM,12:48:00 PM,-2,13,1:01:00 PM,62,56,37,182,1:38:00 PM,6,1:52:00 PM,1:44:00 PM,-8,Tuesday,Feb
02/12/2015,MQ,3157,N6EAMQ,ORD,ABQ,10:25:00 AM,10:55:00 AM,30,30,11:25:00 AM,188,171,135,1118,12:40:00 PM,6,12:33:00 PM,12:46:00 PM,13,Thursday,Feb
01/17/2015,F9,404,N947FR,LAX,DEN,10:19:00 AM,10:14:00 AM,-5,11,10:25:00 AM,136,129,113,862,1:18:00 PM,5,1:35:00 PM,1:23:00 PM,-12,Saturday,Jan
02/06/2015,OO,2687,N821AS,PHX,YUM,10:40:00 PM,10:33:00 PM,-7,24,10:57:00 PM,50,71,40,160,11:37:00 PM,7,11:30:00 PM,11:44:00 PM,14,Friday,Feb
02/10/2015,UA,383,N772UA,HNL,DEN,10:55:00 PM,10:48:00 PM,-7,15,11:03:00 PM,395,374,353,3365,3:56:00 AM,6,11:30:00 AM,8:02:00 AM,-28,Tuesday,Feb
01/30/2015,AA,24,N798AA,SFO,JFK,10:00:00 PM,11:14:00 PM,14,22,1:36:00 AM,330,350,316,2586,3:52:00 PM,12,3:30:00 PM,4:04:00 PM,34,Friday,Jan
01/09/2015,DL,2471,N551NW,ATL,AUS,2:15:00 PM,2:13:00 PM,-2,12,2:25:00 PM,153,139,121,813,3:26:00 PM,6,3:48:00 PM,3:32:00 PM,-16,Friday,Jan
01/12/2015,WN,40,N427WN,PHX,HOU,12:00:00 PM,12:00:00 PM,0,17,12:17:00 PM,150,140,117,1020,3:14:00 PM,6,3:30:00 PM,3:20:00 PM,-10,Monday,Jan
01/19/2015,WN,471,N7718B,MCI,DEN,11:10:00 PM,10:08:00 PM,-2,10,11:18:00 PM,115,102,88,533,2:46:00 AM,4,8:05:00 AM,3:50:00 AM,-15,Monday,Jan
01/23/2015,DL,2645,N977AT,RSW,JFK,3:49:00 PM,3:41:00 PM,-8,13,3:54:00 PM,176,178,137,1074,6:11:00 PM,28,6:45:00 PM,6:39:00 PM,-6,Friday,Jan
01/02/2015,EV,4407,N14902,ORD,FNT,8:00:00 PM,8:01:00 PM,1,11,8:12:00 PM,70,49,35,223,9:47:00 PM,3,10:10:00 PM,9:50:00 PM,-20,Friday,Jan
01/20/2015,AA,2249,N491AA,DFW,IAH,9:30:00 PM,8:23:00 PM,-7,14,9:37:00 PM,65,64,43,224,10:20:00 AM,7,10:35:00 AM,10:27:00 AM,-8,Tuesday,Jan
01/25/2015,UA,1583,N12238,SFO,EWR,5:59:00 PM,10:00:00 PM,1,23,12:23:00 AM,331,337,307,2565,3:30:00 PM,7,3:30:00 PM,3:37:00 PM,7,Sunday,Jan
01/26/2015,F9,777,N920FR,DEN,LAS,2:04:00 PM,1:59:00 PM,-5,8,2:07:00 PM,111,103,88,628,2:35:00 PM,7,2:55:00 PM,2:42:00 PM,-13,Monday,Jan
01/09/2015,WN,1049,N904WN,TUL,HOU,10:25:00 AM,10:20:00 AM,-5,8,10:28:00 AM,95,84,72,453,10:40:00 PM,4,10:00:00 AM,10:44:00 PM,-16,Friday,Jan
01/19/2015,UA,1408,N16234,FLL,CLE,11:29:00 AM,11:31:00 AM,2,21,11:52:00 AM,179,181,153,1062,2:25:00 PM,7,2:28:00 PM,2:32:00 PM,4,Monday,Jan
01/19/2015,F9,1053,N953FR,SLC,PHX,3:15:00 PM,3:05:00 PM,-10,15,3:20:00 PM,100,94,74,507,4:34:00 PM,5,4:55:00 PM,4:39:00 PM,-16,Monday,Jan
01/15/2015,HA,166,N487HA,HNL,OGG,2:00:00 PM,2:00:00 PM,0,11,2:11:00 PM,39,37,21,100,2:32:00 PM,5,2:39:00 PM,2:37:00 PM,-2,Thursday,Jan
01/15/2015,WN,671,N8620H,CMH,MCO,5:50:00 PM,4:48:00 PM,-2,25,11:13:00 PM,150,140,108,802,6:01:00 PM,7,8:20:00 PM,6:08:00 PM,-12,Thursday,Jan
01/16/2015,MQ,2958,N8EGMQ,LIT,ORD,2:35:00 PM,2:38:00 PM,3,11,2:49:00 PM,110,99,84,552,4:13:00 PM,4,4:25:00 PM,4:17:00 PM,-8,Friday,Jan
01/14/2015,NK,219,N524NK,ORD,ATL,10:44:00 AM,10:41:00 AM,-3,11,10:52:00 AM,110,103,86,606,1:18:00 PM,6,1:34:00 PM,1:24:00 PM,-10,Wednesday,Jan
01/18/2015,WN,2080,N8612K,MCO,BUF,8:40:00 PM,8:44:00 PM,4,7,8:51:00 PM,150,144,133,1011,11:04:00 PM,4,11:10:00 PM,11:08:00 PM,-2,Sunday,Jan
01/03/2015,DL,716,N3751B,MCO,SLC,12:00:00 PM,7:55:00 AM,-5,21,1:16:00 PM,303,292,265,1931,12:41:00 PM,6,6:03:00 PM,12:47:00 PM,-16,Saturday,Jan
01/07/2015,WN,913,N359SW,LAX,SMF,4:35:00 PM,4:47:00 PM,12,5,4:52:00 PM,75,64,55,373,5:47:00 PM,4,5:50:00 PM,5:51:00 PM,1,Wednesday,Jan
01/08/2015,B6,57,N323JB,BOS,IAD,1:14:00 PM,1:11:00 PM,-3,25,3:36:00 PM,111,101,70,413,2:46:00 AM,6,8:05:00 AM,3:52:00 AM,-13,Thursday,Jan
01/19/2015,WN,2493,N294WN,BWI,SAT,10:25:00 AM,10:25:00 AM,0,8,10:33:00 AM,245,215,203,1407,12:56:00 PM,4,1:30:00 PM,1:00:00 PM,-30,Monday,Jan
01/31/2015,OO,4575,N429SW,OKC,MSP,12:30:00 PM,12:21:00 PM,-9,23,12:44:00 PM,119,122,88,694,2:12:00 PM,11,2:29:00 PM,2:23:00 PM,-6,Saturday,Jan
01/10/2015,EV,5088,N146PQ,PIT,MSP,4:40:00 PM,6:08:00 PM,148,28,9:36:00 PM,152,151,121,726,10:37:00 AM,2,9:12:00 AM,10:39:00 AM,147,Saturday,Jan
01/22/2015,MQ,3425,N925MQ,DSM,ORD,11:00:00 AM,11:50:00 AM,50,14,12:04:00 PM,82,84,61,299,1:05:00 PM,9,12:22:00 PM,1:14:00 PM,52,Thursday,Jan
01/29/2015,WN,2504,N385SW,RDU,STL,9:15:00 AM,9:10:00 AM,-5,9,9:19:00 AM,140,127,114,667,7:13:00 PM,4,9:35:00 PM,7:17:00 PM,-18,Thursday,Jan
01/01/2015,WN,3555,N929WN,OAK,ABQ,3:00:00 PM,3:09:00 PM,9,9,3:18:00 PM,130,189,121,889,6:19:00 PM,59,6:10:00 PM,7:18:00 PM,68,Thursday,Jan
01/23/2015,US,421,N805AW,ONT,PHX,7:25:00 PM,7:26:00 PM,1,14,7:40:00 PM,71,76,57,325,9:37:00 PM,5,9:36:00 PM,9:42:00 PM,6,Friday,Jan
02/10/2015,MQ,3025,N654MQ,DSM,ORD,6:09:00 PM,6:09:00 PM,0,10,6:19:00 PM,86,117,53,299,7:12:00 PM,54,7:35:00 PM,8:06:00 PM,31,Tuesday,Feb
01/13/2015,OO,4969,N122SY,DCA,ORD,10:45:00 AM,10:38:00 AM,-7,28,11:06:00 AM,135,153,110,612,11:56:00 AM,15,12:00:00 PM,12:11:00 PM,11,Tuesday,Jan
01/02/2015,B6,620,N649JB,SAN,BOS,11:30:00 AM,11:23:00 AM,-7,32,11:55:00 AM,314,316,278,2588,7:33:00 PM,6,7:44:00 PM,7:39:00 PM,-5,Friday,Jan
01/02/2015,DL,1977,N957AT,ORD,ATL,6:00:00 PM,5:54:00 PM,-6,22,6:16:00 PM,122,132,90,606,8:46:00 PM,20,9:02:00 PM,9:06:00 PM,4,Friday,Jan
01/15/2015,B6,687,N804JB,BOS,LAX,7:23:00 PM,7:20:00 PM,-3,41,8:01:00 PM,395,397,347,2611,10:48:00 PM,9,10:58:00 PM,10:57:00 PM,-1,Thursday,Jan
01/31/2015,US,677,N536UW,LAS,PHL,6:00:00 PM,12:48:00 PM,-12,14,6:02:00 PM,279,252,231,2176,3:53:00 PM,7,4:39:00 PM,4:00:00 PM,-39,Saturday,Jan
01/15/2015,DL,2299,N894AT,ATL,HOU,4:12:00 PM,4:11:00 PM,-1,19,4:30:00 PM,142,142,120,696,5:30:00 PM,3,5:34:00 PM,5:33:00 PM,-1,Thursday,Jan
01/28/2015,UA,1045,N39726,ORD,LAS,5:00:00 PM,4:54:00 PM,-6,17,5:11:00 PM,246,240,214,1514,6:45:00 PM,9,7:06:00 PM,6:54:00 PM,-12,Wednesday,Jan
01/08/2015,AA,1583,N3FLAA,ORD,PHX,2:45:00 PM,4:00:00 PM,75,19,4:19:00 PM,233,225,202,1440,6:41:00 PM,4,5:38:00 PM,6:45:00 PM,67,Thursday,Jan
01/31/2015,EV,4271,N11140,DEN,MOT,3:15:00 PM,3:23:00 PM,8,34,3:57:00 PM,112,124,78,604,6:15:00 PM,12,6:07:00 PM,6:27:00 PM,20,Saturday,Jan
01/23/2015,EV,5442,N838AS,AEX,ATL,1:23:00 PM,1:31:00 PM,8,19,1:50:00 PM,97,107,75,500,4:05:00 PM,13,4:00:00 PM,4:18:00 PM,18,Friday,Jan
01/01/2015,OO,5260,N291SW,SFO,FAT,10:40:00 AM,10:37:00 AM,-3,16,10:53:00 AM,66,62,42,158,11:35:00 AM,4,11:46:00 AM,11:39:00 AM,-7,Thursday,Jan
01/08/2015,WN,3957,N7736A,SEA,SMF,1:15:00 PM,1:11:00 PM,-4,12,1:23:00 PM,105,101,86,605,2:49:00 PM,3,3:00:00 PM,2:52:00 PM,-8,Thursday,Jan
01/03/2015,WN,4476,N257WN,MDW,OAK,12:45:00 PM,7:18:00 PM,33,12,9:30:00 PM,290,291,251,1844,11:41:00 AM,28,11:35:00 AM,12:09:00 PM,34,Saturday,Jan
02/11/2015,WN,2428,N614SW,AUS,DAL,9:45:00 PM,9:51:00 PM,6,5,9:56:00 PM,55,45,34,189,10:30:00 PM,6,10:40:00 PM,10:36:00 PM,-4,Wednesday,Feb
01/19/2015,WN,2265,N7706A,DEN,EWR,2:30:00 PM,2:33:00 PM,3,9,2:42:00 PM,210,202,186,1605,7:48:00 PM,7,8:00:00 PM,7:55:00 PM,-5,Monday,Jan
01/20/2015,EV,4149,N14972,FNT,ORD,12:00:00 PM,7:56:00 AM,-4,34,3:30:00 PM,67,88,44,223,1:14:00 PM,10,12:07:00 PM,2:24:00 PM,17,Tuesday,Jan
01/07/2015,OO,5624,N652BR,PSC,DEN,1:23:00 PM,2:02:00 PM,39,10,2:12:00 PM,142,119,100,852,4:52:00 PM,9,4:45:00 PM,5:01:00 PM,16,Wednesday,Jan
02/05/2015,US,615,N602AW,IAH,PHX,6:05:00 PM,6:05:00 PM,0,25,6:30:00 PM,183,176,141,1009,7:51:00 PM,10,8:08:00 PM,8:01:00 PM,-7,Thursday,Feb
02/05/2015,AA,2291,N850AA,DFW,MIA,10:00:00 PM,12:29:00 AM,29,17,2:46:00 AM,159,175,144,1121,11:10:00 AM,14,10:39:00 AM,11:24:00 AM,45,Thursday,Feb
01/06/2015,B6,1933,N353JB,MCO,SJU,10:00:00 AM,11:59:00 PM,-1,13,10:12:00 AM,165,163,145,1189,1:37:00 PM,5,1:45:00 PM,1:42:00 PM,-3,Tuesday,Jan
01/03/2015,EV,4687,N14998,IAH,BNA,11:15:00 PM,1:38:00 AM,23,40,9:18:00 AM,113,133,87,657,10:45:00 PM,6,6:08:00 PM,11:51:00 PM,43,Saturday,Jan
01/11/2015,DL,2156,N895AT,SYR,ATL,11:48:00 AM,11:44:00 AM,-4,12,11:56:00 AM,155,149,128,794,2:04:00 PM,9,2:23:00 PM,2:13:00 PM,-10,Sunday,Jan
02/06/2015,US,871,N722US,ATL,CLT,5:25:00 PM,5:21:00 PM,-4,14,5:35:00 PM,71,63,43,226,6:18:00 PM,6,6:36:00 PM,6:24:00 PM,-12,Friday,Feb
01/19/2015,AA,1562,N484AA,RIC,DFW,5:50:00 PM,4:47:00 PM,-3,16,10:03:00 PM,220,194,173,1158,1:56:00 PM,5,9:30:00 PM,6:01:00 PM,-29,Monday,Jan
02/02/2015,OO,5241,N773SK,DEN,SAT,3:56:00 AM,3:50:00 AM,-6,12,8:02:00 AM,131,123,106,794,10:48:00 AM,5,11:07:00 AM,10:53:00 AM,-14,Monday,Feb
01/09/2015,US,1855,N750UW,CLT,MSP,2:50:00 PM,3:29:00 PM,39,17,3:46:00 PM,168,163,142,930,5:08:00 PM,4,4:38:00 PM,5:12:00 PM,34,Friday,Jan
01/04/2015,WN,401,N604SW,SDF,MCO,2:40:00 PM,3:52:00 PM,72,7,3:59:00 PM,120,124,111,719,5:50:00 PM,6,4:40:00 PM,5:56:00 PM,76,Sunday,Jan
02/09/2015,WN,2602,N8600F,CMH,MDW,5:50:00 PM,5:43:00 PM,-7,18,6:01:00 PM,75,87,64,283,6:05:00 PM,5,6:05:00 PM,6:10:00 PM,5,Monday,Feb
01/04/2015,DL,2514,N906AT,ORD,ATL,7:15:00 PM,8:50:00 PM,95,16,9:06:00 PM,120,113,84,606,11:30:00 PM,13,10:15:00 PM,11:43:00 PM,88,Sunday,Jan
01/16/2015,AA,1436,N3HCAA,TPA,MIA,1:35:00 AM,1:33:00 AM,-2,12,2:45:00 AM,60,75,46,204,11:31:00 AM,17,11:35:00 AM,12:48:00 PM,13,Friday,Jan
01/03/2015,NK,813,N634NK,TPA,DFW,1:05:00 PM,1:54:00 PM,49,10,2:04:00 PM,166,177,162,929,3:46:00 PM,5,2:51:00 PM,3:51:00 PM,60,Saturday,Jan
01/02/2015,WN,880,N705SW,MEM,MCO,10:35:00 AM,10:36:00 AM,1,10,10:46:00 AM,110,114,95,684,1:21:00 PM,9,1:25:00 PM,1:30:00 PM,5,Friday,Jan
01/06/2015,US,1845,N756US,DTW,PHX,2:00:00 AM,6:44:00 AM,44,56,4:40:00 PM,276,293,233,1671,11:33:00 AM,4,1:36:00 AM,11:37:00 AM,61,Tuesday,Jan
01/18/2015,HA,342,N475HA,HNL,ITO,8:08:00 AM,8:01:00 AM,-7,9,9:10:00 AM,50,49,35,216,12:45:00 PM,5,1:58:00 PM,1:50:00 PM,-8,Sunday,Jan
01/21/2015,AA,397,N3KSAA,SJU,MIA,2:05:00 PM,1:56:00 PM,-9,15,2:11:00 PM,174,181,158,1045,3:49:00 PM,8,3:59:00 PM,3:57:00 PM,-2,Wednesday,Jan
01/15/2015,AA,241,N3ECAA,ORD,SFO,4:10:00 PM,4:10:00 PM,0,11,4:21:00 PM,284,270,248,1846,6:29:00 PM,11,6:54:00 PM,6:40:00 PM,-14,Thursday,Jan
02/08/2015,WN,495,N443WN,MDW,ATL,9:10:00 AM,8:03:00 AM,-7,11,9:14:00 AM,110,98,78,591,10:32:00 AM,9,11:00:00 AM,10:41:00 AM,-19,Sunday,Feb
02/03/2015,EV,5049,N859AS,FWA,ATL,4:43:00 PM,7:55:00 PM,192,29,8:24:00 PM,111,112,77,508,9:41:00 PM,6,6:34:00 PM,9:47:00 PM,193,Tuesday,Feb
01/29/2015,EV,4578,N11150,DEN,BHM,10:40:00 AM,10:36:00 AM,-4,9,10:45:00 AM,158,132,118,1083,1:43:00 PM,5,2:18:00 PM,1:48:00 PM,-30,Thursday,Jan
01/07/2015,VX,932,N837VA,SFO,LAX,3:30:00 PM,3:27:00 PM,-3,14,3:41:00 PM,80,78,58,337,4:39:00 PM,6,4:50:00 PM,4:45:00 PM,-5,Wednesday,Jan
01/01/2015,US,879,N105UW,BDL,CLT,8:05:00 AM,8:03:00 AM,-2,25,10:28:00 AM,135,153,115,644,10:23:00 AM,13,10:20:00 AM,10:36:00 AM,16,Thursday,Jan
01/08/2015,US,833,N252AU,PHL,CLT,10:25:00 AM,9:18:00 AM,-7,19,11:37:00 AM,118,99,70,449,10:47:00 PM,10,10:23:00 AM,11:57:00 PM,-26,Thursday,Jan
02/10/2015,UA,1264,N38446,PBI,EWR,10:00:00 PM,5:58:00 PM,-2,19,11:17:00 PM,165,173,145,1023,10:42:00 PM,9,10:45:00 PM,11:51:00 PM,6,Tuesday,Feb
01/24/2015,WN,3465,N7703A,BOS,DEN,9:15:00 AM,9:14:00 AM,-1,63,7:17:00 PM,300,316,247,1754,11:24:00 AM,6,11:15:00 AM,11:30:00 AM,15,Saturday,Jan
01/18/2015,EV,5745,N827AS,IAD,BDL,9:52:00 PM,11:49:00 PM,117,12,1:01:00 AM,78,71,55,326,8:56:00 AM,4,11:10:00 PM,10:00:00 AM,110,Sunday,Jan
01/30/2015,HA,368,N487HA,HNL,KOA,9:14:00 AM,8:07:00 AM,-7,11,9:18:00 AM,43,44,28,163,12:46:00 PM,5,1:57:00 PM,1:51:00 PM,-6,Friday,Jan
01/08/2015,EV,4869,N153PQ,ATL,VPS,4:50:00 PM,4:47:00 PM,-3,15,5:02:00 PM,75,68,50,250,4:52:00 PM,3,5:05:00 PM,4:55:00 PM,-10,Thursday,Jan
01/13/2015,MQ,3636,N655MQ,ORD,IND,10:20:00 AM,1:26:00 PM,186,25,1:51:00 PM,53,61,33,177,3:24:00 PM,3,12:13:00 PM,3:27:00 PM,194,Tuesday,Jan
01/05/2015,EV,3814,N11192,MSP,IAH,7:05:00 PM,8:12:00 PM,67,57,9:09:00 PM,184,194,132,1034,11:21:00 PM,5,10:09:00 PM,11:26:00 PM,77,Monday,Jan
01/15/2015,US,1839,N965UW,PHL,MSP,11:25:00 AM,11:38:00 AM,13,25,12:03:00 PM,176,177,149,980,1:32:00 PM,3,1:21:00 PM,1:35:00 PM,14,Thursday,Jan
01/26/2015,DL,853,N627DL,DTW,RSW,12:00:00 PM,11:55:00 AM,-5,15,12:10:00 PM,183,159,140,1084,2:30:00 PM,4,3:03:00 PM,2:34:00 PM,-29,Monday,Jan
01/11/2015,MQ,3417,N640MQ,BDL,ORD,1:45:00 PM,1:38:00 PM,-7,30,2:08:00 PM,166,178,139,783,3:27:00 PM,9,3:31:00 PM,3:36:00 PM,5,Sunday,Jan
01/23/2015,B6,2783,N265JB,BOS,RDU,4:05:00 PM,4:02:00 PM,-3,14,4:16:00 PM,131,128,108,612,6:04:00 PM,6,6:16:00 PM,6:10:00 PM,-6,Friday,Jan
02/01/2015,WN,3145,N382SW,SFO,LAS,1:55:00 PM,1:52:00 PM,-3,12,2:04:00 PM,90,81,62,414,3:06:00 PM,7,3:25:00 PM,3:13:00 PM,-12,Sunday,Feb
01/24/2015,OO,4507,N816SK,LAX,BZN,7:10:00 PM,6:07:00 PM,-3,26,9:33:00 PM,160,169,140,902,12:53:00 PM,3,12:50:00 PM,12:56:00 PM,6,Saturday,Jan
01/18/2015,DL,2111,N368NB,ATL,GPT,12:15:00 PM,2:14:00 PM,119,14,2:28:00 PM,86,71,54,352,2:22:00 PM,3,12:41:00 PM,2:25:00 PM,104,Sunday,Jan
01/05/2015,WN,1349,N694SW,RDU,BWI,9:15:00 AM,9:14:00 AM,-1,15,10:29:00 AM,70,61,42,255,7:11:00 PM,4,8:25:00 PM,7:15:00 PM,-10,Monday,Jan
01/28/2015,OO,6336,N705SK,SFO,RNO,8:01:00 AM,3:55:00 AM,-6,15,9:10:00 AM,58,57,35,192,12:45:00 PM,7,1:59:00 PM,1:52:00 PM,-7,Wednesday,Jan
02/11/2015,WN,3323,N355SW,SFO,LAX,6:15:00 PM,6:50:00 PM,35,10,7:00:00 PM,95,69,55,337,7:55:00 PM,4,7:50:00 PM,7:59:00 PM,9,Wednesday,Feb
02/07/2015,EV,5006,N855AS,ATL,DHN,1:41:00 PM,1:38:00 PM,-3,9,1:47:00 PM,57,44,32,170,1:19:00 PM,3,1:38:00 PM,1:22:00 PM,-16,Saturday,Feb
01/17/2015,UA,239,N815UA,ORD,MTJ,11:55:00 PM,10:01:00 AM,6,17,10:18:00 AM,187,173,153,1081,11:51:00 AM,3,12:02:00 PM,11:54:00 AM,-8,Saturday,Jan
02/04/2015,UA,1562,N57862,HNL,SFO,2:02:00 PM,2:16:00 PM,14,13,2:29:00 PM,307,286,268,2398,8:57:00 PM,5,9:09:00 PM,9:02:00 PM,-7,Wednesday,Feb
01/20/2015,UA,749,N820UA,BOS,IAH,1:02:00 PM,1:20:00 PM,18,13,1:33:00 PM,277,261,240,1597,4:33:00 PM,8,4:39:00 PM,4:41:00 PM,2,Tuesday,Jan
01/02/2015,AA,137,N3ADAA,DCA,DFW,1:30:00 AM,1:30:00 AM,0,13,2:43:00 AM,215,216,194,1192,11:57:00 PM,9,10:05:00 AM,10:06:00 AM,1,Friday,Jan
01/05/2015,AA,1024,N486AA,ABQ,DFW,3:30:00 PM,3:30:00 PM,0,12,3:42:00 PM,100,105,83,569,6:05:00 PM,10,6:10:00 PM,6:15:00 PM,5,Monday,Jan
01/05/2015,WN,1774,N903WN,BNA,HOU,6:50:00 PM,7:20:00 PM,30,11,7:31:00 PM,130,130,111,670,9:22:00 PM,8,9:00:00 PM,9:30:00 PM,30,Monday,Jan
01/14/2015,WN,885,N296WN,MDW,DCA,10:20:00 AM,9:15:00 AM,-5,9,10:24:00 AM,105,103,87,601,10:51:00 AM,7,11:05:00 AM,10:58:00 AM,-7,Wednesday,Jan
01/01/2015,EV,6036,N11187,ELP,DEN,12:21:00 AM,11:13:00 PM,-8,14,12:27:00 AM,114,107,82,563,12:49:00 PM,11,7:15:00 PM,6:00:00 PM,-15,Thursday,Jan
01/14/2015,US,2144,N945UW,LGA,BOS,11:00:00 AM,11:01:00 AM,1,42,11:43:00 AM,68,82,33,184,12:16:00 PM,7,12:08:00 PM,12:23:00 PM,15,Wednesday,Jan
01/29/2015,DL,686,N947DN,ATL,AUS,4:12:00 PM,4:10:00 PM,-2,12,4:22:00 PM,156,129,114,813,5:16:00 PM,3,5:48:00 PM,5:19:00 PM,-29,Thursday,Jan
01/24/2015,UA,1632,N68452,IAD,TPA,5:38:00 PM,5:36:00 PM,-2,12,5:48:00 PM,151,133,115,811,7:43:00 PM,6,8:09:00 PM,7:49:00 PM,-20,Saturday,Jan
01/22/2015,WN,695,N953WN,LAS,RNO,12:05:00 PM,7:56:00 AM,-9,10,12:06:00 PM,80,71,56,345,10:02:00 PM,5,12:25:00 AM,10:07:00 PM,-18,Thursday,Jan
01/03/2015,DL,1130,N958AT,MEM,ATL,4:00:00 PM,3:55:00 PM,-5,10,4:05:00 PM,84,70,50,332,5:55:00 PM,10,6:24:00 PM,6:05:00 PM,-19,Saturday,Jan
01/05/2015,OO,4502,N454SW,DAY,DTW,5:25:00 PM,5:49:00 PM,24,13,6:02:00 PM,68,66,45,166,6:47:00 PM,8,6:33:00 PM,6:55:00 PM,22,Monday,Jan
01/17/2015,EV,4962,N847AS,ATL,ROA,12:16:00 PM,12:09:00 PM,-7,13,12:22:00 PM,78,69,52,357,1:14:00 PM,4,1:34:00 PM,1:18:00 PM,-16,Saturday,Jan
01/06/2015,MQ,3502,N522MQ,LGA,RDU,6:20:00 PM,7:42:00 PM,82,23,8:05:00 PM,106,104,78,431,9:23:00 PM,3,8:06:00 PM,9:26:00 PM,80,Tuesday,Jan
01/04/2015,OO,7401,N565SW,VEL,SLC,5:57:00 PM,5:52:00 PM,-5,13,10:05:00 PM,52,55,39,132,2:44:00 AM,3,2:49:00 AM,2:47:00 AM,-2,Sunday,Jan
01/01/2015,AA,2463,N5CGAA,DFW,LAX,4:35:00 PM,4:51:00 PM,16,32,5:23:00 PM,200,202,164,1235,6:07:00 PM,6,5:55:00 PM,6:13:00 PM,18,Thursday,Jan
02/04/2015,WN,377,N8652B,TUS,LAS,3:05:00 PM,3:04:00 PM,-1,6,3:10:00 PM,80,75,63,365,3:13:00 PM,6,3:25:00 PM,3:19:00 PM,-6,Wednesday,Feb
01/19/2015,AA,1250,N3GKAA,SFO,LAX,10:05:00 PM,1:55:00 PM,410,19,2:14:00 PM,89,77,50,337,3:04:00 PM,8,11:34:00 AM,3:12:00 PM,398,Monday,Jan
01/14/2015,WN,246,N410WN,MDW,DEN,11:30:00 AM,11:27:00 AM,-3,8,11:35:00 AM,165,141,127,895,12:42:00 PM,6,1:15:00 PM,12:48:00 PM,-27,Wednesday,Jan
01/31/2015,OO,7371,N455CA,BJI,MSP,12:53:00 PM,12:57:00 PM,4,11,1:08:00 PM,72,51,36,199,1:44:00 PM,4,2:05:00 PM,1:48:00 PM,-17,Saturday,Jan
01/19/2015,DL,1294,N917DN,ATL,RDU,12:44:00 PM,1:53:00 PM,9,13,6:06:00 PM,81,71,56,356,10:02:00 AM,2,10:05:00 AM,10:04:00 AM,-1,Monday,Jan
01/14/2015,WN,345,N7740A,LAS,SMF,10:20:00 AM,9:19:00 AM,-1,23,12:42:00 PM,90,93,66,397,10:48:00 PM,4,11:50:00 PM,11:52:00 PM,2,Wednesday,Jan
01/23/2015,WN,908,N7814B,PIT,MDW,4:00:00 PM,3:54:00 PM,-6,7,4:01:00 PM,100,79,66,402,4:07:00 PM,6,4:40:00 PM,4:13:00 PM,-27,Friday,Jan
02/06/2015,UA,1111,N28478,EWR,LAS,1:50:00 PM,1:55:00 PM,5,12,2:07:00 PM,355,324,305,2227,4:12:00 PM,7,4:45:00 PM,4:19:00 PM,-26,Friday,Feb
01/04/2015,EV,5484,N712EV,MSP,MDW,1:30:00 AM,12:29:00 AM,-1,41,9:10:00 AM,106,118,71,349,8:21:00 PM,6,7:16:00 PM,8:27:00 PM,11,Sunday,Jan
01/13/2015,OO,6290,N746SK,PSP,SFO,6:41:00 PM,6:30:00 PM,-11,12,6:42:00 PM,94,82,67,421,7:49:00 PM,3,8:15:00 PM,7:52:00 PM,-23,Tuesday,Jan
01/02/2015,EV,4872,N839AS,AVL,ATL,12:18:00 PM,12:19:00 PM,1,10,12:29:00 PM,62,58,44,164,1:13:00 PM,4,1:20:00 PM,1:17:00 PM,-3,Friday,Jan
01/14/2015,UA,1633,N27477,MCO,CLE,12:14:00 PM,12:03:00 PM,-11,11,12:14:00 PM,147,137,120,895,2:14:00 PM,6,2:41:00 PM,2:20:00 PM,-21,Wednesday,Jan
01/20/2015,UA,1085,N68453,ORD,SAN,8:05:00 AM,8:03:00 AM,-2,17,10:20:00 AM,267,260,240,1723,10:20:00 AM,3,10:32:00 AM,10:23:00 AM,-9,Tuesday,Jan
01/14/2015,WN,4210,N8306H,SLC,MDW,4:05:00 PM,4:01:00 PM,-4,15,4:16:00 PM,185,185,163,1259,7:59:00 PM,7,8:10:00 PM,8:06:00 PM,-4,Wednesday,Jan
01/07/2015,OO,5211,N915SW,DRO,DEN,6:47:00 AM,5:34:00 AM,-13,30,12:04:00 PM,74,85,49,251,5:53:00 PM,6,10:01:00 PM,5:59:00 PM,-2,Wednesday,Jan
02/10/2015,EV,4310,N27200,LGA,CLE,5:53:00 PM,5:45:00 PM,-8,57,6:42:00 PM,114,128,65,419,7:47:00 PM,6,7:47:00 PM,7:53:00 PM,6,Tuesday,Feb
01/13/2015,US,1875,N839AW,CLT,PBI,5:55:00 PM,5:55:00 PM,0,27,6:22:00 PM,111,127,94,590,7:56:00 PM,6,7:46:00 PM,8:02:00 PM,16,Tuesday,Jan
02/12/2015,AS,65,N763AS,WRG,PSG,11:00:00 AM,10:48:00 AM,-12,6,10:54:00 AM,25,25,15,31,11:09:00 AM,4,11:25:00 AM,11:13:00 AM,-12,Thursday,Feb
01/16/2015,AA,2312,N351AA,MCO,MIA,7:00:00 PM,6:55:00 PM,-5,12,7:07:00 PM,71,63,41,192,7:48:00 PM,10,8:11:00 PM,7:58:00 PM,-13,Friday,Jan
01/21/2015,DL,612,N153DL,HNL,LAX,11:54:00 AM,11:45:00 AM,-9,27,12:12:00 PM,336,334,296,2556,7:08:00 PM,11,7:30:00 PM,7:19:00 PM,-11,Wednesday,Jan
01/21/2015,DL,448,N958AT,JFK,BOS,10:00:00 PM,10:00:00 PM,0,37,1:37:00 AM,81,82,36,187,9:13:00 AM,9,10:21:00 AM,10:22:00 AM,1,Wednesday,Jan
02/09/2015,F9,1370,N918FR,PBI,IAD,3:15:00 PM,3:11:00 PM,-4,8,3:19:00 PM,140,126,111,859,5:10:00 PM,7,5:35:00 PM,5:17:00 PM,-18,Monday,Feb
01/10/2015,UA,1480,N12238,EWR,MIA,2:30:00 PM,2:55:00 PM,25,12,3:07:00 PM,195,170,153,1085,5:40:00 PM,5,5:45:00 PM,5:45:00 PM,0,Saturday,Jan
01/27/2015,AA,1271,N3GBAA,SNA,DFW,12:17:00 PM,12:06:00 PM,-11,11,12:17:00 PM,168,167,146,1205,4:43:00 PM,10,5:05:00 PM,4:53:00 PM,-12,Tuesday,Jan
01/30/2015,OO,4479,N821SK,SLC,DEN,10:59:00 AM,10:58:00 AM,-1,16,11:14:00 AM,86,84,62,391,12:16:00 PM,6,12:25:00 PM,12:22:00 PM,-3,Friday,Jan
01/16/2015,B6,1245,N267JB,BOS,CLT,12:49:00 PM,12:44:00 PM,-5,18,6:02:00 PM,150,134,113,728,10:55:00 AM,3,11:19:00 AM,10:58:00 AM,-21,Friday,Jan
02/04/2015,NK,647,N612NK,IAG,FLL,11:38:00 PM,11:39:00 PM,1,34,7:13:00 AM,184,206,164,1176,7:57:00 AM,8,6:42:00 AM,12:05:00 PM,23,Wednesday,Feb
01/13/2015,MQ,3370,N528MQ,JFK,DCA,12:48:00 PM,12:46:00 PM,-2,14,6:00:00 PM,81,61,42,213,10:42:00 PM,5,10:09:00 AM,10:47:00 PM,-22,Tuesday,Jan
01/10/2015,WN,3740,N345SA,FLL,BWI,3:10:00 PM,3:15:00 PM,5,12,3:27:00 PM,160,138,122,925,5:29:00 PM,4,5:50:00 PM,5:33:00 PM,-17,Saturday,Jan
02/05/2015,DL,1258,N674DL,ATL,JAX,10:40:00 PM,10:40:00 PM,0,18,11:58:00 PM,68,64,42,270,10:40:00 AM,4,10:48:00 AM,10:44:00 AM,-4,Thursday,Feb
02/09/2015,AA,1060,N3ELAA,LAX,TPA,11:00:00 PM,10:55:00 PM,-5,18,11:13:00 PM,261,253,232,2158,12:05:00 PM,3,2:21:00 PM,12:08:00 PM,-13,Monday,Feb
01/24/2015,WN,2649,N943WN,MDW,TUL,6:30:00 PM,6:27:00 PM,-3,12,6:39:00 PM,115,102,86,583,8:05:00 PM,4,8:25:00 PM,8:09:00 PM,-16,Saturday,Jan
01/16/2015,AA,1503,N3LCAA,FLL,DFW,1:59:00 PM,1:54:00 PM,-5,13,6:07:00 PM,201,190,166,1119,10:53:00 AM,11,11:20:00 AM,11:04:00 AM,-16,Friday,Jan
01/02/2015,EV,5500,N710EV,MDW,MSP,12:14:00 PM,12:03:00 PM,-11,12,12:15:00 PM,90,83,69,349,1:24:00 PM,2,1:44:00 PM,1:26:00 PM,-18,Friday,Jan
01/29/2015,AA,1462,N4XJAA,ONT,DFW,12:00:00 PM,7:54:00 AM,-6,22,1:16:00 PM,179,180,144,1188,10:40:00 AM,14,10:59:00 AM,10:54:00 AM,-5,Thursday,Jan
01/09/2015,WN,1714,N925WN,ABQ,DAL,10:00:00 AM,10:15:00 AM,15,7,10:22:00 AM,95,94,83,580,12:45:00 PM,4,12:35:00 PM,12:49:00 PM,14,Friday,Jan
01/16/2015,DL,2313,N907DE,PIT,ATL,7:25:00 PM,7:31:00 PM,6,35,8:06:00 PM,116,111,70,526,9:16:00 PM,6,9:21:00 PM,9:22:00 PM,1,Friday,Jan
01/18/2015,WN,2214,N969WN,MKE,LAS,12:40:00 PM,12:38:00 PM,-2,7,12:45:00 PM,240,228,215,1524,2:20:00 PM,6,2:40:00 PM,2:26:00 PM,-14,Sunday,Jan
01/26/2015,OO,4663,N614SK,SUN,SLC,1:00:00 PM,12:46:00 PM,-14,9,12:55:00 PM,62,51,39,222,1:34:00 PM,3,2:02:00 PM,1:37:00 PM,-25,Monday,Jan
01/19/2015,F9,424,N908FR,DEN,ATL,1:55:00 PM,12:47:00 PM,-8,9,1:56:00 PM,164,160,145,1199,1:21:00 PM,6,1:39:00 PM,1:27:00 PM,-12,Monday,Jan
01/05/2015,UA,1294,N37468,LAS,SFO,12:11:00 PM,3:21:00 PM,190,20,3:41:00 PM,96,91,63,414,4:44:00 PM,8,1:47:00 PM,4:52:00 PM,185,Monday,Jan
01/11/2015,DL,812,N938DL,ATL,ORD,10:50:00 AM,10:49:00 AM,-1,7,10:56:00 AM,130,102,87,606,11:23:00 AM,8,12:00:00 PM,11:31:00 AM,-29,Sunday,Jan
02/04/2015,WN,3294,N452WN,ALB,MCO,10:00:00 PM,5:57:00 PM,-3,27,12:24:00 AM,200,209,170,1073,10:14:00 AM,12,10:20:00 AM,10:26:00 AM,6,Wednesday,Feb
01/19/2015,WN,3563,N372SW,AUS,OAK,7:15:00 PM,7:13:00 PM,-2,12,7:25:00 PM,240,237,219,1497,9:04:00 PM,6,9:15:00 PM,9:10:00 PM,-5,Monday,Jan
01/30/2015,EV,5104,N176PQ,ATL,MOB,10:56:00 AM,10:49:00 AM,-7,14,11:03:00 AM,76,65,48,302,10:51:00 AM,3,11:12:00 AM,10:54:00 AM,-18,Friday,Jan
01/07/2015,B6,2402,N266JB,JFK,BUF,1:06:00 PM,1:01:00 PM,-5,17,1:18:00 PM,85,86,65,301,2:23:00 PM,4,2:31:00 PM,2:27:00 PM,-4,Wednesday,Jan
01/11/2015,WN,1456,N908WN,LAS,AMA,10:55:00 AM,11:05:00 AM,10,16,11:21:00 AM,115,114,93,758,2:54:00 PM,5,2:50:00 PM,2:59:00 PM,9,Sunday,Jan
01/08/2015,DL,1723,N345NB,BOS,DTW,2:28:00 PM,2:23:00 PM,-5,16,2:39:00 PM,138,126,104,632,4:23:00 PM,6,4:46:00 PM,4:29:00 PM,-17,Thursday,Jan
02/11/2015,AS,106,N763AS,ANC,SEA,9:40:00 PM,9:31:00 PM,-9,13,9:44:00 PM,202,206,188,1448,3:52:00 PM,5,8:02:00 PM,3:57:00 PM,-5,Wednesday,Feb
01/19/2015,WN,2168,N657SW,BUR,OAK,9:10:00 PM,9:27:00 PM,17,12,9:39:00 PM,70,75,56,325,10:35:00 PM,7,10:20:00 PM,10:42:00 PM,22,Monday,Jan
01/23/2015,OO,6443,N771SK,ORD,OKC,12:45:00 PM,11:36:00 AM,-9,14,1:50:00 PM,137,125,103,693,10:33:00 AM,8,11:02:00 AM,10:41:00 AM,-21,Friday,Jan
02/04/2015,MQ,3632,N653MQ,DFW,HSV,9:15:00 AM,8:09:00 AM,-6,14,10:23:00 AM,102,103,83,603,10:46:00 PM,6,11:57:00 PM,11:52:00 PM,-5,Wednesday,Feb
01/28/2015,WN,4114,N938WN,OAK,HOU,2:45:00 PM,2:46:00 PM,1,7,2:53:00 PM,220,209,197,1642,8:10:00 PM,5,8:25:00 PM,8:15:00 PM,-10,Wednesday,Jan
02/02/2015,UA,739,N468UA,IAH,TPA,1:39:00 AM,1:35:00 AM,-4,20,3:55:00 AM,119,118,93,787,10:28:00 AM,5,10:38:00 AM,10:33:00 AM,-5,Monday,Feb
01/30/2015,DL,1215,N916DE,MEM,ATL,9:35:00 PM,9:30:00 PM,-5,12,10:42:00 PM,79,66,46,332,11:28:00 AM,8,11:54:00 AM,11:36:00 AM,-18,Friday,Jan
02/05/2015,AS,637,N408AS,PHX,SEA,8:00:00 AM,3:57:00 AM,-3,11,8:08:00 AM,184,166,151,1107,9:39:00 PM,4,10:04:00 AM,10:43:00 PM,-21,Thursday,Feb
01/21/2015,WN,304,N382SW,BWI,MCO,4:40:00 PM,5:11:00 PM,31,27,5:38:00 PM,150,151,120,787,7:38:00 PM,4,7:10:00 PM,7:42:00 PM,32,Wednesday,Jan
01/23/2015,AA,96,N4XPAA,STL,DFW,10:38:00 AM,10:34:00 AM,-4,12,10:46:00 AM,117,124,86,550,12:12:00 PM,26,12:35:00 PM,12:38:00 PM,3,Friday,Jan
01/25/2015,OO,6342,N221SW,SAN,LAX,7:25:00 PM,7:20:00 PM,-5,11,7:31:00 PM,55,52,26,109,7:57:00 PM,15,8:20:00 PM,8:12:00 PM,-8,Sunday,Jan
01/29/2015,NK,450,N626NK,FLL,PBG,9:45:00 PM,9:45:00 PM,0,20,10:05:00 PM,185,198,171,1334,8:56:00 AM,7,2:50:00 AM,10:03:00 AM,13,Thursday,Jan
02/12/2015,AA,1620,N488AA,RDU,ORD,1:41:00 PM,1:44:00 PM,3,14,1:58:00 PM,134,135,110,646,2:48:00 PM,11,2:55:00 PM,2:59:00 PM,4,Thursday,Feb
01/07/2015,DL,1604,N543US,FLL,DTW,11:30:00 AM,11:28:00 AM,-2,15,11:43:00 AM,191,166,143,1127,2:06:00 PM,8,2:41:00 PM,2:14:00 PM,-27,Wednesday,Jan
01/02/2015,WN,1657,N903WN,LAS,DAL,2:55:00 PM,2:57:00 PM,2,29,3:26:00 PM,160,176,141,1067,7:47:00 PM,6,7:35:00 PM,7:53:00 PM,18,Friday,Jan
01/12/2015,DL,16,N189DN,LAX,JFK,7:10:00 PM,6:04:00 PM,-6,30,9:34:00 PM,330,341,296,2475,5:30:00 PM,15,5:40:00 PM,5:45:00 PM,5,Monday,Jan
01/19/2015,AS,62,N796AS,ANC,JNU,8:00:00 AM,8:03:00 AM,3,17,10:20:00 AM,99,103,82,571,10:42:00 PM,4,9:39:00 PM,10:46:00 PM,7,Monday,Jan
01/11/2015,AA,2300,N477AA,DFW,ICT,10:35:00 PM,10:40:00 PM,5,16,10:56:00 PM,72,79,53,328,11:49:00 PM,10,11:47:00 PM,11:59:00 PM,12,Sunday,Jan
01/03/2015,F9,1253,N952FR,LGA,MIA,10:45:00 PM,9:35:00 PM,-10,61,10:36:00 AM,200,226,155,1096,1:11:00 PM,10,1:05:00 PM,1:21:00 PM,16,Saturday,Jan
01/25/2015,WN,271,N7738A,FLL,BWI,6:55:00 PM,8:05:00 PM,70,9,8:14:00 PM,150,130,115,925,10:09:00 PM,6,9:25:00 PM,10:15:00 PM,50,Sunday,Jan
01/19/2015,WN,2862,N233LV,MSY,MDW,11:35:00 AM,11:33:00 AM,-2,9,11:42:00 AM,135,126,111,825,1:33:00 PM,6,1:50:00 PM,1:39:00 PM,-11,Monday,Jan
01/22/2015,UA,394,N402UA,MSY,EWR,11:19:00 AM,11:14:00 AM,-5,8,11:22:00 AM,171,151,131,1167,2:33:00 PM,12,3:10:00 PM,2:45:00 PM,-25,Thursday,Jan
02/09/2015,MQ,3299,N603MQ,DFW,ACT,2:55:00 PM,3:07:00 PM,12,10,3:17:00 PM,38,33,21,89,3:38:00 PM,2,3:33:00 PM,3:40:00 PM,7,Monday,Feb
01/20/2015,UA,512,N512UA,JFK,SFO,5:29:00 PM,5:23:00 PM,-6,12,5:35:00 PM,400,364,344,2586,8:19:00 PM,8,9:09:00 PM,8:27:00 PM,-42,Tuesday,Jan
01/14/2015,UA,756,N844UA,DEN,IAH,10:00:00 PM,5:53:00 PM,-7,21,11:14:00 PM,144,138,109,862,10:03:00 AM,8,10:24:00 AM,10:11:00 AM,-13,Wednesday,Jan
01/07/2015,US,1961,N914UY,CLT,FLL,11:50:00 AM,11:45:00 AM,-5,24,12:09:00 PM,127,123,93,631,1:42:00 PM,6,1:57:00 PM,1:48:00 PM,-9,Wednesday,Jan
02/02/2015,DL,2333,N357NB,MSP,SLC,7:18:00 PM,8:05:00 PM,47,14,8:19:00 PM,170,163,145,991,9:44:00 PM,4,9:08:00 PM,9:48:00 PM,40,Monday,Feb
02/01/2015,VX,1178,N851VA,SFO,EWR,2:00:00 PM,2:16:00 PM,16,10,2:26:00 PM,305,305,288,2565,10:14:00 PM,7,10:05:00 PM,10:21:00 PM,16,Sunday,Feb
01/08/2015,F9,681,N908FR,MCO,DEN,10:00:00 PM,5:53:00 PM,-7,19,11:12:00 PM,253,254,225,1546,1:57:00 PM,10,7:13:00 PM,6:07:00 PM,-6,Thursday,Jan
01/05/2015,MQ,3597,N615MQ,CVG,DFW,12:00:00 PM,7:58:00 AM,-2,28,2:26:00 PM,165,183,140,812,2:46:00 AM,15,2:45:00 AM,8:01:00 AM,16,Monday,Jan
01/25/2015,HA,4,N399HA,HNL,LAX,10:30:00 PM,10:32:00 PM,2,15,10:47:00 PM,325,323,300,2556,6:47:00 AM,8,7:55:00 AM,7:55:00 AM,0,Sunday,Jan
01/04/2015,WN,1831,N299WN,HOU,DCA,11:40:00 AM,12:14:00 PM,34,11,12:25:00 PM,165,142,126,1218,3:31:00 PM,5,3:25:00 PM,3:36:00 PM,11,Sunday,Jan
01/28/2015,WN,804,N731SA,LGA,DAL,12:55:00 PM,1:08:00 PM,13,18,1:26:00 PM,250,209,186,1381,3:32:00 PM,5,4:05:00 PM,3:37:00 PM,-28,Wednesday,Jan
02/08/2015,US,749,N155UW,PBI,CLT,12:00:00 PM,12:03:00 PM,3,15,12:18:00 PM,115,106,87,590,1:45:00 PM,4,1:55:00 PM,1:49:00 PM,-6,Sunday,Feb
01/15/2015,UA,1405,N37274,ORD,EWR,12:00:00 PM,8:09:00 AM,129,16,10:25:00 AM,125,114,88,719,10:53:00 AM,10,6:05:00 PM,11:03:00 AM,118,Thursday,Jan
01/29/2015,WN,2080,N8619F,MCO,BUF,8:40:00 PM,10:28:00 PM,108,7,10:35:00 PM,150,147,136,1011,3:51:00 AM,4,11:10:00 PM,7:55:00 AM,105,Thursday,Jan
02/09/2015,UA,1299,N18220,EWR,RSW,8:05:00 PM,8:01:00 PM,-4,31,8:32:00 PM,184,192,156,1068,11:08:00 PM,5,11:09:00 PM,11:13:00 PM,4,Monday,Feb
01/15/2015,US,1724,N947UW,PHL,BOS,11:15:00 PM,10:07:00 PM,-8,13,12:20:00 AM,74,68,46,280,8:06:00 AM,9,10:29:00 AM,9:15:00 AM,-14,Thursday,Jan
01/05/2015,AA,2473,N3CSAA,ORD,MIA,12:25:00 AM,12:22:00 AM,-3,14,1:36:00 AM,186,182,153,1197,11:09:00 AM,15,11:31:00 AM,11:24:00 AM,-7,Monday,Jan
01/23/2015,DL,1123,N3743H,ATL,SLC,2:00:00 PM,2:07:00 PM,7,13,2:20:00 PM,258,235,215,1590,3:55:00 PM,7,4:18:00 PM,4:02:00 PM,-16,Friday,Jan
01/09/2015,WN,623,N275WN,OAK,LAS,10:00:00 AM,10:00:00 AM,0,9,10:09:00 AM,85,84,70,407,11:19:00 AM,5,11:25:00 AM,11:24:00 AM,-1,Friday,Jan
01/28/2015,WN,523,N489WN,CMH,BWI,2:25:00 PM,2:23:00 PM,-2,34,5:57:00 PM,85,95,57,337,3:54:00 AM,4,3:50:00 AM,3:58:00 AM,8,Wednesday,Jan
01/11/2015,DL,1981,N368NW,DTW,GRR,8:10:00 PM,8:10:00 PM,0,57,9:07:00 PM,59,90,27,120,9:34:00 PM,6,9:09:00 PM,9:40:00 PM,31,Sunday,Jan
01/03/2015,WN,4483,N7749B,PDX,SJC,12:00:00 PM,12:08:00 PM,8,7,12:15:00 PM,100,98,85,569,1:40:00 PM,6,1:40:00 PM,1:46:00 PM,6,Saturday,Jan
01/09/2015,UA,222,N537UA,SFO,ORD,10:45:00 AM,10:52:00 AM,7,37,11:29:00 AM,250,264,215,1846,5:04:00 PM,12,4:55:00 PM,5:16:00 PM,21,Friday,Jan
02/04/2015,WN,2251,N457WN,PHX,LAS,2:20:00 PM,1:19:00 PM,-1,10,2:29:00 PM,65,61,46,255,1:15:00 PM,5,2:25:00 PM,2:20:00 PM,-5,Wednesday,Feb
02/10/2015,DL,1927,N543US,FLL,ATL,2:45:00 AM,2:42:00 AM,-3,12,3:54:00 AM,117,110,85,581,7:19:00 PM,13,10:42:00 PM,9:32:00 PM,-10,Tuesday,Feb
01/02/2015,WN,829,N554WN,DEN,LAS,9:30:00 PM,9:34:00 PM,4,12,9:46:00 PM,110,100,84,628,10:10:00 PM,4,10:20:00 PM,10:14:00 PM,-6,Friday,Jan
01/21/2015,UA,291,N414UA,SFO,PHX,6:20:00 PM,6:12:00 PM,-8,11,6:23:00 PM,118,106,91,651,8:54:00 PM,4,9:18:00 PM,8:58:00 PM,-20,Wednesday,Jan
01/16/2015,DL,803,N912DL,MCO,CVG,1:24:00 PM,1:20:00 PM,-4,14,1:34:00 PM,126,136,116,757,3:30:00 PM,6,3:30:00 PM,3:36:00 PM,6,Friday,Jan
01/03/2015,WN,1147,N8646B,LAS,PIT,5:40:00 PM,6:54:00 PM,74,11,7:05:00 PM,240,239,222,1910,2:47:00 PM,6,4:40:00 PM,3:53:00 PM,73,Saturday,Jan
02/04/2015,WN,1701,N606SW,ATL,DAL,8:40:00 PM,9:49:00 PM,69,12,10:01:00 PM,150,130,114,721,10:55:00 PM,4,10:10:00 PM,10:59:00 PM,49,Wednesday,Feb
01/12/2015,AA,167,N358AA,MIA,SFO,12:25:00 AM,3:50:00 AM,25,13,8:03:00 AM,385,377,357,2585,11:00:00 AM,7,10:50:00 AM,11:07:00 AM,17,Monday,Jan
01/19/2015,AA,1311,N3HMAA,CLT,ORD,12:55:00 PM,12:46:00 PM,-9,8,12:54:00 PM,127,115,99,599,1:33:00 PM,8,2:02:00 PM,1:41:00 PM,-21,Monday,Jan
01/22/2015,NK,709,N530NK,LAX,DTW,10:25:00 PM,10:15:00 PM,-10,8,10:23:00 PM,251,266,251,1979,5:34:00 AM,7,5:36:00 AM,6:41:00 AM,5,Thursday,Jan
02/06/2015,UA,1648,N39416,IAD,LAX,6:51:00 PM,6:55:00 PM,4,12,7:07:00 PM,353,315,296,2288,9:03:00 PM,7,9:44:00 PM,9:10:00 PM,-34,Friday,Feb
02/08/2015,WN,2610,N629SW,RSW,PIT,7:40:00 PM,7:35:00 PM,-5,11,7:46:00 PM,155,144,128,966,9:54:00 PM,5,10:15:00 PM,9:59:00 PM,-16,Sunday,Feb
02/05/2015,B6,423,N944JB,JFK,LAX,3:55:00 PM,6:09:00 PM,134,13,6:22:00 PM,385,329,312,2475,8:34:00 PM,4,7:20:00 PM,8:38:00 PM,78,Thursday,Feb
01/16/2015,WN,651,N493WN,ATL,FLL,6:55:00 PM,6:57:00 PM,2,12,7:09:00 PM,115,98,82,581,8:31:00 PM,4,8:50:00 PM,8:35:00 PM,-15,Friday,Jan
01/27/2015,DL,941,N967DL,MCI,ATL,7:55:00 AM,6:48:00 AM,-7,29,1:17:00 PM,127,120,85,692,12:42:00 PM,6,6:02:00 PM,12:48:00 PM,-14,Tuesday,Jan
02/04/2015,OO,4491,N630SK,SEA,PDX,3:49:00 PM,3:41:00 PM,-8,23,4:04:00 PM,49,56,28,129,4:32:00 PM,5,4:38:00 PM,4:37:00 PM,-1,Wednesday,Feb
01/11/2015,AA,1649,N3HHAA,DFW,CLT,12:50:00 PM,1:18:00 PM,28,16,1:34:00 PM,135,136,113,936,4:27:00 PM,7,4:05:00 PM,4:34:00 PM,29,Sunday,Jan
02/03/2015,WN,1071,N401WN,SJC,PDX,10:20:00 AM,10:16:00 AM,-4,9,10:25:00 AM,110,110,89,569,11:54:00 AM,12,12:10:00 PM,12:06:00 PM,-4,Tuesday,Feb
02/09/2015,DL,551,N978DL,FLL,LGA,5:10:00 PM,5:03:00 PM,-7,29,5:32:00 PM,175,179,141,1076,7:53:00 PM,9,8:05:00 PM,8:02:00 PM,-3,Monday,Feb
01/16/2015,MQ,3635,N849MQ,DFW,PNS,10:30:00 AM,10:38:00 AM,8,14,10:52:00 AM,100,99,82,604,12:14:00 PM,3,12:10:00 PM,12:17:00 PM,7,Friday,Jan
02/06/2015,UA,1054,N33103,EWR,LAX,1:10:00 PM,1:27:00 PM,17,14,1:41:00 PM,384,352,328,2454,4:09:00 PM,10,4:34:00 PM,4:19:00 PM,-15,Friday,Feb
01/04/2015,B6,1366,N552JB,RSW,BOS,9:59:00 PM,10:49:00 PM,50,11,11:00:00 PM,171,159,143,1249,12:23:00 PM,5,2:50:00 AM,12:28:00 PM,38,Sunday,Jan
01/16/2015,AA,2470,N5DVAA,DFW,BOS,8:00:00 AM,3:53:00 AM,-7,18,9:11:00 AM,201,212,188,1562,12:19:00 PM,6,12:21:00 PM,12:25:00 PM,4,Friday,Jan
01/31/2015,WN,3347,N623SW,MDW,SDF,5:45:00 PM,5:41:00 PM,-4,7,5:48:00 PM,70,51,39,271,7:27:00 PM,5,7:55:00 PM,7:32:00 PM,-23,Saturday,Jan
01/16/2015,OO,4589,N187PQ,SLC,LGB,11:15:00 AM,11:13:00 AM,-2,17,11:30:00 AM,121,115,94,588,12:04:00 PM,4,12:16:00 PM,12:08:00 PM,-8,Friday,Jan
01/26/2015,NK,380,N588NK,FLL,DTW,8:10:00 PM,8:10:00 PM,0,14,8:24:00 PM,178,182,160,1127,11:04:00 PM,8,11:08:00 PM,11:12:00 PM,4,Monday,Jan
01/25/2015,WN,2259,N411WN,LAX,SMF,11:20:00 AM,11:21:00 AM,1,10,11:31:00 AM,80,76,61,373,12:32:00 PM,5,12:40:00 PM,12:37:00 PM,-3,Sunday,Jan
01/10/2015,AA,120,N3ALAA,LAS,JFK,10:20:00 AM,10:21:00 AM,1,12,10:33:00 AM,298,276,252,2248,5:45:00 PM,12,6:18:00 PM,5:57:00 PM,-21,Saturday,Jan
02/07/2015,DL,323,N617DL,ATL,SJU,10:20:00 AM,10:23:00 AM,3,17,12:40:00 PM,204,200,177,1547,12:37:00 PM,6,12:44:00 PM,12:43:00 PM,-1,Saturday,Feb
01/18/2015,NK,853,N528NK,ORD,DEN,9:40:00 PM,10:23:00 PM,43,10,10:33:00 PM,162,154,132,888,11:45:00 PM,12,11:22:00 PM,11:57:00 PM,35,Sunday,Jan
01/20/2015,NK,972,N626NK,DFW,FLL,12:00:00 PM,7:59:00 AM,-1,16,1:15:00 PM,159,147,127,1119,8:22:00 PM,4,9:39:00 PM,8:26:00 PM,-13,Tuesday,Jan
01/15/2015,NK,733,N507NK,ORD,LAX,11:03:00 AM,11:32:00 AM,29,10,11:42:00 AM,268,243,222,1744,1:24:00 PM,11,1:31:00 PM,1:35:00 PM,4,Thursday,Jan
01/08/2015,DL,424,N193DN,JFK,LAX,10:00:00 PM,1:32:00 AM,32,29,8:01:00 AM,400,368,324,2475,10:25:00 AM,15,10:40:00 AM,10:40:00 AM,0,Thursday,Jan
01/09/2015,DL,1857,N6701,SLC,SEA,9:11:00 AM,8:05:00 AM,-6,25,11:30:00 AM,142,140,95,689,6:05:00 PM,20,9:33:00 PM,8:25:00 PM,-8,Friday,Jan
01/07/2015,WN,4175,N7743B,PHX,ELP,6:20:00 PM,6:48:00 PM,28,11,6:59:00 PM,65,65,50,347,7:49:00 PM,4,7:25:00 PM,7:53:00 PM,28,Wednesday,Jan
02/09/2015,UA,1238,N87507,SMF,IAH,2:27:00 PM,2:25:00 PM,-2,9,3:34:00 PM,220,193,179,1609,11:33:00 AM,5,12:07:00 PM,11:38:00 AM,-29,Monday,Feb
01/02/2015,HA,1,N374HA,LAX,HNL,12:40:00 PM,11:31:00 AM,-9,12,12:43:00 PM,345,365,341,2556,12:24:00 PM,12,12:25:00 PM,12:36:00 PM,11,Friday,Jan
02/05/2015,OO,4984,N780SK,OMA,IAH,6:40:00 AM,6:49:00 AM,9,23,1:12:00 PM,145,141,107,781,3:59:00 AM,11,8:05:00 AM,9:10:00 AM,5,Thursday,Feb
01/16/2015,AA,2485,N483AA,PSP,ORD,12:50:00 PM,12:44:00 PM,-6,14,12:58:00 PM,235,242,203,1652,6:21:00 PM,25,6:45:00 PM,6:46:00 PM,1,Friday,Jan
02/11/2015,WN,4223,N481WN,PHL,ATL,3:50:00 PM,3:48:00 PM,-2,44,4:32:00 PM,140,156,106,666,6:18:00 PM,6,6:10:00 PM,6:24:00 PM,14,Wednesday,Feb
01/08/2015,AA,1049,N3JJAA,DFW,RDU,5:45:00 PM,5:41:00 PM,-4,11,5:52:00 PM,142,141,125,1061,8:57:00 PM,5,9:07:00 PM,9:02:00 PM,-5,Thursday,Jan
01/13/2015,US,677,N199UW,LAS,PHL,6:00:00 PM,12:49:00 PM,-11,15,6:04:00 PM,279,280,254,2176,4:18:00 PM,11,4:39:00 PM,4:29:00 PM,-10,Tuesday,Jan
01/03/2015,EV,4569,N11526,LFT,IAH,3:21:00 PM,3:59:00 PM,38,11,4:10:00 PM,65,62,44,201,4:54:00 PM,7,4:26:00 PM,5:01:00 PM,35,Saturday,Jan
02/09/2015,HA,365,N491HA,OGG,HNL,1:40:00 PM,2:06:00 PM,26,13,2:19:00 PM,37,50,23,100,2:42:00 PM,14,2:17:00 PM,2:56:00 PM,39,Monday,Feb
01/16/2015,WN,420,N399WN,ABQ,SEA,12:50:00 PM,12:52:00 PM,2,7,12:59:00 PM,190,192,179,1180,2:58:00 PM,6,3:00:00 PM,3:04:00 PM,4,Friday,Jan
01/03/2015,WN,1393,N427WN,PDX,OAK,2:15:00 PM,2:29:00 PM,14,6,2:35:00 PM,100,84,72,543,3:47:00 PM,6,3:55:00 PM,3:53:00 PM,-2,Saturday,Jan
01/17/2015,WN,2821,N738CB,AUS,MDW,4:25:00 PM,4:23:00 PM,-2,9,4:32:00 PM,155,138,123,972,6:35:00 PM,6,7:00:00 PM,6:41:00 PM,-19,Saturday,Jan
01/16/2015,MQ,3424,N537MQ,BNA,ORD,10:04:00 PM,10:00:00 PM,-4,46,2:46:00 AM,126,164,78,409,6:04:00 PM,40,7:10:00 PM,10:44:00 PM,34,Friday,Jan
01/18/2015,DL,1713,N681DA,ATL,RSW,7:27:00 PM,7:23:00 PM,-4,17,7:40:00 PM,102,91,69,515,8:49:00 PM,5,9:09:00 PM,8:54:00 PM,-15,Sunday,Jan
02/10/2015,F9,191,N932FR,FAR,DEN,7:38:00 PM,8:19:00 PM,41,38,8:57:00 PM,114,137,93,627,9:30:00 PM,6,8:32:00 PM,9:36:00 PM,64,Tuesday,Feb
01/15/2015,US,1929,N758US,CLT,DTW,2:35:00 PM,2:32:00 PM,-3,11,2:43:00 PM,108,99,79,500,4:02:00 PM,9,4:23:00 PM,4:11:00 PM,-12,Thursday,Jan
01/20/2015,UA,1682,N38458,EWR,FLL,8:28:00 PM,8:30:00 PM,2,17,8:47:00 PM,183,176,155,1065,11:22:00 PM,4,11:31:00 PM,11:26:00 PM,-5,Tuesday,Jan
02/11/2015,US,661,N542UW,LAX,PHL,2:25:00 PM,2:23:00 PM,-2,18,4:41:00 PM,302,296,270,2402,2:11:00 PM,8,2:27:00 PM,2:19:00 PM,-8,Wednesday,Feb
01/16/2015,DL,774,N679DA,SAT,ATL,1:10:00 PM,12:05:00 PM,-5,12,1:17:00 PM,134,120,102,874,1:59:00 PM,6,8:24:00 PM,6:05:00 PM,-19,Friday,Jan
01/19/2015,US,1931,N744P,BUF,CLT,1:15:00 PM,12:09:00 PM,-6,16,2:25:00 PM,124,111,78,546,2:43:00 AM,17,9:19:00 AM,8:00:00 AM,-19,Monday,Jan
02/09/2015,US,1976,N602AW,IAH,CLT,3:40:00 PM,3:31:00 PM,-9,24,3:55:00 PM,140,153,121,912,6:56:00 PM,8,7:00:00 PM,7:04:00 PM,4,Monday,Feb
01/20/2015,WN,486,N269WN,PHX,SAT,1:40:00 PM,2:01:00 PM,21,10,2:11:00 PM,120,107,93,843,4:44:00 PM,4,4:40:00 PM,4:48:00 PM,8,Tuesday,Jan
01/23/2015,WN,2602,N8310C,RSW,BWI,12:25:00 PM,12:22:00 PM,-3,10,12:32:00 PM,140,128,115,919,2:27:00 PM,3,2:45:00 PM,2:30:00 PM,-15,Friday,Jan
02/04/2015,WN,1836,N941WN,EWR,HOU,5:45:00 PM,5:42:00 PM,-3,18,6:00:00 PM,260,257,234,1411,8:54:00 PM,5,9:05:00 PM,8:59:00 PM,-6,Wednesday,Feb
01/07/2015,WN,1009,N641SW,OAK,LAX,5:20:00 PM,5:15:00 PM,-5,9,5:24:00 PM,75,74,63,337,6:27:00 PM,2,6:35:00 PM,6:29:00 PM,-6,Wednesday,Jan
01/27/2015,OO,7371,N779CA,BJI,MSP,12:52:00 PM,12:44:00 PM,-8,8,12:52:00 PM,73,48,32,199,1:24:00 PM,8,2:05:00 PM,1:32:00 PM,-33,Tuesday,Jan
02/08/2015,MQ,3650,N674MQ,PIA,ORD,10:11:00 AM,10:06:00 AM,-5,11,10:17:00 AM,59,55,31,130,10:48:00 AM,13,11:10:00 AM,11:01:00 AM,-9,Sunday,Feb
02/07/2015,AA,2237,N3HHAA,DFW,HDN,5:20:00 PM,5:17:00 PM,-3,11,5:28:00 PM,141,130,117,769,6:25:00 PM,2,6:41:00 PM,6:27:00 PM,-14,Saturday,Feb
02/09/2015,MQ,3401,N649MQ,DFW,SHV,2:55:00 PM,3:07:00 PM,12,18,3:25:00 PM,53,56,34,190,3:59:00 PM,4,3:48:00 PM,4:03:00 PM,15,Monday,Feb
01/15/2015,F9,705,N218FR,MSY,DEN,6:38:00 PM,8:28:00 PM,110,15,8:43:00 PM,173,179,155,1062,10:18:00 PM,9,8:31:00 PM,10:27:00 PM,116,Thursday,Jan
01/28/2015,DL,1483,N370NW,SLC,LAS,11:35:00 AM,11:30:00 AM,-5,15,12:45:00 PM,92,79,59,368,12:44:00 PM,5,6:07:00 PM,12:49:00 PM,-18,Wednesday,Jan
01/06/2015,UA,1241,N37465,SFO,EWR,10:37:00 PM,10:32:00 PM,-5,14,10:46:00 PM,323,296,274,2565,2:20:00 PM,8,10:00:00 PM,2:28:00 PM,-32,Tuesday,Jan
02/06/2015,OO,2694,N944SW,PSP,PHX,2:15:00 PM,2:10:00 PM,-5,7,2:17:00 PM,68,57,42,261,3:59:00 PM,8,4:23:00 PM,4:07:00 PM,-16,Friday,Feb
01/13/2015,AA,1513,N009AA,DFW,ATL,12:25:00 AM,12:26:00 AM,1,11,1:37:00 AM,120,132,109,731,10:26:00 AM,12,10:25:00 AM,10:38:00 AM,13,Tuesday,Jan
02/07/2015,F9,558,N954FR,SAN,DEN,7:55:00 PM,7:47:00 PM,-8,12,7:59:00 PM,130,120,102,853,10:41:00 PM,6,11:05:00 PM,10:47:00 PM,-18,Saturday,Feb
01/14/2015,DL,1530,N920DN,LAS,MSP,7:19:00 PM,7:14:00 PM,-5,14,8:28:00 PM,191,181,164,1299,2:12:00 PM,3,2:30:00 PM,2:15:00 PM,-15,Wednesday,Jan
01/30/2015,WN,4579,N7712G,BWI,AUS,7:50:00 PM,7:51:00 PM,1,11,8:02:00 PM,235,208,193,1342,10:15:00 PM,4,10:45:00 PM,10:19:00 PM,-26,Friday,Jan
02/06/2015,B6,2054,N197JB,SJU,FLL,7:35:00 PM,7:22:00 PM,-13,12,7:34:00 PM,167,176,157,1046,9:11:00 PM,7,9:22:00 PM,9:18:00 PM,-4,Friday,Feb
01/15/2015,UA,1659,N67812,IAH,DEN,11:25:00 AM,11:26:00 AM,1,17,11:43:00 AM,154,149,123,862,12:46:00 PM,9,12:59:00 PM,12:55:00 PM,-4,Thursday,Jan
02/10/2015,AA,1476,N3DGAA,LAS,MIA,11:15:00 AM,11:11:00 AM,-4,14,11:25:00 AM,274,269,249,2174,6:34:00 PM,6,6:49:00 PM,6:40:00 PM,-9,Tuesday,Feb
01/31/2015,DL,970,N924AT,ATL,DAL,11:30:00 AM,12:11:00 PM,41,14,12:25:00 PM,146,122,104,721,1:09:00 PM,4,12:56:00 PM,1:13:00 PM,17,Saturday,Jan
01/10/2015,WN,3891,N952WN,DEN,MCI,5:50:00 PM,4:48:00 PM,-2,19,10:07:00 PM,95,93,71,533,7:18:00 PM,3,8:25:00 PM,8:21:00 PM,-4,Saturday,Jan
02/03/2015,UA,1419,N37465,BWI,ORD,1:35:00 AM,12:29:00 AM,-6,11,2:40:00 AM,135,142,104,622,10:24:00 AM,27,1:50:00 PM,1:51:00 PM,1,Tuesday,Feb
01/12/2015,MQ,3677,N900MQ,ORD,BNA,10:30:00 AM,11:28:00 AM,58,24,11:52:00 AM,89,103,71,409,1:03:00 PM,8,11:59:00 AM,1:11:00 PM,72,Monday,Jan
01/28/2015,WN,1643,N606SW,SEA,SAN,3:35:00 PM,3:31:00 PM,-4,17,4:48:00 PM,160,168,148,1050,7:16:00 PM,3,7:15:00 PM,7:19:00 PM,4,Wednesday,Jan
01/25/2015,WN,4369,N379SW,TPA,FLL,7:05:00 PM,7:03:00 PM,-2,20,7:23:00 PM,65,66,37,197,8:00:00 PM,9,8:10:00 PM,8:09:00 PM,-1,Sunday,Jan
01/16/2015,MQ,3350,N636MQ,RDU,JFK,12:00:00 PM,7:57:00 AM,-3,15,1:12:00 PM,92,85,65,427,11:17:00 PM,5,1:32:00 AM,12:22:00 AM,-10,Friday,Jan
01/10/2015,F9,262,N943FR,SNA,DEN,10:15:00 AM,10:07:00 AM,-8,11,10:18:00 AM,129,127,111,846,1:09:00 PM,5,1:24:00 PM,1:14:00 PM,-10,Saturday,Jan
01/12/2015,WN,4175,N937WN,PHX,ELP,6:20:00 PM,6:13:00 PM,-7,9,6:22:00 PM,65,62,47,347,7:09:00 PM,6,7:25:00 PM,7:15:00 PM,-10,Monday,Jan
01/30/2015,WN,4579,N7712G,FLL,BWI,4:40:00 PM,4:37:00 PM,-3,8,4:45:00 PM,150,150,138,925,7:03:00 PM,4,7:10:00 PM,7:07:00 PM,-3,Friday,Jan
01/23/2015,US,797,N541UW,PHL,LAX,1:35:00 AM,12:29:00 AM,-6,49,9:18:00 AM,371,381,315,2402,10:33:00 AM,17,10:46:00 AM,10:50:00 AM,4,Friday,Jan
01/02/2015,WN,4363,N953WN,MDW,ATL,10:45:00 AM,10:43:00 AM,-2,6,10:49:00 AM,105,104,90,591,1:19:00 PM,8,1:30:00 PM,1:27:00 PM,-3,Friday,Jan
01/28/2015,AA,376,N456AA,IND,DFW,11:33:00 AM,11:25:00 AM,-8,10,11:35:00 AM,147,138,107,761,12:22:00 PM,21,1:00:00 PM,12:43:00 PM,-17,Wednesday,Jan
01/24/2015,UA,525,N416UA,MIA,EWR,3:33:00 PM,1:19:00 PM,-14,16,3:35:00 PM,177,184,125,1085,12:40:00 PM,43,9:30:00 PM,8:23:00 PM,-7,Saturday,Jan
01/26/2015,WN,4036,N725SW,LAX,BNA,2:40:00 AM,1:39:00 AM,-1,6,2:45:00 AM,235,235,224,1797,1:29:00 PM,5,1:35:00 PM,1:34:00 PM,-1,Monday,Jan
01/02/2015,EV,5541,N936EV,ATL,AGS,6:06:00 PM,1:55:00 PM,-11,15,7:10:00 PM,49,41,23,143,9:33:00 PM,3,11:55:00 PM,9:36:00 PM,-19,Friday,Jan
02/11/2015,DL,2259,N354NW,MSP,SLC,11:20:00 AM,11:17:00 AM,-3,8,11:25:00 AM,171,145,133,991,12:38:00 PM,4,1:11:00 PM,12:42:00 PM,-29,Wednesday,Feb
01/20/2015,DL,2310,N924DL,ATL,DFW,11:30:00 AM,11:33:00 AM,3,15,12:48:00 PM,154,140,113,731,10:41:00 PM,12,10:04:00 AM,11:53:00 PM,-11,Tuesday,Jan
01/27/2015,AA,2461,N5DEAA,DFW,LAX,3:55:00 PM,3:55:00 PM,0,18,4:13:00 PM,203,194,171,1235,5:04:00 PM,5,5:18:00 PM,5:09:00 PM,-9,Tuesday,Jan
02/11/2015,EV,4992,N852AS,ATL,BQK,11:08:00 AM,10:58:00 AM,-10,25,11:23:00 AM,71,76,44,238,12:07:00 PM,7,12:19:00 PM,12:14:00 PM,-5,Wednesday,Feb
01/11/2015,MQ,3544,N923MQ,DFW,CAE,9:10:00 AM,10:22:00 AM,12,20,12:42:00 PM,133,134,111,922,11:33:00 AM,3,11:23:00 AM,11:36:00 AM,13,Sunday,Jan
01/16/2015,OO,6288,N707SK,DEN,ATL,1:44:00 PM,1:50:00 PM,6,11,2:01:00 PM,164,162,144,1199,6:25:00 PM,7,6:28:00 PM,6:32:00 PM,4,Friday,Jan
01/15/2015,AA,1140,N3GYAA,DFW,LGA,12:30:00 PM,12:40:00 PM,10,14,12:54:00 PM,190,177,160,1389,4:34:00 PM,3,4:40:00 PM,4:37:00 PM,-3,Thursday,Jan
02/03/2015,WN,4817,N670SW,FLL,BNA,8:05:00 AM,3:59:00 AM,-6,17,9:16:00 AM,140,145,123,793,7:19:00 PM,5,8:25:00 PM,8:24:00 PM,-1,Tuesday,Feb
02/10/2015,MQ,3373,N628MQ,CLL,DFW,6:25:00 PM,6:18:00 PM,-7,8,6:26:00 PM,59,63,40,164,7:06:00 PM,15,7:24:00 PM,7:21:00 PM,-3,Tuesday,Feb
01/29/2015,OO,4681,N809SK,EUG,SLC,12:00:00 PM,7:52:00 AM,-8,11,12:03:00 PM,115,98,81,618,10:24:00 AM,6,1:55:00 PM,11:30:00 AM,-25,Thursday,Jan
01/12/2015,B6,2070,N309JB,FLL,BOS,7:50:00 PM,7:55:00 PM,5,11,8:06:00 PM,178,166,150,1237,10:36:00 PM,5,10:48:00 PM,10:41:00 PM,-7,Monday,Jan
01/21/2015,OO,6259,N927SW,DEN,COS,8:21:00 PM,9:33:00 PM,72,23,9:56:00 PM,37,48,18,73,10:14:00 PM,7,8:58:00 PM,10:21:00 PM,83,Wednesday,Jan
01/27/2015,WN,494,N935WN,ATL,MCO,3:45:00 PM,3:41:00 PM,-4,14,3:55:00 PM,90,76,56,404,4:51:00 PM,6,5:15:00 PM,4:57:00 PM,-18,Tuesday,Jan
02/07/2015,AS,855,N593AS,PDX,KOA,12:20:00 AM,10:07:00 PM,-13,21,12:28:00 AM,383,379,354,2607,11:22:00 AM,4,11:43:00 AM,11:26:00 AM,-17,Saturday,Feb
02/06/2015,WN,3479,N965WN,PDX,OAK,6:35:00 PM,6:47:00 PM,12,5,6:52:00 PM,100,95,86,543,8:18:00 PM,4,8:15:00 PM,8:22:00 PM,7,Friday,Feb
02/09/2015,EV,5801,N12136,MTJ,DEN,5:58:00 PM,5:48:00 PM,-10,9,5:57:00 PM,67,71,35,196,6:32:00 PM,27,7:05:00 PM,6:59:00 PM,-6,Monday,Feb
01/11/2015,OO,6505,N951SW,DEN,TUS,6:55:00 PM,8:44:00 PM,109,24,9:08:00 PM,121,130,99,639,10:47:00 PM,7,8:56:00 PM,10:54:00 PM,118,Sunday,Jan
01/08/2015,DL,2308,N953DN,SDF,ATL,2:03:00 PM,1:54:00 PM,-9,15,2:09:00 PM,92,89,50,321,2:59:00 PM,24,3:35:00 PM,3:23:00 PM,-12,Thursday,Jan
01/09/2015,UA,322,N852UA,SFO,SEA,11:15:00 AM,11:09:00 AM,-6,42,11:51:00 AM,130,138,91,679,1:22:00 PM,5,1:25:00 PM,1:27:00 PM,2,Friday,Jan
02/07/2015,WN,2942,N795SW,DAL,LBB,12:40:00 PM,11:35:00 AM,-5,8,12:43:00 PM,70,60,48,293,9:31:00 PM,4,11:50:00 PM,9:35:00 PM,-15,Saturday,Feb
02/03/2015,F9,221,N935FR,AUS,DEN,7:32:00 PM,7:27:00 PM,-5,12,7:39:00 PM,133,132,113,775,8:32:00 PM,7,8:45:00 PM,8:39:00 PM,-6,Tuesday,Feb
01/03/2015,MQ,3449,N928MQ,DFW,DRO,10:50:00 AM,12:34:00 PM,104,10,12:44:00 PM,123,111,98,674,1:22:00 PM,3,11:53:00 AM,1:25:00 PM,92,Saturday,Jan
01/13/2015,NK,356,N509NK,SAN,LAS,3:20:00 PM,3:11:00 PM,-9,9,3:20:00 PM,72,67,52,258,4:12:00 PM,6,4:32:00 PM,4:18:00 PM,-14,Tuesday,Jan
01/10/2015,WN,4414,N488WN,PHX,ONT,11:50:00 AM,11:49:00 AM,-1,15,12:04:00 PM,70,72,54,325,11:58:00 AM,3,12:00:00 PM,12:01:00 PM,1,Saturday,Jan
01/06/2015,AS,629,N532AS,LAS,PDX,5:50:00 PM,4:40:00 PM,-10,17,5:57:00 PM,136,135,115,763,1:52:00 PM,3,6:06:00 PM,1:55:00 PM,-11,Tuesday,Jan
01/30/2015,UA,1058,N16713,EWR,ORD,12:00:00 PM,7:59:00 AM,-1,22,2:21:00 PM,159,137,111,719,11:12:00 PM,4,1:39:00 AM,11:16:00 PM,-23,Friday,Jan
01/17/2015,DL,2032,N318NB,MSP,MEM,1:30:00 PM,1:23:00 PM,-7,7,1:30:00 PM,128,111,101,700,3:11:00 PM,3,3:38:00 PM,3:14:00 PM,-24,Saturday,Jan
01/05/2015,DL,1896,N315NB,STL,MSP,3:35:00 PM,4:43:00 PM,8,11,5:54:00 PM,102,94,76,448,9:10:00 AM,7,9:17:00 AM,9:17:00 AM,0,Monday,Jan
01/12/2015,DL,1051,N952DL,ATL,MEM,10:40:00 PM,11:59:00 PM,19,33,10:32:00 AM,87,94,57,332,10:29:00 AM,4,10:07:00 AM,10:33:00 AM,26,Monday,Jan
01/02/2015,OO,5260,N292SW,SFO,FAT,10:40:00 AM,11:05:00 AM,25,15,11:20:00 AM,66,54,37,158,11:57:00 AM,2,11:46:00 AM,11:59:00 AM,13,Friday,Jan
01/16/2015,WN,4386,N472WN,OAK,PDX,7:00:00 PM,7:29:00 PM,29,12,7:41:00 PM,100,94,79,543,9:00:00 PM,3,8:40:00 PM,9:03:00 PM,23,Friday,Jan
02/09/2015,OO,6225,N130SY,ORD,DFW,3:00:00 PM,3:17:00 PM,17,18,3:35:00 PM,155,138,113,802,5:28:00 PM,7,5:35:00 PM,5:35:00 PM,0,Monday,Feb
01/31/2015,B6,2789,N606JB,LAS,SFO,10:00:00 PM,5:57:00 PM,-3,16,11:13:00 PM,100,83,61,414,9:14:00 AM,6,12:40:00 PM,10:20:00 AM,-20,Saturday,Jan
02/11/2015,WN,3957,N794SW,PHX,AUS,6:55:00 PM,6:56:00 PM,1,9,7:05:00 PM,125,118,103,872,9:48:00 PM,6,10:00:00 PM,9:54:00 PM,-6,Wednesday,Feb
01/20/2015,OO,5547,N930EV,ONT,DEN,12:00:00 PM,7:57:00 AM,-3,16,1:13:00 PM,140,149,121,819,7:14:00 PM,12,8:20:00 PM,8:26:00 PM,6,Tuesday,Jan
01/03/2015,WN,2477,N7712G,DCA,STL,12:35:00 PM,12:44:00 PM,9,12,12:56:00 PM,135,131,114,719,1:50:00 PM,5,1:50:00 PM,1:55:00 PM,5,Saturday,Jan
01/23/2015,AS,49,N768AS,ANC,ADQ,3:30:00 PM,3:55:00 PM,25,14,4:09:00 PM,62,64,47,253,4:56:00 PM,3,4:32:00 PM,4:59:00 PM,27,Friday,Jan
01/19/2015,WN,871,N8320J,PHX,MCO,10:10:00 AM,10:07:00 AM,-3,42,10:49:00 AM,250,262,213,1849,4:22:00 PM,7,4:20:00 PM,4:29:00 PM,9,Monday,Jan
01/05/2015,EV,5241,N868AS,DTW,AVP,8:10:00 PM,8:23:00 PM,13,15,8:38:00 PM,86,72,54,399,9:32:00 PM,3,9:36:00 PM,9:35:00 PM,-1,Monday,Jan
01/26/2015,US,516,N536UW,PHX,SMF,9:05:00 PM,9:01:00 PM,-4,30,9:31:00 PM,122,122,86,647,9:57:00 PM,6,10:07:00 PM,10:03:00 PM,-4,Monday,Jan
01/25/2015,DL,1334,N914DN,RIC,ATL,9:38:00 PM,9:34:00 PM,-4,14,10:48:00 PM,112,97,78,481,11:06:00 AM,5,11:30:00 AM,11:11:00 AM,-19,Sunday,Jan
02/02/2015,AA,1176,N3FMAA,DFW,SNA,1:55:00 PM,12:49:00 PM,-6,12,6:01:00 PM,199,187,171,1205,11:52:00 PM,4,10:14:00 AM,11:56:00 PM,-18,Monday,Feb
01/30/2015,MQ,3338,N607MQ,GSP,DFW,7:56:00 AM,6:47:00 AM,-9,17,12:04:00 PM,179,175,151,862,1:35:00 AM,7,3:55:00 AM,2:42:00 AM,-13,Friday,Jan
01/07/2015,UA,1459,N78285,IAH,LAS,2:30:00 PM,2:27:00 PM,-3,18,2:45:00 PM,212,187,163,1222,3:28:00 PM,6,4:02:00 PM,3:34:00 PM,-28,Wednesday,Jan
01/26/2015,WN,4923,N8602F,SAN,AUS,4:40:00 PM,3:35:00 PM,-5,11,4:46:00 PM,165,163,148,1164,11:14:00 AM,4,11:25:00 AM,11:18:00 AM,-7,Monday,Jan
02/06/2015,WN,3297,N773SA,BWI,BNA,10:40:00 PM,9:39:00 PM,-1,10,10:49:00 PM,125,104,89,587,10:18:00 AM,5,10:45:00 AM,10:23:00 AM,-22,Friday,Feb
01/18/2015,EV,5320,N134EV,MSP,IAH,5:30:00 PM,5:26:00 PM,-4,10,5:36:00 PM,178,162,143,1034,7:59:00 PM,9,8:28:00 PM,8:08:00 PM,-20,Sunday,Jan
01/15/2015,US,761,N585UW,CLT,MIA,4:10:00 PM,4:26:00 PM,16,22,4:48:00 PM,125,121,90,650,6:18:00 PM,9,6:15:00 PM,6:27:00 PM,12,Thursday,Jan
01/06/2015,WN,2251,N602SW,LAS,RNO,10:00:00 PM,5:54:00 PM,-6,12,10:06:00 PM,80,71,54,345,8:00:00 AM,5,10:20:00 AM,8:05:00 AM,-15,Tuesday,Jan
01/30/2015,WN,947,N600WN,LIT,DAL,2:20:00 PM,2:58:00 PM,38,9,3:07:00 PM,70,63,50,296,3:57:00 PM,4,3:30:00 PM,4:01:00 PM,31,Friday,Jan
01/28/2015,OO,6209,N108SY,DCA,ORD,2:45:00 PM,2:38:00 PM,-7,12,2:50:00 PM,135,130,110,612,3:40:00 PM,8,4:00:00 PM,3:48:00 PM,-12,Wednesday,Jan
01/01/2015,AA,2297,N483AA,DFW,AUS,12:50:00 PM,12:50:00 PM,0,28,1:18:00 PM,55,80,46,190,2:04:00 PM,6,1:45:00 PM,2:10:00 PM,25,Thursday,Jan
01/05/2015,NK,245,N530NK,LAS,SAN,6:30:00 PM,6:56:00 PM,26,11,7:07:00 PM,64,56,42,258,7:49:00 PM,3,7:34:00 PM,7:52:00 PM,18,Monday,Jan
01/06/2015,WN,845,N220WN,BWI,BOS,10:00:00 PM,5:59:00 PM,-1,67,8:06:00 AM,85,123,52,369,1:58:00 PM,4,10:25:00 AM,6:02:00 PM,37,Tuesday,Jan
01/22/2015,EV,5805,N12530,MFE,IAH,7:10:00 PM,7:03:00 PM,-7,8,7:11:00 PM,75,63,49,316,8:00:00 PM,6,8:25:00 PM,8:06:00 PM,-19,Thursday,Jan
02/02/2015,WN,346,N278WN,ATL,SAT,7:15:00 PM,7:11:00 PM,-4,12,8:23:00 PM,160,169,152,874,10:55:00 AM,5,10:55:00 AM,11:00:00 AM,5,Monday,Feb
01/08/2015,DL,1956,N956AT,ATL,ECP,4:20:00 PM,4:18:00 PM,-2,16,4:34:00 PM,69,61,42,240,4:16:00 PM,3,4:29:00 PM,4:19:00 PM,-10,Thursday,Jan
01/23/2015,UA,417,N545UA,OGG,LAX,9:30:00 PM,9:27:00 PM,-3,11,9:38:00 PM,317,290,277,2486,5:15:00 PM,2,8:47:00 PM,5:17:00 PM,-30,Friday,Jan
01/19/2015,AS,75,N592AS,SEA,JNU,11:10:00 AM,11:08:00 AM,-2,25,11:33:00 AM,163,163,134,909,12:47:00 PM,4,12:53:00 PM,12:51:00 PM,-2,Monday,Jan
01/02/2015,DL,1185,N369NW,SLC,GEG,10:00:00 PM,9:55:00 PM,-5,15,10:10:00 PM,109,105,86,546,10:36:00 PM,4,10:49:00 PM,10:40:00 PM,-9,Friday,Jan
02/11/2015,MQ,3056,N928MQ,DFW,SPI,5:15:00 PM,5:14:00 PM,-1,14,5:28:00 PM,105,100,83,630,6:51:00 PM,3,7:00:00 PM,6:54:00 PM,-6,Wednesday,Feb
01/09/2015,OO,5348,N569SW,SBP,LAX,12:00:00 PM,7:59:00 AM,-1,14,1:13:00 PM,78,76,42,156,5:55:00 PM,20,11:18:00 PM,11:15:00 PM,-3,Friday,Jan
01/11/2015,DL,2072,N957DN,GEG,MSP,12:20:00 AM,12:21:00 AM,1,32,3:53:00 AM,181,169,133,1175,12:06:00 PM,4,12:21:00 PM,12:10:00 PM,-11,Sunday,Jan
01/30/2015,US,2110,N762US,DCA,BOS,10:30:00 AM,10:27:00 AM,-3,15,10:42:00 AM,88,90,71,399,11:53:00 AM,4,11:58:00 AM,11:57:00 AM,-1,Friday,Jan
01/03/2015,B6,16,N942JB,SFO,JFK,5:55:00 PM,5:54:00 PM,-1,13,10:07:00 PM,322,334,308,2586,3:15:00 PM,13,3:17:00 PM,3:28:00 PM,11,Saturday,Jan
01/12/2015,OO,4700,N817SK,PHX,SLC,11:35:00 AM,12:40:00 PM,5,19,1:59:00 PM,105,111,87,507,10:26:00 AM,5,10:20:00 AM,10:31:00 AM,11,Monday,Jan
02/04/2015,MQ,3672,N905MQ,DBQ,ORD,11:20:00 AM,1:09:00 PM,109,10,1:19:00 PM,59,85,34,147,1:53:00 PM,41,12:19:00 PM,2:34:00 PM,135,Wednesday,Feb
01/14/2015,B6,371,N583JB,LGA,FLL,12:00:00 PM,7:53:00 AM,-7,14,12:07:00 PM,183,178,156,1076,12:43:00 PM,8,6:03:00 PM,1:51:00 PM,-12,Wednesday,Jan
01/12/2015,DL,2212,N943DL,ATL,PNS,10:20:00 AM,9:19:00 AM,-1,20,11:39:00 AM,74,72,46,271,10:25:00 AM,6,11:34:00 AM,11:31:00 AM,-3,Monday,Jan
01/06/2015,OO,5638,N962SW,SFO,SBA,4:00:00 PM,3:54:00 PM,-6,10,4:04:00 PM,71,76,57,262,5:01:00 PM,9,5:11:00 PM,5:10:00 PM,-1,Tuesday,Jan
02/11/2015,DL,1070,N919DL,ATL,MOB,7:20:00 PM,7:18:00 PM,-2,15,7:33:00 PM,81,68,49,302,7:22:00 PM,4,7:41:00 PM,7:26:00 PM,-15,Wednesday,Feb
01/27/2015,WN,274,N384SW,IND,BWI,1:35:00 PM,1:50:00 PM,15,23,2:13:00 PM,90,100,75,516,3:28:00 PM,2,3:05:00 PM,3:30:00 PM,25,Tuesday,Jan
01/06/2015,UA,441,N587UA,JFK,LAX,12:00:00 PM,7:58:00 AM,-2,17,1:15:00 PM,386,388,352,2475,6:07:00 PM,19,8:26:00 PM,8:26:00 PM,0,Tuesday,Jan
01/15/2015,US,1859,N662AW,ORD,CLT,10:39:00 AM,10:33:00 AM,-6,10,10:43:00 AM,116,99,82,599,1:05:00 PM,7,1:35:00 PM,1:12:00 PM,-23,Thursday,Jan
01/22/2015,OO,5365,N295SW,CLD,LAX,11:36:00 AM,11:30:00 AM,-6,8,11:38:00 AM,46,40,25,86,6:03:00 PM,7,8:22:00 PM,7:10:00 PM,-12,Thursday,Jan
01/07/2015,HA,183,N488HA,HNL,LIH,3:46:00 PM,3:42:00 PM,-4,15,3:57:00 PM,38,42,22,102,4:19:00 PM,5,4:24:00 PM,4:24:00 PM,0,Wednesday,Jan
02/11/2015,NK,195,N620NK,MCO,FLL,9:44:00 PM,9:35:00 PM,-9,10,9:45:00 PM,57,53,35,177,10:20:00 PM,8,10:41:00 PM,10:28:00 PM,-13,Wednesday,Feb
01/05/2015,WN,3134,N8615E,STL,MDW,10:05:00 AM,10:02:00 AM,-3,7,10:09:00 AM,65,60,47,251,10:56:00 AM,6,11:10:00 AM,11:02:00 AM,-8,Monday,Jan
01/09/2015,UA,1420,N24212,EWR,SFO,6:16:00 PM,7:21:00 PM,65,18,7:39:00 PM,394,368,344,2565,10:23:00 PM,6,9:50:00 PM,10:29:00 PM,39,Friday,Jan
02/10/2015,OO,6342,N561SW,SAN,LAX,7:25:00 PM,7:20:00 PM,-5,8,7:28:00 PM,55,43,28,109,7:56:00 PM,7,8:20:00 PM,8:03:00 PM,-17,Tuesday,Feb
01/28/2015,WN,50,N522SW,HOU,DAL,6:30:00 PM,6:23:00 PM,-7,9,6:32:00 PM,60,56,43,239,7:15:00 PM,4,7:30:00 PM,7:19:00 PM,-11,Wednesday,Jan
02/04/2015,WN,4069,N731SA,PHL,BNA,12:00:00 PM,7:56:00 AM,-4,8,12:04:00 PM,150,127,114,675,5:58:00 PM,5,1:30:00 AM,10:03:00 PM,-27,Wednesday,Feb
01/19/2015,OO,5577,N937SW,ORD,SDF,8:02:00 AM,8:00:00 AM,-2,74,7:14:00 PM,78,126,47,287,11:01:00 AM,5,10:20:00 AM,11:06:00 AM,46,Monday,Jan
01/25/2015,US,1798,N127UW,JFK,CLT,4:58:00 PM,4:55:00 PM,-3,12,5:07:00 PM,132,112,89,541,6:36:00 PM,11,7:10:00 PM,6:47:00 PM,-23,Sunday,Jan
02/01/2015,US,563,N165US,PHX,SAN,9:00:00 PM,10:03:00 PM,63,13,10:16:00 PM,72,63,47,304,10:03:00 PM,3,9:12:00 PM,10:06:00 PM,54,Sunday,Feb
01/19/2015,OO,5422,N702BR,SFO,ONT,10:35:00 PM,10:24:00 PM,-11,20,10:44:00 PM,80,81,56,363,11:40:00 PM,5,11:55:00 PM,11:45:00 PM,-10,Monday,Jan
01/26/2015,WN,802,N663SW,SJC,PHX,11:05:00 AM,11:01:00 AM,-4,8,11:09:00 AM,105,120,106,621,1:55:00 PM,6,1:50:00 PM,2:01:00 PM,11,Monday,Jan
01/10/2015,HA,555,N475HA,OGG,HNL,9:11:00 PM,9:14:00 PM,3,7,9:21:00 PM,33,36,22,100,9:43:00 PM,7,9:44:00 PM,9:50:00 PM,6,Saturday,Jan
02/05/2015,UA,218,N215UA,HNL,ORD,4:50:00 PM,5:02:00 PM,12,13,5:15:00 PM,493,439,417,4243,5:12:00 PM,9,2:03:00 AM,6:21:00 PM,-42,Thursday,Feb
01/27/2015,WN,4129,N447WN,MEM,BWI,5:35:00 PM,5:34:00 PM,-1,12,5:46:00 PM,120,124,107,787,8:33:00 PM,5,8:35:00 PM,8:38:00 PM,3,Tuesday,Jan
01/11/2015,DL,1401,N825DN,SMF,ATL,11:10:00 PM,11:10:00 PM,0,15,11:25:00 PM,257,265,240,2092,2:25:00 PM,10,2:27:00 PM,3:35:00 PM,8,Sunday,Jan
01/28/2015,B6,1701,N594JB,JFK,FLL,12:40:00 PM,11:33:00 AM,-7,29,6:02:00 PM,196,191,130,1069,11:12:00 AM,32,11:56:00 AM,11:44:00 AM,-12,Wednesday,Jan
02/01/2015,UA,1053,N27733,EWR,CLE,7:59:00 PM,9:14:00 PM,75,19,9:33:00 PM,110,94,68,404,10:41:00 PM,7,9:49:00 PM,10:48:00 PM,59,Sunday,Feb
01/19/2015,OO,4688,N608SK,STL,MSP,7:26:00 PM,7:16:00 PM,-10,9,7:25:00 PM,94,99,86,448,8:51:00 PM,4,9:00:00 PM,8:55:00 PM,-5,Monday,Jan
01/04/2015,OO,6368,N971SW,BIS,DEN,1:17:00 PM,1:11:00 PM,-6,25,3:36:00 PM,120,109,73,516,4:49:00 PM,11,11:17:00 PM,10:00:00 PM,-17,Sunday,Jan
01/22/2015,MQ,3162,N669MQ,CVG,DFW,5:20:00 PM,5:24:00 PM,4,11,5:35:00 PM,165,170,148,812,7:03:00 PM,11,7:05:00 PM,7:14:00 PM,9,Thursday,Jan
01/19/2015,OO,5298,N963SW,ORD,MKE,3:40:00 PM,3:39:00 PM,-1,14,3:53:00 PM,49,36,19,67,4:12:00 PM,3,4:29:00 PM,4:15:00 PM,-14,Monday,Jan
01/15/2015,B6,603,N624JB,BOS,PHX,5:32:00 PM,5:50:00 PM,18,66,6:56:00 PM,363,373,304,2300,10:00:00 PM,3,9:35:00 PM,10:03:00 PM,28,Thursday,Jan
02/05/2015,WN,39,N955WN,MSY,MCO,7:10:00 PM,7:08:00 PM,-2,5,7:13:00 PM,95,82,73,551,9:26:00 PM,4,9:45:00 PM,9:30:00 PM,-15,Thursday,Feb
02/06/2015,MQ,3628,N676MQ,SDF,ORD,11:55:00 PM,11:51:00 PM,-4,12,10:03:00 AM,83,80,56,287,11:59:00 PM,12,10:18:00 AM,10:11:00 AM,-7,Friday,Feb
02/06/2015,AA,2425,N3FHAA,DFW,LAX,10:40:00 AM,10:36:00 AM,-4,25,11:01:00 AM,204,204,168,1235,11:49:00 AM,11,12:04:00 PM,12:00:00 PM,-4,Friday,Feb
01/22/2015,US,1854,N551UW,LAS,PHX,12:40:00 PM,12:40:00 PM,0,15,12:55:00 PM,69,62,43,255,2:38:00 PM,4,2:49:00 PM,2:42:00 PM,-7,Thursday,Jan
01/12/2015,MQ,3270,N905MQ,DFW,CHA,9:30:00 PM,9:31:00 PM,1,16,10:47:00 PM,111,117,96,695,12:23:00 PM,5,12:21:00 PM,12:28:00 PM,7,Monday,Jan
01/30/2015,EV,4511,N16919,EWR,DCA,4:49:00 PM,5:53:00 PM,64,59,6:52:00 PM,70,108,45,199,7:37:00 PM,4,5:59:00 PM,7:41:00 PM,102,Friday,Jan
01/25/2015,US,2061,N945UW,CLT,BNA,11:55:00 PM,10:49:00 PM,-6,19,10:08:00 AM,93,87,63,328,10:11:00 AM,5,10:28:00 AM,10:16:00 AM,-12,Sunday,Jan
01/30/2015,US,627,N653AW,PHX,OAK,9:05:00 PM,11:24:00 PM,139,10,11:34:00 PM,123,104,89,646,3:03:00 AM,5,10:08:00 PM,8:08:00 AM,120,Friday,Jan
01/29/2015,WN,4903,N272WN,ELP,LAS,1:35:00 AM,1:30:00 AM,-5,8,1:38:00 AM,110,99,87,583,8:05:00 AM,4,10:25:00 AM,8:09:00 AM,-16,Thursday,Jan
01/04/2015,OO,5543,N120SY,SFO,BOI,3:25:00 PM,3:32:00 PM,7,13,3:45:00 PM,96,98,80,522,6:05:00 PM,5,6:01:00 PM,6:10:00 PM,9,Sunday,Jan
02/09/2015,VX,938,N835VA,SFO,LAX,5:30:00 PM,5:24:00 PM,-6,15,5:39:00 PM,75,78,56,337,6:35:00 PM,7,6:45:00 PM,6:42:00 PM,-3,Monday,Feb
01/21/2015,DL,1893,N347NW,DTW,ATL,12:45:00 PM,1:57:00 PM,12,68,10:05:00 AM,138,165,87,594,11:32:00 AM,10,11:03:00 AM,11:42:00 AM,39,Wednesday,Jan
01/13/2015,MQ,3181,N527MQ,LGA,DTW,7:10:00 PM,7:08:00 PM,-2,18,7:26:00 PM,121,113,80,502,8:46:00 PM,15,9:11:00 PM,9:01:00 PM,-10,Tuesday,Jan
01/30/2015,DL,1417,N348NB,ROA,ATL,11:10:00 PM,10:08:00 PM,-2,11,11:19:00 PM,98,77,57,357,9:16:00 AM,9,12:48:00 PM,10:25:00 AM,-23,Friday,Jan
02/09/2015,MQ,3162,N617MQ,DFW,CVG,1:45:00 PM,1:55:00 PM,10,18,2:13:00 PM,128,137,114,812,5:07:00 PM,5,4:53:00 PM,5:12:00 PM,19,Monday,Feb
01/20/2015,WN,208,N394SW,BOI,OAK,7:30:00 PM,7:47:00 PM,17,29,8:16:00 PM,105,108,75,511,8:31:00 PM,4,8:15:00 PM,8:35:00 PM,20,Tuesday,Jan
01/30/2015,WN,465,N236WN,ECP,HOU,10:10:00 AM,10:04:00 AM,-6,6,10:10:00 AM,120,104,95,571,11:45:00 AM,3,12:10:00 PM,11:48:00 AM,-22,Friday,Jan
01/19/2015,WN,315,N910WN,BNA,DEN,12:05:00 PM,12:00:00 PM,-5,18,1:18:00 PM,180,182,155,1014,3:53:00 AM,9,8:05:00 AM,8:02:00 AM,-3,Monday,Jan
01/03/2015,US,873,N801AW,CLT,ATL,1:14:00 PM,2:21:00 PM,67,17,2:38:00 PM,83,77,54,226,3:32:00 PM,6,2:37:00 PM,3:38:00 PM,61,Saturday,Jan
02/01/2015,US,681,N801AW,CMH,LAX,4:30:00 PM,9:25:00 PM,295,20,9:45:00 PM,307,292,260,1995,11:05:00 PM,12,6:37:00 PM,11:17:00 PM,280,Sunday,Feb
01/07/2015,OO,4550,N459SW,MSP,CMH,10:00:00 AM,10:14:00 AM,14,38,10:52:00 AM,125,122,79,626,1:11:00 PM,5,1:05:00 PM,1:16:00 PM,11,Wednesday,Jan
01/14/2015,WN,927,N752SW,HOU,ABQ,8:25:00 PM,8:20:00 PM,-5,11,9:31:00 PM,135,147,132,759,10:43:00 AM,4,10:40:00 AM,10:47:00 AM,7,Wednesday,Jan
02/02/2015,AA,1275,N5FFAA,STT,JFK,2:05:00 PM,2:02:00 PM,-3,10,2:12:00 PM,269,242,214,1623,4:46:00 PM,18,5:34:00 PM,5:04:00 PM,-30,Monday,Feb
02/04/2015,WN,31,N7710A,BWI,DAL,10:55:00 AM,11:01:00 AM,6,10,11:11:00 AM,215,213,198,1209,1:29:00 PM,5,1:30:00 PM,1:34:00 PM,4,Wednesday,Feb
02/10/2015,US,2140,N963UW,LGA,BOS,6:00:00 PM,10:43:00 PM,43,41,10:24:00 AM,75,94,34,184,10:58:00 AM,19,10:15:00 AM,11:17:00 AM,62,Tuesday,Feb
01/28/2015,OO,4733,N606SK,SEA,SJC,2:59:00 PM,2:51:00 PM,-8,14,3:05:00 PM,118,127,109,697,4:54:00 PM,4,4:57:00 PM,4:58:00 PM,1,Wednesday,Jan
01/22/2015,MQ,3182,N614MQ,DFW,FSM,1:10:00 PM,1:22:00 PM,12,17,1:39:00 PM,60,58,35,227,2:14:00 PM,6,2:10:00 PM,2:20:00 PM,10,Thursday,Jan
02/03/2015,B6,778,N638JB,LAS,BOS,11:55:00 PM,10:20:00 PM,145,13,11:33:00 PM,290,280,263,2381,11:56:00 PM,4,2:45:00 AM,10:00:00 AM,135,Tuesday,Feb
01/14/2015,US,470,N153UW,CLT,SAN,6:15:00 PM,6:14:00 PM,-1,21,6:35:00 PM,321,300,275,2077,8:10:00 PM,4,8:36:00 PM,8:14:00 PM,-22,Wednesday,Jan
01/30/2015,DL,2456,N703TW,JFK,SLC,9:30:00 PM,10:46:00 PM,16,131,11:57:00 AM,334,417,280,1990,2:37:00 PM,6,1:04:00 PM,2:43:00 PM,99,Friday,Jan
01/13/2015,EV,2569,N904EV,DFW,LIT,11:55:00 AM,11:55:00 AM,0,20,12:15:00 PM,67,72,47,304,1:02:00 PM,5,1:02:00 PM,1:07:00 PM,5,Tuesday,Jan
02/05/2015,US,623,N545UW,DEN,PHX,8:05:00 AM,8:02:00 AM,-3,19,10:21:00 AM,135,133,89,602,11:50:00 PM,25,10:20:00 AM,10:15:00 AM,-5,Thursday,Feb
01/02/2015,DL,1434,N547US,LAX,MSP,9:33:00 AM,9:57:00 AM,24,17,11:14:00 AM,214,205,185,1535,1:19:00 PM,3,12:07:00 PM,2:22:00 PM,15,Friday,Jan
01/03/2015,US,1995,N547UW,MCO,CLT,12:05:00 PM,12:00:00 PM,-5,21,12:21:00 PM,99,100,71,468,1:32:00 PM,8,1:44:00 PM,1:40:00 PM,-4,Saturday,Jan
01/26/2015,DL,1291,N616DL,MSP,ATL,1:30:00 AM,12:24:00 AM,-6,23,2:47:00 AM,158,134,104,907,10:31:00 AM,7,11:08:00 AM,10:38:00 AM,-30,Monday,Jan
01/12/2015,EV,5104,N138EV,MOB,ATL,11:51:00 AM,12:11:00 PM,20,14,12:25:00 PM,69,120,93,302,2:58:00 PM,13,2:00:00 PM,3:11:00 PM,71,Monday,Jan
01/13/2015,AA,379,N855AA,SFO,DFW,4:15:00 PM,4:05:00 PM,-10,13,4:18:00 PM,198,192,172,1464,9:10:00 PM,7,9:33:00 PM,9:17:00 PM,-16,Tuesday,Jan
01/03/2015,WN,1493,N494WN,STL,CMH,12:40:00 PM,6:05:00 PM,25,8,7:13:00 PM,80,70,57,409,11:10:00 AM,5,11:00:00 AM,11:15:00 AM,15,Saturday,Jan
01/27/2015,EV,5987,N26549,TYS,ORD,2:48:00 AM,1:33:00 AM,-15,32,8:05:00 AM,102,132,89,475,11:34:00 AM,11,11:30:00 AM,12:45:00 PM,15,Tuesday,Jan
01/26/2015,WN,234,N345SA,SEA,PHX,12:00:00 PM,7:56:00 AM,-4,12,12:08:00 PM,165,171,154,1107,10:42:00 PM,5,10:45:00 PM,10:47:00 PM,2,Monday,Jan
02/02/2015,NK,193,N525NK,IAH,LAS,10:00:00 PM,5:59:00 PM,-1,12,11:11:00 PM,200,203,185,1222,9:16:00 AM,6,10:20:00 AM,10:22:00 AM,2,Monday,Feb
01/08/2015,NK,680,N627NK,IAH,MSY,6:03:00 PM,5:55:00 PM,-8,11,6:06:00 PM,60,64,43,305,6:49:00 PM,10,7:03:00 PM,6:59:00 PM,-4,Thursday,Jan
01/05/2015,WN,576,N946WN,BWI,ALB,12:20:00 AM,11:13:00 PM,-7,15,12:28:00 AM,75,68,50,289,9:18:00 AM,3,11:35:00 AM,10:21:00 AM,-14,Monday,Jan
01/27/2015,EV,5187,N884AS,GTR,ATL,4:40:00 PM,3:38:00 PM,-2,31,10:09:00 PM,67,84,45,241,1:54:00 PM,8,12:47:00 PM,6:02:00 PM,15,Tuesday,Jan
01/21/2015,DL,2125,N3738B,ATL,BWI,11:56:00 PM,11:56:00 PM,0,16,10:12:00 AM,113,101,80,577,11:32:00 AM,5,11:49:00 AM,11:37:00 AM,-12,Wednesday,Jan
01/12/2015,F9,1120,N210FR,CLE,RSW,10:00:00 PM,5:53:00 PM,-7,43,1:36:00 AM,170,200,151,1025,10:07:00 AM,6,11:50:00 PM,10:13:00 AM,23,Monday,Jan
01/23/2015,AA,2267,N3LRAA,DCA,ORD,8:55:00 PM,8:47:00 PM,-8,45,9:32:00 PM,124,148,95,612,10:07:00 PM,8,9:59:00 PM,10:15:00 PM,16,Friday,Jan
01/02/2015,DL,1310,N959AT,VPS,ATL,1:19:00 PM,1:16:00 PM,-3,16,1:32:00 PM,76,69,41,250,3:13:00 PM,12,3:35:00 PM,3:25:00 PM,-10,Friday,Jan
01/18/2015,WN,772,N418WN,FNT,LAS,4:45:00 PM,4:36:00 PM,-9,14,4:50:00 PM,275,259,242,1733,5:52:00 PM,3,6:20:00 PM,5:55:00 PM,-25,Sunday,Jan
02/10/2015,DL,2165,N892AT,JFK,TPA,8:00:00 AM,9:19:00 AM,19,25,12:44:00 PM,194,176,143,1005,11:07:00 AM,8,11:14:00 AM,11:15:00 AM,1,Tuesday,Feb
02/03/2015,WN,3957,N496WN,MKE,SEA,10:15:00 AM,10:12:00 AM,-3,8,10:20:00 AM,270,257,242,1694,12:22:00 PM,7,12:45:00 PM,12:29:00 PM,-16,Tuesday,Feb
01/27/2015,EV,5555,N837AS,CAE,ATL,9:15:00 AM,8:05:00 AM,-10,26,11:31:00 AM,66,76,39,192,7:10:00 PM,11,8:21:00 PM,8:21:00 PM,0,Tuesday,Jan
01/03/2015,EV,6150,N33182,IAH,GJT,6:00:00 PM,1:59:00 PM,-1,16,7:15:00 PM,171,156,136,979,10:31:00 AM,4,10:51:00 AM,10:35:00 AM,-16,Saturday,Jan
01/08/2015,WN,294,N8309C,BUF,TPA,4:50:00 PM,5:39:00 PM,49,8,5:47:00 PM,180,158,146,1053,8:13:00 PM,4,7:50:00 PM,8:17:00 PM,27,Thursday,Jan
01/31/2015,WN,3876,N8648A,BDL,TPA,3:15:00 PM,3:14:00 PM,-1,6,3:20:00 PM,195,161,150,1111,5:50:00 PM,5,6:30:00 PM,5:55:00 PM,-35,Saturday,Jan
02/07/2015,WN,3970,N938WN,RDU,HOU,12:15:00 PM,12:16:00 PM,1,5,12:21:00 PM,190,153,143,1050,1:44:00 PM,5,2:25:00 PM,1:49:00 PM,-36,Saturday,Feb
01/21/2015,F9,142,N939FR,SEA,DEN,7:45:00 PM,7:47:00 PM,2,12,7:59:00 PM,148,145,127,1024,11:06:00 PM,6,11:13:00 PM,11:12:00 PM,-1,Wednesday,Jan
02/03/2015,WN,1059,N7709A,DAY,BWI,12:00:00 PM,7:50:00 AM,-10,16,12:06:00 PM,85,78,58,406,10:04:00 PM,4,12:25:00 AM,10:08:00 PM,-17,Tuesday,Feb
02/07/2015,US,1967,N153UW,MSP,CLT,5:50:00 PM,4:43:00 PM,-7,27,11:10:00 PM,163,174,110,930,10:00:00 AM,37,10:33:00 AM,10:37:00 AM,4,Saturday,Feb
01/03/2015,UA,1498,N73406,EWR,MCO,7:45:00 PM,8:23:00 PM,38,16,8:39:00 PM,179,152,131,937,10:50:00 PM,5,10:44:00 PM,10:55:00 PM,11,Saturday,Jan
01/17/2015,DL,110,N3748Y,ATL,LAX,9:11:00 AM,8:09:00 AM,-2,16,10:25:00 AM,307,300,267,1947,11:52:00 PM,17,10:18:00 AM,10:09:00 AM,-9,Saturday,Jan
01/11/2015,US,768,N162UW,MCO,PHL,2:05:00 PM,2:02:00 PM,-3,10,2:12:00 PM,145,135,117,861,4:09:00 PM,8,4:30:00 PM,4:17:00 PM,-13,Sunday,Jan
02/05/2015,DL,1283,N368NB,DEN,SLC,7:20:00 PM,7:10:00 PM,-10,12,7:22:00 PM,99,90,73,391,8:35:00 PM,5,8:59:00 PM,8:40:00 PM,-19,Thursday,Feb
01/29/2015,OO,4572,N604SK,FAR,SLC,5:44:00 PM,5:40:00 PM,-4,13,5:53:00 PM,155,166,146,866,7:19:00 PM,7,7:19:00 PM,7:26:00 PM,7,Thursday,Jan
02/09/2015,DL,1283,N361NB,DEN,SLC,7:20:00 PM,7:21:00 PM,1,32,7:53:00 PM,99,111,72,391,9:05:00 PM,7,8:59:00 PM,9:12:00 PM,13,Monday,Feb
01/08/2015,UA,433,N514UA,BOS,SFO,12:00:00 PM,5:51:00 PM,51,15,10:06:00 PM,405,379,360,2704,10:06:00 AM,4,10:45:00 PM,10:10:00 AM,25,Thursday,Jan
01/26/2015,US,469,N535UW,CLT,ATL,3:50:00 AM,2:46:00 AM,-4,47,11:33:00 AM,80,100,42,226,7:15:00 PM,11,7:10:00 PM,8:26:00 PM,16,Monday,Jan
01/01/2015,F9,1246,N912FR,DFW,MEM,10:00:00 AM,10:14:00 AM,14,39,10:53:00 AM,80,106,61,432,11:54:00 AM,6,11:20:00 AM,12:00:00 PM,40,Thursday,Jan
01/31/2015,UA,1421,N33262,ORD,IAH,11:55:00 AM,11:50:00 AM,-5,13,12:03:00 PM,176,165,141,925,2:24:00 PM,11,2:51:00 PM,2:35:00 PM,-16,Saturday,Jan
01/21/2015,EV,5696,N836AS,IAD,ATL,9:53:00 PM,9:58:00 PM,5,22,10:20:00 PM,107,113,85,534,11:45:00 PM,6,11:40:00 PM,11:51:00 PM,11,Wednesday,Jan
02/05/2015,OO,6237,N706SK,DEN,FSD,11:57:00 PM,11:56:00 PM,-1,15,10:11:00 AM,95,90,71,483,12:22:00 PM,4,12:32:00 PM,12:26:00 PM,-6,Thursday,Feb
01/12/2015,WN,1365,N8630B,MCO,MKE,9:05:00 PM,9:04:00 PM,-1,10,9:14:00 PM,180,155,140,1066,10:34:00 PM,5,11:05:00 PM,10:39:00 PM,-26,Monday,Jan
01/23/2015,EV,5971,N12528,IAH,DAL,5:45:00 PM,6:02:00 PM,17,17,6:19:00 PM,65,61,39,216,6:58:00 PM,5,6:50:00 PM,7:03:00 PM,13,Friday,Jan
02/06/2015,EV,5295,N847AS,VLD,ATL,5:55:00 PM,5:53:00 PM,-2,6,5:59:00 PM,70,52,42,208,6:41:00 PM,4,7:05:00 PM,6:45:00 PM,-20,Friday,Feb
01/17/2015,AA,2300,N424AA,DFW,ICT,10:35:00 PM,10:31:00 PM,-4,12,10:43:00 PM,72,69,52,328,11:35:00 PM,5,11:47:00 PM,11:40:00 PM,-7,Saturday,Jan
01/06/2015,US,1942,N770UW,CLT,BUF,8:25:00 PM,7:17:00 PM,-8,16,9:33:00 PM,98,101,82,546,10:55:00 AM,3,11:03:00 AM,10:58:00 AM,-5,Tuesday,Jan
01/26/2015,OO,4789,N162PQ,LAS,SEA,12:55:00 PM,12:53:00 PM,-2,19,1:12:00 PM,164,151,119,867,3:11:00 PM,13,3:39:00 PM,3:24:00 PM,-15,Monday,Jan
01/03/2015,AS,671,N469AS,AUS,SEA,6:35:00 PM,6:42:00 PM,7,11,6:53:00 PM,270,272,254,1770,9:07:00 PM,7,9:05:00 PM,9:14:00 PM,9,Saturday,Jan
01/10/2015,UA,1431,N73299,DEN,LAX,10:00:00 AM,10:02:00 AM,2,11,10:13:00 AM,153,161,120,862,11:13:00 AM,30,11:33:00 AM,11:43:00 AM,10,Saturday,Jan
01/18/2015,US,637,N172US,CLT,LAS,4:35:00 PM,4:40:00 PM,5,23,5:03:00 PM,298,304,275,1916,6:38:00 PM,6,6:33:00 PM,6:44:00 PM,11,Sunday,Jan
01/13/2015,DL,1132,N3763D,SEA,DTW,12:00:00 PM,7:54:00 AM,-6,13,12:07:00 PM,252,254,231,1927,12:58:00 PM,10,1:12:00 PM,1:08:00 PM,-4,Tuesday,Jan
02/06/2015,DL,1613,N954DN,IND,ATL,2:17:00 PM,2:47:00 PM,30,16,3:03:00 PM,101,94,70,432,4:13:00 PM,8,3:58:00 PM,4:21:00 PM,23,Friday,Feb
01/09/2015,EV,4498,N14158,EWR,MHT,6:43:00 PM,7:26:00 PM,43,25,7:51:00 PM,70,70,39,209,8:30:00 PM,6,7:53:00 PM,8:36:00 PM,43,Friday,Jan
01/30/2015,OO,5392,N962SW,SFO,OTH,12:15:00 PM,3:04:00 PM,169,21,3:25:00 PM,94,88,65,412,4:30:00 PM,2,1:49:00 PM,4:32:00 PM,163,Friday,Jan
01/19/2015,UA,1608,N66814,SFO,SAN,1:17:00 PM,1:10:00 PM,-7,13,2:23:00 PM,95,80,63,447,12:26:00 AM,4,3:52:00 AM,1:30:00 AM,-22,Monday,Jan
01/10/2015,HA,278,N476HA,HNL,KOA,4:17:00 PM,4:22:00 PM,5,15,4:37:00 PM,43,48,26,163,5:03:00 PM,7,5:00:00 PM,5:10:00 PM,10,Saturday,Jan
02/08/2015,WN,1797,N8605E,LGA,DAL,5:55:00 PM,4:48:00 PM,-7,8,5:56:00 PM,250,201,187,1381,6:03:00 PM,6,10:05:00 AM,6:09:00 PM,-56,Sunday,Feb
01/22/2015,EV,5684,N14180,IAH,CLL,5:36:00 PM,5:34:00 PM,-2,15,5:49:00 PM,44,40,22,74,6:11:00 PM,3,6:20:00 PM,6:14:00 PM,-6,Thursday,Jan
01/04/2015,UA,550,N438UA,PDX,DEN,3:25:00 PM,4:08:00 PM,43,36,4:44:00 PM,151,160,119,991,7:43:00 PM,5,6:56:00 PM,7:48:00 PM,52,Sunday,Jan
01/03/2015,DL,1942,N990AT,ATL,EWR,12:38:00 PM,12:43:00 PM,5,12,12:55:00 PM,133,111,93,746,2:28:00 PM,6,2:51:00 PM,2:34:00 PM,-17,Saturday,Jan
01/20/2015,US,785,N667AW,PHL,TPA,3:50:00 PM,3:46:00 PM,-4,17,4:03:00 PM,167,155,132,920,6:15:00 PM,6,6:37:00 PM,6:21:00 PM,-16,Tuesday,Jan
02/12/2015,MQ,3674,N0EGMQ,LGA,ATL,1:12:00 PM,1:24:00 PM,12,25,1:49:00 PM,154,149,117,762,3:46:00 PM,7,3:46:00 PM,3:53:00 PM,7,Thursday,Feb
01/26/2015,AA,1266,N3EAAA,RDU,MIA,1:20:00 PM,1:13:00 PM,-7,9,1:22:00 PM,128,114,100,700,3:02:00 PM,5,3:28:00 PM,3:07:00 PM,-21,Monday,Jan
02/02/2015,AA,1144,N3HPAA,DFW,LGA,1:35:00 PM,1:43:00 PM,8,12,1:55:00 PM,189,209,169,1389,5:44:00 PM,28,5:44:00 PM,6:12:00 PM,28,Monday,Feb
01/26/2015,US,1937,N583UW,TPA,CLT,11:30:00 AM,10:23:00 AM,-7,13,11:36:00 AM,105,101,75,507,11:51:00 PM,13,10:15:00 AM,10:04:00 AM,-11,Monday,Jan
01/29/2015,OO,6433,N978SW,LAX,FAT,10:35:00 PM,10:30:00 PM,-5,16,10:46:00 PM,63,59,37,209,11:23:00 PM,6,11:38:00 PM,11:29:00 PM,-9,Thursday,Jan
02/10/2015,UA,1126,N37298,DEN,ANC,11:26:00 AM,11:23:00 AM,-3,9,11:32:00 AM,349,334,321,2405,2:53:00 PM,4,3:15:00 PM,2:57:00 PM,-18,Tuesday,Feb
02/07/2015,NK,219,N528NK,ORD,ATL,10:44:00 AM,11:04:00 AM,20,11,11:15:00 AM,114,101,82,606,1:37:00 PM,8,1:38:00 PM,1:45:00 PM,7,Saturday,Feb
01/19/2015,OO,4574,N170PQ,DTW,MKE,9:30:00 PM,9:25:00 PM,-5,15,9:40:00 PM,83,66,44,237,9:24:00 PM,7,9:53:00 PM,9:31:00 PM,-22,Monday,Jan
01/23/2015,DL,1550,N932DN,LAS,MSP,10:05:00 PM,10:02:00 PM,-3,19,12:21:00 AM,192,190,166,1299,12:07:00 PM,5,12:17:00 PM,12:12:00 PM,-5,Friday,Jan
01/27/2015,DL,2471,N957DN,ATL,AUS,2:15:00 PM,2:11:00 PM,-4,12,2:23:00 PM,155,132,115,813,3:18:00 PM,5,3:50:00 PM,3:23:00 PM,-27,Tuesday,Jan
01/05/2015,WN,20,N508SW,HRL,HOU,9:35:00 PM,9:30:00 PM,-5,6,9:36:00 PM,55,51,42,277,10:18:00 AM,3,10:30:00 AM,10:21:00 AM,-9,Monday,Jan
02/06/2015,EV,6049,N17108,EWR,IAD,7:35:00 PM,7:51:00 PM,16,15,8:06:00 PM,82,65,40,212,8:46:00 PM,10,8:57:00 PM,8:56:00 PM,-1,Friday,Feb
02/07/2015,UA,1114,N67812,LAX,LAS,10:35:00 PM,10:27:00 PM,-8,15,10:42:00 PM,73,65,44,236,11:26:00 PM,6,11:48:00 PM,11:32:00 PM,-16,Saturday,Feb
01/01/2015,B6,427,N368JB,BOS,BWI,9:10:00 AM,8:06:00 AM,-4,32,11:38:00 AM,98,106,70,369,10:48:00 PM,4,10:48:00 PM,11:52:00 PM,4,Thursday,Jan
01/02/2015,DL,1645,N923DN,DTW,DEN,1:36:00 PM,1:33:00 PM,-3,16,1:49:00 PM,203,189,166,1123,2:35:00 PM,7,2:59:00 PM,2:42:00 PM,-17,Friday,Jan
01/28/2015,B6,1968,N274JB,PBI,HPN,7:00:00 PM,6:55:00 PM,-5,11,7:06:00 PM,161,176,162,1056,9:48:00 PM,3,9:41:00 PM,9:51:00 PM,10,Wednesday,Jan
01/28/2015,UA,595,N849UA,SFO,PDX,6:18:00 PM,6:18:00 PM,0,20,6:38:00 PM,110,99,75,550,7:53:00 PM,4,8:08:00 PM,7:57:00 PM,-11,Wednesday,Jan
01/06/2015,WN,4833,N930WN,ELP,PHX,7:20:00 PM,8:54:00 PM,94,6,9:00:00 PM,80,65,54,347,9:54:00 PM,5,8:40:00 PM,9:59:00 PM,79,Tuesday,Jan
01/03/2015,AA,1192,N3MDAA,LAX,ORD,11:55:00 AM,11:51:00 AM,-4,17,12:08:00 PM,245,249,221,1744,5:49:00 PM,11,6:00:00 PM,6:00:00 PM,0,Saturday,Jan
01/14/2015,WN,491,N212WN,SMF,PHX,8:35:00 PM,8:32:00 PM,-3,7,8:39:00 PM,105,99,87,647,11:06:00 PM,5,11:20:00 PM,11:11:00 PM,-9,Wednesday,Jan
01/27/2015,US,763,N833AW,RDU,CLT,2:35:00 PM,2:30:00 PM,-5,21,2:51:00 PM,60,63,37,130,3:28:00 PM,5,3:35:00 PM,3:33:00 PM,-2,Tuesday,Jan
02/07/2015,WN,3893,N449WN,BDL,TPA,11:55:00 AM,11:58:00 AM,3,24,12:22:00 PM,195,174,145,1111,2:47:00 PM,5,3:10:00 PM,2:52:00 PM,-18,Saturday,Feb
02/02/2015,WN,450,N8317M,HOU,LAX,5:20:00 PM,5:20:00 PM,0,7,5:27:00 PM,230,213,190,1390,6:37:00 PM,16,7:10:00 PM,6:53:00 PM,-17,Monday,Feb
01/22/2015,VX,740,N530VA,SFO,SEA,8:00:00 AM,3:54:00 AM,-6,8,8:02:00 AM,125,113,98,679,10:40:00 PM,7,10:05:00 AM,10:47:00 PM,-18,Thursday,Jan
02/05/2015,MQ,3124,N619MQ,ORD,TVC,7:55:00 PM,8:27:00 PM,32,17,8:44:00 PM,60,65,45,224,10:29:00 PM,3,9:55:00 PM,10:32:00 PM,37,Thursday,Feb
01/05/2015,AA,1244,N473AA,DFW,DAY,8:05:00 PM,8:49:00 PM,44,14,9:03:00 PM,130,137,111,861,11:54:00 PM,12,11:15:00 PM,6:06:00 AM,51,Monday,Jan
02/03/2015,DL,2281,N955DN,IND,ATL,6:45:00 PM,6:53:00 PM,8,14,7:07:00 PM,102,87,65,432,8:12:00 PM,8,8:27:00 PM,8:20:00 PM,-7,Tuesday,Feb
02/10/2015,DL,1862,N909DA,ATL,MSY,1:43:00 PM,1:40:00 PM,-3,12,1:52:00 PM,97,90,72,425,2:04:00 PM,6,2:20:00 PM,2:10:00 PM,-10,Tuesday,Feb
01/11/2015,DL,1441,N990AT,GRR,ATL,2:35:00 PM,2:29:00 PM,-6,19,2:48:00 PM,135,122,98,640,4:26:00 PM,5,4:50:00 PM,4:31:00 PM,-19,Sunday,Jan
02/06/2015,UA,1622,N19141,ORD,EWR,3:02:00 PM,4:26:00 PM,84,17,4:43:00 PM,130,130,92,719,7:15:00 PM,21,6:12:00 PM,7:36:00 PM,84,Friday,Feb
02/09/2015,DL,1634,N819DN,SEA,SLC,12:00:00 PM,7:57:00 AM,-3,22,1:19:00 PM,119,118,91,689,1:50:00 PM,5,1:59:00 PM,1:55:00 PM,-4,Monday,Feb
01/19/2015,WN,4117,N7748A,DEN,HOU,12:05:00 PM,12:00:00 PM,-5,9,12:09:00 PM,145,125,111,883,6:00:00 PM,5,9:30:00 PM,6:05:00 PM,-25,Monday,Jan
01/22/2015,EV,4965,N695CA,ATL,HPN,10:40:00 PM,9:38:00 PM,-2,17,11:55:00 PM,132,125,105,780,11:40:00 AM,3,11:52:00 AM,11:43:00 AM,-9,Thursday,Jan
01/24/2015,WN,3511,N226WN,RSW,MDW,5:15:00 PM,5:18:00 PM,3,14,5:32:00 PM,185,175,153,1105,7:05:00 PM,8,7:20:00 PM,7:13:00 PM,-7,Saturday,Jan
01/21/2015,DL,2070,N905DA,MSP,PHX,7:48:00 PM,7:45:00 PM,-3,24,8:09:00 PM,205,204,175,1276,10:04:00 PM,5,10:13:00 PM,10:09:00 PM,-4,Wednesday,Jan
01/02/2015,MQ,2824,N902MQ,DFW,AEX,7:10:00 PM,8:23:00 PM,13,17,10:40:00 PM,63,66,47,285,10:27:00 AM,2,10:13:00 AM,10:29:00 AM,16,Friday,Jan
01/16/2015,MQ,3532,N639MQ,MIA,GNV,2:20:00 PM,2:14:00 PM,-6,19,2:33:00 PM,71,71,49,294,3:22:00 PM,3,3:31:00 PM,3:25:00 PM,-6,Friday,Jan
01/20/2015,WN,989,N463WN,ATL,STL,11:15:00 PM,11:14:00 PM,-1,14,12:28:00 AM,105,98,79,484,2:47:00 AM,5,8:00:00 AM,3:52:00 AM,-8,Tuesday,Jan
02/10/2015,UA,1077,N36280,EWR,MIA,10:00:00 PM,10:01:00 PM,1,22,12:23:00 AM,187,183,150,1085,11:53:00 PM,11,10:07:00 AM,10:04:00 AM,-3,Tuesday,Feb
01/08/2015,F9,782,N220FR,LAS,DEN,4:45:00 PM,3:33:00 PM,-12,15,4:48:00 PM,109,106,85,628,7:13:00 PM,6,9:34:00 PM,7:19:00 PM,-15,Thursday,Jan
01/24/2015,US,577,N185UW,PHL,LAS,2:45:00 AM,1:39:00 AM,-6,11,3:50:00 AM,341,302,283,2176,9:33:00 PM,8,10:26:00 AM,10:41:00 PM,-45,Saturday,Jan
01/15/2015,F9,1053,N943FR,SLC,PHX,3:15:00 PM,3:15:00 PM,0,15,3:30:00 PM,100,93,74,507,4:44:00 PM,4,4:55:00 PM,4:48:00 PM,-7,Thursday,Jan
02/03/2015,OO,5484,N946SW,BOI,SFO,4:20:00 AM,3:13:00 AM,-7,20,5:33:00 AM,115,113,88,522,12:01:00 PM,5,1:15:00 PM,12:06:00 PM,-9,Tuesday,Feb
02/06/2015,AA,1556,N3EEAA,MIA,PHL,2:42:00 AM,1:33:00 AM,-9,20,3:53:00 AM,161,184,160,1013,10:33:00 AM,4,10:23:00 AM,10:37:00 AM,14,Friday,Feb
01/10/2015,MQ,3439,N606MQ,DFW,TYS,1:30:00 AM,1:35:00 AM,5,12,2:47:00 AM,116,115,97,772,10:24:00 AM,6,10:26:00 AM,10:30:00 AM,4,Saturday,Jan
02/04/2015,B6,434,N804JB,SFO,BOS,8:00:00 AM,2:44:00 AM,-16,16,8:00:00 AM,329,320,296,2704,3:56:00 PM,8,4:29:00 PM,4:04:00 PM,-25,Wednesday,Feb
01/29/2015,UA,501,N472UA,ORD,OMA,5:15:00 PM,6:15:00 PM,60,23,6:38:00 PM,96,93,66,416,7:44:00 PM,4,6:51:00 PM,7:48:00 PM,57,Thursday,Jan
01/05/2015,EV,4415,N48901,IAH,SAV,10:44:00 AM,11:04:00 AM,20,9,11:13:00 AM,129,109,97,851,1:50:00 PM,3,1:53:00 PM,1:53:00 PM,0,Monday,Jan
01/13/2015,DL,1502,N917DL,TPA,CVG,1:00:00 PM,12:53:00 PM,-7,17,1:10:00 PM,128,125,102,773,2:52:00 PM,6,3:08:00 PM,2:58:00 PM,-10,Tuesday,Jan
01/07/2015,WN,4569,N734SA,LAS,OMA,6:00:00 PM,1:59:00 PM,-1,12,7:11:00 PM,155,158,143,1099,1:34:00 PM,3,1:35:00 PM,1:37:00 PM,2,Wednesday,Jan
01/13/2015,DL,2678,N989AT,LGA,BOS,12:00:00 PM,11:57:00 AM,-3,16,12:13:00 PM,76,58,32,184,12:45:00 PM,10,1:16:00 PM,12:55:00 PM,-21,Tuesday,Jan
01/04/2015,EV,4451,N16559,BHM,IAH,12:00:00 PM,10:09:00 PM,69,10,11:19:00 PM,119,117,97,562,1:56:00 PM,10,3:59:00 AM,6:06:00 PM,67,Sunday,Jan
01/19/2015,AA,1234,N3LRAA,LAS,ORD,3:32:00 PM,3:31:00 PM,-1,13,4:44:00 PM,208,197,177,1514,11:41:00 AM,7,12:00:00 PM,11:48:00 AM,-12,Monday,Jan
01/08/2015,EV,5240,N135EV,ATL,GSO,12:21:00 PM,12:16:00 PM,-5,15,12:31:00 PM,73,67,48,306,1:19:00 PM,4,1:34:00 PM,1:23:00 PM,-11,Thursday,Jan
01/05/2015,EV,5391,N614QX,MDW,DTW,6:35:00 PM,6:33:00 PM,-2,12,6:45:00 PM,69,61,40,228,8:25:00 PM,9,8:44:00 PM,8:34:00 PM,-10,Monday,Jan
01/06/2015,EV,2516,N830AS,DFW,CRP,12:35:00 PM,1:41:00 PM,66,11,1:52:00 PM,75,74,60,354,2:52:00 PM,3,1:50:00 PM,2:55:00 PM,65,Tuesday,Jan
01/12/2015,WN,600,N275WN,SLC,OAK,12:00:00 PM,12:00:00 PM,0,14,12:14:00 PM,115,104,84,588,12:38:00 PM,6,12:55:00 PM,12:44:00 PM,-11,Monday,Jan
02/11/2015,WN,102,N798SW,MCO,IND,7:00:00 PM,6:57:00 PM,-3,17,7:14:00 PM,150,142,119,829,9:13:00 PM,6,9:30:00 PM,9:19:00 PM,-11,Wednesday,Feb
01/11/2015,DL,1326,N930DL,OMA,ATL,10:00:00 PM,5:57:00 PM,-3,23,12:20:00 AM,145,139,107,821,10:07:00 AM,9,10:25:00 AM,10:16:00 AM,-9,Sunday,Jan
01/23/2015,OO,4591,N779CA,GRB,MSP,12:00:00 PM,4:53:00 PM,293,24,5:17:00 PM,68,73,43,252,6:00:00 PM,6,1:08:00 PM,6:06:00 PM,298,Friday,Jan
02/04/2015,OO,5196,N718SK,SFO,PDX,3:58:00 AM,3:52:00 AM,-6,28,10:20:00 AM,107,110,78,550,9:38:00 PM,4,10:45:00 PM,10:42:00 PM,-3,Wednesday,Feb
02/04/2015,B6,901,N903JB,JFK,FLL,12:22:00 AM,12:20:00 AM,-2,23,2:43:00 AM,193,194,167,1069,10:30:00 AM,4,10:35:00 AM,10:34:00 AM,-1,Wednesday,Feb
02/07/2015,WN,2403,N613SW,HOU,DAL,8:00:00 PM,7:57:00 PM,-3,6,8:03:00 PM,60,61,44,239,8:47:00 PM,11,9:00:00 PM,8:58:00 PM,-2,Saturday,Feb
01/20/2015,UA,323,N461UA,PHL,DEN,3:55:00 AM,2:49:00 AM,-6,16,8:05:00 AM,265,260,234,1558,11:59:00 PM,10,10:20:00 AM,10:09:00 AM,-11,Tuesday,Jan
02/03/2015,EV,4294,N16546,SDF,EWR,7:28:00 PM,8:41:00 PM,73,9,8:50:00 PM,122,107,86,642,10:16:00 PM,12,9:30:00 PM,10:28:00 PM,58,Tuesday,Feb
01/29/2015,DL,2276,N951DL,MCO,LGA,12:00:00 PM,7:51:00 AM,-9,15,12:06:00 PM,153,153,130,950,9:16:00 AM,8,11:33:00 AM,10:24:00 AM,-9,Thursday,Jan
01/17/2015,UA,230,N430UA,MSY,IAH,5:30:00 AM,4:20:00 AM,-10,10,5:30:00 AM,78,69,52,305,2:22:00 PM,7,4:48:00 PM,2:29:00 PM,-19,Saturday,Jan
01/09/2015,B6,1895,N615JB,HPN,MCO,8:00:00 AM,11:14:00 AM,194,49,12:03:00 PM,176,218,154,972,2:37:00 PM,15,10:56:00 AM,2:52:00 PM,236,Friday,Jan
02/11/2015,UA,1573,N76517,IAH,LGA,11:43:00 AM,12:16:00 PM,33,26,12:42:00 PM,207,206,161,1416,4:23:00 PM,19,4:10:00 PM,4:42:00 PM,32,Wednesday,Feb
01/01/2015,UA,404,N478UA,IAH,SFO,3:40:00 PM,3:56:00 PM,16,12,4:08:00 PM,260,236,217,1635,5:45:00 PM,7,6:00:00 PM,5:52:00 PM,-8,Thursday,Jan
01/09/2015,OO,4559,N459SW,DTW,SBN,3:32:00 PM,7:19:00 PM,527,30,1:49:00 AM,62,69,34,157,12:23:00 PM,5,4:34:00 PM,12:28:00 PM,534,Friday,Jan
01/20/2015,OO,6438,N119SY,AUS,ORD,1:10:00 PM,12:04:00 PM,-6,14,1:18:00 PM,159,166,140,978,11:38:00 AM,12,12:49:00 PM,1:50:00 PM,1,Tuesday,Jan
01/24/2015,AA,32,N790AA,LAX,JFK,2:25:00 PM,2:47:00 PM,22,13,3:00:00 PM,323,317,294,2475,10:54:00 PM,10,10:48:00 PM,11:04:00 PM,16,Saturday,Jan
02/09/2015,DL,1355,N310DE,ATL,EYW,10:40:00 PM,10:49:00 PM,9,41,10:30:00 AM,113,129,86,646,11:56:00 AM,2,11:33:00 AM,11:58:00 AM,25,Monday,Feb
01/04/2015,OO,4468,N426SW,SLC,HLN,3:35:00 PM,3:32:00 PM,-3,18,3:50:00 PM,95,102,79,402,5:09:00 PM,5,5:10:00 PM,5:14:00 PM,4,Sunday,Jan
01/17/2015,WN,3328,N782SA,ATL,IND,10:55:00 AM,10:51:00 AM,-4,15,11:06:00 AM,105,87,67,432,12:13:00 PM,5,12:40:00 PM,12:18:00 PM,-22,Saturday,Jan
01/05/2015,UA,1728,N75854,SFO,BOS,10:40:00 PM,10:44:00 PM,4,16,11:00:00 PM,330,322,300,2704,10:00:00 PM,6,11:10:00 PM,10:06:00 PM,-4,Monday,Jan
01/13/2015,DL,2550,N366NB,SLC,SNA,11:38:00 AM,11:34:00 AM,-4,13,11:47:00 AM,115,101,81,588,12:08:00 PM,7,12:33:00 PM,12:15:00 PM,-18,Tuesday,Jan
01/25/2015,WN,2360,N8653A,PHX,SAN,8:45:00 PM,8:51:00 PM,6,16,9:07:00 PM,70,67,47,304,8:54:00 PM,4,8:55:00 PM,8:58:00 PM,3,Sunday,Jan
01/25/2015,WN,3828,N7735A,STL,LAX,8:15:00 PM,8:53:00 PM,38,23,9:16:00 PM,255,229,200,1592,10:36:00 PM,6,10:30:00 PM,10:42:00 PM,12,Sunday,Jan
01/31/2015,WN,3776,N356SW,SAT,DAL,10:45:00 PM,10:41:00 PM,-4,10,11:51:00 PM,60,57,44,248,10:35:00 AM,3,10:45:00 AM,10:38:00 AM,-7,Saturday,Jan
01/31/2015,US,742,N117UW,ORD,PHL,1:55:00 PM,1:54:00 PM,-1,15,2:09:00 PM,124,114,96,678,4:45:00 PM,3,4:59:00 PM,4:48:00 PM,-11,Saturday,Jan
01/13/2015,WN,484,N430WN,OAK,SLC,6:55:00 PM,6:57:00 PM,2,10,7:07:00 PM,100,99,85,588,9:32:00 PM,4,9:35:00 PM,9:36:00 PM,1,Tuesday,Jan
01/26/2015,DL,1491,N945DN,ATL,TPA,6:30:00 PM,6:23:00 PM,-7,15,6:38:00 PM,85,74,55,406,7:33:00 PM,4,7:55:00 PM,7:37:00 PM,-18,Monday,Jan
01/23/2015,DL,2430,N929AT,ECP,ATL,11:15:00 PM,2:40:00 AM,25,17,3:57:00 AM,74,71,44,240,10:41:00 PM,10,8:29:00 PM,11:51:00 PM,22,Friday,Jan
01/16/2015,OO,5434,N953SW,MKG,ORD,7:33:00 PM,7:22:00 PM,-11,21,7:43:00 PM,64,69,34,118,7:17:00 PM,14,7:37:00 PM,7:31:00 PM,-6,Friday,Jan
02/07/2015,WN,2772,N642WN,PHX,LAX,3:45:00 PM,3:43:00 PM,-2,8,3:51:00 PM,80,77,62,370,3:53:00 PM,7,4:05:00 PM,4:00:00 PM,-5,Saturday,Feb
01/06/2015,B6,1066,N351JB,RSW,BOS,6:45:00 PM,7:18:00 PM,33,11,7:29:00 PM,178,176,160,1249,10:09:00 PM,5,9:43:00 PM,10:14:00 PM,31,Tuesday,Jan
02/07/2015,DL,1848,N966AT,CLT,ATL,10:40:00 AM,10:38:00 AM,-2,10,10:48:00 AM,75,54,39,226,11:27:00 AM,5,11:55:00 AM,11:32:00 AM,-23,Saturday,Feb
01/12/2015,B6,2253,N766JB,JFK,PBI,6:40:00 PM,6:55:00 PM,15,18,7:13:00 PM,180,201,177,1028,10:10:00 PM,6,9:40:00 PM,10:16:00 PM,36,Monday,Jan
01/13/2015,WN,4734,N524SW,AUS,DAL,7:35:00 PM,7:33:00 PM,-2,9,7:42:00 PM,55,48,35,189,8:17:00 PM,4,8:30:00 PM,8:21:00 PM,-9,Tuesday,Jan
01/18/2015,EV,5332,N759EV,ATL,GPT,11:30:00 AM,10:28:00 AM,-2,15,12:43:00 PM,87,79,61,352,12:44:00 PM,3,1:57:00 PM,12:47:00 PM,-10,Sunday,Jan
01/14/2015,US,1929,N803AW,IND,CLT,12:05:00 PM,11:59:00 AM,-6,32,12:31:00 PM,98,117,77,427,1:48:00 PM,8,1:43:00 PM,1:56:00 PM,13,Wednesday,Jan
01/18/2015,EV,4516,N27962,MEM,IAH,6:13:00 PM,6:04:00 PM,-9,19,6:23:00 PM,111,107,79,468,7:42:00 PM,9,8:04:00 PM,7:51:00 PM,-13,Sunday,Jan
01/14/2015,MQ,2964,N928MQ,DFW,GRI,8:05:00 PM,8:03:00 PM,-2,22,8:25:00 PM,107,102,76,561,9:41:00 PM,4,9:52:00 PM,9:45:00 PM,-7,Wednesday,Jan
01/01/2015,OO,5181,N788SK,OKC,LAX,12:05:00 PM,12:02:00 PM,-3,40,4:42:00 PM,199,211,165,1187,12:27:00 AM,6,12:24:00 AM,1:33:00 AM,9,Thursday,Jan
01/06/2015,EV,4626,N14177,MSP,IAH,7:15:00 PM,7:13:00 PM,-2,10,8:23:00 PM,185,166,146,1034,11:49:00 AM,10,12:20:00 PM,11:59:00 AM,-21,Tuesday,Jan
01/13/2015,WN,2700,N263WN,SAN,SFO,8:00:00 PM,7:55:00 PM,-5,10,8:05:00 PM,95,81,67,447,9:12:00 PM,4,9:35:00 PM,9:16:00 PM,-19,Tuesday,Jan
02/04/2015,DL,1431,N891AT,DTW,ORD,12:49:00 PM,12:48:00 PM,-1,46,9:34:00 PM,98,106,49,235,8:23:00 PM,11,8:27:00 PM,9:34:00 PM,7,Wednesday,Feb
02/09/2015,OO,4969,N125SY,DCA,ORD,10:45:00 AM,10:34:00 AM,-11,17,10:51:00 AM,135,125,99,612,11:30:00 AM,9,12:00:00 PM,11:39:00 AM,-21,Monday,Feb
01/14/2015,B6,494,N508JB,DEN,BOS,12:40:00 PM,12:33:00 PM,-7,17,12:50:00 PM,224,255,232,1754,6:42:00 PM,6,6:24:00 PM,6:48:00 PM,24,Wednesday,Jan
01/01/2015,OO,6488,N783SK,IAH,TUL,9:22:00 PM,9:20:00 PM,-2,19,9:39:00 PM,88,88,65,429,10:44:00 PM,4,10:50:00 PM,10:48:00 PM,-2,Thursday,Jan
01/04/2015,OO,4649,N460SW,BZN,SLC,5:50:00 PM,5:50:00 PM,0,27,6:17:00 PM,88,83,51,347,7:08:00 PM,5,7:18:00 PM,7:13:00 PM,-5,Sunday,Jan
01/19/2015,B6,654,N579JB,PBI,JFK,12:47:00 PM,12:50:00 PM,3,15,1:05:00 PM,162,163,142,1028,3:27:00 PM,6,3:29:00 PM,3:33:00 PM,4,Monday,Jan
01/30/2015,WN,1433,N739GB,OAK,LAS,2:05:00 PM,2:44:00 PM,39,9,2:53:00 PM,85,90,73,407,4:06:00 PM,8,3:30:00 PM,4:14:00 PM,44,Friday,Jan
01/30/2015,DL,1761,N916DL,ATL,PHL,12:30:00 PM,12:30:00 PM,0,18,12:48:00 PM,123,121,100,666,2:28:00 PM,3,2:33:00 PM,2:31:00 PM,-2,Friday,Jan
01/06/2015,WN,3146,N8320J,LAS,SNA,7:30:00 PM,7:30:00 PM,0,14,7:44:00 PM,65,58,38,226,8:22:00 PM,6,8:35:00 PM,8:28:00 PM,-7,Tuesday,Jan
01/26/2015,OO,4771,N823SK,SLC,SJC,9:50:00 PM,10:12:00 PM,22,10,10:22:00 PM,118,94,81,584,10:43:00 PM,3,10:48:00 PM,10:46:00 PM,-2,Monday,Jan
01/26/2015,OO,4515,N614SK,DFW,SLC,7:11:00 PM,7:12:00 PM,1,18,7:30:00 PM,171,156,134,989,8:44:00 PM,4,9:02:00 PM,8:48:00 PM,-14,Monday,Jan
01/09/2015,WN,820,N700GS,STL,MDW,6:25:00 PM,6:59:00 PM,34,12,7:11:00 PM,65,73,53,251,8:04:00 PM,8,7:30:00 PM,8:12:00 PM,42,Friday,Jan
01/07/2015,EV,4118,N13988,EWR,DTW,12:00:00 PM,12:00:00 PM,0,14,12:14:00 PM,124,119,95,488,1:49:00 PM,10,2:04:00 PM,1:59:00 PM,-5,Wednesday,Jan
01/09/2015,WN,171,N7728D,RDU,FLL,1:05:00 PM,12:59:00 PM,-6,11,1:10:00 PM,135,117,102,680,2:52:00 PM,4,3:20:00 PM,2:56:00 PM,-24,Friday,Jan
01/09/2015,DL,1692,N821DN,SAN,ATL,11:10:00 AM,11:04:00 AM,-6,17,11:21:00 AM,248,246,226,1892,6:07:00 PM,3,6:18:00 PM,6:10:00 PM,-8,Friday,Jan
01/22/2015,UA,736,N452UA,EWR,MIA,3:26:00 PM,3:36:00 PM,10,31,4:07:00 PM,194,187,154,1085,6:41:00 PM,2,6:40:00 PM,6:43:00 PM,3,Thursday,Jan
01/18/2015,AA,1140,N3CNAA,LGA,DFW,5:33:00 PM,5:22:00 PM,-11,42,6:04:00 PM,252,262,199,1389,8:23:00 PM,21,8:45:00 PM,8:44:00 PM,-1,Sunday,Jan
02/05/2015,EV,4085,N11192,EWR,OMA,3:54:00 PM,3:56:00 PM,2,21,4:17:00 PM,205,191,165,1134,6:02:00 PM,5,6:19:00 PM,6:07:00 PM,-12,Thursday,Feb
01/30/2015,AA,2399,N559AA,IAH,DFW,6:25:00 PM,6:40:00 PM,15,18,6:58:00 PM,75,71,46,224,7:44:00 PM,7,7:40:00 PM,7:51:00 PM,11,Friday,Jan
02/02/2015,OO,4561,N437SW,SLC,SJC,3:00:00 PM,2:56:00 PM,-4,14,3:10:00 PM,120,114,97,584,3:47:00 PM,3,4:00:00 PM,3:50:00 PM,-10,Monday,Feb
01/03/2015,EV,4881,N722EV,EWR,DTW,12:00:00 PM,7:57:00 AM,-3,12,12:09:00 PM,119,115,99,488,2:48:00 AM,4,3:59:00 AM,3:52:00 AM,-7,Saturday,Jan
01/26/2015,DL,2348,N6715C,SLC,DTW,11:20:00 AM,11:17:00 AM,-3,20,11:37:00 AM,212,205,178,1481,4:35:00 PM,7,4:52:00 PM,4:42:00 PM,-10,Monday,Jan
02/12/2015,B6,653,N589JB,JFK,PBI,11:30:00 AM,11:30:00 AM,0,25,1:55:00 PM,183,188,151,1028,11:26:00 AM,12,11:33:00 AM,11:38:00 AM,5,Thursday,Feb
01/21/2015,DL,1998,N994DL,ATL,BHM,10:47:00 PM,10:47:00 PM,0,17,10:04:00 AM,54,48,29,134,9:33:00 PM,2,10:41:00 PM,9:35:00 PM,-6,Wednesday,Jan
01/01/2015,OO,5320,N903SW,DEN,MAF,2:11:00 PM,2:41:00 PM,30,26,3:07:00 PM,102,119,87,563,5:34:00 PM,6,4:53:00 PM,5:40:00 PM,47,Thursday,Jan
01/19/2015,EV,5583,N741EV,GRR,MSP,6:01:00 PM,6:12:00 PM,11,8,6:20:00 PM,99,105,94,408,6:54:00 PM,3,6:40:00 PM,6:57:00 PM,17,Monday,Jan
02/06/2015,WN,251,N923WN,DEN,LAX,1:50:00 PM,12:47:00 PM,-3,9,1:56:00 PM,150,131,117,862,11:53:00 PM,5,10:20:00 AM,11:58:00 PM,-22,Friday,Feb
02/04/2015,WN,293,N7706A,PHX,SJC,10:25:00 AM,10:21:00 AM,-4,13,11:34:00 AM,120,110,93,621,6:07:00 PM,4,8:25:00 PM,7:11:00 PM,-14,Wednesday,Feb
01/18/2015,WN,354,N731SA,BWI,MCO,2:20:00 PM,2:24:00 PM,4,8,2:32:00 PM,150,142,123,787,4:35:00 PM,11,4:50:00 PM,4:46:00 PM,-4,Sunday,Jan
01/07/2015,DL,1928,N6712B,MCO,DTW,10:20:00 AM,10:21:00 AM,1,12,11:33:00 AM,160,150,128,957,10:41:00 AM,10,11:00:00 AM,10:51:00 AM,-9,Wednesday,Jan
02/03/2015,WN,483,N613SW,LAS,ABQ,1:30:00 AM,12:23:00 AM,-7,20,2:43:00 AM,85,95,63,486,10:46:00 PM,12,11:55:00 PM,11:58:00 PM,3,Tuesday,Feb
01/09/2015,DL,1770,N67171,MSP,SEA,7:50:00 PM,7:55:00 PM,5,31,8:26:00 PM,227,240,205,1399,9:51:00 PM,4,9:37:00 PM,9:55:00 PM,18,Friday,Jan
01/04/2015,EV,4497,N13956,MCI,IAH,10:00:00 AM,11:53:00 PM,-7,18,10:11:00 AM,130,142,109,643,12:00:00 PM,15,12:10:00 PM,12:15:00 PM,5,Sunday,Jan
01/13/2015,UA,1536,N68836,ORD,PHX,5:17:00 PM,5:21:00 PM,4,20,5:41:00 PM,239,226,195,1440,7:56:00 PM,11,8:16:00 PM,8:07:00 PM,-9,Tuesday,Jan
01/27/2015,WN,4896,N638SW,MCO,RIC,8:15:00 PM,8:10:00 PM,-5,13,8:23:00 PM,110,113,95,667,9:58:00 PM,5,10:05:00 PM,10:03:00 PM,-2,Tuesday,Jan
02/02/2015,WN,1085,N207WN,PHX,ONT,11:50:00 AM,1:17:00 PM,87,38,1:55:00 PM,70,91,48,325,1:43:00 PM,5,12:00:00 PM,1:48:00 PM,108,Monday,Feb
01/22/2015,AA,1266,N3BDAA,RDU,MIA,1:20:00 PM,1:20:00 PM,0,12,1:32:00 PM,128,127,103,700,3:15:00 PM,12,3:28:00 PM,3:27:00 PM,-1,Thursday,Jan
01/06/2015,DL,2025,N910DL,ATL,BWI,12:40:00 PM,10:06:00 AM,86,18,10:24:00 AM,108,104,80,577,11:44:00 AM,6,10:28:00 AM,11:50:00 AM,82,Tuesday,Jan
02/12/2015,AA,2243,N3KSAA,LGA,MIA,3:59:00 AM,3:56:00 AM,-3,26,10:22:00 AM,201,197,165,1096,11:07:00 AM,6,11:20:00 AM,11:13:00 AM,-7,Thursday,Feb
01/20/2015,NK,762,N527NK,ATL,ORD,8:20:00 PM,7:19:00 PM,-1,14,9:33:00 PM,120,127,92,606,10:05:00 AM,21,10:20:00 AM,10:26:00 AM,6,Tuesday,Jan
01/21/2015,OO,6295,N563SW,LAX,FAT,7:00:00 PM,6:58:00 PM,-2,21,7:19:00 PM,73,75,51,209,8:10:00 PM,3,8:13:00 PM,8:13:00 PM,0,Wednesday,Jan
02/02/2015,OO,2598,N464SW,LAX,TUS,11:29:00 AM,11:24:00 AM,-5,11,11:35:00 AM,84,78,63,451,1:38:00 PM,4,1:53:00 PM,1:42:00 PM,-11,Monday,Feb
01/06/2015,MQ,3618,N524MQ,LIT,ORD,5:34:00 PM,6:21:00 PM,47,12,6:33:00 PM,116,141,77,552,7:50:00 PM,52,7:30:00 PM,8:42:00 PM,72,Tuesday,Jan
01/29/2015,EV,4501,N15973,HPN,ORD,5:15:00 PM,6:17:00 PM,62,9,6:26:00 PM,151,129,111,738,7:17:00 PM,9,6:46:00 PM,7:26:00 PM,40,Thursday,Jan
01/10/2015,US,1826,N187US,PHX,LAS,3:10:00 PM,3:02:00 PM,-8,15,3:17:00 PM,68,66,45,255,3:02:00 PM,6,3:18:00 PM,3:08:00 PM,-10,Saturday,Jan
02/03/2015,WN,2780,N8329B,BWI,MDW,5:10:00 PM,5:07:00 PM,-3,52,5:59:00 PM,130,171,107,611,6:46:00 PM,12,6:20:00 PM,6:58:00 PM,38,Tuesday,Feb
01/12/2015,AS,311,N703AS,PSP,SFO,10:00:00 PM,5:56:00 PM,-4,15,11:11:00 PM,90,95,70,421,10:21:00 AM,10,11:30:00 AM,11:31:00 AM,1,Monday,Jan
01/09/2015,OO,4444,N446SW,MSP,DLH,2:21:00 PM,2:24:00 PM,3,13,2:37:00 PM,59,62,33,144,3:10:00 PM,16,3:20:00 PM,3:26:00 PM,6,Friday,Jan
02/09/2015,UA,1004,N38268,LAX,LAS,10:35:00 PM,10:29:00 PM,-6,15,10:44:00 PM,73,65,44,236,11:28:00 PM,6,11:48:00 PM,11:34:00 PM,-14,Monday,Feb
02/11/2015,UA,465,N807UA,EWR,CLE,3:59:00 AM,3:55:00 AM,-4,23,9:18:00 AM,104,94,66,404,8:24:00 PM,5,10:43:00 PM,8:29:00 PM,-14,Wednesday,Feb
01/09/2015,AA,1112,N3HBAA,SFO,DFW,6:30:00 AM,12:48:00 AM,18,11,11:59:00 AM,189,192,176,1464,7:55:00 AM,5,5:39:00 AM,12:00:00 PM,21,Friday,Jan
01/30/2015,WN,978,N691WN,LAX,SFO,1:50:00 PM,1:55:00 PM,5,9,2:04:00 PM,80,70,55,337,2:59:00 PM,6,3:10:00 PM,3:05:00 PM,-5,Friday,Jan
01/28/2015,MQ,3133,N604MQ,ORD,EVV,5:15:00 PM,5:09:00 PM,-6,11,5:20:00 PM,65,54,40,273,6:00:00 PM,3,6:20:00 PM,6:03:00 PM,-17,Wednesday,Jan
02/03/2015,EV,5169,N740EV,MDW,MSP,12:59:00 PM,12:53:00 PM,-6,23,1:16:00 PM,91,106,72,349,2:28:00 PM,11,2:30:00 PM,2:39:00 PM,9,Tuesday,Feb
01/31/2015,US,2042,N547UW,CLT,JFK,1:34:00 AM,12:27:00 AM,-7,10,1:37:00 AM,105,97,82,541,1:59:00 PM,5,7:19:00 PM,6:04:00 PM,-15,Saturday,Jan
01/23/2015,MQ,3072,N651MQ,COU,DFW,2:37:00 PM,3:59:00 PM,82,13,4:12:00 PM,108,102,78,489,5:30:00 PM,11,4:25:00 PM,5:41:00 PM,76,Friday,Jan
01/17/2015,OO,5646,N237SW,SFO,SBA,10:40:00 AM,11:48:00 AM,68,13,12:01:00 PM,83,77,58,262,12:59:00 PM,6,12:03:00 PM,1:05:00 PM,62,Saturday,Jan
02/07/2015,OO,6454,N980SW,RNO,SFO,4:23:00 PM,5:47:00 PM,84,13,6:00:00 PM,72,61,44,192,6:44:00 PM,4,5:35:00 PM,6:48:00 PM,73,Saturday,Feb
01/23/2015,WN,1064,N259WN,MDW,PHX,10:40:00 AM,11:11:00 AM,31,7,11:18:00 AM,235,197,186,1444,1:24:00 PM,4,1:35:00 PM,1:28:00 PM,-7,Friday,Jan
02/03/2015,EV,4319,N14570,PVD,ORD,11:10:00 PM,10:06:00 PM,-4,15,12:21:00 AM,170,173,141,849,12:42:00 PM,17,6:00:00 PM,1:59:00 PM,-1,Tuesday,Feb
02/10/2015,NK,209,N637NK,ORD,OAK,3:50:00 PM,3:45:00 PM,-5,20,4:05:00 PM,285,295,265,1836,6:30:00 PM,10,6:35:00 PM,6:40:00 PM,5,Tuesday,Feb
01/30/2015,US,608,N508AY,PHX,LAS,9:15:00 PM,10:51:00 PM,96,13,11:04:00 PM,70,60,41,255,10:45:00 PM,6,9:25:00 PM,10:51:00 PM,86,Friday,Jan
01/16/2015,AA,1250,N3ECAA,SFO,LAX,10:05:00 PM,11:13:00 PM,8,24,1:37:00 AM,89,94,53,337,11:30:00 AM,17,11:34:00 AM,12:47:00 PM,13,Friday,Jan
01/29/2015,EV,4862,N13969,TUL,IAH,2:25:00 PM,2:22:00 PM,-3,9,3:31:00 PM,106,114,89,429,8:00:00 AM,16,9:11:00 AM,9:16:00 AM,5,Thursday,Jan
01/01/2015,US,1923,N829AW,MEM,CLT,1:35:00 AM,12:24:00 AM,-11,17,2:41:00 AM,104,87,63,511,10:44:00 PM,7,10:19:00 AM,11:51:00 PM,-28,Thursday,Jan
02/02/2015,US,449,N802AW,PHX,BOI,9:09:00 PM,9:02:00 PM,-7,18,9:20:00 PM,132,140,112,735,11:12:00 PM,10,11:21:00 PM,11:22:00 PM,1,Monday,Feb
01/31/2015,AA,2390,N3BAAA,PHX,DTW,7:40:00 PM,8:05:00 PM,25,15,8:20:00 PM,226,208,189,1671,12:29:00 PM,4,12:26:00 PM,1:33:00 PM,7,Saturday,Jan
01/22/2015,OO,4833,N170PQ,LAX,OAK,12:25:00 AM,6:06:00 PM,101,21,8:27:00 PM,83,86,61,337,10:28:00 AM,4,12:48:00 PM,10:32:00 AM,104,Thursday,Jan
01/30/2015,EV,4564,N13132,CVG,EWR,2:19:00 PM,2:16:00 PM,-3,17,2:33:00 PM,119,131,104,569,4:17:00 PM,10,4:18:00 PM,4:27:00 PM,9,Friday,Jan
01/31/2015,WN,2967,N499WN,FLL,MKE,10:00:00 PM,5:54:00 PM,-6,11,10:05:00 PM,210,199,184,1243,6:09:00 PM,4,9:30:00 PM,7:13:00 PM,-17,Saturday,Jan
02/03/2015,DL,1917,N372NW,DTW,LAS,7:55:00 PM,7:55:00 PM,0,19,8:14:00 PM,281,275,248,1749,9:22:00 PM,8,9:36:00 PM,9:30:00 PM,-6,Tuesday,Feb
01/30/2015,WN,4649,N455WN,MDW,SDF,6:35:00 PM,6:48:00 PM,13,10,6:58:00 PM,70,56,41,271,8:39:00 PM,5,8:45:00 PM,8:44:00 PM,-1,Friday,Jan
01/18/2015,WN,1690,N439WN,ISP,TPA,11:30:00 AM,11:31:00 AM,1,19,1:50:00 PM,195,196,174,1034,11:44:00 AM,3,11:45:00 AM,11:47:00 AM,2,Sunday,Jan
01/20/2015,WN,2353,N8317M,SMF,LAS,5:55:00 PM,5:54:00 PM,-1,8,10:02:00 PM,80,73,59,397,8:01:00 AM,6,9:15:00 AM,8:07:00 AM,-8,Tuesday,Jan
01/15/2015,WN,181,N8624J,RNO,LAS,10:00:00 PM,5:57:00 PM,-3,20,11:17:00 PM,85,82,57,345,9:14:00 AM,5,10:25:00 AM,9:19:00 AM,-6,Thursday,Jan
01/12/2015,DL,1651,N914DN,MSP,LAS,11:20:00 AM,11:14:00 AM,-6,13,11:27:00 AM,213,192,174,1299,12:21:00 PM,5,12:53:00 PM,12:26:00 PM,-27,Monday,Jan
01/01/2015,WN,1050,N216WR,MCO,DEN,6:05:00 PM,6:00:00 PM,-5,9,6:09:00 PM,245,239,220,1546,7:49:00 PM,10,8:10:00 PM,7:59:00 PM,-11,Thursday,Jan
01/02/2015,WN,746,N7726A,PHX,MSP,6:45:00 PM,7:20:00 PM,35,8,7:28:00 PM,180,165,154,1276,11:02:00 PM,3,10:45:00 PM,11:05:00 PM,20,Friday,Jan
01/19/2015,UA,1660,N76514,MSP,DEN,1:05:00 PM,1:02:00 PM,-3,22,1:24:00 PM,137,132,101,680,2:05:00 PM,9,2:22:00 PM,2:14:00 PM,-8,Monday,Jan
01/03/2015,UA,579,N442UA,AUS,DEN,1:37:00 AM,2:49:00 AM,12,10,3:59:00 AM,137,119,100,775,11:39:00 AM,9,1:54:00 PM,12:48:00 PM,-6,Saturday,Jan
01/16/2015,AA,1126,N598AA,SMF,DFW,2:40:00 AM,12:21:00 AM,-19,28,2:49:00 AM,202,202,170,1431,12:39:00 PM,4,1:02:00 PM,12:43:00 PM,-19,Friday,Jan
02/04/2015,DL,1181,N919DE,CLT,ATL,7:30:00 PM,7:32:00 PM,2,11,7:43:00 PM,83,67,39,226,8:22:00 PM,17,8:53:00 PM,8:39:00 PM,-14,Wednesday,Feb
01/08/2015,AA,1025,N3AYAA,MIA,CLT,1:15:00 PM,1:18:00 PM,3,14,1:32:00 PM,129,132,102,650,3:14:00 PM,16,3:24:00 PM,3:30:00 PM,6,Thursday,Jan
01/17/2015,MQ,3012,N532MQ,DFW,LBB,11:55:00 PM,10:49:00 PM,-6,14,10:03:00 AM,66,72,54,282,10:57:00 AM,4,11:01:00 AM,11:01:00 AM,0,Saturday,Jan
01/22/2015,B6,1454,N629JB,SJU,FLL,6:19:00 PM,6:17:00 PM,-2,8,6:25:00 PM,168,165,151,1046,7:56:00 PM,6,8:07:00 PM,8:02:00 PM,-5,Thursday,Jan
01/10/2015,WN,4671,N736SA,DAL,AUS,4:40:00 PM,4:40:00 PM,0,23,10:03:00 PM,55,65,38,189,2:41:00 AM,4,1:35:00 AM,2:45:00 AM,10,Saturday,Jan
01/17/2015,DL,1977,N915DN,ATL,ORD,4:16:00 PM,4:14:00 PM,-2,9,4:23:00 PM,123,105,91,606,4:54:00 PM,5,5:19:00 PM,4:59:00 PM,-20,Saturday,Jan
01/27/2015,WN,3933,N790SW,ATL,TPA,5:00:00 PM,5:25:00 PM,25,18,5:43:00 PM,90,79,56,406,6:39:00 PM,5,6:30:00 PM,6:44:00 PM,14,Tuesday,Jan
02/05/2015,WN,1082,N647SW,IND,BWI,12:00:00 PM,7:56:00 AM,-4,22,1:18:00 PM,105,97,70,516,12:28:00 AM,5,2:45:00 AM,1:33:00 AM,-12,Thursday,Feb
01/14/2015,MQ,3479,N908MQ,ORD,AZO,7:10:00 PM,6:08:00 PM,-2,14,8:22:00 PM,46,43,27,122,10:49:00 AM,2,10:56:00 AM,10:51:00 AM,-5,Wednesday,Jan
02/01/2015,AA,2323,N476AA,OMA,DFW,6:29:00 PM,8:08:00 PM,99,15,8:23:00 PM,116,105,85,583,9:48:00 PM,5,8:25:00 PM,9:53:00 PM,88,Sunday,Feb
01/01/2015,US,449,N804AW,CMH,PHX,5:45:00 PM,5:38:00 PM,-7,15,5:53:00 PM,262,281,261,1670,8:14:00 PM,5,8:07:00 PM,8:19:00 PM,12,Thursday,Jan
01/30/2015,EV,4205,N14902,BNA,IAH,5:45:00 PM,5:39:00 PM,-6,17,5:56:00 PM,140,144,115,657,7:51:00 PM,12,8:05:00 PM,8:03:00 PM,-2,Friday,Jan
02/05/2015,B6,741,N337JB,BOS,SRQ,2:41:00 AM,8:07:00 AM,26,25,11:32:00 AM,220,234,206,1220,11:58:00 AM,3,11:21:00 AM,12:01:00 PM,40,Thursday,Feb
02/05/2015,US,1922,N741UW,CLT,RIC,10:20:00 PM,10:18:00 PM,-2,12,10:30:00 PM,63,60,40,257,11:10:00 PM,8,11:23:00 PM,11:18:00 PM,-5,Thursday,Feb
02/06/2015,OO,4965,N472CA,BIS,DEN,1:07:00 PM,1:05:00 PM,-2,10,1:15:00 PM,102,94,79,516,1:34:00 PM,5,1:49:00 PM,1:39:00 PM,-10,Friday,Feb
01/25/2015,UA,415,N598UA,JFK,SFO,12:05:00 PM,7:53:00 AM,-12,47,4:40:00 PM,400,382,328,2586,6:08:00 PM,7,10:45:00 PM,7:15:00 PM,-30,Sunday,Jan
01/10/2015,DL,1801,N912DN,BOS,ATL,11:00:00 AM,10:58:00 AM,-2,16,11:14:00 AM,188,162,139,946,1:33:00 PM,7,2:08:00 PM,1:40:00 PM,-28,Saturday,Jan
02/08/2015,WN,1437,N419WN,BWI,ISP,1:55:00 PM,1:51:00 PM,-4,9,2:00:00 PM,60,56,42,220,2:42:00 PM,5,2:55:00 PM,2:47:00 PM,-8,Sunday,Feb
02/09/2015,OO,2726,N496CA,PHX,DRO,11:54:00 PM,10:44:00 PM,-10,24,10:08:00 AM,87,75,48,351,10:56:00 AM,3,11:21:00 AM,10:59:00 AM,-22,Monday,Feb
01/15/2015,B6,358,N584JB,BUR,JFK,9:52:00 PM,9:47:00 PM,-5,10,9:57:00 PM,307,309,296,2465,7:53:00 AM,3,7:59:00 AM,7:56:00 AM,-3,Thursday,Jan
01/06/2015,UA,1499,N68452,LAX,IAH,7:18:00 PM,8:22:00 PM,4,11,9:33:00 PM,192,191,175,1379,2:28:00 PM,5,2:30:00 PM,2:33:00 PM,3,Tuesday,Jan
01/12/2015,DL,1126,N917DL,ATL,CVG,9:54:00 PM,11:43:00 PM,109,38,9:21:00 PM,83,101,58,373,11:19:00 AM,5,11:17:00 PM,12:24:00 PM,127,Monday,Jan
01/15/2015,OO,5384,N582SW,SBP,LAX,11:54:00 AM,11:51:00 AM,-3,8,11:59:00 AM,69,61,44,156,12:43:00 PM,9,1:03:00 PM,12:52:00 PM,-11,Thursday,Jan
01/19/2015,AA,2305,N4YTAA,ORD,DFW,1:30:00 AM,12:24:00 AM,-6,21,2:45:00 AM,155,157,118,802,10:43:00 PM,18,10:05:00 AM,10:01:00 AM,-4,Monday,Jan
01/12/2015,OO,5646,N221SW,SFO,SBA,10:40:00 AM,10:43:00 AM,3,16,10:59:00 AM,83,75,54,262,11:53:00 AM,5,12:03:00 PM,11:58:00 AM,-5,Monday,Jan
01/06/2015,UA,1410,N66831,SAN,IAH,4:45:00 PM,5:51:00 PM,6,11,10:02:00 PM,191,188,171,1303,11:53:00 AM,6,11:56:00 AM,11:59:00 AM,3,Tuesday,Jan
01/13/2015,F9,723,N939FR,DCA,DEN,1:32:00 PM,2:03:00 PM,31,26,2:29:00 PM,242,237,206,1476,3:55:00 PM,5,3:34:00 PM,4:00:00 PM,26,Tuesday,Jan
02/11/2015,UA,1441,N69839,MCO,IAH,3:30:00 PM,3:36:00 PM,6,10,4:46:00 PM,163,142,127,854,3:53:00 AM,5,9:13:00 AM,3:58:00 AM,-15,Wednesday,Feb
01/17/2015,UA,441,N568UA,JFK,LAX,12:00:00 PM,12:00:00 PM,0,17,1:17:00 PM,386,369,346,2475,6:03:00 PM,6,8:26:00 PM,6:09:00 PM,-17,Saturday,Jan
01/24/2015,US,1777,N803AW,RSW,DCA,7:20:00 PM,7:11:00 PM,-9,14,7:25:00 PM,139,131,111,892,9:16:00 PM,6,9:39:00 PM,9:22:00 PM,-17,Saturday,Jan
01/03/2015,WN,1461,N715SW,SJC,SNA,9:35:00 PM,10:10:00 AM,35,8,10:18:00 AM,75,68,56,342,11:14:00 AM,4,10:50:00 AM,11:18:00 AM,28,Saturday,Jan
01/01/2015,US,413,N571UW,PHX,SEA,2:50:00 PM,2:50:00 PM,0,22,3:12:00 PM,186,179,154,1107,4:46:00 PM,3,4:56:00 PM,4:49:00 PM,-7,Thursday,Jan
01/21/2015,EV,5597,N676CA,LFT,ATL,11:25:00 AM,11:24:00 AM,-1,47,12:11:00 PM,98,122,64,503,2:15:00 PM,11,2:03:00 PM,2:26:00 PM,23,Wednesday,Jan
01/21/2015,US,782,N181UW,PHL,LAX,6:00:00 PM,5:55:00 PM,-5,67,7:02:00 PM,374,402,329,2402,9:31:00 PM,6,9:14:00 PM,9:37:00 PM,23,Wednesday,Jan
01/08/2015,WN,2251,N641SW,LAS,RNO,10:00:00 PM,5:53:00 PM,-7,11,10:04:00 PM,80,70,53,345,3:57:00 AM,6,10:20:00 AM,8:03:00 AM,-17,Thursday,Jan
01/17/2015,HA,1,N389HA,LAX,HNL,12:40:00 PM,11:30:00 AM,-10,12,12:42:00 PM,345,370,348,2556,12:30:00 PM,10,12:25:00 PM,12:40:00 PM,15,Saturday,Jan
02/08/2015,DL,1222,N964DN,SRQ,ATL,5:30:00 PM,5:28:00 PM,-2,15,5:43:00 PM,103,93,73,444,6:56:00 PM,5,7:13:00 PM,7:01:00 PM,-12,Sunday,Feb
01/09/2015,AA,1307,N3JLAA,LAX,BNA,11:45:00 AM,12:50:00 PM,65,19,1:09:00 PM,231,229,205,1797,6:34:00 PM,5,5:36:00 PM,6:39:00 PM,63,Friday,Jan
01/23/2015,WN,742,N631SW,SEA,SMF,10:00:00 PM,5:55:00 PM,-5,22,11:17:00 PM,105,103,74,605,11:31:00 AM,7,12:45:00 PM,11:38:00 AM,-7,Friday,Jan
01/04/2015,MQ,3210,N515MQ,DFW,CID,6:30:00 PM,6:38:00 PM,8,15,6:53:00 PM,113,105,83,685,8:16:00 PM,7,8:23:00 PM,8:23:00 PM,0,Sunday,Jan
01/09/2015,OO,4577,N461SW,MSP,RAP,7:30:00 PM,7:31:00 PM,1,37,8:08:00 PM,111,121,80,489,8:28:00 PM,4,8:21:00 PM,8:32:00 PM,11,Friday,Jan
01/03/2015,DL,2196,N373NW,MSP,LGA,3:20:00 PM,3:49:00 PM,29,20,4:09:00 PM,160,166,126,1020,7:15:00 PM,20,7:00:00 PM,7:35:00 PM,35,Saturday,Jan
01/17/2015,US,456,N662AW,IAH,PHX,2:45:00 PM,2:44:00 PM,-1,12,2:56:00 PM,175,165,146,1009,4:22:00 PM,7,4:40:00 PM,4:29:00 PM,-11,Saturday,Jan
02/04/2015,DL,1914,N6704Z,LGA,ATL,4:59:00 PM,6:52:00 PM,113,38,7:30:00 PM,176,163,114,762,9:24:00 PM,11,7:55:00 PM,9:35:00 PM,100,Wednesday,Feb
01/24/2015,UA,367,N430UA,CLE,FLL,8:06:00 AM,8:03:00 AM,-3,12,9:15:00 AM,183,182,165,1062,11:00:00 AM,5,11:09:00 AM,11:05:00 AM,-4,Saturday,Jan
01/13/2015,UA,430,N824UA,ALB,ORD,5:43:00 PM,5:40:00 PM,-3,15,5:55:00 PM,153,151,109,723,6:44:00 PM,27,7:16:00 PM,7:11:00 PM,-5,Tuesday,Jan
01/01/2015,AA,2228,N639AA,STT,MIA,5:06:00 PM,4:48:00 PM,-18,12,5:00:00 PM,184,171,151,1107,6:31:00 PM,8,7:10:00 PM,6:39:00 PM,-31,Thursday,Jan
01/06/2015,MQ,2908,N931MQ,ABI,DFW,5:55:00 PM,2:44:00 AM,49,7,3:51:00 AM,54,52,40,158,11:31:00 AM,5,2:49:00 AM,11:36:00 AM,47,Tuesday,Jan
01/13/2015,UA,677,N457UA,RNO,DEN,1:19:00 PM,1:09:00 PM,-10,10,1:19:00 PM,134,128,114,804,4:13:00 PM,4,4:33:00 PM,4:17:00 PM,-16,Tuesday,Jan
02/12/2015,UA,657,N808UA,EWR,CLE,2:00:00 PM,1:56:00 PM,-4,23,2:19:00 PM,104,100,74,404,3:33:00 PM,3,3:44:00 PM,3:36:00 PM,-8,Thursday,Feb
01/29/2015,EV,6182,N13903,IAD,ORF,9:52:00 PM,9:48:00 PM,-4,17,10:05:00 PM,61,58,37,157,10:42:00 PM,4,10:53:00 PM,10:46:00 PM,-7,Thursday,Jan
01/19/2015,B6,1466,N599JB,FLL,BUF,6:46:00 PM,6:51:00 PM,5,19,7:10:00 PM,174,179,156,1165,9:46:00 PM,4,9:40:00 PM,9:50:00 PM,10,Monday,Jan
01/14/2015,EV,5519,N872AS,DTW,LEX,5:30:00 PM,5:31:00 PM,1,14,5:45:00 PM,79,65,46,296,6:31:00 PM,5,6:49:00 PM,6:36:00 PM,-13,Wednesday,Jan
02/11/2015,AA,40,N3EAAA,ORD,DCA,2:20:00 PM,1:12:00 PM,-8,11,2:23:00 PM,105,97,80,612,12:43:00 PM,6,6:05:00 PM,12:49:00 PM,-16,Wednesday,Feb
01/17/2015,EV,4981,N181PQ,OMA,ATL,5:07:00 PM,5:02:00 PM,-5,10,5:12:00 PM,129,116,101,821,7:53:00 PM,5,8:16:00 PM,7:58:00 PM,-18,Saturday,Jan
01/15/2015,DL,1867,N933AT,TUL,ATL,12:00:00 PM,7:57:00 AM,-3,18,1:15:00 PM,120,108,84,674,11:39:00 AM,6,6:00:00 PM,12:45:00 PM,-15,Thursday,Jan
01/04/2015,DL,1847,N337NW,LGA,ATL,10:00:00 AM,10:00:00 AM,0,20,10:20:00 AM,174,150,124,762,12:24:00 PM,6,12:54:00 PM,12:30:00 PM,-24,Sunday,Jan
01/03/2015,WN,4010,N362SW,ATL,TPA,8:05:00 PM,8:34:00 PM,29,17,8:51:00 PM,85,86,63,406,9:54:00 PM,6,9:30:00 PM,10:00:00 PM,30,Saturday,Jan
01/03/2015,EV,4339,N11137,IAH,MKE,12:57:00 PM,1:03:00 PM,6,15,1:18:00 PM,161,132,105,984,3:03:00 PM,12,3:38:00 PM,3:15:00 PM,-23,Saturday,Jan
02/06/2015,EV,5425,N979EV,CRW,ATL,2:00:00 PM,1:53:00 PM,-7,16,2:09:00 PM,86,88,61,363,3:10:00 PM,11,3:26:00 PM,3:21:00 PM,-5,Friday,Feb
01/10/2015,AA,1186,N3DBAA,DFW,BOS,2:20:00 PM,1:16:00 PM,-4,9,2:25:00 PM,201,200,184,1562,10:29:00 AM,7,10:41:00 AM,10:36:00 AM,-5,Saturday,Jan
02/02/2015,WN,739,N8645A,BNA,DEN,2:45:00 PM,2:43:00 PM,-2,9,2:52:00 PM,175,172,158,1014,4:30:00 PM,5,4:40:00 PM,4:35:00 PM,-5,Monday,Feb
01/01/2015,EV,5987,N14148,TYS,ORD,12:21:00 AM,11:14:00 PM,-7,19,1:33:00 AM,109,108,83,475,3:56:00 AM,6,9:10:00 AM,8:02:00 AM,-8,Thursday,Jan
01/08/2015,AA,2464,N4XPAA,BNA,DFW,1:15:00 PM,1:08:00 PM,-7,15,1:23:00 PM,128,126,102,631,3:05:00 PM,9,3:23:00 PM,3:14:00 PM,-9,Thursday,Jan
01/09/2015,OO,4501,N936SW,CVG,GRR,8:21:00 PM,8:17:00 PM,-4,12,8:29:00 PM,69,73,56,268,9:25:00 PM,5,9:30:00 PM,9:30:00 PM,0,Friday,Jan
01/05/2015,OO,5633,N920SW,COS,DEN,10:01:00 PM,12:21:00 AM,20,10,1:31:00 AM,52,42,21,73,3:52:00 AM,11,3:53:00 AM,8:03:00 AM,10,Monday,Jan
01/19/2015,WN,558,N244WN,LAX,LAS,12:05:00 PM,12:10:00 PM,5,24,12:34:00 PM,60,67,37,236,1:11:00 PM,6,1:05:00 PM,1:17:00 PM,12,Monday,Jan
01/27/2015,WN,172,N245WN,BWI,MCI,7:45:00 PM,7:43:00 PM,-2,31,8:14:00 PM,180,174,139,967,9:33:00 PM,4,9:45:00 PM,9:37:00 PM,-8,Tuesday,Jan
02/12/2015,DL,1268,N908DA,ATL,DCA,12:20:00 PM,1:59:00 PM,99,22,2:21:00 PM,105,97,70,547,3:31:00 PM,5,2:05:00 PM,3:36:00 PM,91,Thursday,Feb
01/20/2015,EV,4537,N13965,EWR,MEM,10:29:00 AM,10:27:00 AM,-2,25,1:52:00 PM,187,187,156,946,10:28:00 AM,6,10:36:00 AM,10:34:00 AM,-2,Tuesday,Jan
01/09/2015,B6,1351,N510JB,BOS,MCO,4:48:00 PM,5:02:00 PM,14,24,5:26:00 PM,205,218,183,1121,8:29:00 PM,11,8:13:00 PM,8:40:00 PM,27,Friday,Jan
01/17/2015,EV,3920,N11150,DEN,IND,10:06:00 AM,10:13:00 AM,7,32,10:45:00 AM,150,162,115,977,2:40:00 PM,15,2:36:00 PM,2:55:00 PM,19,Saturday,Jan
02/10/2015,US,1842,N714US,PBI,CLT,10:15:00 AM,10:16:00 AM,1,9,10:25:00 AM,113,114,100,590,12:05:00 PM,5,12:08:00 PM,12:10:00 PM,2,Tuesday,Feb
01/13/2015,OO,4808,N815SK,PHX,SEA,10:43:00 AM,10:43:00 AM,0,27,11:10:00 AM,190,188,157,1107,12:47:00 PM,4,12:53:00 PM,12:51:00 PM,-2,Tuesday,Jan
01/06/2015,UA,1123,N37419,DEN,LAX,3:24:00 PM,5:09:00 PM,105,19,5:28:00 PM,151,136,105,862,6:13:00 PM,12,4:55:00 PM,6:25:00 PM,90,Tuesday,Jan
01/28/2015,WN,891,N944WN,ABQ,DAL,12:00:00 PM,7:56:00 AM,-4,8,12:04:00 PM,100,93,79,580,10:23:00 AM,6,12:40:00 PM,10:29:00 AM,-11,Wednesday,Jan
01/03/2015,US,847,N105UW,TPA,PHL,1:15:00 PM,1:14:00 PM,-1,9,2:23:00 PM,146,143,120,920,10:23:00 AM,14,12:41:00 PM,11:37:00 AM,-4,Saturday,Jan
01/23/2015,US,640,N575UW,PHX,LAX,9:05:00 PM,9:02:00 PM,-3,20,9:22:00 PM,88,92,60,370,9:22:00 PM,12,9:33:00 PM,9:34:00 PM,1,Friday,Jan
01/13/2015,OO,2742,N875AS,PHX,TUS,2:55:00 PM,2:49:00 PM,-6,29,3:18:00 PM,47,58,23,110,3:41:00 PM,6,3:42:00 PM,3:47:00 PM,5,Tuesday,Jan
01/31/2015,UA,1533,N37293,CLE,SJU,12:45:00 PM,12:45:00 PM,0,18,6:03:00 PM,255,230,207,1839,1:30:00 PM,5,2:00:00 PM,1:35:00 PM,-25,Saturday,Jan
02/06/2015,DL,2195,N945DL,MLB,ATL,5:46:00 PM,5:43:00 PM,-3,11,5:54:00 PM,104,87,71,442,7:05:00 PM,5,7:30:00 PM,7:10:00 PM,-20,Friday,Feb
01/30/2015,NK,239,N636NK,BOS,RSW,10:47:00 AM,11:07:00 AM,20,56,12:03:00 PM,218,233,174,1249,2:57:00 PM,3,2:25:00 PM,3:00:00 PM,35,Friday,Jan
01/28/2015,B6,486,N328JB,JFK,ROC,10:42:00 PM,10:36:00 PM,-6,19,10:55:00 PM,77,76,51,264,11:46:00 PM,6,11:59:00 PM,11:52:00 PM,-7,Wednesday,Jan
01/05/2015,DL,1295,N916DL,PIT,ATL,11:21:00 AM,11:50:00 AM,29,27,12:17:00 PM,115,113,81,526,1:38:00 PM,5,1:16:00 PM,1:43:00 PM,27,Monday,Jan
01/27/2015,B6,384,N637JB,MCO,JFK,9:20:00 PM,9:12:00 PM,-8,12,9:24:00 PM,143,144,124,944,11:28:00 PM,8,11:43:00 PM,11:36:00 PM,-7,Tuesday,Jan
02/11/2015,DL,1261,N821DN,ATL,IND,5:59:00 PM,5:57:00 PM,-2,17,6:14:00 PM,93,88,67,432,7:21:00 PM,4,7:32:00 PM,7:25:00 PM,-7,Wednesday,Feb
02/10/2015,MQ,3477,N512MQ,BNA,ORD,12:02:00 PM,7:55:00 AM,-7,17,1:12:00 PM,113,108,80,409,1:32:00 AM,11,3:55:00 AM,2:43:00 AM,-12,Tuesday,Feb
01/02/2015,OO,5654,N237SW,SFO,ACV,1:55:00 PM,12:45:00 PM,-10,16,6:01:00 PM,83,94,71,250,10:12:00 AM,7,10:18:00 AM,10:19:00 AM,1,Friday,Jan
01/10/2015,EV,5143,N922EV,ROA,ATL,11:07:00 AM,11:05:00 AM,-2,13,11:18:00 AM,83,88,66,357,12:24:00 PM,9,12:30:00 PM,12:33:00 PM,3,Saturday,Jan
02/11/2015,OO,6330,N224SW,LAX,FAT,2:24:00 PM,2:19:00 PM,-5,10,2:29:00 PM,74,60,48,209,3:17:00 PM,2,3:38:00 PM,3:19:00 PM,-19,Wednesday,Feb
01/29/2015,UA,497,N836UA,ROC,ORD,4:40:00 PM,4:52:00 PM,12,39,5:31:00 PM,128,132,80,528,5:51:00 PM,13,5:48:00 PM,6:04:00 PM,16,Thursday,Jan
01/14/2015,US,1733,N177US,CLT,MCO,5:50:00 PM,5:48:00 PM,-2,12,6:00:00 PM,97,97,73,468,7:13:00 PM,12,7:27:00 PM,7:25:00 PM,-2,Wednesday,Jan
02/12/2015,OO,3466,N215AG,PDX,TUS,9:30:00 PM,8:27:00 PM,-3,15,10:42:00 PM,170,159,140,1119,1:02:00 PM,4,1:20:00 PM,1:06:00 PM,-14,Thursday,Feb
01/29/2015,AA,2312,N387AA,MIA,MCO,4:45:00 PM,4:51:00 PM,6,13,5:04:00 PM,71,63,39,192,5:43:00 PM,11,5:56:00 PM,5:54:00 PM,-2,Thursday,Jan
02/04/2015,DL,1865,N820DN,ATL,MIA,11:55:00 PM,11:57:00 PM,2,16,10:13:00 AM,121,108,84,594,11:37:00 AM,8,11:56:00 AM,11:45:00 AM,-11,Wednesday,Feb
01/28/2015,WN,827,N249WN,PHX,BUR,10:05:00 PM,10:03:00 PM,-2,10,11:13:00 PM,90,87,74,369,12:27:00 AM,3,1:35:00 AM,1:30:00 AM,-5,Wednesday,Jan
01/22/2015,WN,1973,N966WN,LAS,LAX,2:00:00 PM,1:59:00 PM,-1,21,2:20:00 PM,70,68,42,236,3:02:00 PM,5,3:10:00 PM,3:07:00 PM,-3,Thursday,Jan
02/07/2015,EV,6179,N16178,DEN,ISN,12:30:00 PM,12:25:00 PM,-5,13,12:38:00 PM,111,96,76,576,2:54:00 PM,7,3:21:00 PM,3:01:00 PM,-20,Saturday,Feb
01/04/2015,WN,1199,N272WN,DAL,LAS,10:15:00 AM,10:38:00 AM,23,8,10:46:00 AM,175,161,148,1067,11:14:00 AM,5,11:10:00 AM,11:19:00 AM,9,Sunday,Jan
01/03/2015,WN,4657,N7752B,LAS,MDW,8:00:00 AM,3:58:00 AM,-2,9,8:07:00 AM,210,202,187,1521,1:14:00 PM,6,1:30:00 PM,1:20:00 PM,-10,Saturday,Jan
02/08/2015,DL,1802,N324NB,SLC,DEN,1:55:00 PM,1:52:00 PM,-3,19,2:11:00 PM,85,79,56,391,3:07:00 PM,4,3:20:00 PM,3:11:00 PM,-9,Sunday,Feb
01/02/2015,EV,4436,N17169,TUL,EWR,7:50:00 AM,6:43:00 AM,-7,12,7:55:00 AM,179,161,139,1215,7:14:00 PM,10,10:49:00 PM,8:24:00 PM,-25,Friday,Jan
02/04/2015,DL,420,N318US,JFK,MSP,4:00:00 PM,4:19:00 PM,19,16,4:35:00 PM,206,186,164,1029,6:19:00 PM,6,6:26:00 PM,6:25:00 PM,-1,Wednesday,Feb
02/06/2015,EV,4581,N12900,EWR,CMH,3:21:00 PM,3:25:00 PM,4,15,3:40:00 PM,108,101,77,463,4:57:00 PM,9,5:09:00 PM,5:06:00 PM,-3,Friday,Feb
01/24/2015,UA,1170,N87507,DEN,LAX,11:21:00 AM,11:31:00 AM,10,14,11:45:00 AM,155,138,115,862,12:40:00 PM,9,12:56:00 PM,12:49:00 PM,-7,Saturday,Jan
01/03/2015,EV,5960,N17185,DEN,LBB,3:12:00 PM,3:51:00 PM,39,33,4:24:00 PM,87,106,68,456,6:32:00 PM,5,5:39:00 PM,6:37:00 PM,58,Saturday,Jan
01/23/2015,US,660,N663AW,EWR,PHX,1:40:00 PM,2:29:00 PM,49,12,2:41:00 PM,324,302,285,2133,5:26:00 PM,5,5:04:00 PM,5:31:00 PM,27,Friday,Jan
01/21/2015,DL,2502,N680DA,ATL,RDU,7:30:00 PM,7:29:00 PM,-1,21,7:50:00 PM,84,76,48,356,8:38:00 PM,7,8:54:00 PM,8:45:00 PM,-9,Wednesday,Jan
01/15/2015,OO,2643,N988CA,ORD,CHO,2:25:00 PM,4:28:00 PM,123,17,4:45:00 PM,98,102,81,567,7:06:00 PM,4,5:03:00 PM,7:10:00 PM,127,Thursday,Jan
01/31/2015,MQ,3398,N633MQ,GRB,ORD,2:27:00 PM,2:23:00 PM,-4,10,2:33:00 PM,68,60,40,173,3:13:00 PM,10,3:35:00 PM,3:23:00 PM,-12,Saturday,Jan
01/08/2015,EV,5252,N691CA,ATL,OMA,12:48:00 PM,12:47:00 PM,-1,9,1:56:00 PM,147,147,136,821,10:12:00 AM,2,10:15:00 AM,10:14:00 AM,-1,Thursday,Jan
01/02/2015,AA,373,N489AA,SAT,DFW,6:05:00 PM,6:48:00 PM,43,11,6:59:00 PM,70,66,41,247,7:40:00 PM,14,7:15:00 PM,7:54:00 PM,39,Friday,Jan
01/23/2015,AA,1161,N3ACAA,MIA,TPA,10:10:00 AM,10:05:00 AM,-5,18,10:23:00 AM,71,63,40,204,11:03:00 AM,5,11:21:00 AM,11:08:00 AM,-13,Friday,Jan
01/26/2015,WN,505,N708SW,BDL,BWI,1:20:00 PM,2:05:00 PM,45,14,2:19:00 PM,75,76,58,283,3:17:00 PM,4,2:35:00 PM,3:21:00 PM,46,Monday,Jan
01/30/2015,OO,6286,N946SW,SFO,RNO,2:35:00 PM,3:45:00 PM,70,17,4:02:00 PM,60,53,33,192,4:35:00 PM,3,3:35:00 PM,4:38:00 PM,63,Friday,Jan
01/19/2015,F9,784,N210FR,LAS,DEN,8:12:00 PM,9:15:00 PM,63,16,9:31:00 PM,106,107,78,628,11:49:00 PM,13,10:58:00 PM,2:02:00 AM,64,Monday,Jan
02/09/2015,AA,2423,N513AA,CMH,DFW,4:44:00 PM,4:39:00 PM,-5,11,4:50:00 PM,176,150,130,926,6:00:00 PM,9,6:40:00 PM,6:09:00 PM,-31,Monday,Feb
02/12/2015,OO,6355,N934SW,DEN,FSD,2:29:00 PM,2:57:00 PM,28,21,3:18:00 PM,92,103,76,483,5:34:00 PM,6,5:01:00 PM,5:40:00 PM,39,Thursday,Feb
02/10/2015,DL,2255,N974DL,ATL,BHM,7:00:00 PM,6:58:00 PM,-2,16,7:14:00 PM,58,50,29,134,6:43:00 PM,5,6:58:00 PM,6:48:00 PM,-10,Tuesday,Feb
02/06/2015,OO,5245,N976SW,IDA,DEN,1:18:00 PM,1:14:00 PM,-4,8,1:22:00 PM,92,79,67,458,2:29:00 PM,4,2:50:00 PM,2:33:00 PM,-17,Friday,Feb
01/22/2015,WN,3497,N935WN,ATL,LGA,4:45:00 PM,5:01:00 PM,16,12,5:13:00 PM,125,120,99,762,6:52:00 PM,9,6:50:00 PM,7:01:00 PM,11,Thursday,Jan
01/19/2015,B6,1256,N296JB,IAD,BOS,8:59:00 PM,8:54:00 PM,-5,10,9:04:00 PM,80,79,66,413,10:10:00 PM,3,10:19:00 PM,10:13:00 PM,-6,Monday,Jan
01/09/2015,US,415,N660AW,PHX,SJC,10:54:00 AM,10:51:00 AM,-3,11,11:02:00 AM,119,99,85,621,11:27:00 AM,3,11:53:00 AM,11:30:00 AM,-23,Friday,Jan
01/06/2015,AS,345,N538AS,OAK,SEA,1:10:00 PM,12:07:00 PM,-3,18,2:25:00 PM,119,116,92,671,3:57:00 AM,6,8:09:00 AM,8:03:00 AM,-6,Tuesday,Jan
02/04/2015,OO,5171,N792SK,OMA,ORD,12:57:00 PM,1:13:00 PM,16,17,1:30:00 PM,97,91,67,416,2:37:00 PM,7,2:34:00 PM,2:44:00 PM,10,Wednesday,Feb
01/16/2015,AA,115,N3ENAA,LAX,MIA,10:05:00 AM,10:01:00 AM,-4,14,11:15:00 AM,285,274,250,2342,10:25:00 AM,10,1:50:00 PM,11:35:00 AM,-15,Friday,Jan
02/09/2015,US,699,N763US,LAX,RDU,9:10:00 AM,8:08:00 AM,-2,34,12:42:00 PM,276,285,249,2239,3:51:00 PM,2,3:46:00 PM,3:53:00 PM,7,Monday,Feb
02/08/2015,B6,1451,N591JB,BOS,MCO,8:35:00 PM,10:40:00 PM,125,48,11:28:00 PM,194,203,149,1121,3:57:00 PM,6,11:49:00 PM,8:03:00 PM,134,Sunday,Feb
02/07/2015,AA,280,N360AA,DFW,MIA,6:55:00 PM,6:51:00 PM,-4,16,7:07:00 PM,157,148,128,1121,10:15:00 PM,4,10:32:00 PM,10:19:00 PM,-13,Saturday,Feb
01/01/2015,US,461,N540UW,ATL,CLT,10:00:00 PM,5:58:00 PM,-2,15,11:13:00 PM,72,63,38,226,3:51:00 AM,10,9:12:00 AM,8:01:00 AM,-11,Thursday,Jan
01/30/2015,UA,1077,N12238,MCO,EWR,5:57:00 PM,5:51:00 PM,-6,13,10:04:00 PM,153,160,127,937,7:11:00 PM,20,9:30:00 PM,9:31:00 PM,1,Friday,Jan
01/07/2015,DL,2109,N3756,DTW,JFK,2:00:00 PM,2:14:00 PM,14,15,2:29:00 PM,115,128,68,509,3:37:00 PM,45,3:55:00 PM,4:22:00 PM,27,Wednesday,Jan
02/03/2015,MQ,3697,N611MQ,DFW,GPT,10:20:00 AM,10:04:00 AM,104,11,10:15:00 AM,91,79,64,500,11:19:00 AM,4,11:51:00 PM,11:23:00 AM,92,Tuesday,Feb
01/23/2015,UA,1146,N39726,IAH,EWR,9:10:00 AM,8:08:00 AM,-2,19,10:27:00 AM,206,180,154,1400,12:01:00 PM,7,12:36:00 PM,12:08:00 PM,-28,Friday,Jan
02/11/2015,UA,1554,N16732,EWR,BOS,2:30:00 PM,3:04:00 PM,34,34,3:38:00 PM,62,79,38,200,4:16:00 PM,7,3:32:00 PM,4:23:00 PM,51,Wednesday,Feb
01/25/2015,VX,906,N526VA,SFO,LAS,1:40:00 PM,1:35:00 PM,-5,12,1:47:00 PM,90,94,70,414,2:57:00 PM,12,3:10:00 PM,3:09:00 PM,-1,Sunday,Jan
01/03/2015,US,406,N655AW,PHX,DTW,10:05:00 AM,10:09:00 AM,4,32,10:41:00 AM,235,233,192,1671,3:53:00 PM,9,4:00:00 PM,4:02:00 PM,2,Saturday,Jan
01/06/2015,WN,541,N243WN,ATL,LAX,1:55:00 PM,6:09:00 PM,14,11,8:20:00 PM,315,273,248,1947,10:28:00 AM,14,11:10:00 AM,10:42:00 AM,-28,Tuesday,Jan
02/08/2015,EV,5594,N200PQ,MLI,ATL,12:00:00 PM,7:56:00 AM,-4,11,12:07:00 PM,108,111,91,633,11:38:00 AM,9,12:48:00 PM,12:47:00 PM,-1,Sunday,Feb
01/09/2015,OO,5228,N983CA,SLC,SFO,11:54:00 AM,12:42:00 PM,48,11,12:53:00 PM,141,115,97,599,1:30:00 PM,7,1:15:00 PM,1:37:00 PM,22,Friday,Jan
01/01/2015,UA,415,N509UA,JFK,SFO,12:05:00 PM,12:05:00 PM,0,20,2:25:00 PM,404,400,368,2586,9:33:00 PM,12,10:49:00 PM,10:45:00 PM,-4,Thursday,Jan
01/06/2015,WN,949,N648SW,STL,MSY,5:30:00 PM,7:22:00 PM,112,9,7:31:00 PM,110,99,86,604,8:57:00 PM,4,7:20:00 PM,9:01:00 PM,101,Tuesday,Jan
01/06/2015,B6,1236,N328JB,SJU,STT,2:45:00 AM,1:38:00 AM,-7,11,2:49:00 AM,34,31,18,68,8:07:00 AM,2,9:19:00 AM,8:09:00 AM,-10,Tuesday,Jan
01/30/2015,WN,880,N659SW,LAS,SJC,4:15:00 PM,4:16:00 PM,1,24,4:40:00 PM,85,85,58,386,5:38:00 PM,3,5:40:00 PM,5:41:00 PM,1,Friday,Jan
01/25/2015,OO,5657,N986SW,DEN,SGF,10:07:00 AM,10:01:00 AM,-6,28,10:29:00 AM,107,123,91,637,1:00:00 PM,4,12:54:00 PM,1:04:00 PM,10,Sunday,Jan
01/09/2015,EV,4485,N17138,IAH,RDU,12:20:00 AM,11:16:00 PM,-4,13,12:29:00 AM,156,157,135,1042,10:44:00 AM,9,10:56:00 AM,10:53:00 AM,-3,Friday,Jan
01/20/2015,WN,1516,N370SW,FLL,CMH,7:10:00 PM,7:51:00 PM,41,15,8:06:00 PM,165,154,135,973,10:21:00 PM,4,9:55:00 PM,10:25:00 PM,30,Tuesday,Jan
02/10/2015,F9,1290,N929FR,CVG,FLL,12:25:00 AM,11:18:00 PM,-7,9,12:27:00 AM,150,136,121,932,8:28:00 PM,6,11:55:00 PM,9:34:00 PM,-21,Tuesday,Feb
01/05/2015,DL,1186,N919DE,ATL,JAX,11:00:00 AM,10:59:00 AM,-1,21,11:20:00 AM,69,68,43,270,12:03:00 PM,4,12:09:00 PM,12:07:00 PM,-2,Monday,Jan
02/12/2015,AA,2287,N489AA,BNA,DFW,1:30:00 AM,12:20:00 AM,-10,13,1:33:00 AM,139,118,99,631,7:12:00 PM,6,10:49:00 PM,7:18:00 PM,-31,Thursday,Feb
01/05/2015,B6,338,N583JB,MCO,BDL,12:45:00 PM,11:58:00 PM,73,12,10:10:00 AM,157,134,118,1050,12:08:00 PM,4,11:22:00 AM,12:12:00 PM,50,Monday,Jan
01/11/2015,OO,4769,N455SW,SLC,TUS,11:31:00 AM,10:24:00 AM,-7,15,11:39:00 AM,121,112,92,601,10:11:00 AM,5,10:32:00 AM,10:16:00 AM,-16,Sunday,Jan
01/04/2015,WN,1151,N418WN,ATL,CAK,10:30:00 AM,11:02:00 AM,32,16,11:18:00 AM,105,89,68,528,12:26:00 PM,5,12:15:00 PM,12:31:00 PM,16,Sunday,Jan
02/04/2015,EV,4902,N760EV,OMA,DTW,1:10:00 PM,8:29:00 PM,199,37,10:06:00 AM,131,129,83,651,12:29:00 PM,9,8:21:00 PM,12:38:00 PM,197,Wednesday,Feb
01/12/2015,EV,6144,N15973,GRB,ORD,10:45:00 AM,10:51:00 AM,6,16,11:07:00 AM,63,70,40,173,11:47:00 AM,14,11:48:00 AM,12:01:00 PM,13,Monday,Jan
01/07/2015,WN,705,N628SW,PHX,SLC,7:30:00 PM,7:29:00 PM,-1,8,7:37:00 PM,95,84,71,507,8:48:00 PM,5,9:05:00 PM,8:53:00 PM,-12,Wednesday,Jan
02/06/2015,DL,1364,N944DL,ATL,MCI,4:10:00 PM,4:07:00 PM,-3,15,4:22:00 PM,136,130,111,692,5:13:00 PM,4,5:26:00 PM,5:17:00 PM,-9,Friday,Feb
01/14/2015,EV,5538,N859AS,ATL,CHA,6:05:00 PM,8:20:00 PM,15,11,9:31:00 PM,45,39,24,106,11:55:00 PM,4,11:50:00 PM,11:59:00 PM,9,Wednesday,Jan
01/02/2015,EV,5036,N931EV,ATL,CSG,7:41:00 PM,7:41:00 PM,0,20,8:01:00 PM,43,55,30,83,8:31:00 PM,5,8:24:00 PM,8:36:00 PM,12,Friday,Jan
02/02/2015,WN,9,N741SA,HOU,FLL,10:45:00 AM,10:57:00 AM,12,8,11:05:00 AM,140,127,113,957,1:58:00 PM,6,2:05:00 PM,2:04:00 PM,-1,Monday,Feb
01/18/2015,WN,1061,N634SW,BWI,TPA,5:25:00 PM,5:22:00 PM,-3,7,5:29:00 PM,155,134,123,842,7:32:00 PM,4,8:00:00 PM,7:36:00 PM,-24,Sunday,Jan
01/19/2015,EV,5507,N857AS,GRR,DTW,5:34:00 PM,5:20:00 PM,-14,14,5:34:00 PM,64,47,27,120,6:01:00 PM,6,6:38:00 PM,6:07:00 PM,-31,Monday,Jan
01/14/2015,HA,516,N493HA,HNL,OGG,9:50:00 PM,9:45:00 PM,-5,7,9:52:00 PM,36,33,21,100,10:13:00 PM,5,10:26:00 PM,10:18:00 PM,-8,Wednesday,Jan
01/27/2015,DL,2132,N323US,SAT,ATL,12:11:00 PM,12:05:00 PM,-6,11,12:16:00 PM,133,140,109,874,3:05:00 PM,20,3:24:00 PM,3:25:00 PM,1,Tuesday,Jan
01/28/2015,US,2033,N946UW,PHL,BOS,10:15:00 AM,10:12:00 AM,-3,19,10:31:00 AM,89,77,52,280,11:23:00 AM,6,11:44:00 AM,11:29:00 AM,-15,Wednesday,Jan
01/15/2015,DL,158,N334NW,DTW,BOS,1:55:00 PM,1:49:00 PM,-6,12,2:01:00 PM,118,106,84,632,3:25:00 PM,10,3:53:00 PM,3:35:00 PM,-18,Thursday,Jan
02/07/2015,DL,2448,N669DN,ATL,PBI,3:00:00 PM,2:59:00 PM,-1,16,3:15:00 PM,112,98,79,545,4:34:00 PM,3,4:52:00 PM,4:37:00 PM,-15,Saturday,Feb
01/30/2015,UA,1408,N38443,CLE,IAH,5:42:00 PM,5:31:00 PM,-11,10,5:41:00 PM,197,176,156,1091,7:17:00 PM,10,7:59:00 PM,7:27:00 PM,-32,Friday,Jan
01/23/2015,NK,604,N604NK,FLL,LGA,11:12:00 PM,11:12:00 PM,0,18,1:30:00 AM,168,194,135,1076,10:45:00 PM,41,10:00:00 AM,10:26:00 AM,26,Friday,Jan
01/21/2015,WN,3324,N8648A,MDW,LAX,7:05:00 PM,7:08:00 PM,3,12,7:20:00 PM,285,241,223,1750,9:03:00 PM,6,9:50:00 PM,9:09:00 PM,-41,Wednesday,Jan
01/22/2015,WN,443,N8601C,MDW,RDU,1:20:00 PM,1:22:00 PM,2,9,1:31:00 PM,110,93,79,632,3:50:00 PM,5,4:10:00 PM,3:55:00 PM,-15,Thursday,Jan
01/05/2015,US,773,N717UW,RIC,CLT,5:55:00 PM,4:49:00 PM,-6,13,10:02:00 PM,77,74,57,257,3:59:00 AM,4,9:12:00 AM,8:03:00 AM,-9,Monday,Jan
01/09/2015,EV,3948,N16961,ORD,DAY,9:05:00 PM,9:31:00 PM,26,14,9:45:00 PM,71,73,39,240,11:24:00 PM,20,11:16:00 PM,11:44:00 PM,28,Friday,Jan
01/29/2015,WN,4284,N355SW,MCO,CMH,2:20:00 PM,2:15:00 PM,-5,12,2:27:00 PM,130,137,121,802,4:28:00 PM,4,4:30:00 PM,4:32:00 PM,2,Thursday,Jan
02/05/2015,EV,5731,N834AS,IAD,CAE,5:01:00 PM,4:57:00 PM,-4,18,5:15:00 PM,89,94,71,401,6:26:00 PM,5,6:30:00 PM,6:31:00 PM,1,Thursday,Feb
01/07/2015,EV,4292,N14180,SBN,EWR,2:27:00 PM,1:33:00 AM,66,58,11:31:00 AM,123,151,83,637,11:54:00 PM,10,11:30:00 AM,10:04:00 AM,94,Wednesday,Jan
02/07/2015,WN,3612,N423WN,PBI,ISP,8:00:00 PM,7:54:00 PM,-6,17,8:11:00 PM,155,167,145,1052,10:36:00 PM,5,10:35:00 PM,10:41:00 PM,6,Saturday,Feb
01/17/2015,DL,784,N943DN,ATL,MSP,11:30:00 AM,10:28:00 AM,-2,10,11:38:00 AM,164,137,124,907,10:42:00 PM,3,10:14:00 AM,10:45:00 PM,-29,Saturday,Jan
02/11/2015,US,469,N585UW,DEN,CLT,12:20:00 PM,11:13:00 AM,-7,14,12:27:00 PM,179,163,144,1337,7:51:00 AM,5,1:19:00 PM,7:56:00 AM,-23,Wednesday,Feb
01/31/2015,OO,6380,N127SY,SFO,BOI,11:00:00 AM,10:53:00 AM,-7,23,11:16:00 AM,96,106,79,522,1:35:00 PM,4,1:36:00 PM,1:39:00 PM,3,Saturday,Jan
01/19/2015,WN,1977,N7742B,MCO,MKE,12:45:00 PM,12:44:00 PM,-1,10,1:54:00 PM,175,169,155,1066,10:29:00 AM,4,10:40:00 AM,10:33:00 AM,-7,Monday,Jan
01/01/2015,WN,44,N202WN,CRP,HOU,3:30:00 PM,4:27:00 PM,57,7,4:34:00 PM,50,41,30,187,5:04:00 PM,4,4:20:00 PM,5:08:00 PM,48,Thursday,Jan
01/30/2015,F9,115,N207FR,MSP,DEN,7:13:00 PM,7:02:00 PM,-11,17,7:19:00 PM,126,134,108,680,8:07:00 PM,9,8:19:00 PM,8:16:00 PM,-3,Friday,Jan
01/01/2015,OO,6606,N897SK,FAT,PHX,4:15:00 PM,4:15:00 PM,0,11,4:26:00 PM,103,88,74,493,6:40:00 PM,3,6:58:00 PM,6:43:00 PM,-15,Thursday,Jan
01/14/2015,DL,404,N392DA,JFK,LAS,10:15:00 AM,10:12:00 AM,-3,21,10:33:00 AM,354,323,294,2248,12:27:00 PM,8,1:09:00 PM,12:35:00 PM,-34,Wednesday,Jan
01/12/2015,WN,3414,N748SW,ONT,OAK,2:00:00 PM,1:58:00 PM,-2,7,2:05:00 PM,75,72,59,362,3:04:00 PM,6,3:15:00 PM,3:10:00 PM,-5,Monday,Jan
01/29/2015,WN,2426,N289CT,OAK,LAS,12:05:00 PM,12:01:00 PM,-4,13,1:14:00 PM,90,85,68,407,12:22:00 AM,4,1:35:00 AM,12:26:00 AM,-9,Thursday,Jan
01/06/2015,OO,4647,N455SW,SLC,GTF,11:00:00 AM,11:00:00 AM,0,14,11:14:00 AM,98,100,82,463,12:36:00 PM,4,12:38:00 PM,12:40:00 PM,2,Tuesday,Jan
02/05/2015,WN,4202,N8317M,LAX,DAL,12:15:00 PM,12:14:00 PM,-1,25,12:39:00 PM,175,196,166,1246,5:25:00 PM,5,5:10:00 PM,5:30:00 PM,20,Thursday,Feb
01/24/2015,WN,2552,N428WN,PHX,DTW,10:10:00 AM,10:09:00 AM,-1,13,10:22:00 AM,225,230,209,1671,3:51:00 PM,8,3:55:00 PM,3:59:00 PM,4,Saturday,Jan
02/08/2015,UA,1479,N19117,EWR,STT,5:50:00 PM,4:47:00 PM,-3,14,10:01:00 PM,250,220,199,1634,11:20:00 AM,7,12:00:00 PM,11:27:00 AM,-33,Sunday,Feb
01/22/2015,WN,4132,N222WN,MCO,BUF,11:05:00 AM,11:06:00 AM,1,23,11:29:00 AM,155,158,131,1011,1:40:00 PM,4,1:40:00 PM,1:44:00 PM,4,Thursday,Jan
01/19/2015,UA,1491,N77525,DEN,BOI,11:17:00 AM,11:25:00 AM,8,16,11:41:00 AM,124,120,102,649,1:23:00 PM,2,1:21:00 PM,1:25:00 PM,4,Monday,Jan
02/03/2015,UA,343,N818UA,AUS,EWR,3:27:00 PM,3:19:00 PM,-8,13,3:32:00 PM,213,214,191,1504,7:43:00 PM,10,8:00:00 PM,7:53:00 PM,-7,Tuesday,Feb
01/02/2015,DL,1296,N937DN,ATL,PIT,7:10:00 PM,7:12:00 PM,2,21,7:33:00 PM,104,96,69,526,8:42:00 PM,6,8:54:00 PM,8:48:00 PM,-6,Friday,Jan
01/22/2015,OO,7369,N439SW,APN,DTW,10:15:00 AM,10:12:00 AM,-3,13,10:25:00 AM,70,67,43,198,11:08:00 AM,11,11:25:00 AM,11:19:00 AM,-6,Thursday,Jan
02/12/2015,OO,5393,N498CA,MKE,ORD,2:00:00 AM,3:11:00 AM,11,12,4:23:00 AM,49,42,24,67,6:47:00 AM,6,6:49:00 AM,7:53:00 AM,4,Thursday,Feb
01/28/2015,WN,7,N427WN,DAL,HOU,11:30:00 AM,10:28:00 AM,-2,11,11:39:00 AM,65,61,43,239,8:22:00 PM,7,9:35:00 PM,8:29:00 PM,-6,Wednesday,Jan
01/24/2015,B6,137,N715JB,BDL,MCO,6:24:00 PM,8:26:00 PM,122,19,8:45:00 PM,181,182,155,1050,11:20:00 PM,8,9:25:00 PM,11:28:00 PM,123,Saturday,Jan
01/31/2015,EV,2567,N901EV,SHV,DFW,2:49:00 AM,9:14:00 AM,25,8,10:22:00 AM,66,57,39,190,6:01:00 PM,10,1:55:00 PM,7:11:00 PM,16,Saturday,Jan
01/28/2015,WN,905,N7752B,LAX,HOU,7:50:00 PM,7:46:00 PM,-4,7,7:53:00 PM,180,169,158,1390,7:31:00 AM,4,2:50:00 AM,11:35:00 AM,-15,Wednesday,Jan
01/18/2015,OO,2711,N468CA,PHX,FLG,2:35:00 PM,3:13:00 PM,38,20,3:33:00 PM,46,50,26,119,3:59:00 PM,4,3:21:00 PM,4:03:00 PM,42,Sunday,Jan
01/01/2015,B6,1433,N316JB,MCO,SJU,10:35:00 PM,10:26:00 PM,-9,19,10:45:00 PM,164,161,137,1189,8:02:00 PM,5,9:19:00 PM,8:07:00 PM,-12,Thursday,Jan
01/06/2015,WN,940,N386SW,PDX,DEN,11:20:00 AM,11:33:00 AM,13,7,11:40:00 AM,145,137,124,991,2:44:00 PM,6,2:45:00 PM,2:50:00 PM,5,Tuesday,Jan
01/18/2015,DL,1535,N922DX,ATL,IND,7:14:00 PM,7:13:00 PM,-1,29,7:42:00 PM,96,107,72,432,8:54:00 PM,6,8:50:00 PM,9:00:00 PM,10,Sunday,Jan
02/03/2015,MQ,3118,N518MQ,ORD,MDT,1:50:00 PM,1:48:00 PM,-2,18,2:06:00 PM,98,95,72,594,4:18:00 PM,5,4:28:00 PM,4:23:00 PM,-5,Tuesday,Feb
02/12/2015,WN,791,N293WN,GRR,TPA,6:05:00 PM,6:00:00 PM,-5,25,8:25:00 PM,175,165,135,1041,11:40:00 AM,5,12:00:00 PM,11:45:00 AM,-15,Thursday,Feb
01/25/2015,AA,270,N5DGAA,HNL,LAX,10:28:00 AM,9:17:00 AM,-11,14,11:31:00 AM,327,339,301,2556,3:32:00 PM,24,3:55:00 PM,3:56:00 PM,1,Sunday,Jan
01/02/2015,EV,4900,N759EV,DFW,ATL,9:15:00 AM,9:15:00 AM,0,14,10:29:00 AM,126,116,92,731,11:01:00 AM,10,11:21:00 AM,11:11:00 AM,-10,Friday,Jan
01/15/2015,WN,429,N453WN,LAS,BUR,2:45:00 AM,1:38:00 AM,-7,11,2:49:00 AM,60,58,44,223,11:33:00 AM,3,12:45:00 PM,11:36:00 AM,-9,Thursday,Jan
01/19/2015,MQ,3283,N658MQ,ORD,DAY,3:55:00 AM,3:50:00 AM,-5,11,8:01:00 AM,63,54,40,240,10:41:00 PM,3,11:58:00 PM,10:44:00 PM,-14,Monday,Jan
01/27/2015,WN,479,N263WN,BNA,RDU,8:55:00 PM,8:49:00 PM,-6,9,8:58:00 PM,80,81,69,442,11:07:00 PM,3,11:15:00 PM,11:10:00 PM,-5,Tuesday,Jan
01/03/2015,DL,2448,N965DN,ATL,PBI,3:05:00 PM,3:12:00 PM,7,20,3:32:00 PM,113,105,81,545,4:53:00 PM,4,4:58:00 PM,4:57:00 PM,-1,Saturday,Jan
01/24/2015,UA,1714,N69833,IAH,SMF,7:10:00 PM,8:24:00 PM,14,13,9:37:00 PM,260,230,213,1609,11:10:00 AM,4,11:30:00 AM,11:14:00 AM,-16,Saturday,Jan
02/06/2015,DL,2567,N355NB,MEM,MSP,4:35:00 PM,4:31:00 PM,-4,17,4:48:00 PM,132,145,123,700,6:51:00 PM,5,6:47:00 PM,6:56:00 PM,9,Friday,Feb
01/28/2015,AS,629,N459AS,LAS,PDX,5:50:00 PM,3:39:00 PM,-11,12,5:51:00 PM,140,129,113,763,12:44:00 PM,4,7:10:00 PM,12:48:00 PM,-22,Wednesday,Jan
01/07/2015,WN,4280,N385SW,MCO,MKE,12:00:00 PM,11:58:00 AM,-2,11,12:09:00 PM,175,180,166,1066,1:55:00 PM,3,1:55:00 PM,1:58:00 PM,3,Wednesday,Jan
01/27/2015,DL,1276,N970DL,ATL,CMH,10:00:00 AM,10:00:00 AM,0,15,10:15:00 AM,97,90,71,447,11:26:00 AM,4,11:37:00 AM,11:30:00 AM,-7,Tuesday,Jan
01/02/2015,OO,4672,N675BR,BUR,SLC,11:10:00 PM,11:47:00 AM,277,23,12:10:00 PM,115,119,82,574,2:32:00 PM,14,10:05:00 AM,2:46:00 PM,281,Friday,Jan
01/07/2015,B6,130,N607JB,RSW,JFK,12:00:00 PM,7:58:00 AM,-2,13,1:11:00 PM,161,163,139,1074,11:30:00 AM,11,12:41:00 PM,12:41:00 PM,0,Wednesday,Jan
01/03/2015,EV,5767,N834AS,IAD,RDU,12:36:00 PM,12:47:00 PM,11,12,12:59:00 PM,69,66,49,224,1:48:00 PM,5,1:45:00 PM,1:53:00 PM,8,Saturday,Jan
02/02/2015,F9,769,N924FR,DEN,LAS,8:05:00 AM,3:58:00 AM,-7,12,9:10:00 AM,112,110,92,628,12:42:00 PM,6,1:57:00 PM,12:48:00 PM,-9,Monday,Feb
01/08/2015,OO,4448,N824SK,SLC,LAX,12:24:00 AM,12:20:00 AM,-4,29,2:49:00 AM,131,128,82,590,9:11:00 AM,17,11:35:00 AM,10:28:00 AM,-7,Thursday,Jan
02/06/2015,WN,2055,N908WN,PHX,SAN,11:15:00 AM,11:21:00 AM,6,16,11:37:00 AM,80,71,51,304,11:28:00 AM,4,11:35:00 AM,11:32:00 AM,-3,Friday,Feb
01/14/2015,EV,5987,N14902,TYS,ORD,2:48:00 AM,1:36:00 AM,-12,11,2:47:00 AM,102,96,78,475,8:05:00 AM,7,11:30:00 AM,9:12:00 AM,-18,Wednesday,Jan
01/23/2015,WN,1535,N8315C,MSP,PHX,4:15:00 PM,4:13:00 PM,-2,9,4:22:00 PM,210,173,157,1276,5:59:00 PM,7,6:45:00 PM,6:06:00 PM,-39,Friday,Jan
01/14/2015,DL,1099,N588NW,MSP,MCO,10:00:00 PM,5:59:00 PM,-1,28,12:27:00 AM,200,190,153,1310,11:00:00 AM,9,11:20:00 AM,11:09:00 AM,-11,Wednesday,Jan
02/08/2015,US,624,N161UW,SEA,CLT,10:20:00 PM,10:59:00 PM,39,14,11:13:00 PM,283,266,246,2279,1:19:00 PM,6,12:03:00 PM,2:25:00 PM,22,Sunday,Feb
01/02/2015,WN,2493,N275WN,DEN,MDW,3:15:00 PM,3:58:00 PM,43,10,4:08:00 PM,135,134,107,895,6:55:00 PM,17,6:30:00 PM,7:12:00 PM,42,Friday,Jan
01/22/2015,AS,43,N765AS,ANC,BET,11:10:00 AM,11:02:00 AM,-8,10,11:12:00 AM,89,74,61,399,12:13:00 PM,3,12:39:00 PM,12:16:00 PM,-23,Thursday,Jan
01/10/2015,UA,707,N853UA,IAD,DEN,9:30:00 PM,8:25:00 PM,-5,11,9:36:00 PM,240,256,213,1452,11:09:00 AM,32,11:30:00 AM,11:41:00 AM,11,Saturday,Jan
01/19/2015,WN,4338,N346SW,OAK,PHX,12:00:00 PM,7:56:00 AM,-4,10,12:06:00 PM,110,100,85,646,11:31:00 AM,5,1:50:00 PM,11:36:00 AM,-14,Monday,Jan
01/28/2015,WN,3580,N779SW,BUR,SJC,8:10:00 PM,8:01:00 PM,-9,11,8:12:00 PM,65,61,47,296,8:59:00 PM,3,9:15:00 PM,9:02:00 PM,-13,Wednesday,Jan
02/02/2015,OO,5645,N961SW,SBA,SFO,7:19:00 PM,7:06:00 PM,-13,7,7:13:00 PM,70,59,45,262,7:58:00 PM,7,8:29:00 PM,8:05:00 PM,-24,Monday,Feb
01/27/2015,WN,2791,N932WN,OAK,ONT,2:10:00 PM,2:07:00 PM,-3,7,2:14:00 PM,70,67,56,362,3:10:00 PM,4,3:20:00 PM,3:14:00 PM,-6,Tuesday,Jan
02/08/2015,DL,1922,N369NW,LAS,DTW,12:00:00 PM,7:57:00 AM,-3,16,1:13:00 PM,238,220,192,1749,12:25:00 PM,12,12:58:00 PM,12:37:00 PM,-21,Sunday,Feb
01/02/2015,US,1774,N108UW,CLT,DTW,10:15:00 PM,10:15:00 PM,0,19,10:34:00 PM,98,101,76,500,11:50:00 PM,6,11:53:00 PM,11:56:00 PM,3,Friday,Jan
01/13/2015,OO,5640,N237SW,SBA,SFO,12:28:00 PM,1:07:00 PM,39,16,1:23:00 PM,86,90,70,262,2:33:00 PM,4,1:54:00 PM,2:37:00 PM,43,Tuesday,Jan
01/08/2015,OO,6439,N712SK,CID,DEN,1:26:00 PM,1:40:00 PM,14,8,1:48:00 PM,131,124,109,692,2:37:00 PM,7,2:37:00 PM,2:44:00 PM,7,Thursday,Jan
01/30/2015,WN,3396,N954WN,IND,FLL,1:15:00 PM,1:10:00 PM,-5,30,4:40:00 PM,175,167,130,1005,1:50:00 PM,7,7:10:00 PM,1:57:00 PM,-13,Friday,Jan
02/03/2015,AA,1402,N3BEAA,ORD,RDU,9:10:00 PM,9:35:00 PM,25,16,9:51:00 PM,105,99,80,646,11:11:00 AM,3,11:55:00 PM,2:14:00 PM,19,Tuesday,Feb
01/11/2015,NK,680,N625NK,IAH,MSY,6:03:00 PM,5:57:00 PM,-6,17,6:14:00 PM,60,67,45,305,6:59:00 PM,5,7:03:00 PM,7:04:00 PM,1,Sunday,Jan
02/02/2015,UA,1591,N77430,EWR,IAH,11:18:00 PM,1:31:00 AM,13,43,9:14:00 AM,257,264,216,1400,10:50:00 AM,5,10:35:00 AM,10:55:00 AM,20,Monday,Feb
01/25/2015,DL,2576,N37700,JFK,SJU,7:10:00 PM,6:04:00 PM,-6,24,8:28:00 PM,241,223,194,1598,1:42:00 PM,5,2:11:00 PM,1:47:00 PM,-24,Sunday,Jan
01/23/2015,B6,1374,N570JB,CHS,JFK,5:10:00 PM,5:07:00 PM,-3,31,5:38:00 PM,110,134,89,636,7:07:00 PM,14,7:00:00 PM,7:21:00 PM,21,Friday,Jan
02/06/2015,MQ,2932,N931MQ,ORD,LSE,7:50:00 PM,8:24:00 PM,34,16,8:40:00 PM,63,62,43,215,9:23:00 PM,3,8:53:00 PM,9:26:00 PM,33,Friday,Feb
01/28/2015,EV,4615,N13566,BNA,EWR,6:10:00 PM,6:00:00 PM,-10,11,6:11:00 PM,133,140,108,748,8:59:00 PM,21,9:23:00 PM,9:20:00 PM,-3,Wednesday,Jan
01/12/2015,NK,675,N622NK,MCO,FLL,11:37:00 AM,11:33:00 AM,-4,13,12:46:00 PM,71,58,39,177,8:25:00 PM,6,10:48:00 PM,9:31:00 PM,-17,Monday,Jan
01/06/2015,OO,5396,N701BR,ORD,FWA,1:10:00 PM,1:53:00 PM,43,41,2:34:00 PM,64,73,28,157,4:02:00 PM,4,3:14:00 PM,4:06:00 PM,52,Tuesday,Jan
01/11/2015,AA,1031,N4XRAA,PIT,DFW,6:06:00 PM,6:05:00 PM,-1,17,6:22:00 PM,199,186,161,1067,8:03:00 PM,8,8:25:00 PM,8:11:00 PM,-14,Sunday,Jan
02/12/2015,US,2047,N119US,FLL,CLT,2:25:00 PM,1:17:00 PM,-8,12,2:29:00 PM,118,108,86,631,3:55:00 AM,10,10:23:00 AM,8:05:00 AM,-18,Thursday,Feb
01/01/2015,EV,5807,N12157,CMH,EWR,7:39:00 PM,7:32:00 PM,-7,9,7:41:00 PM,98,103,76,463,8:57:00 PM,18,9:17:00 PM,9:15:00 PM,-2,Thursday,Jan
02/11/2015,US,471,N535UW,PHX,MSP,1:09:00 PM,1:09:00 PM,0,20,1:29:00 PM,186,200,171,1276,5:20:00 PM,9,5:15:00 PM,5:29:00 PM,14,Wednesday,Feb
01/28/2015,WN,103,N7728D,MKE,RSW,12:40:00 PM,1:50:00 PM,10,9,1:59:00 PM,185,151,139,1183,12:18:00 PM,3,12:45:00 PM,12:21:00 PM,-24,Wednesday,Jan
02/12/2015,DL,1961,N902DA,RIC,ATL,7:50:00 AM,6:48:00 AM,-2,21,12:09:00 PM,114,107,82,481,1:31:00 AM,4,2:44:00 AM,1:35:00 AM,-9,Thursday,Feb
01/10/2015,OO,3458,N947SW,SEA,SLC,6:50:00 PM,10:02:00 PM,192,18,10:20:00 PM,125,121,90,689,2:50:00 AM,13,9:55:00 PM,10:03:00 AM,188,Saturday,Jan
01/03/2015,DL,1136,N963DL,ATL,RSW,1:45:00 PM,1:48:00 PM,3,21,2:09:00 PM,106,108,82,515,3:31:00 PM,5,3:31:00 PM,3:36:00 PM,5,Saturday,Jan
01/12/2015,DL,1714,N126DL,MSP,MCO,1:50:00 PM,1:50:00 PM,0,30,8:20:00 PM,203,210,171,1310,1:11:00 PM,9,1:13:00 PM,1:20:00 PM,7,Monday,Jan
01/25/2015,MQ,2967,N690MQ,DFW,SAV,10:25:00 AM,11:32:00 AM,7,13,12:45:00 PM,133,124,108,925,11:33:00 AM,3,11:38:00 AM,11:36:00 AM,-2,Sunday,Jan
02/11/2015,WN,248,N734SA,DCA,MDW,2:15:00 PM,2:08:00 PM,-7,18,2:26:00 PM,125,124,100,601,3:06:00 PM,6,3:20:00 PM,3:12:00 PM,-8,Wednesday,Feb
01/10/2015,MQ,3267,N645MQ,GRK,DFW,2:36:00 PM,2:42:00 PM,6,7,2:49:00 PM,49,51,31,134,3:20:00 PM,13,3:25:00 PM,3:33:00 PM,8,Saturday,Jan
01/14/2015,WN,900,N431WN,DCA,STL,3:30:00 PM,2:21:00 PM,-9,24,4:45:00 PM,145,132,105,719,1:30:00 AM,3,3:55:00 AM,1:33:00 AM,-22,Wednesday,Jan
01/29/2015,AA,315,N520AA,DFW,LAS,12:35:00 PM,12:33:00 PM,-2,18,12:51:00 PM,185,184,159,1055,1:30:00 PM,7,1:40:00 PM,1:37:00 PM,-3,Thursday,Jan
02/08/2015,WN,4327,N746SW,CMH,MCO,4:00:00 PM,4:04:00 PM,4,8,4:12:00 PM,135,125,101,802,5:53:00 PM,16,6:15:00 PM,6:09:00 PM,-6,Sunday,Feb
01/03/2015,WN,1437,N508SW,DAL,HOU,8:00:00 PM,9:09:00 PM,69,11,9:20:00 PM,65,60,46,239,10:06:00 PM,3,9:05:00 PM,10:09:00 PM,64,Saturday,Jan
01/05/2015,OO,5192,N774SK,LAX,JAC,11:34:00 AM,11:32:00 AM,-2,19,1:51:00 PM,148,158,135,784,12:06:00 PM,4,12:02:00 PM,12:10:00 PM,8,Monday,Jan
01/15/2015,UA,243,N475UA,SFO,LAS,12:50:00 PM,1:49:00 PM,59,18,2:07:00 PM,99,92,66,414,3:13:00 PM,8,2:29:00 PM,3:21:00 PM,52,Thursday,Jan
01/22/2015,WN,700,N385SW,BWI,PWM,10:05:00 PM,10:05:00 PM,0,15,10:20:00 PM,80,82,64,452,11:24:00 PM,3,11:25:00 PM,11:27:00 PM,2,Thursday,Jan
01/28/2015,DL,2049,N807DN,ATL,SFO,9:10:00 AM,9:13:00 AM,3,30,12:43:00 PM,328,319,285,2139,10:28:00 AM,4,10:38:00 AM,10:32:00 AM,-6,Wednesday,Jan
01/18/2015,DL,1995,N998AT,JAN,ATL,11:51:00 AM,11:47:00 AM,-4,18,12:05:00 PM,85,84,56,341,2:01:00 PM,10,2:16:00 PM,2:11:00 PM,-5,Sunday,Jan
02/05/2015,WN,889,N7749B,SAN,LAS,10:00:00 AM,10:37:00 AM,37,12,10:49:00 AM,70,68,52,258,11:41:00 AM,4,11:10:00 AM,11:45:00 AM,35,Thursday,Feb
01/23/2015,B6,1884,N705JB,MCO,JFK,4:35:00 PM,4:39:00 PM,4,14,4:53:00 PM,156,155,125,944,6:58:00 PM,16,7:11:00 PM,7:14:00 PM,3,Friday,Jan
01/29/2015,AA,35,N3ECAA,DCA,DFW,4:00:00 PM,4:36:00 PM,36,18,4:54:00 PM,215,206,181,1192,6:55:00 PM,7,6:35:00 PM,7:02:00 PM,27,Thursday,Jan
01/30/2015,DL,1239,N907DA,DCA,ATL,6:00:00 PM,1:58:00 PM,-2,34,9:32:00 PM,133,123,81,547,10:53:00 AM,8,11:13:00 AM,11:01:00 AM,-12,Friday,Jan
02/06/2015,WN,763,N8328A,DAL,AUS,10:00:00 PM,5:58:00 PM,-2,7,10:05:00 PM,60,47,34,189,1:39:00 AM,6,8:00:00 AM,2:45:00 AM,-15,Friday,Feb
01/19/2015,UA,73,N76065,SFO,HNL,4:10:00 PM,11:13:00 AM,543,13,12:26:00 PM,338,295,275,2398,4:01:00 PM,7,7:48:00 PM,4:08:00 PM,500,Monday,Jan
01/07/2015,UA,1437,N12109,EWR,SFO,12:03:00 PM,5:52:00 PM,49,18,11:10:00 PM,399,379,341,2565,11:51:00 PM,20,10:42:00 PM,10:11:00 AM,29,Wednesday,Jan
01/26/2015,WN,3668,N8640D,MDW,BWI,1:10:00 PM,1:10:00 PM,0,18,2:28:00 PM,110,132,111,611,7:19:00 PM,3,6:00:00 PM,8:22:00 PM,22,Monday,Jan
01/01/2015,MQ,3415,N941MQ,ORD,OMA,11:55:00 PM,11:51:00 PM,-4,14,10:05:00 AM,93,91,74,416,11:19:00 AM,3,11:28:00 AM,11:22:00 AM,-6,Thursday,Jan
01/26/2015,OO,4562,N8903A,CVG,MSN,4:06:00 PM,5:30:00 PM,84,10,5:40:00 PM,84,81,65,373,5:45:00 PM,6,4:30:00 PM,5:51:00 PM,81,Monday,Jan
01/16/2015,B6,644,N659JB,PBI,EWR,2:46:00 AM,1:35:00 AM,-11,11,2:46:00 AM,164,161,145,1023,10:11:00 AM,5,10:30:00 AM,10:16:00 AM,-14,Friday,Jan
02/04/2015,OO,6521,N957SW,DEN,SAN,8:00:00 AM,1:50:00 PM,50,45,9:35:00 PM,153,163,114,853,10:29:00 AM,4,9:33:00 PM,10:33:00 AM,60,Wednesday,Feb
01/22/2015,MQ,3682,N521MQ,ATL,LGA,10:11:00 AM,10:07:00 AM,-4,20,10:27:00 AM,135,120,96,762,12:03:00 PM,4,12:26:00 PM,12:07:00 PM,-19,Thursday,Jan
01/09/2015,WN,1172,N364SW,RSW,BWI,3:55:00 PM,3:50:00 PM,-5,20,4:10:00 PM,140,135,112,919,6:02:00 PM,3,6:15:00 PM,6:05:00 PM,-10,Friday,Jan
01/12/2015,OO,4669,N810SK,BIL,SLC,1:06:00 PM,1:01:00 PM,-5,9,1:10:00 PM,84,73,56,387,2:06:00 PM,8,2:30:00 PM,2:14:00 PM,-16,Monday,Jan
02/07/2015,WN,4522,N460WN,OKC,MDW,12:45:00 PM,12:39:00 PM,-6,9,12:48:00 PM,115,111,96,691,2:24:00 PM,6,2:40:00 PM,2:30:00 PM,-10,Saturday,Feb
01/12/2015,DL,1473,N822DN,DTW,TPA,5:37:00 PM,5:32:00 PM,-5,17,5:49:00 PM,176,164,144,983,8:13:00 PM,3,8:33:00 PM,8:16:00 PM,-17,Monday,Jan
01/01/2015,DL,1452,N589NW,MSP,ATL,2:25:00 PM,2:24:00 PM,-1,11,2:35:00 PM,149,129,113,907,5:28:00 PM,5,5:54:00 PM,5:33:00 PM,-21,Thursday,Jan
02/05/2015,DL,1105,N1402A,SLC,HNL,12:05:00 PM,12:01:00 PM,-4,15,12:16:00 PM,414,438,413,2994,4:09:00 PM,10,3:59:00 PM,4:19:00 PM,20,Thursday,Feb
01/30/2015,DL,2325,N910AT,DTW,EWR,7:35:00 PM,7:41:00 PM,6,19,8:00:00 PM,110,104,78,488,9:18:00 PM,7,9:25:00 PM,9:25:00 PM,0,Friday,Jan
02/04/2015,OO,6381,N767SK,OMA,IAH,6:40:00 AM,7:54:00 AM,14,37,3:31:00 PM,145,157,115,781,10:26:00 AM,5,8:05:00 AM,11:31:00 AM,26,Wednesday,Feb
01/15/2015,OO,6421,N932EV,SFO,BUR,12:29:00 PM,1:31:00 PM,62,20,1:51:00 PM,72,76,52,326,2:43:00 PM,4,1:41:00 PM,2:47:00 PM,66,Thursday,Jan
01/29/2015,EV,5437,N933EV,ATL,GSP,11:30:00 AM,10:26:00 AM,-4,18,12:44:00 PM,54,51,30,153,7:14:00 PM,3,8:24:00 PM,7:17:00 PM,-7,Thursday,Jan
01/06/2015,WN,713,N645SW,LAX,SJC,8:25:00 PM,8:24:00 PM,-1,8,9:32:00 PM,65,57,46,308,10:18:00 AM,3,10:30:00 AM,10:21:00 AM,-9,Tuesday,Jan
02/10/2015,OO,2617,N417SW,LAX,FAT,5:46:00 PM,5:34:00 PM,-12,20,5:54:00 PM,61,61,36,209,6:30:00 PM,5,6:47:00 PM,6:35:00 PM,-12,Tuesday,Feb
01/21/2015,AA,2473,N3CWAA,ORD,MIA,12:25:00 AM,12:22:00 AM,-3,14,1:36:00 AM,188,168,147,1197,11:03:00 AM,7,11:33:00 AM,11:10:00 AM,-23,Wednesday,Jan
01/15/2015,MQ,3198,N649MQ,DFW,AEX,7:50:00 PM,7:48:00 PM,-2,16,8:04:00 PM,65,62,44,285,8:48:00 PM,2,8:55:00 PM,8:50:00 PM,-5,Thursday,Jan
01/14/2015,WN,32,N7813P,PNS,HOU,11:45:00 AM,11:42:00 AM,-3,6,11:48:00 AM,105,101,91,488,1:19:00 PM,4,1:30:00 PM,1:23:00 PM,-7,Wednesday,Jan
01/10/2015,B6,1902,N585JB,FLL,JFK,2:40:00 PM,2:55:00 PM,15,12,3:07:00 PM,171,162,141,1069,5:28:00 PM,9,5:31:00 PM,5:37:00 PM,6,Saturday,Jan
01/17/2015,AA,1620,N3AUAA,ORD,RDU,10:15:00 AM,10:07:00 AM,-8,13,10:20:00 AM,107,145,86,646,12:46:00 PM,46,1:02:00 PM,1:32:00 PM,30,Saturday,Jan
02/09/2015,B6,447,N559JB,OAK,LGB,12:00:00 PM,7:51:00 AM,-9,11,12:02:00 PM,80,81,64,353,10:06:00 PM,6,12:20:00 AM,11:12:00 PM,-8,Monday,Feb
01/18/2015,UA,1137,N76265,SAN,SFO,9:10:00 AM,10:20:00 AM,10,19,11:39:00 AM,102,114,90,447,10:09:00 AM,5,11:52:00 PM,10:14:00 AM,22,Sunday,Jan
02/09/2015,OO,3457,N699BR,BUR,PDX,8:20:00 PM,8:23:00 PM,3,12,9:35:00 PM,137,132,117,817,11:32:00 AM,3,11:37:00 AM,11:35:00 AM,-2,Monday,Feb
01/15/2015,MQ,3311,N609MQ,DFW,DRO,3:35:00 PM,3:28:00 PM,-7,16,3:44:00 PM,127,116,98,674,4:22:00 PM,2,4:42:00 PM,4:24:00 PM,-18,Thursday,Jan
01/30/2015,DL,1689,N994AT,HSV,ATL,3:47:00 PM,3:44:00 PM,-3,13,3:57:00 PM,63,48,29,151,5:26:00 PM,6,5:50:00 PM,5:32:00 PM,-18,Friday,Jan
01/17/2015,DL,1368,N137DL,PHX,MSP,2:54:00 PM,2:49:00 PM,-5,19,3:08:00 PM,191,179,157,1276,6:45:00 PM,3,7:05:00 PM,6:48:00 PM,-17,Saturday,Jan
01/05/2015,WN,465,N241WN,LAS,RDU,9:35:00 PM,9:36:00 PM,1,8,10:44:00 PM,255,254,241,2026,4:45:00 PM,5,4:50:00 PM,4:50:00 PM,0,Monday,Jan
02/03/2015,WN,3943,N610WN,DTW,STL,12:40:00 PM,11:37:00 AM,-3,8,12:45:00 PM,115,87,75,440,6:00:00 PM,4,9:35:00 PM,6:04:00 PM,-31,Tuesday,Feb
01/09/2015,MQ,3184,N815MQ,GRK,DFW,10:45:00 AM,10:35:00 AM,-10,7,10:42:00 AM,48,49,30,134,11:12:00 AM,12,11:33:00 AM,11:24:00 AM,-9,Friday,Jan
01/20/2015,DL,2124,N830DN,MSY,ATL,11:15:00 PM,11:10:00 PM,-5,12,12:22:00 AM,89,85,59,425,8:21:00 PM,14,10:44:00 PM,9:35:00 PM,-9,Tuesday,Jan
02/01/2015,US,1878,N713UW,DCA,MCO,7:35:00 PM,7:30:00 PM,-5,13,7:43:00 PM,146,132,116,759,9:39:00 PM,3,10:01:00 PM,9:42:00 PM,-19,Sunday,Feb
01/30/2015,OO,5258,N567SW,SFO,BFL,11:08:00 AM,11:51:00 AM,43,20,12:11:00 PM,77,81,59,238,1:10:00 PM,2,12:25:00 PM,1:12:00 PM,47,Friday,Jan
01/01/2015,UA,219,N779UA,ORD,HNL,10:15:00 AM,10:11:00 AM,-4,23,10:34:00 AM,554,555,519,4243,3:13:00 PM,13,3:29:00 PM,3:26:00 PM,-3,Thursday,Jan
02/05/2015,DL,281,N3737C,DTW,SEA,12:06:00 PM,12:05:00 PM,-1,14,12:19:00 PM,310,306,285,1927,2:04:00 PM,7,2:16:00 PM,2:11:00 PM,-5,Thursday,Feb
01/25/2015,US,574,N602AW,PDX,PHX,11:25:00 AM,11:21:00 AM,-4,16,11:37:00 AM,149,163,139,1009,2:56:00 PM,8,2:54:00 PM,3:04:00 PM,10,Sunday,Jan
02/02/2015,WN,4210,N8611F,PHX,SLC,1:45:00 PM,1:47:00 PM,2,27,2:14:00 PM,95,114,81,507,3:35:00 PM,6,3:20:00 PM,3:41:00 PM,21,Monday,Feb
02/10/2015,WN,4363,N7720F,RDU,BWI,8:25:00 PM,8:22:00 PM,-3,11,8:33:00 PM,60,62,47,255,9:20:00 PM,4,9:25:00 PM,9:24:00 PM,-1,Tuesday,Feb
02/08/2015,WN,608,N556WN,MCO,MSY,10:50:00 AM,10:49:00 AM,-1,8,10:57:00 AM,115,95,83,551,11:20:00 AM,4,11:45:00 AM,11:24:00 AM,-21,Sunday,Feb
01/31/2015,AA,1462,N5EMAA,DFW,MIA,12:05:00 PM,12:08:00 PM,3,10,12:18:00 PM,159,154,134,1121,3:32:00 PM,10,3:44:00 PM,3:42:00 PM,-2,Saturday,Jan
02/02/2015,EV,4326,N14171,GRR,IAH,6:24:00 PM,6:28:00 PM,4,11,6:39:00 PM,188,178,157,1042,8:16:00 PM,10,8:32:00 PM,8:26:00 PM,-6,Monday,Feb
02/08/2015,UA,636,N832UA,MCI,ORD,6:42:00 PM,6:34:00 PM,-8,12,6:46:00 PM,96,87,59,403,7:45:00 PM,16,8:18:00 PM,8:01:00 PM,-17,Sunday,Feb
01/25/2015,WN,238,N249WN,LGA,BNA,5:55:00 PM,5:52:00 PM,-3,26,6:18:00 PM,165,146,114,764,7:12:00 PM,6,7:40:00 PM,7:18:00 PM,-22,Sunday,Jan
02/03/2015,EV,4706,N16999,IAH,CLT,4:58:00 PM,4:47:00 PM,-11,12,4:59:00 PM,138,138,117,912,7:56:00 PM,9,8:16:00 PM,8:05:00 PM,-11,Tuesday,Feb
02/05/2015,OO,5314,N956SW,SBA,LAX,11:16:00 AM,11:55:00 AM,39,7,12:02:00 PM,56,60,30,89,12:32:00 PM,23,12:12:00 PM,12:55:00 PM,43,Thursday,Feb
01/30/2015,WN,3674,N380SW,BNA,LGA,12:20:00 PM,12:30:00 PM,10,11,12:41:00 PM,125,121,101,764,3:22:00 PM,9,3:25:00 PM,3:31:00 PM,6,Friday,Jan
01/22/2015,EV,3268,N12195,IAH,SHV,12:28:00 AM,12:21:00 AM,-7,17,1:38:00 AM,60,55,33,192,9:11:00 AM,5,10:28:00 AM,9:16:00 AM,-12,Thursday,Jan
01/26/2015,OO,4719,N457SW,LSE,MSP,3:15:00 PM,3:15:00 PM,0,15,3:30:00 PM,56,50,31,119,4:01:00 PM,4,4:11:00 PM,4:05:00 PM,-6,Monday,Jan
01/25/2015,EV,5244,N882AS,DTW,MDT,3:25:00 PM,4:00:00 PM,35,21,4:21:00 PM,87,86,60,371,5:21:00 PM,5,4:52:00 PM,5:26:00 PM,34,Sunday,Jan
01/23/2015,AA,142,N520AA,MKE,DFW,5:45:00 PM,5:35:00 PM,-10,15,5:50:00 PM,165,144,118,853,7:48:00 PM,11,8:30:00 PM,7:59:00 PM,-31,Friday,Jan
01/22/2015,UA,1168,N57852,LAX,IAH,12:53:00 PM,12:50:00 PM,-3,9,12:59:00 PM,187,195,167,1379,5:46:00 PM,19,6:00:00 PM,6:05:00 PM,5,Thursday,Jan
02/10/2015,EV,4457,N13566,ORD,LEX,1:10:00 PM,1:05:00 PM,-5,18,1:23:00 PM,79,82,60,323,3:23:00 PM,4,3:29:00 PM,3:27:00 PM,-2,Tuesday,Feb
01/13/2015,US,742,N939UW,ORD,PHL,1:55:00 PM,1:48:00 PM,-7,37,2:25:00 PM,123,138,94,678,4:59:00 PM,7,4:58:00 PM,5:06:00 PM,8,Tuesday,Jan
01/23/2015,NK,174,N601NK,FLL,LGA,4:10:00 PM,4:15:00 PM,5,10,4:25:00 PM,170,158,140,1076,6:45:00 PM,8,7:00:00 PM,6:53:00 PM,-7,Friday,Jan
02/06/2015,WN,1980,N294WN,MSP,MCI,12:20:00 AM,11:14:00 PM,-6,12,12:26:00 AM,95,74,57,393,10:23:00 AM,5,1:55:00 PM,10:28:00 AM,-27,Friday,Feb
02/10/2015,WN,2187,N8319F,SAN,PHX,5:15:00 PM,5:07:00 PM,-8,11,5:18:00 PM,75,78,54,304,7:12:00 PM,13,7:30:00 PM,7:25:00 PM,-5,Tuesday,Feb
01/23/2015,AA,2312,N346AA,MCO,MIA,7:00:00 PM,6:56:00 PM,-4,13,7:09:00 PM,71,55,38,192,7:47:00 PM,4,8:11:00 PM,7:51:00 PM,-20,Friday,Jan
02/07/2015,OO,4669,N606SK,SLC,BIL,11:00:00 AM,10:58:00 AM,-2,17,11:15:00 AM,91,73,52,387,12:07:00 PM,4,12:31:00 PM,12:11:00 PM,-20,Saturday,Feb
01/16/2015,F9,157,N922FR,DSM,DEN,11:46:00 AM,11:36:00 AM,-10,8,11:44:00 AM,114,101,85,589,12:09:00 PM,8,12:40:00 PM,12:17:00 PM,-23,Friday,Jan
01/01/2015,WN,2262,N400WN,TPA,BNA,5:15:00 PM,5:24:00 PM,9,11,5:35:00 PM,110,104,88,612,6:03:00 PM,5,6:05:00 PM,6:08:00 PM,3,Thursday,Jan
01/29/2015,DL,1092,N310DE,EYW,ATL,5:46:00 PM,5:30:00 PM,-16,14,5:44:00 PM,123,126,99,646,7:23:00 PM,13,7:49:00 PM,7:36:00 PM,-13,Thursday,Jan
01/24/2015,UA,410,N818UA,MIA,ORD,1:50:00 PM,2:31:00 PM,41,9,2:40:00 PM,199,188,167,1197,4:27:00 PM,12,4:09:00 PM,4:39:00 PM,30,Saturday,Jan
01/22/2015,AA,2464,N599AA,DFW,BNA,10:55:00 AM,10:50:00 AM,-5,10,11:00:00 AM,100,91,76,631,12:16:00 PM,5,12:35:00 PM,12:21:00 PM,-14,Thursday,Jan
01/05/2015,EV,5098,N838AS,ATL,AGS,3:44:00 PM,7:50:00 PM,246,21,8:11:00 PM,51,51,27,143,8:38:00 PM,3,4:35:00 PM,8:41:00 PM,246,Monday,Jan
02/02/2015,WN,1082,N260WN,IND,BWI,12:00:00 PM,7:57:00 AM,-3,37,3:34:00 PM,105,106,65,516,1:39:00 AM,4,2:45:00 AM,2:43:00 AM,-2,Monday,Feb
02/12/2015,DL,2386,N121DE,LAS,ATL,11:29:00 AM,11:27:00 AM,-2,13,11:40:00 AM,229,227,209,1747,6:09:00 PM,5,6:18:00 PM,6:14:00 PM,-4,Thursday,Feb
01/10/2015,OO,4666,N613QX,SLC,LGB,3:00:00 PM,2:56:00 PM,-4,13,3:09:00 PM,114,116,99,588,3:48:00 PM,4,3:54:00 PM,3:52:00 PM,-2,Saturday,Jan
01/02/2015,EV,5741,N836AS,IAD,BDL,10:05:00 PM,10:01:00 PM,-4,16,10:17:00 PM,76,70,50,326,11:07:00 PM,4,11:21:00 PM,11:11:00 PM,-10,Friday,Jan
02/10/2015,OO,4745,N659BR,MSN,CVG,5:00:00 PM,4:50:00 PM,-10,13,5:03:00 PM,81,80,62,373,7:05:00 PM,5,7:21:00 PM,7:10:00 PM,-11,Tuesday,Feb
01/29/2015,DL,1089,N659DL,MSP,ANC,5:35:00 PM,5:43:00 PM,8,18,6:01:00 PM,379,357,335,2519,8:36:00 PM,4,8:54:00 PM,8:40:00 PM,-14,Thursday,Jan
02/09/2015,DL,2522,N320NB,MSP,FAR,9:49:00 PM,9:43:00 PM,-6,10,9:53:00 PM,76,58,43,223,10:36:00 PM,5,11:05:00 PM,10:41:00 PM,-24,Monday,Feb
01/03/2015,AA,1673,N5CAAA,MIA,DFW,7:55:00 PM,8:24:00 PM,29,20,8:44:00 PM,194,206,162,1121,10:26:00 PM,24,10:09:00 PM,10:50:00 PM,41,Saturday,Jan
01/31/2015,DL,1812,N906DL,ATL,ORD,9:59:00 PM,9:56:00 PM,-3,18,10:14:00 PM,121,117,93,606,10:47:00 PM,6,11:00:00 PM,10:53:00 PM,-7,Saturday,Jan
01/20/2015,DL,922,N680DA,SJU,ATL,9:15:00 AM,9:11:00 AM,-4,18,10:29:00 AM,239,235,207,1547,10:56:00 AM,10,11:14:00 AM,11:06:00 AM,-8,Tuesday,Jan
02/12/2015,OO,4769,N445SW,SLC,TUS,11:31:00 AM,10:25:00 AM,-6,16,12:41:00 PM,121,106,86,601,10:07:00 AM,4,10:32:00 AM,10:11:00 AM,-21,Thursday,Feb
02/11/2015,WN,3497,N449WN,LGA,CAK,7:30:00 PM,7:33:00 PM,3,37,8:10:00 PM,100,113,69,397,9:19:00 PM,7,9:10:00 PM,9:26:00 PM,16,Wednesday,Feb
01/09/2015,HA,34,N396HA,OGG,LAX,4:30:00 PM,4:54:00 PM,24,8,5:02:00 PM,315,289,271,2486,11:33:00 PM,10,11:45:00 PM,11:43:00 PM,-2,Friday,Jan
01/16/2015,US,453,N828AW,CLT,AUS,12:56:00 PM,12:55:00 PM,-1,14,1:09:00 PM,190,181,160,1032,2:49:00 PM,7,3:06:00 PM,2:56:00 PM,-10,Friday,Jan
01/31/2015,MQ,3386,N643MQ,CLL,DFW,2:38:00 PM,2:32:00 PM,-6,4,2:36:00 PM,57,53,39,164,3:15:00 PM,10,3:35:00 PM,3:25:00 PM,-10,Saturday,Jan
01/09/2015,WN,1005,N618WN,MSY,BWI,8:10:00 PM,8:05:00 PM,-5,14,8:19:00 PM,140,135,118,998,11:17:00 PM,3,11:30:00 PM,11:20:00 PM,-10,Friday,Jan
01/03/2015,DL,1920,N924AT,SAV,ATL,6:00:00 PM,1:57:00 PM,-3,12,6:09:00 PM,73,83,57,214,10:06:00 AM,14,10:13:00 AM,10:20:00 AM,7,Saturday,Jan
02/08/2015,UA,1254,N57857,SFO,ORD,10:40:00 PM,11:08:00 PM,28,16,11:24:00 PM,241,215,190,1846,7:34:00 PM,9,8:41:00 PM,8:43:00 PM,2,Sunday,Feb
01/01/2015,UA,377,N448UA,DEN,IAD,5:41:00 PM,6:01:00 PM,20,35,6:36:00 PM,191,188,147,1452,11:03:00 PM,6,10:52:00 PM,11:09:00 PM,17,Thursday,Jan
01/31/2015,HA,340,N492HA,OGG,KOA,12:52:00 PM,12:51:00 PM,-1,6,12:57:00 PM,32,33,22,84,1:19:00 PM,5,1:24:00 PM,1:24:00 PM,0,Saturday,Jan
02/03/2015,EV,4390,N13914,CLE,IAD,10:13:00 AM,10:49:00 AM,36,10,10:59:00 AM,77,64,47,288,11:46:00 AM,7,11:30:00 AM,11:53:00 AM,23,Tuesday,Feb
01/24/2015,OO,5316,N951SW,MRY,LAX,12:00:00 PM,7:50:00 AM,-10,7,7:57:00 AM,71,58,44,266,4:41:00 PM,7,11:11:00 PM,4:48:00 PM,-23,Saturday,Jan
01/24/2015,OO,6212,N291SW,SFO,ACV,7:30:00 PM,7:54:00 PM,24,17,8:11:00 PM,82,79,58,250,9:09:00 PM,4,8:52:00 PM,9:13:00 PM,21,Saturday,Jan
01/08/2015,HA,291,N485HA,ITO,HNL,2:38:00 PM,2:35:00 PM,-3,8,2:43:00 PM,52,64,40,216,3:23:00 PM,16,3:30:00 PM,3:39:00 PM,9,Thursday,Jan
01/14/2015,DL,1527,N522US,FLL,ATL,7:05:00 PM,7:00:00 PM,-5,17,7:17:00 PM,120,120,84,581,8:41:00 PM,19,9:05:00 PM,9:00:00 PM,-5,Wednesday,Jan
01/16/2015,DL,2178,N918DE,ATL,TLH,8:00:00 PM,7:58:00 PM,-2,17,8:15:00 PM,66,61,38,223,8:53:00 PM,6,9:06:00 PM,8:59:00 PM,-7,Friday,Jan
02/11/2015,DL,1143,N355NB,SLC,PDX,3:00:00 PM,2:57:00 PM,-3,11,3:08:00 PM,119,110,95,630,3:43:00 PM,4,3:59:00 PM,3:47:00 PM,-12,Wednesday,Feb
01/02/2015,WN,43,N427WN,DAL,HOU,5:00:00 PM,5:42:00 PM,42,9,5:51:00 PM,65,62,49,239,6:40:00 PM,4,6:05:00 PM,6:44:00 PM,39,Friday,Jan
01/30/2015,US,597,N677AW,JFK,PHX,11:59:00 PM,11:59:00 PM,0,42,10:41:00 AM,337,355,310,2153,1:51:00 PM,3,1:36:00 PM,1:54:00 PM,18,Friday,Jan
01/06/2015,EV,4361,N12567,EWR,TYS,7:10:00 PM,7:29:00 PM,19,14,7:43:00 PM,138,128,110,631,9:33:00 PM,4,9:28:00 PM,9:37:00 PM,9,Tuesday,Jan
01/04/2015,B6,1373,N665JB,JFK,CHS,1:59:00 PM,2:05:00 PM,6,30,2:35:00 PM,133,139,105,636,4:20:00 PM,4,4:12:00 PM,4:24:00 PM,12,Sunday,Jan
01/05/2015,AA,2462,N018AA,MIA,STL,9:05:00 PM,9:06:00 PM,1,16,9:22:00 PM,171,171,151,1068,10:53:00 PM,4,10:56:00 PM,10:57:00 PM,1,Monday,Jan
01/29/2015,AA,1455,N012AA,ATL,DFW,1:56:00 PM,12:47:00 PM,-9,12,1:59:00 PM,154,146,118,731,11:57:00 PM,16,10:30:00 AM,10:13:00 AM,-17,Thursday,Jan
01/23/2015,DL,831,N315US,LGA,DTW,12:20:00 AM,11:16:00 PM,-4,21,1:37:00 AM,126,111,85,502,6:02:00 PM,5,8:26:00 PM,6:07:00 PM,-19,Friday,Jan
02/07/2015,US,615,N656AW,FLL,PHX,5:00:00 PM,5:19:00 PM,19,12,5:31:00 PM,314,287,266,1972,7:57:00 PM,9,8:14:00 PM,8:06:00 PM,-8,Saturday,Feb
01/06/2015,AA,245,N3MDAA,DCA,LAX,5:10:00 PM,5:22:00 PM,12,15,5:37:00 PM,357,328,309,2311,7:46:00 PM,4,8:07:00 PM,7:50:00 PM,-17,Tuesday,Jan
02/10/2015,OO,5268,N495CA,COS,DEN,1:00:00 PM,12:56:00 PM,-4,15,1:11:00 PM,48,41,18,73,1:29:00 PM,8,1:48:00 PM,1:37:00 PM,-11,Tuesday,Feb
02/01/2015,WN,690,N711HK,STL,MSY,5:30:00 PM,5:29:00 PM,-1,9,5:38:00 PM,110,107,94,604,7:12:00 PM,4,7:20:00 PM,7:16:00 PM,-4,Sunday,Feb
01/17/2015,UA,423,N844UA,IAH,DEN,2:35:00 PM,2:32:00 PM,-3,10,2:42:00 PM,155,146,129,862,3:51:00 PM,7,4:10:00 PM,3:58:00 PM,-12,Saturday,Jan
01/13/2015,US,560,N665AW,PHX,SEA,11:35:00 AM,10:28:00 AM,-7,20,12:48:00 PM,189,185,158,1107,10:26:00 AM,7,10:44:00 AM,10:33:00 AM,-11,Tuesday,Jan
01/20/2015,EV,5670,N11526,IAH,SHV,1:33:00 PM,1:23:00 PM,-10,13,1:36:00 PM,60,54,34,192,2:10:00 PM,7,2:33:00 PM,2:17:00 PM,-16,Tuesday,Jan
02/04/2015,AS,448,N597AS,SEA,LAX,4:55:00 PM,4:54:00 PM,-1,13,5:07:00 PM,146,150,126,954,7:13:00 PM,11,7:21:00 PM,7:24:00 PM,3,Wednesday,Feb
02/02/2015,AA,92,N3AVAA,SAN,ORD,1:58:00 PM,9:30:00 PM,32,14,10:44:00 PM,242,245,202,1723,3:06:00 PM,29,3:00:00 PM,3:35:00 PM,35,Monday,Feb
01/13/2015,WN,4278,N902WN,DEN,MSP,10:05:00 AM,10:21:00 AM,16,15,10:36:00 AM,115,102,85,680,1:01:00 PM,2,1:00:00 PM,1:03:00 PM,3,Tuesday,Jan
01/03/2015,MQ,3336,N847MQ,DAY,LGA,11:15:00 PM,10:06:00 PM,-9,12,11:18:00 PM,120,103,76,549,11:34:00 AM,15,7:15:00 PM,12:49:00 PM,-26,Saturday,Jan
01/06/2015,WN,2700,N932WN,SAN,SFO,8:00:00 PM,7:56:00 PM,-4,9,8:05:00 PM,95,73,59,447,9:04:00 PM,5,9:35:00 PM,9:09:00 PM,-26,Tuesday,Jan
01/30/2015,DL,1969,N962DN,IND,ATL,12:00:00 PM,7:57:00 AM,-3,30,2:27:00 PM,104,96,60,432,12:27:00 AM,6,2:44:00 AM,1:33:00 AM,-11,Friday,Jan
01/12/2015,WN,4200,N7744A,SAN,DAL,3:35:00 PM,3:38:00 PM,3,8,3:46:00 PM,170,158,144,1182,8:10:00 PM,6,8:25:00 PM,8:16:00 PM,-9,Monday,Jan
01/12/2015,AS,643,N413AS,PHX,SEA,12:05:00 PM,12:16:00 PM,11,13,12:29:00 PM,189,180,161,1107,2:10:00 PM,6,2:14:00 PM,2:16:00 PM,2,Monday,Jan
02/11/2015,OO,5181,N703SK,LAX,ASE,9:37:00 PM,9:34:00 PM,-3,14,10:48:00 PM,124,129,112,737,12:40:00 PM,3,12:41:00 PM,12:43:00 PM,2,Wednesday,Feb
01/19/2015,US,622,N602AW,SEA,PHX,11:30:00 AM,11:27:00 AM,-3,16,11:43:00 AM,165,148,129,1107,2:52:00 PM,3,3:15:00 PM,2:55:00 PM,-20,Monday,Jan
02/04/2015,AA,1484,N573AA,DFW,AUS,8:25:00 PM,9:35:00 PM,10,11,10:46:00 PM,58,51,34,190,10:20:00 AM,6,10:23:00 AM,10:26:00 AM,3,Wednesday,Feb
01/09/2015,US,1816,N725UW,DCA,TPA,10:10:00 AM,10:02:00 AM,-8,17,10:19:00 AM,152,157,137,814,12:36:00 PM,3,12:42:00 PM,12:39:00 PM,-3,Friday,Jan
01/26/2015,EV,5912,N11189,DEN,DIK,7:52:00 PM,7:56:00 PM,4,12,8:08:00 PM,101,88,72,488,9:20:00 PM,4,9:33:00 PM,9:24:00 PM,-9,Monday,Jan
01/31/2015,OO,6525,N964SW,ORD,MSN,11:56:00 AM,11:50:00 AM,-6,11,12:01:00 PM,55,42,28,108,12:29:00 PM,3,12:51:00 PM,12:32:00 PM,-19,Saturday,Jan
02/04/2015,WN,39,N283WN,SAT,DAL,2:30:00 PM,2:29:00 PM,-1,5,2:34:00 PM,60,55,48,248,3:22:00 PM,2,3:30:00 PM,3:24:00 PM,-6,Wednesday,Feb
01/11/2015,AS,150,N403AS,ANC,LAX,11:40:00 PM,11:41:00 PM,1,19,12:00:00 AM,320,292,267,2345,4:27:00 AM,6,12:00:00 PM,5:33:00 AM,-27,Sunday,Jan
02/03/2015,EV,4748,N18556,DCA,EWR,9:35:00 PM,9:38:00 PM,3,13,9:51:00 PM,68,66,42,199,10:33:00 PM,11,10:43:00 PM,10:44:00 PM,1,Tuesday,Feb
01/05/2015,WN,303,N657SW,BWI,JAX,8:35:00 PM,8:45:00 PM,10,12,8:57:00 PM,125,119,102,663,10:39:00 PM,5,10:40:00 PM,10:44:00 PM,4,Monday,Jan
01/23/2015,DL,2342,N678DL,JAX,ATL,2:15:00 PM,3:11:00 PM,56,24,3:35:00 PM,80,103,65,270,4:40:00 PM,14,3:35:00 PM,4:54:00 PM,79,Friday,Jan
01/05/2015,WN,2560,N433LV,BWI,BOS,5:20:00 PM,5:19:00 PM,-1,9,5:28:00 PM,85,72,55,369,6:23:00 PM,8,6:45:00 PM,6:31:00 PM,-14,Monday,Jan
02/04/2015,DL,1448,N915DL,DTW,LGA,9:55:00 PM,9:43:00 PM,-12,15,9:58:00 PM,107,87,65,502,11:03:00 PM,7,11:42:00 PM,11:10:00 PM,-32,Wednesday,Feb
02/04/2015,VX,260,N845VA,LAS,JFK,10:10:00 PM,10:01:00 PM,-9,13,10:14:00 PM,289,284,265,2248,5:39:00 AM,6,7:59:00 AM,6:45:00 AM,-14,Wednesday,Feb
01/15/2015,DL,811,N906DA,TPA,ATL,3:45:00 PM,3:44:00 PM,-1,10,3:54:00 PM,95,94,72,406,5:06:00 PM,12,5:20:00 PM,5:18:00 PM,-2,Thursday,Jan
01/13/2015,AA,197,N3HHAA,SFO,ORD,5:31:00 PM,5:28:00 PM,-3,13,5:41:00 PM,243,264,242,1846,11:43:00 PM,9,11:34:00 PM,11:52:00 PM,18,Tuesday,Jan
01/26/2015,DL,16,N180DN,LAX,JFK,7:10:00 PM,6:09:00 PM,-1,19,8:28:00 PM,330,332,294,2475,5:22:00 PM,19,5:40:00 PM,5:41:00 PM,1,Monday,Jan
01/27/2015,DL,2218,N549US,LAX,HNL,11:05:00 AM,10:58:00 AM,-7,19,11:17:00 AM,355,361,338,2556,2:55:00 PM,4,3:00:00 PM,2:59:00 PM,-1,Tuesday,Jan
01/24/2015,MQ,3320,N610MQ,DFW,LAW,8:00:00 AM,3:55:00 AM,-5,14,8:09:00 AM,48,45,29,140,11:38:00 AM,2,12:48:00 PM,12:40:00 PM,-8,Saturday,Jan
01/13/2015,OO,7402,N429SW,DTW,ESC,12:00:00 PM,11:53:00 AM,-7,23,12:16:00 PM,85,77,49,306,1:05:00 PM,5,1:25:00 PM,1:10:00 PM,-15,Tuesday,Jan
02/11/2015,UA,1749,N38459,SFO,EWR,11:36:00 PM,11:36:00 PM,0,11,11:47:00 PM,323,318,296,2565,2:43:00 AM,11,3:59:00 AM,3:54:00 AM,-5,Wednesday,Feb
01/11/2015,OO,6378,N923SW,ORD,MSN,11:30:00 AM,10:23:00 AM,-7,17,12:40:00 PM,57,47,26,108,6:06:00 PM,4,8:27:00 PM,7:10:00 PM,-17,Sunday,Jan
01/09/2015,WN,4369,N352SW,MKE,TPA,2:30:00 PM,2:39:00 PM,9,9,2:48:00 PM,175,160,146,1075,6:14:00 PM,5,6:25:00 PM,6:19:00 PM,-6,Friday,Jan
02/02/2015,WN,44,N284WN,ATL,HOU,3:05:00 PM,3:03:00 PM,-2,17,3:20:00 PM,145,142,121,696,4:21:00 PM,4,4:30:00 PM,4:25:00 PM,-5,Monday,Feb
01/26/2015,OO,5267,N727SK,OKC,IAH,12:08:00 PM,12:48:00 PM,40,15,1:03:00 PM,87,78,59,395,2:02:00 PM,4,1:35:00 PM,2:06:00 PM,31,Monday,Jan
01/17/2015,WN,2615,N400WN,PHL,BNA,6:00:00 PM,1:59:00 PM,-1,13,7:12:00 PM,140,119,102,675,11:54:00 PM,4,10:20:00 AM,11:58:00 PM,-22,Saturday,Jan
01/16/2015,UA,520,N851UA,MSP,ORD,1:10:00 PM,12:05:00 PM,-5,15,2:20:00 PM,90,71,47,334,10:07:00 PM,9,2:40:00 AM,11:16:00 PM,-24,Friday,Jan
02/10/2015,UA,299,N412UA,IAD,TPA,12:30:00 PM,12:29:00 PM,-1,13,12:42:00 PM,148,120,104,811,2:26:00 PM,3,2:58:00 PM,2:29:00 PM,-29,Tuesday,Feb
01/11/2015,WN,1606,N618WN,OAK,PDX,10:50:00 AM,10:54:00 AM,4,17,11:11:00 AM,100,106,86,543,12:37:00 PM,3,12:30:00 PM,12:40:00 PM,10,Sunday,Jan
02/12/2015,WN,1272,N720WN,DAL,LAX,10:25:00 AM,10:26:00 AM,1,9,10:35:00 AM,205,180,157,1246,11:12:00 AM,14,11:50:00 AM,11:26:00 AM,-24,Thursday,Feb
01/28/2015,WN,3214,N739GB,SNA,SFO,10:40:00 PM,10:40:00 PM,0,5,10:45:00 PM,90,66,57,372,10:42:00 AM,4,11:10:00 AM,10:46:00 AM,-24,Wednesday,Jan
01/11/2015,NK,720,N522NK,DEN,DFW,8:55:00 PM,10:03:00 PM,68,13,10:16:00 PM,108,103,82,641,2:38:00 PM,8,11:43:00 PM,10:46:00 PM,63,Sunday,Jan
01/04/2015,NK,884,N616NK,SJU,MCO,3:15:00 PM,3:37:00 PM,22,23,4:00:00 PM,191,190,158,1189,5:38:00 PM,9,5:26:00 PM,5:47:00 PM,21,Sunday,Jan
01/28/2015,DL,1193,N997DL,GSO,ATL,9:10:00 AM,8:07:00 AM,-3,17,10:24:00 AM,95,72,47,306,7:11:00 PM,8,10:45:00 PM,7:19:00 PM,-26,Wednesday,Jan
01/29/2015,AA,2492,N850AA,LAX,DFW,6:15:00 PM,6:12:00 PM,-3,14,6:26:00 PM,173,171,149,1235,10:55:00 PM,8,11:08:00 PM,11:03:00 PM,-5,Thursday,Jan
02/04/2015,AA,1326,N3KDAA,TUL,ORD,8:01:00 AM,3:54:00 AM,-7,9,8:03:00 AM,109,106,85,585,8:28:00 PM,12,11:50:00 PM,10:40:00 PM,-10,Wednesday,Feb
02/10/2015,DL,1857,N368NW,SEA,SLC,10:23:00 AM,10:20:00 AM,-3,18,10:38:00 AM,112,106,84,689,1:02:00 PM,4,1:15:00 PM,1:06:00 PM,-9,Tuesday,Feb
02/12/2015,WN,231,N253WN,BNA,CHS,7:10:00 PM,6:08:00 PM,-2,26,9:34:00 PM,80,87,57,439,11:31:00 AM,4,11:30:00 AM,11:35:00 AM,5,Thursday,Feb
01/29/2015,OO,5641,N702BR,BUR,DEN,1:16:00 PM,1:13:00 PM,-3,12,1:25:00 PM,143,134,115,850,4:20:00 PM,7,4:39:00 PM,4:27:00 PM,-12,Thursday,Jan
02/07/2015,OO,2685,N886AS,PHX,PSP,7:43:00 PM,7:45:00 PM,2,24,8:09:00 PM,68,71,43,261,7:52:00 PM,4,7:51:00 PM,7:56:00 PM,5,Saturday,Feb
01/11/2015,AS,611,N440AS,LAS,SEA,7:10:00 PM,8:22:00 PM,72,20,8:42:00 PM,155,163,138,867,11:00:00 PM,5,9:45:00 PM,11:05:00 PM,80,Sunday,Jan
02/02/2015,DL,1732,N977AT,ATL,CLE,2:03:00 PM,2:02:00 PM,-1,16,2:18:00 PM,108,114,94,554,3:52:00 PM,4,3:51:00 PM,3:56:00 PM,5,Monday,Feb
01/05/2015,OO,5625,N295SW,MFR,SFO,10:42:00 AM,10:33:00 AM,-9,6,10:39:00 AM,105,80,71,329,11:50:00 AM,3,12:27:00 PM,11:53:00 AM,-34,Monday,Jan
01/07/2015,DL,1406,N136DL,LAX,DTW,11:05:00 PM,11:08:00 PM,3,20,11:28:00 PM,266,263,232,1979,2:20:00 PM,11,3:31:00 PM,3:31:00 PM,0,Wednesday,Jan
01/30/2015,DL,1240,N958DN,ATL,TUS,11:05:00 AM,11:07:00 AM,2,18,11:25:00 AM,258,236,214,1541,12:59:00 PM,4,1:23:00 PM,1:03:00 PM,-20,Friday,Jan
01/10/2015,AA,1312,N003AA,STL,MIA,1:15:00 PM,4:42:00 PM,27,15,5:57:00 PM,168,188,140,1068,10:17:00 AM,33,10:03:00 AM,10:50:00 AM,47,Saturday,Jan
02/11/2015,WN,2187,N8603F,LGA,MDW,11:35:00 AM,11:30:00 AM,-5,41,12:11:00 PM,160,160,114,725,1:05:00 PM,5,1:15:00 PM,1:10:00 PM,-5,Wednesday,Feb
01/02/2015,DL,160,N335NW,DEN,MSP,11:25:00 AM,12:26:00 PM,61,25,12:51:00 PM,115,117,88,680,3:19:00 PM,4,2:20:00 PM,3:23:00 PM,63,Friday,Jan
01/24/2015,DL,2028,N587NW,MCO,DTW,4:05:00 PM,3:59:00 PM,-6,14,4:13:00 PM,159,155,133,957,6:26:00 PM,8,6:44:00 PM,6:34:00 PM,-10,Saturday,Jan
01/14/2015,EV,5924,N15973,ORD,TYS,2:35:00 PM,2:30:00 PM,-5,13,2:43:00 PM,94,82,66,475,4:49:00 PM,3,5:09:00 PM,4:52:00 PM,-17,Wednesday,Jan
02/09/2015,WN,473,N737JW,DTW,BWI,12:00:00 PM,12:00:00 PM,0,52,5:52:00 PM,105,117,60,409,3:52:00 AM,5,2:45:00 AM,3:57:00 AM,12,Monday,Feb
01/16/2015,WN,2866,N732SW,BWI,ALB,2:10:00 PM,2:04:00 PM,-6,9,2:13:00 PM,70,70,57,289,3:10:00 PM,4,3:20:00 PM,3:14:00 PM,-6,Friday,Jan
02/12/2015,US,2130,N749US,DCA,BOS,1:30:00 AM,12:22:00 AM,-8,27,2:49:00 AM,84,92,57,399,12:46:00 PM,8,1:54:00 PM,1:54:00 PM,0,Thursday,Feb
01/09/2015,MQ,3291,N515MQ,DFW,MAF,9:30:00 PM,9:46:00 PM,16,20,10:06:00 PM,69,73,49,309,10:55:00 PM,4,10:39:00 PM,10:59:00 PM,20,Friday,Jan
02/08/2015,WN,724,N799SW,MSY,STL,6:05:00 PM,5:59:00 PM,-6,7,6:06:00 PM,105,99,89,604,7:35:00 PM,3,7:50:00 PM,7:38:00 PM,-12,Sunday,Feb
01/06/2015,WN,4403,N401WN,MSY,ATL,4:40:00 PM,4:37:00 PM,-3,7,4:44:00 PM,85,81,65,425,6:49:00 PM,9,7:05:00 PM,6:58:00 PM,-7,Tuesday,Jan
01/17/2015,MQ,3056,N905MQ,DFW,SPI,5:15:00 PM,5:10:00 PM,-5,19,5:29:00 PM,105,102,79,630,6:48:00 PM,4,7:00:00 PM,6:52:00 PM,-8,Saturday,Jan
01/01/2015,VX,929,N839VA,LAX,SFO,1:30:00 PM,1:24:00 PM,-6,8,1:32:00 PM,75,69,55,337,2:27:00 PM,6,2:45:00 PM,2:33:00 PM,-12,Thursday,Jan
01/02/2015,AS,555,N612AS,PSP,SEA,3:40:00 PM,3:20:00 PM,-20,14,3:34:00 PM,165,180,153,987,6:07:00 PM,13,6:25:00 PM,6:20:00 PM,-5,Friday,Jan
02/04/2015,F9,1260,N204FR,ORD,TPA,2:25:00 PM,2:20:00 PM,-5,20,2:40:00 PM,155,169,143,1012,6:03:00 PM,6,6:00:00 PM,6:09:00 PM,9,Wednesday,Feb
02/01/2015,UA,1559,N57870,SFO,DEN,6:44:00 AM,5:39:00 AM,-5,13,7:52:00 AM,148,158,126,967,1:58:00 PM,19,7:12:00 PM,7:17:00 PM,5,Sunday,Feb
01/23/2015,WN,3057,N8626B,LAS,BNA,8:05:00 AM,9:17:00 AM,12,13,11:30:00 AM,210,212,192,1587,1:42:00 PM,7,1:35:00 PM,1:49:00 PM,14,Friday,Jan
01/04/2015,B6,908,N636JB,SJU,BOS,2:10:00 PM,2:54:00 PM,44,12,3:06:00 PM,252,248,228,1674,5:54:00 PM,8,5:22:00 PM,6:02:00 PM,40,Sunday,Jan
01/08/2015,DL,1988,N675DL,SFO,DTW,11:15:00 PM,11:20:00 PM,5,15,11:35:00 PM,268,254,225,2079,2:20:00 PM,14,4:43:00 PM,3:34:00 PM,-9,Thursday,Jan
02/12/2015,OO,6270,N910SW,SFO,RNO,10:45:00 AM,10:43:00 AM,-2,20,11:03:00 AM,58,63,38,192,11:41:00 AM,5,11:43:00 AM,11:46:00 AM,3,Thursday,Feb
01/20/2015,UA,442,N425UA,IAH,LGA,1:05:00 PM,1:02:00 PM,-3,16,1:18:00 PM,204,192,172,1416,5:10:00 PM,4,5:29:00 PM,5:14:00 PM,-15,Tuesday,Jan
01/02/2015,DL,661,N6700,ATL,STT,10:25:00 AM,10:21:00 AM,-4,15,11:36:00 AM,215,207,187,1599,12:43:00 PM,5,1:00:00 PM,12:48:00 PM,-12,Friday,Jan
01/16/2015,MQ,3315,N527MQ,ORD,MEM,10:00:00 PM,10:04:00 PM,4,30,10:34:00 PM,101,120,86,491,12:00:00 AM,4,11:41:00 PM,4:04:00 AM,23,Friday,Jan
01/16/2015,OO,6346,N237SW,MRY,SFO,3:30:00 PM,2:27:00 PM,-3,10,3:37:00 PM,48,36,23,77,10:00:00 PM,3,11:18:00 PM,10:03:00 PM,-15,Friday,Jan
02/06/2015,US,2036,N709UW,JAX,CLT,1:55:00 PM,1:46:00 PM,-9,14,2:00:00 PM,82,81,62,328,3:02:00 PM,5,3:17:00 PM,3:07:00 PM,-10,Friday,Feb
01/04/2015,HA,295,N493HA,OGG,HNL,4:27:00 PM,4:37:00 PM,10,6,4:43:00 PM,37,39,28,100,5:11:00 PM,5,5:04:00 PM,5:16:00 PM,12,Sunday,Jan
01/24/2015,UA,745,N811UA,IAH,LGA,3:45:00 PM,3:38:00 PM,-7,15,3:53:00 PM,198,181,162,1416,7:35:00 PM,4,8:03:00 PM,7:39:00 PM,-24,Saturday,Jan
02/08/2015,WN,702,N8315C,LGA,DAL,5:20:00 PM,5:19:00 PM,-1,39,5:58:00 PM,260,234,189,1381,8:07:00 PM,6,8:40:00 PM,8:13:00 PM,-27,Sunday,Feb
01/14/2015,B6,704,N644JB,SJU,JFK,7:59:00 PM,8:37:00 PM,38,9,8:46:00 PM,241,235,222,1598,11:28:00 PM,4,11:00:00 PM,11:32:00 PM,32,Wednesday,Jan
01/05/2015,WN,1200,N968WN,ATL,LGA,3:30:00 PM,2:29:00 PM,-1,12,4:41:00 PM,125,108,90,762,9:11:00 AM,6,11:35:00 AM,9:17:00 AM,-18,Monday,Jan
01/14/2015,US,1831,N191UW,CLT,MIA,11:45:00 AM,11:40:00 AM,-5,27,12:07:00 PM,131,123,92,650,1:39:00 PM,4,1:56:00 PM,1:43:00 PM,-13,Wednesday,Jan
02/07/2015,UA,1105,N68452,DEN,EWR,3:55:00 AM,8:02:00 AM,7,15,9:17:00 AM,223,219,193,1605,1:30:00 PM,11,1:38:00 PM,1:41:00 PM,3,Saturday,Feb
01/09/2015,B6,599,N316JB,BDL,DCA,5:20:00 PM,5:16:00 PM,-4,20,5:36:00 PM,92,97,75,313,6:51:00 PM,2,6:52:00 PM,6:53:00 PM,1,Friday,Jan
01/02/2015,WN,135,N717SA,TPA,STL,10:40:00 PM,9:36:00 PM,-4,12,10:48:00 PM,145,136,119,869,10:47:00 AM,5,11:05:00 AM,10:52:00 AM,-13,Friday,Jan
01/07/2015,DL,997,N6701,JAX,ATL,6:00:00 PM,1:59:00 PM,-1,13,7:12:00 PM,82,66,44,270,11:56:00 PM,9,10:22:00 AM,10:05:00 AM,-17,Wednesday,Jan
01/28/2015,EV,4114,N14904,IAH,AMA,6:00:00 PM,1:52:00 PM,-8,16,6:08:00 PM,108,107,84,517,10:32:00 AM,7,10:48:00 AM,10:39:00 AM,-9,Wednesday,Jan
02/02/2015,AA,1577,N3HKAA,TUL,DFW,8:04:00 AM,8:04:00 AM,0,10,9:14:00 AM,76,60,46,237,6:00:00 PM,4,8:20:00 PM,6:04:00 PM,-16,Monday,Feb
01/24/2015,WN,4348,N7813P,DEN,MDW,7:55:00 PM,7:54:00 PM,-1,8,8:02:00 PM,135,121,108,895,10:50:00 PM,5,11:10:00 PM,10:55:00 PM,-15,Saturday,Jan
02/06/2015,F9,238,N953FR,DEN,BNA,2:15:00 PM,2:08:00 PM,-7,8,2:16:00 PM,138,134,120,1014,5:16:00 PM,6,5:33:00 PM,5:22:00 PM,-11,Friday,Feb
01/25/2015,DL,333,N916DE,ATL,CVG,4:09:00 PM,4:09:00 PM,0,12,4:21:00 PM,85,75,57,373,5:18:00 PM,6,5:34:00 PM,5:24:00 PM,-10,Sunday,Jan
02/10/2015,WN,3923,N952WN,BWI,LAS,1:55:00 PM,1:57:00 PM,2,11,2:08:00 PM,330,341,306,2106,4:14:00 PM,24,4:25:00 PM,4:38:00 PM,13,Tuesday,Feb
01/04/2015,OO,4719,N427SW,ATL,SBN,7:45:00 PM,8:09:00 PM,24,21,8:30:00 PM,113,112,82,566,9:52:00 PM,9,9:38:00 PM,10:01:00 PM,23,Sunday,Jan
02/05/2015,AA,97,N3KLAA,DCA,DFW,12:44:00 PM,12:43:00 PM,-1,31,7:14:00 PM,231,221,176,1192,11:10:00 AM,14,11:35:00 AM,11:24:00 AM,-11,Thursday,Feb
01/27/2015,AA,2305,N585AA,ORD,DFW,1:30:00 AM,1:30:00 AM,0,12,2:42:00 AM,155,122,105,802,8:27:00 PM,5,10:05:00 AM,9:32:00 PM,-33,Tuesday,Jan
02/05/2015,US,1728,N282AY,MCO,PHL,12:00:00 PM,12:00:00 PM,0,14,12:14:00 PM,140,125,108,861,2:02:00 PM,3,2:20:00 PM,2:05:00 PM,-15,Thursday,Feb
01/16/2015,DL,1593,N317NB,MSP,MKE,3:09:00 PM,3:04:00 PM,-5,13,3:17:00 PM,76,61,42,297,3:59:00 PM,6,4:25:00 PM,4:05:00 PM,-20,Friday,Jan
01/12/2015,MQ,3657,N833MQ,DFW,ROW,10:15:00 AM,10:07:00 AM,-8,16,10:23:00 AM,94,101,81,435,10:44:00 AM,4,10:49:00 AM,10:48:00 AM,-1,Monday,Jan
01/09/2015,OO,5393,N479CA,MKE,ORD,3:10:00 AM,5:30:00 AM,20,30,12:00:00 PM,49,57,21,67,2:21:00 PM,6,7:59:00 AM,2:27:00 PM,28,Friday,Jan
01/05/2015,VX,910,N845VA,SFO,LAS,12:20:00 PM,12:16:00 PM,-4,10,12:26:00 PM,90,99,65,414,1:31:00 PM,24,1:50:00 PM,1:55:00 PM,5,Monday,Jan
02/07/2015,OO,6399,N932EV,DSM,DEN,8:28:00 PM,7:13:00 PM,-15,10,8:23:00 PM,127,121,89,589,11:52:00 PM,22,10:35:00 AM,10:14:00 AM,-21,Saturday,Feb
01/17/2015,US,432,N908AW,PHX,OGG,11:40:00 AM,11:37:00 AM,-3,14,11:51:00 AM,403,397,380,2845,3:11:00 PM,3,3:23:00 PM,3:14:00 PM,-9,Saturday,Jan
02/12/2015,UA,865,N826UA,ORD,LGA,2:00:00 PM,2:27:00 PM,27,13,2:40:00 PM,127,108,91,733,5:11:00 PM,4,5:07:00 PM,5:15:00 PM,8,Thursday,Feb
01/09/2015,UA,1573,N33284,AUS,IAH,10:00:00 PM,10:01:00 PM,1,18,11:19:00 PM,59,77,41,140,8:00:00 AM,18,3:59:00 AM,9:18:00 AM,19,Friday,Jan
01/17/2015,OO,7403,N446SW,MSP,HIB,3:36:00 PM,3:31:00 PM,-5,14,3:45:00 PM,59,56,37,174,4:22:00 PM,5,4:35:00 PM,4:27:00 PM,-8,Saturday,Jan
01/07/2015,WN,871,N8617E,PHX,MCO,10:10:00 AM,10:12:00 AM,2,24,10:36:00 AM,250,256,226,1849,4:22:00 PM,6,4:20:00 PM,4:28:00 PM,8,Wednesday,Jan
02/03/2015,AS,73,N794AS,SIT,JNU,12:00:00 PM,6:48:00 AM,-12,10,7:58:00 AM,45,37,22,95,2:20:00 PM,5,4:45:00 PM,2:25:00 PM,-20,Tuesday,Feb
02/04/2015,B6,1600,N307JB,BOS,DCA,1:10:00 PM,12:05:00 PM,-5,34,3:39:00 PM,107,111,71,399,3:50:00 AM,6,3:57:00 AM,3:56:00 AM,-1,Wednesday,Feb
01/14/2015,WN,32,N7813P,MCI,BNA,3:50:00 AM,2:40:00 AM,-10,11,3:51:00 AM,95,85,68,491,1:59:00 PM,6,8:25:00 PM,6:05:00 PM,-20,Wednesday,Jan
02/10/2015,VX,717,N528VA,LGA,DAL,3:40:00 PM,3:32:00 PM,-8,25,3:57:00 PM,255,232,201,1381,6:18:00 PM,6,6:55:00 PM,6:24:00 PM,-31,Tuesday,Feb
01/26/2015,DL,1564,N939DL,ATL,RDU,12:50:00 PM,12:47:00 PM,-3,15,1:02:00 PM,80,74,55,356,1:57:00 PM,4,2:10:00 PM,2:01:00 PM,-9,Monday,Jan
01/30/2015,AS,65,N791AS,WRG,PSG,11:00:00 AM,11:53:00 AM,53,9,12:02:00 PM,26,28,17,31,12:19:00 PM,2,11:26:00 AM,12:21:00 PM,55,Friday,Jan
02/11/2015,EV,5589,N870AS,ATL,MOB,9:16:00 AM,9:10:00 AM,-6,59,6:09:00 PM,77,122,58,302,6:07:00 PM,5,11:33:00 AM,7:12:00 PM,39,Wednesday,Feb
01/15/2015,HA,187,N476HA,KOA,HNL,4:07:00 PM,4:03:00 PM,-4,13,4:16:00 PM,44,50,30,163,4:46:00 PM,7,4:51:00 PM,4:53:00 PM,2,Thursday,Jan
01/06/2015,EV,6045,N12201,ORD,TUL,8:04:00 AM,10:25:00 AM,21,26,1:51:00 PM,123,121,92,585,10:23:00 AM,3,10:07:00 AM,10:26:00 AM,19,Tuesday,Jan
01/08/2015,UA,465,N480UA,EWR,CLE,3:59:00 AM,3:56:00 AM,-3,20,9:16:00 AM,104,94,70,404,8:26:00 PM,4,10:43:00 PM,9:30:00 PM,-13,Thursday,Jan
01/09/2015,US,1969,N545UW,CLT,RSW,1:30:00 AM,12:28:00 AM,-2,9,1:37:00 AM,113,107,94,600,7:11:00 PM,4,8:23:00 PM,7:15:00 PM,-8,Friday,Jan
02/09/2015,OO,4530,N441SW,FSD,MSP,5:30:00 PM,6:15:00 PM,45,27,6:42:00 PM,64,66,36,196,7:18:00 PM,3,6:34:00 PM,7:21:00 PM,47,Monday,Feb
01/14/2015,OO,2701,N896SK,PHX,ELP,11:55:00 PM,10:04:00 AM,9,37,10:41:00 AM,82,89,49,347,11:30:00 AM,3,11:17:00 AM,11:33:00 AM,16,Wednesday,Jan
01/05/2015,WN,2522,N423WN,BWI,FLL,8:25:00 PM,8:49:00 PM,24,12,9:01:00 PM,155,157,142,925,11:23:00 PM,3,11:00:00 PM,11:26:00 PM,26,Monday,Jan
02/09/2015,B6,651,N649JB,TPA,SJU,10:23:00 AM,9:13:00 AM,-10,14,10:27:00 AM,169,160,143,1237,11:50:00 AM,3,12:12:00 PM,11:53:00 AM,-19,Monday,Feb
01/06/2015,US,1709,N584UW,CLT,FLL,11:50:00 PM,10:49:00 PM,-1,20,10:09:00 AM,130,116,93,631,11:42:00 AM,3,12:00:00 PM,11:45:00 AM,-15,Tuesday,Jan
01/11/2015,DL,1818,N704X,ATL,MCO,5:55:00 PM,5:55:00 PM,0,11,10:06:00 PM,86,79,61,404,8:07:00 AM,7,10:21:00 AM,9:14:00 AM,-7,Sunday,Jan
01/08/2015,WN,204,N280WN,BNA,SAT,8:50:00 PM,8:57:00 PM,7,8,9:05:00 PM,155,135,122,822,11:07:00 PM,5,11:25:00 PM,11:12:00 PM,-13,Thursday,Jan
02/04/2015,EV,5968,N14174,DEN,ELP,9:17:00 AM,9:14:00 AM,-3,48,6:02:00 PM,111,136,85,563,10:27:00 AM,3,10:08:00 AM,10:30:00 AM,22,Wednesday,Feb
01/06/2015,UA,343,N839UA,AUS,EWR,3:27:00 PM,3:48:00 PM,21,38,4:26:00 PM,213,227,181,1504,8:27:00 PM,8,8:00:00 PM,8:35:00 PM,35,Tuesday,Jan
01/12/2015,EV,4339,N14143,RIC,IAH,8:00:00 AM,3:50:00 AM,-10,13,8:03:00 AM,217,216,189,1157,10:12:00 AM,14,10:37:00 AM,10:26:00 AM,-11,Monday,Jan
01/25/2015,AA,2444,N565AA,CMH,DFW,1:56:00 PM,12:48:00 PM,-8,14,6:02:00 PM,179,170,146,926,10:28:00 AM,10,10:55:00 AM,10:38:00 AM,-17,Sunday,Jan
01/11/2015,EV,3923,N13969,IAH,PNS,7:32:00 PM,7:40:00 PM,8,11,7:51:00 PM,89,83,65,489,8:56:00 PM,7,9:01:00 PM,9:03:00 PM,2,Sunday,Jan
01/17/2015,DL,1372,N980DL,HSV,ATL,8:00:00 AM,3:55:00 AM,-5,22,9:17:00 AM,65,62,29,151,10:46:00 PM,11,10:05:00 AM,11:57:00 PM,-8,Saturday,Jan
01/07/2015,DL,1216,N348NB,EWR,ATL,4:45:00 PM,5:35:00 PM,50,27,6:02:00 PM,157,159,123,746,8:05:00 PM,9,7:22:00 PM,8:14:00 PM,52,Wednesday,Jan
01/02/2015,OO,6295,N578SW,LAX,FAT,6:05:00 PM,5:57:00 PM,-8,17,6:14:00 PM,75,69,49,209,7:03:00 PM,3,7:20:00 PM,7:06:00 PM,-14,Friday,Jan
01/21/2015,AA,2332,N003AA,DFW,ORD,2:40:00 AM,1:34:00 AM,-6,11,2:45:00 AM,135,120,104,802,8:29:00 PM,5,11:55:00 PM,9:34:00 PM,-21,Wednesday,Jan
02/03/2015,DL,1680,N675DL,ATL,SFO,10:50:00 AM,10:48:00 AM,-2,17,11:05:00 AM,330,315,295,2139,1:00:00 PM,3,1:20:00 PM,1:03:00 PM,-17,Tuesday,Feb
01/28/2015,US,1836,N587UW,ATL,PHX,2:45:00 AM,1:35:00 AM,-10,13,2:48:00 AM,275,269,228,1587,9:36:00 PM,28,10:20:00 AM,10:04:00 AM,-16,Wednesday,Jan
02/04/2015,MQ,3007,N614MQ,GRR,DFW,12:24:00 PM,12:44:00 PM,20,19,1:03:00 PM,181,183,150,931,2:33:00 PM,14,2:25:00 PM,2:47:00 PM,22,Wednesday,Feb
01/02/2015,WN,1889,N8306H,MCO,CMH,4:10:00 PM,4:40:00 PM,30,7,4:47:00 PM,135,120,106,802,6:33:00 PM,7,6:25:00 PM,6:40:00 PM,15,Friday,Jan
01/30/2015,EV,5389,N761ND,ROC,LGA,5:42:00 PM,7:49:00 PM,127,29,8:18:00 PM,84,98,52,254,9:10:00 PM,17,7:06:00 PM,9:27:00 PM,141,Friday,Jan
02/04/2015,B6,264,N705JB,SEA,JFK,9:38:00 PM,9:35:00 PM,-3,12,9:47:00 PM,301,279,260,2422,2:07:00 AM,7,5:39:00 AM,3:14:00 AM,-25,Wednesday,Feb
02/06/2015,AS,678,N609AS,SEA,DEN,7:35:00 PM,7:27:00 PM,-8,14,7:41:00 PM,144,139,119,1024,10:40:00 PM,6,10:59:00 PM,10:46:00 PM,-13,Friday,Feb
01/18/2015,EV,4476,N41104,CLE,BOS,3:05:00 PM,3:22:00 PM,17,9,3:31:00 PM,108,99,84,563,4:55:00 PM,6,4:53:00 PM,5:01:00 PM,8,Sunday,Jan
01/29/2015,WN,203,N293WN,ATL,JAX,3:05:00 PM,3:03:00 PM,-2,21,3:24:00 PM,75,71,46,270,4:10:00 PM,4,4:20:00 PM,4:14:00 PM,-6,Thursday,Jan
01/02/2015,WN,1530,N7812G,MDW,MSY,6:30:00 PM,6:46:00 PM,16,8,6:54:00 PM,140,134,123,825,8:57:00 PM,3,8:50:00 PM,9:00:00 PM,10,Friday,Jan
02/07/2015,UA,270,N835UA,IAH,SLC,7:17:00 PM,7:13:00 PM,-4,22,9:35:00 PM,202,199,175,1195,11:30:00 AM,2,11:39:00 AM,11:32:00 AM,-7,Saturday,Feb
02/09/2015,HA,383,N485HA,ITO,HNL,11:19:00 AM,11:15:00 AM,-4,12,11:27:00 AM,53,61,38,216,12:05:00 PM,11,12:12:00 PM,12:16:00 PM,4,Monday,Feb
01/04/2015,DL,2339,N933AT,DCA,ATL,8:00:00 PM,7:59:00 PM,-1,24,8:23:00 PM,123,129,98,547,10:01:00 PM,7,10:03:00 PM,10:08:00 PM,5,Sunday,Jan
02/11/2015,DL,104,N827DN,ATL,BOS,12:25:00 AM,12:24:00 AM,-1,15,1:39:00 AM,150,136,113,946,9:32:00 PM,8,11:55:00 PM,10:40:00 PM,-15,Wednesday,Feb
01/03/2015,DL,1999,N690DL,PHX,MSP,5:04:00 PM,4:58:00 PM,-6,16,5:14:00 PM,184,185,164,1276,8:58:00 PM,5,9:08:00 PM,9:03:00 PM,-5,Saturday,Jan
01/27/2015,DL,2565,N3734B,LAS,SLC,10:41:00 AM,10:36:00 AM,-5,14,10:50:00 AM,80,73,56,368,12:46:00 PM,3,1:01:00 PM,12:49:00 PM,-12,Tuesday,Jan
01/13/2015,DL,1490,N828DN,DTW,LAS,3:35:00 PM,3:27:00 PM,-8,22,3:49:00 PM,282,258,230,1749,4:39:00 PM,6,5:17:00 PM,4:45:00 PM,-32,Tuesday,Jan
02/04/2015,WN,4299,N220WN,FLL,PHL,11:25:00 AM,11:16:00 AM,-9,14,11:30:00 AM,170,151,132,992,1:42:00 PM,5,2:15:00 PM,1:47:00 PM,-28,Wednesday,Feb
01/07/2015,AS,626,N526AS,PDX,LAS,8:00:00 AM,3:53:00 AM,-7,20,9:13:00 AM,122,140,108,763,10:01:00 AM,12,10:02:00 AM,10:13:00 AM,11,Wednesday,Jan
01/15/2015,NK,520,N524NK,LAS,MCI,10:00:00 AM,1:49:00 AM,-11,13,10:02:00 AM,162,156,139,1139,4:21:00 AM,4,6:42:00 AM,4:25:00 AM,-17,Thursday,Jan
01/12/2015,NK,404,N504NK,FLL,ATL,1:35:00 AM,1:35:00 AM,0,11,2:46:00 AM,114,121,92,581,7:18:00 PM,18,8:29:00 PM,9:36:00 PM,7,Monday,Jan
02/11/2015,AA,35,N3CCAA,DCA,DFW,4:00:00 PM,4:00:00 PM,0,16,4:16:00 PM,215,210,186,1192,6:22:00 PM,8,6:35:00 PM,6:30:00 PM,-5,Wednesday,Feb
01/23/2015,AA,2207,N3HRAA,MIA,LAS,2:05:00 PM,1:58:00 PM,-7,14,2:12:00 PM,341,320,298,2174,4:10:00 PM,8,4:46:00 PM,4:18:00 PM,-28,Friday,Jan
02/08/2015,OO,3498,N218AG,SEA,COS,7:25:00 PM,7:22:00 PM,-3,17,7:39:00 PM,155,159,134,1068,10:53:00 PM,8,11:00:00 PM,11:01:00 PM,1,Sunday,Feb
01/17/2015,OO,5367,N291SW,SFO,RDD,12:35:00 PM,12:31:00 PM,-4,15,12:46:00 PM,68,62,42,199,1:28:00 PM,5,1:43:00 PM,1:33:00 PM,-10,Saturday,Jan
01/12/2015,EV,5584,N980EV,AVL,ATL,2:18:00 PM,3:29:00 PM,71,25,3:54:00 PM,70,83,50,164,4:44:00 PM,8,3:28:00 PM,4:52:00 PM,84,Monday,Jan
01/11/2015,VX,769,N838VA,LGA,DAL,6:30:00 PM,6:37:00 PM,7,24,7:01:00 PM,250,239,208,1381,9:29:00 PM,7,9:40:00 PM,9:36:00 PM,-4,Sunday,Jan
01/09/2015,B6,1125,N238JB,RDU,FLL,11:18:00 AM,11:17:00 AM,-1,16,11:33:00 AM,128,125,104,680,1:17:00 PM,5,1:26:00 PM,1:22:00 PM,-4,Friday,Jan
01/16/2015,WN,143,N8631A,PHX,SNA,12:00:00 PM,11:59:00 AM,-1,15,12:14:00 PM,85,78,59,338,12:13:00 PM,4,12:25:00 PM,12:17:00 PM,-8,Friday,Jan
01/24/2015,DL,1798,N915DL,ATL,EWR,10:00:00 AM,11:59:00 PM,-1,27,10:26:00 AM,132,122,90,746,11:56:00 AM,5,12:12:00 PM,12:01:00 PM,-11,Saturday,Jan
02/10/2015,US,1871,N644AW,CLT,TPA,7:50:00 PM,7:47:00 PM,-3,16,8:03:00 PM,101,91,72,507,9:15:00 PM,3,9:31:00 PM,9:18:00 PM,-13,Tuesday,Feb
02/08/2015,EV,5442,N981EV,AEX,ATL,1:23:00 PM,1:14:00 PM,-9,11,1:25:00 PM,97,91,74,500,3:39:00 PM,6,4:00:00 PM,3:45:00 PM,-15,Sunday,Feb
01/10/2015,WN,3247,N700GS,PHL,MDW,2:25:00 PM,2:42:00 PM,17,8,2:50:00 PM,135,132,119,668,3:49:00 PM,5,3:40:00 PM,3:54:00 PM,14,Saturday,Jan
01/17/2015,EV,5672,N12540,IAH,DFW,2:45:00 AM,2:45:00 AM,0,12,3:57:00 AM,78,72,47,224,12:44:00 PM,13,6:03:00 PM,1:57:00 PM,-6,Saturday,Jan
01/30/2015,DL,1195,N983DL,ATL,IAD,3:16:00 PM,3:39:00 PM,23,23,4:02:00 PM,108,115,84,534,5:26:00 PM,8,5:04:00 PM,5:34:00 PM,30,Friday,Jan
01/30/2015,AS,114,N433AS,ANC,SEA,9:15:00 PM,8:09:00 PM,-6,14,10:23:00 PM,200,198,175,1448,1:18:00 PM,9,3:35:00 PM,2:27:00 PM,-8,Friday,Jan
01/15/2015,WN,608,N409WN,ATL,PIT,8:45:00 PM,9:00:00 PM,15,26,9:26:00 PM,110,104,75,526,10:41:00 PM,3,10:35:00 PM,10:44:00 PM,9,Thursday,Jan
01/16/2015,UA,670,N417UA,CLE,ORD,4:35:00 PM,4:24:00 PM,-11,13,4:37:00 PM,94,102,72,315,4:49:00 PM,17,5:09:00 PM,5:06:00 PM,-3,Friday,Jan
02/11/2015,US,2062,N195UW,CLT,LGA,3:55:00 AM,3:50:00 AM,-5,33,10:23:00 AM,110,117,78,544,10:41:00 PM,6,10:45:00 PM,10:47:00 PM,2,Wednesday,Feb
01/21/2015,AA,2351,N5FNAA,JFK,MIA,5:00:00 PM,5:01:00 PM,1,25,5:26:00 PM,198,214,172,1089,8:18:00 PM,17,8:18:00 PM,8:35:00 PM,17,Wednesday,Jan
02/05/2015,AA,1456,N3JDAA,DFW,MCO,9:30:00 PM,9:30:00 PM,0,48,10:18:00 AM,142,176,123,985,1:21:00 PM,5,12:52:00 PM,1:26:00 PM,34,Thursday,Feb
01/31/2015,EV,5230,N919EV,CID,ATL,7:59:00 AM,7:50:00 AM,-9,26,1:16:00 PM,126,135,89,694,12:45:00 PM,20,6:05:00 PM,6:05:00 PM,0,Saturday,Jan
01/07/2015,AA,2310,N486AA,DFW,DEN,10:05:00 PM,8:04:00 AM,59,15,9:19:00 AM,125,119,99,641,1:58:00 PM,5,9:10:00 AM,6:03:00 PM,53,Wednesday,Jan
01/04/2015,NK,718,N635NK,DFW,LGA,3:50:00 AM,3:57:00 AM,7,10,8:07:00 AM,190,175,154,1389,11:41:00 AM,11,12:00:00 PM,11:52:00 AM,-8,Sunday,Jan
01/29/2015,WN,4817,N685SW,BNA,PHL,10:00:00 AM,11:58:00 PM,-2,8,10:06:00 AM,115,114,98,675,12:44:00 PM,8,12:55:00 PM,12:52:00 PM,-3,Thursday,Jan
01/23/2015,MQ,3136,N616MQ,MLU,DFW,10:55:00 AM,12:54:00 PM,119,20,1:14:00 PM,78,92,59,293,2:13:00 PM,13,12:13:00 PM,2:26:00 PM,133,Friday,Jan
01/04/2015,DL,2634,N398DA,JFK,SJU,7:15:00 PM,8:20:00 PM,65,50,9:10:00 PM,238,244,189,1598,11:19:00 AM,5,1:13:00 PM,12:24:00 PM,71,Sunday,Jan
01/17/2015,WN,4336,N396SW,DAL,OKC,9:35:00 PM,9:32:00 PM,-3,10,10:42:00 PM,50,47,34,181,10:16:00 AM,3,10:25:00 AM,10:19:00 AM,-6,Saturday,Jan
01/17/2015,WN,2723,N489WN,SAN,DEN,12:50:00 PM,12:50:00 PM,0,14,1:04:00 PM,135,130,111,853,3:55:00 PM,5,4:05:00 PM,4:00:00 PM,-5,Saturday,Jan
01/28/2015,US,2190,N963UW,DCA,LGA,6:00:00 PM,6:18:00 PM,18,81,7:39:00 PM,82,135,48,214,8:27:00 PM,6,7:22:00 PM,8:33:00 PM,71,Wednesday,Jan
01/18/2015,OO,2599,N866AS,LAX,ABQ,7:49:00 PM,7:38:00 PM,-11,15,7:53:00 PM,100,105,86,677,10:19:00 PM,4,10:29:00 PM,10:23:00 PM,-6,Sunday,Jan
01/28/2015,AS,62,N514AS,KTN,SEA,1:32:00 PM,1:16:00 PM,-16,8,1:24:00 PM,103,102,89,680,3:53:00 PM,5,4:15:00 PM,3:58:00 PM,-17,Wednesday,Jan
01/29/2015,OO,6213,N938SW,ORD,MLI,8:23:00 PM,8:51:00 PM,28,32,9:23:00 PM,55,63,28,139,9:51:00 PM,3,9:18:00 PM,9:54:00 PM,36,Thursday,Jan
02/09/2015,UA,1156,N73259,BOI,DEN,10:07:00 PM,10:08:00 PM,1,10,11:18:00 PM,114,106,89,649,12:47:00 PM,7,6:01:00 PM,1:54:00 PM,-7,Monday,Feb
01/03/2015,OO,4975,N973SW,SFO,TUS,10:46:00 AM,11:34:00 AM,48,58,12:32:00 PM,125,160,97,751,3:09:00 PM,5,1:51:00 PM,3:14:00 PM,83,Saturday,Jan
01/21/2015,DL,1404,N548US,LAX,SLC,7:50:00 AM,6:46:00 AM,-4,22,12:08:00 PM,118,119,88,590,11:36:00 AM,9,12:48:00 PM,12:45:00 PM,-3,Wednesday,Jan
01/18/2015,OO,4592,N8965E,GTF,SLC,5:35:00 PM,5:21:00 PM,-14,12,5:33:00 PM,87,89,68,463,6:41:00 PM,9,7:02:00 PM,6:50:00 PM,-12,Sunday,Jan
01/30/2015,WN,3833,N476WN,BWI,SAT,6:55:00 PM,6:55:00 PM,0,9,7:04:00 PM,245,217,204,1407,9:28:00 PM,4,10:00:00 PM,9:32:00 PM,-28,Friday,Jan
01/24/2015,MQ,2931,N826MQ,ORD,BMI,11:40:00 AM,12:06:00 PM,26,15,12:21:00 PM,50,43,24,116,12:45:00 PM,4,12:30:00 PM,12:49:00 PM,19,Saturday,Jan
02/01/2015,B6,890,N358JB,DCA,BOS,5:55:00 PM,5:51:00 PM,-4,13,6:04:00 PM,87,84,61,399,7:05:00 PM,10,7:22:00 PM,7:15:00 PM,-7,Sunday,Feb
01/20/2015,DL,2516,N957AT,ATL,VPS,7:20:00 PM,7:19:00 PM,-1,14,7:33:00 PM,71,63,44,250,7:17:00 PM,5,7:31:00 PM,7:22:00 PM,-9,Tuesday,Jan
01/24/2015,WN,2485,N8323C,FLL,ATL,12:45:00 PM,1:28:00 PM,43,10,1:38:00 PM,125,116,81,581,2:59:00 PM,25,2:50:00 PM,3:24:00 PM,34,Saturday,Jan
01/07/2015,NK,630,N629NK,ORD,LGA,5:59:00 PM,7:23:00 PM,84,12,7:35:00 PM,127,122,105,733,10:20:00 PM,5,9:06:00 PM,10:25:00 PM,79,Wednesday,Jan
01/07/2015,WN,582,N7707C,OMA,MDW,8:00:00 AM,3:57:00 AM,-3,9,8:06:00 AM,95,83,62,423,6:08:00 PM,12,9:35:00 PM,8:20:00 PM,-15,Wednesday,Jan
01/27/2015,VX,753,N625VA,SEA,SFO,10:50:00 AM,10:51:00 AM,1,11,11:02:00 AM,125,121,104,679,12:46:00 PM,6,12:55:00 PM,12:52:00 PM,-3,Tuesday,Jan
01/13/2015,UA,1094,N38257,DEN,IAD,11:30:00 AM,12:45:00 PM,15,12,1:57:00 PM,193,186,168,1452,1:45:00 PM,6,1:43:00 PM,1:51:00 PM,8,Tuesday,Jan
01/29/2015,WN,4540,N521SW,DAL,LBB,12:15:00 PM,12:14:00 PM,-1,9,12:23:00 PM,65,65,51,293,1:14:00 PM,5,1:20:00 PM,1:19:00 PM,-1,Thursday,Jan
01/02/2015,UA,308,N483UA,EWR,TPA,11:32:00 AM,11:32:00 AM,0,20,11:52:00 AM,181,176,153,997,2:25:00 PM,3,2:33:00 PM,2:28:00 PM,-5,Friday,Jan
01/24/2015,WN,1522,N8322X,SAN,DAL,3:35:00 PM,2:29:00 PM,-6,22,5:51:00 PM,175,179,152,1182,11:23:00 AM,5,11:30:00 AM,11:28:00 AM,-2,Saturday,Jan
02/04/2015,WN,1274,N419WN,RNO,LAX,5:50:00 PM,4:45:00 PM,-5,6,5:51:00 PM,90,79,62,391,3:53:00 AM,11,10:20:00 AM,8:04:00 AM,-16,Wednesday,Feb
01/30/2015,MQ,3043,N905MQ,ORD,FNT,11:20:00 AM,11:18:00 AM,-2,11,11:29:00 AM,61,51,37,223,1:06:00 PM,3,1:21:00 PM,1:09:00 PM,-12,Friday,Jan
02/09/2015,MQ,3043,N676MQ,FNT,ORD,1:53:00 PM,2:30:00 PM,37,10,2:40:00 PM,77,74,50,223,2:30:00 PM,14,2:10:00 PM,2:44:00 PM,34,Monday,Feb
01/12/2015,US,705,N199UW,CLT,LAS,6:00:00 PM,6:26:00 PM,26,31,6:57:00 PM,300,307,270,1916,8:27:00 PM,6,8:00:00 PM,8:33:00 PM,33,Monday,Jan
01/22/2015,AS,746,N440AS,SEA,ATL,9:30:00 PM,8:27:00 PM,-3,53,10:20:00 AM,280,318,258,2182,5:38:00 PM,7,5:10:00 PM,5:45:00 PM,35,Thursday,Jan
02/04/2015,NK,624,N514NK,DEN,ORD,12:00:00 PM,7:53:00 AM,-7,39,3:32:00 PM,146,213,114,888,8:26:00 PM,60,8:26:00 PM,10:26:00 AM,60,Wednesday,Feb
01/23/2015,WN,1255,N931WN,DEN,LAS,7:10:00 PM,7:13:00 PM,3,11,8:24:00 PM,115,99,85,628,10:49:00 PM,3,10:05:00 AM,11:52:00 PM,-13,Friday,Jan
02/01/2015,DL,1422,N361NW,BDL,DTW,4:20:00 PM,4:18:00 PM,-2,5,4:23:00 PM,130,109,95,549,5:58:00 PM,9,6:30:00 PM,6:07:00 PM,-23,Sunday,Feb
02/11/2015,OO,4753,N606SK,SLC,ONT,11:35:00 AM,11:34:00 AM,-1,26,6:00:00 PM,117,103,74,558,7:14:00 PM,3,9:32:00 PM,7:17:00 PM,-15,Wednesday,Feb
01/18/2015,VX,878,N530VA,DAL,DCA,6:05:00 PM,6:13:00 PM,8,10,6:23:00 PM,155,160,145,1184,9:48:00 PM,5,9:40:00 PM,9:53:00 PM,13,Sunday,Jan
01/10/2015,WN,3938,N946WN,TPA,PHL,6:35:00 PM,6:28:00 PM,-7,9,6:37:00 PM,145,135,121,920,8:38:00 PM,5,9:00:00 PM,8:43:00 PM,-17,Saturday,Jan
01/10/2015,DL,2193,N806DN,MSP,SEA,11:20:00 AM,11:19:00 AM,-1,16,11:35:00 AM,226,222,201,1399,12:56:00 PM,5,1:06:00 PM,1:01:00 PM,-5,Saturday,Jan
02/01/2015,AS,422,N528AS,SEA,LAX,10:00:00 AM,10:06:00 AM,6,24,10:30:00 AM,164,156,121,954,12:31:00 PM,11,12:44:00 PM,12:42:00 PM,-2,Sunday,Feb
01/16/2015,EV,5925,N24128,FSD,ORD,2:07:00 PM,2:06:00 PM,-1,4,2:10:00 PM,94,87,71,462,3:21:00 PM,12,3:41:00 PM,3:33:00 PM,-8,Friday,Jan
01/19/2015,AS,788,N527AS,SEA,MSY,10:40:00 AM,10:39:00 AM,-1,17,10:56:00 AM,290,256,235,2086,4:51:00 PM,4,5:30:00 PM,4:55:00 PM,-35,Monday,Jan
01/05/2015,DL,1632,N912DN,MSP,ORD,5:57:00 PM,5:59:00 PM,2,17,11:16:00 PM,97,78,50,334,8:06:00 AM,11,11:34:00 AM,9:17:00 AM,-17,Monday,Jan
01/14/2015,UA,1483,N54711,EWR,AUS,3:29:00 PM,3:25:00 PM,-4,27,3:52:00 PM,267,263,230,1504,6:42:00 PM,6,6:56:00 PM,6:48:00 PM,-8,Wednesday,Jan
02/06/2015,WN,465,N761RR,BNA,ECP,10:20:00 AM,9:18:00 AM,-2,10,10:28:00 AM,80,72,58,401,8:26:00 PM,4,10:40:00 PM,9:30:00 PM,-10,Friday,Feb
02/06/2015,WN,3563,N601WN,IND,MCI,1:05:00 PM,1:04:00 PM,-1,9,1:13:00 PM,95,85,73,451,1:26:00 PM,3,1:40:00 PM,1:29:00 PM,-11,Friday,Feb
02/10/2015,WN,4107,N656SW,STL,RSW,3:05:00 PM,3:05:00 PM,0,9,3:14:00 PM,150,131,118,979,6:12:00 PM,4,6:35:00 PM,6:16:00 PM,-19,Tuesday,Feb
01/01/2015,AA,268,N599AA,DFW,SJC,9:20:00 PM,9:40:00 PM,20,14,9:54:00 PM,220,212,194,1438,11:08:00 PM,4,11:00:00 PM,11:12:00 PM,12,Thursday,Jan
01/15/2015,DL,1108,N925DL,ATL,MSP,5:47:00 PM,5:48:00 PM,1,24,6:12:00 PM,165,169,133,907,7:25:00 PM,12,7:32:00 PM,7:37:00 PM,5,Thursday,Jan
01/18/2015,WN,4541,N646SW,BWI,RDU,11:00:00 AM,11:16:00 AM,16,8,11:24:00 AM,70,63,51,255,12:15:00 PM,4,12:10:00 PM,12:19:00 PM,9,Sunday,Jan
02/01/2015,EV,2532,N906EV,DFW,BPT,9:35:00 PM,8:25:00 PM,-10,16,10:41:00 PM,64,65,47,270,10:28:00 AM,2,10:39:00 AM,10:30:00 AM,-9,Sunday,Feb
01/27/2015,DL,1609,N333NW,MSP,DEN,2:25:00 PM,2:22:00 PM,-3,12,2:34:00 PM,130,110,92,680,3:06:00 PM,6,3:35:00 PM,3:12:00 PM,-23,Tuesday,Jan
01/21/2015,AA,2298,N3GSAA,MIA,LGA,9:00:00 PM,8:55:00 PM,-5,22,9:17:00 PM,169,170,144,1096,11:41:00 PM,4,11:49:00 PM,11:45:00 PM,-4,Wednesday,Jan
01/14/2015,UA,379,N411UA,ORD,FLL,11:57:00 PM,11:59:00 PM,2,22,10:21:00 AM,194,173,146,1182,1:47:00 PM,5,2:11:00 PM,1:52:00 PM,-19,Wednesday,Jan
02/11/2015,DL,82,N966DL,MEM,ATL,12:00:00 PM,11:52:00 AM,-8,23,12:15:00 PM,86,80,52,332,2:07:00 PM,5,2:26:00 PM,2:12:00 PM,-14,Wednesday,Feb
02/06/2015,WN,141,N946WN,ALB,MDW,5:30:00 AM,4:25:00 AM,-5,27,7:52:00 AM,160,145,112,717,4:44:00 PM,6,11:10:00 PM,5:50:00 PM,-20,Friday,Feb
01/20/2015,WN,4834,N389SW,LAS,SEA,8:25:00 PM,8:30:00 PM,5,9,8:39:00 PM,160,156,140,867,10:59:00 PM,7,11:05:00 PM,11:06:00 PM,1,Tuesday,Jan
01/11/2015,AA,1684,N3ENAA,MIA,EWR,1:30:00 AM,12:27:00 AM,-3,18,2:45:00 AM,174,171,147,1085,10:12:00 AM,6,10:24:00 AM,10:18:00 AM,-6,Sunday,Jan
01/31/2015,HA,316,N491HA,HNL,OGG,10:21:00 AM,10:20:00 AM,-1,9,10:29:00 AM,38,36,21,100,10:50:00 AM,6,10:59:00 AM,10:56:00 AM,-3,Saturday,Jan
02/07/2015,DL,2436,N3769L,DTW,SEA,12:40:00 PM,1:55:00 PM,15,21,7:16:00 PM,315,312,285,1927,11:01:00 AM,6,10:55:00 AM,11:07:00 AM,12,Saturday,Feb
01/31/2015,UA,1635,N77867,EWR,PHX,10:00:00 AM,10:10:00 AM,10,18,10:28:00 AM,342,331,306,2133,1:34:00 PM,7,1:42:00 PM,1:41:00 PM,-1,Saturday,Jan
01/14/2015,EV,5281,N881AS,ABE,DTW,12:53:00 PM,12:47:00 PM,-6,17,1:04:00 PM,110,97,73,425,2:17:00 PM,7,2:43:00 PM,2:24:00 PM,-19,Wednesday,Jan
01/02/2015,US,1951,N156UW,CLT,PHX,10:45:00 PM,9:38:00 PM,-7,26,10:04:00 AM,284,290,256,1773,12:20:00 PM,8,12:29:00 PM,12:28:00 PM,-1,Friday,Jan
01/07/2015,DL,2597,N591NW,DTW,SEA,5:36:00 PM,5:49:00 PM,13,19,6:08:00 PM,305,292,270,1927,7:38:00 PM,3,7:41:00 PM,7:41:00 PM,0,Wednesday,Jan
01/13/2015,WN,4542,N412WN,DEN,STL,8:05:00 AM,8:05:00 AM,0,14,9:19:00 AM,120,113,96,770,10:55:00 AM,3,11:05:00 AM,10:58:00 AM,-7,Tuesday,Jan
02/10/2015,US,1962,N815AW,CLT,BWI,4:35:00 PM,4:30:00 PM,-5,19,4:49:00 PM,84,83,59,361,5:48:00 PM,5,5:59:00 PM,5:53:00 PM,-6,Tuesday,Feb
01/05/2015,US,465,N914UY,PHX,ORD,12:45:00 PM,12:40:00 PM,-5,13,1:53:00 PM,202,204,179,1440,12:52:00 PM,12,1:07:00 PM,1:04:00 PM,-3,Monday,Jan
01/04/2015,US,816,N757UW,PIT,CLT,7:10:00 PM,7:25:00 PM,15,13,7:38:00 PM,88,98,77,366,8:55:00 PM,8,8:38:00 PM,9:03:00 PM,25,Sunday,Jan
01/02/2015,AA,1568,N4YJAA,DFW,OKC,10:45:00 PM,10:02:00 AM,17,15,10:17:00 AM,55,47,26,175,10:43:00 AM,6,10:40:00 AM,10:49:00 AM,9,Friday,Jan
01/11/2015,UA,599,N417UA,LAS,LAX,5:37:00 PM,7:41:00 PM,124,49,8:30:00 PM,74,129,47,236,9:17:00 PM,33,6:51:00 PM,9:50:00 PM,179,Sunday,Jan
01/10/2015,UA,762,N417UA,IAD,IAH,12:20:00 PM,12:20:00 PM,0,12,12:32:00 PM,214,201,179,1190,2:31:00 PM,10,2:54:00 PM,2:41:00 PM,-13,Saturday,Jan
01/17/2015,WN,4170,N8309C,MKE,MCO,10:00:00 PM,5:55:00 PM,-5,19,11:14:00 PM,180,170,144,1066,10:38:00 AM,7,11:00:00 AM,10:45:00 AM,-15,Saturday,Jan
01/12/2015,WN,134,N610WN,STL,OMA,4:55:00 PM,5:20:00 PM,25,7,5:27:00 PM,75,67,56,342,6:23:00 PM,4,6:10:00 PM,6:27:00 PM,17,Monday,Jan
02/02/2015,AA,1314,N3EDAA,LAX,IND,11:25:00 AM,11:17:00 AM,-8,14,11:31:00 AM,237,232,212,1814,6:03:00 PM,6,6:22:00 PM,6:09:00 PM,-13,Monday,Feb
01/04/2015,OO,2620,N464SW,LAX,SAN,2:15:00 PM,2:35:00 PM,20,22,2:57:00 PM,45,55,31,109,3:28:00 PM,2,3:00:00 PM,3:30:00 PM,30,Sunday,Jan
01/11/2015,DL,833,N364NW,SAN,DTW,11:10:00 PM,10:06:00 PM,-4,15,12:21:00 AM,263,258,234,1956,2:15:00 PM,9,2:33:00 PM,2:24:00 PM,-9,Sunday,Jan
01/29/2015,AA,1600,N493AA,DFW,AUS,5:10:00 PM,5:09:00 PM,-1,16,5:25:00 PM,58,66,46,190,6:11:00 PM,4,6:08:00 PM,6:15:00 PM,7,Thursday,Jan
01/28/2015,DL,1164,N357NW,SLC,ONT,9:00:00 PM,8:52:00 PM,-8,18,9:10:00 PM,109,112,88,558,9:38:00 PM,6,9:49:00 PM,9:44:00 PM,-5,Wednesday,Jan
01/19/2015,HA,1,N381HA,LAX,HNL,12:40:00 PM,11:32:00 AM,-8,15,12:47:00 PM,345,346,328,2556,12:15:00 PM,3,12:25:00 PM,12:18:00 PM,-7,Monday,Jan
01/21/2015,DL,2390,N975AT,ATL,MDT,3:05:00 PM,3:04:00 PM,-1,17,3:21:00 PM,110,105,82,620,4:43:00 PM,6,4:55:00 PM,4:49:00 PM,-6,Wednesday,Jan
01/02/2015,UA,1245,N37468,LAX,ORD,8:00:00 AM,3:56:00 AM,-4,20,9:16:00 AM,250,242,210,1744,1:46:00 PM,12,2:10:00 PM,1:58:00 PM,-12,Friday,Jan
01/12/2015,WN,689,N297WN,OAK,LAS,11:20:00 AM,11:20:00 AM,0,8,11:28:00 AM,85,85,64,407,12:32:00 PM,13,12:45:00 PM,12:45:00 PM,0,Monday,Jan
02/02/2015,US,1958,N730US,PBI,DCA,11:55:00 AM,11:47:00 AM,-8,12,11:59:00 AM,136,127,108,857,1:47:00 PM,7,2:11:00 PM,1:54:00 PM,-17,Monday,Feb
01/19/2015,DL,1068,N552NW,RSW,ATL,12:20:00 PM,12:14:00 PM,-6,9,12:23:00 PM,109,95,78,515,1:41:00 PM,8,2:09:00 PM,1:49:00 PM,-20,Monday,Jan
01/13/2015,DL,1366,N541US,MSP,ORD,1:00:00 PM,12:56:00 PM,-4,14,1:10:00 PM,89,82,58,334,2:08:00 PM,10,2:29:00 PM,2:18:00 PM,-11,Tuesday,Jan
01/09/2015,US,528,N805AW,CMH,PHX,5:40:00 PM,5:56:00 PM,16,11,6:07:00 PM,266,238,222,1670,7:49:00 PM,5,8:06:00 PM,7:54:00 PM,-12,Friday,Jan
01/10/2015,UA,1268,N87512,IAH,BWI,7:19:00 PM,7:31:00 PM,12,12,7:43:00 PM,177,166,147,1235,11:10:00 PM,7,11:16:00 PM,11:17:00 PM,1,Saturday,Jan
01/27/2015,EV,2563,N876AS,DFW,CRP,1:30:00 AM,10:27:00 AM,57,23,1:50:00 PM,76,82,55,354,10:45:00 PM,4,12:46:00 PM,10:49:00 PM,63,Tuesday,Jan
02/02/2015,AS,871,N564AS,HNL,ANC,10:05:00 PM,10:33:00 PM,28,17,10:50:00 PM,360,359,338,2777,4:28:00 AM,4,2:05:00 AM,5:32:00 AM,27,Monday,Feb
01/09/2015,WN,4036,N467WN,SMF,LAX,6:40:00 AM,5:39:00 AM,-1,10,6:49:00 AM,85,74,57,373,4:46:00 PM,7,10:05:00 PM,5:53:00 PM,-12,Friday,Jan
02/08/2015,UA,311,N489UA,MIA,IAH,11:41:00 AM,11:37:00 AM,-4,16,11:53:00 AM,178,161,132,964,1:05:00 PM,13,1:39:00 PM,1:18:00 PM,-21,Sunday,Feb
01/02/2015,EV,6056,N13992,BNA,ORD,8:00:00 AM,3:54:00 AM,-6,13,8:07:00 AM,105,93,71,409,7:18:00 PM,9,10:45:00 PM,8:27:00 PM,-18,Friday,Jan
01/06/2015,OO,4757,N437SW,MSP,LSE,1:51:00 PM,1:49:00 PM,-2,27,2:16:00 PM,53,58,24,119,2:40:00 PM,7,2:44:00 PM,2:47:00 PM,3,Tuesday,Jan
02/01/2015,B6,1494,N334JB,MCO,HPN,5:30:00 PM,5:32:00 PM,2,15,5:47:00 PM,154,152,131,972,7:58:00 PM,6,8:04:00 PM,8:04:00 PM,0,Sunday,Feb
02/02/2015,OO,5654,N585SW,ACV,SFO,10:34:00 AM,10:33:00 AM,-1,10,10:43:00 AM,89,81,65,250,11:48:00 AM,6,12:03:00 PM,11:54:00 AM,-9,Monday,Feb
02/09/2015,UA,1208,N77510,MCO,EWR,7:15:00 PM,6:07:00 PM,-8,23,9:30:00 PM,153,152,121,937,11:31:00 AM,8,11:48:00 AM,11:39:00 AM,-9,Monday,Feb
01/23/2015,DL,1715,N358NB,LGA,MSY,5:00:00 PM,5:20:00 PM,20,18,5:38:00 PM,229,222,198,1183,7:56:00 PM,6,7:49:00 PM,8:02:00 PM,13,Friday,Jan
02/05/2015,AA,1497,N505AA,DFW,BNA,3:45:00 PM,3:54:00 PM,9,18,4:12:00 PM,100,106,84,631,5:36:00 PM,4,5:25:00 PM,5:40:00 PM,15,Thursday,Feb
02/03/2015,WN,4142,N388SW,SDF,MCO,11:00:00 AM,10:54:00 AM,-6,7,11:01:00 AM,125,108,98,719,12:39:00 PM,3,1:05:00 PM,12:42:00 PM,-23,Tuesday,Feb
01/06/2015,MQ,3337,N848MQ,DFW,LEX,7:10:00 PM,7:18:00 PM,8,19,9:37:00 PM,125,132,106,785,12:23:00 PM,7,12:15:00 PM,12:30:00 PM,15,Tuesday,Jan
01/29/2015,UA,1510,N77431,SLC,IAH,1:58:00 PM,1:55:00 PM,-3,12,2:07:00 PM,182,169,147,1195,5:34:00 PM,10,6:00:00 PM,5:44:00 PM,-16,Thursday,Jan
01/11/2015,EV,4128,N17159,MOB,IAH,7:10:00 PM,6:08:00 PM,-2,44,11:52:00 PM,97,145,86,427,11:18:00 AM,15,10:47:00 AM,11:33:00 AM,46,Sunday,Jan
01/29/2015,US,601,N642AW,PHX,SJC,9:10:00 PM,9:08:00 PM,-2,45,9:53:00 PM,118,138,89,621,10:22:00 PM,4,10:08:00 PM,10:26:00 PM,18,Thursday,Jan
01/24/2015,AS,573,N469AS,SAN,PDX,3:30:00 PM,2:22:00 PM,-8,20,4:42:00 PM,160,162,137,933,1:59:00 PM,5,7:10:00 PM,6:04:00 PM,-6,Saturday,Jan
01/12/2015,WN,1009,N767SW,OAK,LAX,5:20:00 PM,5:44:00 PM,24,12,5:56:00 PM,75,74,55,337,6:51:00 PM,7,6:35:00 PM,6:58:00 PM,23,Monday,Jan
02/09/2015,EV,5906,N11165,HSV,DEN,3:41:00 PM,3:35:00 PM,-6,12,3:47:00 PM,194,199,178,1048,5:45:00 PM,9,5:55:00 PM,5:54:00 PM,-1,Monday,Feb
01/29/2015,OO,5539,N928SW,SFO,SLC,11:31:00 AM,9:19:00 AM,-12,24,12:43:00 PM,113,111,83,599,11:06:00 AM,4,11:24:00 AM,11:10:00 AM,-14,Thursday,Jan
01/21/2015,US,582,N754UW,LAX,PHX,1:35:00 AM,12:27:00 AM,-8,20,2:47:00 AM,97,96,62,370,10:49:00 PM,14,10:12:00 AM,10:03:00 AM,-9,Wednesday,Jan
01/22/2015,DL,2387,N914DL,ATL,DAB,9:30:00 PM,8:28:00 PM,-2,15,10:43:00 PM,79,73,54,366,10:37:00 AM,4,10:49:00 AM,10:41:00 AM,-8,Thursday,Jan
01/01/2015,US,2068,N913US,CLT,LGA,2:25:00 PM,2:24:00 PM,-1,16,2:40:00 PM,105,99,76,544,3:56:00 PM,7,4:10:00 PM,4:03:00 PM,-7,Thursday,Jan
01/04/2015,WN,4189,N410WN,SJC,BUR,8:55:00 PM,9:33:00 PM,38,8,9:41:00 PM,60,56,44,296,10:25:00 PM,4,9:55:00 PM,10:29:00 PM,34,Sunday,Jan
01/25/2015,DL,2267,N805DN,ATL,SAN,10:52:00 AM,10:50:00 AM,-2,15,11:05:00 AM,299,263,245,1892,12:10:00 PM,3,12:51:00 PM,12:13:00 PM,-38,Sunday,Jan
01/09/2015,DL,1404,N752AT,LAX,SLC,7:50:00 AM,6:46:00 AM,-4,12,7:58:00 AM,118,98,81,590,9:19:00 AM,5,12:48:00 PM,10:24:00 AM,-24,Friday,Jan
02/03/2015,AA,1075,N3BEAA,ORD,DCA,9:11:00 AM,11:36:00 AM,25,23,1:59:00 PM,104,104,75,612,11:14:00 AM,6,10:55:00 AM,11:20:00 AM,25,Tuesday,Feb
01/08/2015,DL,2087,N523US,ATL,RSW,11:01:00 AM,11:11:00 AM,10,17,11:28:00 AM,108,91,69,515,12:37:00 PM,5,12:49:00 PM,12:42:00 PM,-7,Thursday,Jan
01/22/2015,WN,378,N8600F,MKE,LAS,3:15:00 PM,3:09:00 PM,-6,8,3:17:00 PM,245,197,185,1524,4:22:00 PM,4,5:20:00 PM,4:26:00 PM,-54,Thursday,Jan
02/02/2015,WN,4125,N645SW,BOS,STL,5:55:00 PM,6:56:00 PM,61,35,7:31:00 PM,200,208,171,1047,9:22:00 PM,2,8:15:00 PM,9:24:00 PM,69,Monday,Feb
01/05/2015,DL,417,N198DN,JFK,LAX,5:00:00 PM,4:58:00 PM,-2,59,5:57:00 PM,400,415,350,2475,8:47:00 PM,6,8:40:00 PM,8:53:00 PM,13,Monday,Jan
01/04/2015,AA,2399,N3HUAA,DFW,PBI,1:05:00 PM,1:55:00 PM,50,11,2:06:00 PM,155,156,140,1102,5:26:00 PM,5,4:40:00 PM,5:31:00 PM,51,Sunday,Jan
01/17/2015,DL,2413,N962DN,MSP,ORD,11:35:00 AM,11:32:00 AM,-3,14,11:46:00 AM,85,72,51,334,12:37:00 PM,7,1:00:00 PM,12:44:00 PM,-16,Saturday,Jan
02/12/2015,EV,5466,N195PQ,IAH,DTW,2:40:00 AM,1:33:00 AM,-7,33,8:06:00 AM,168,179,134,1075,11:20:00 AM,12,11:28:00 AM,11:32:00 AM,4,Thursday,Feb
01/05/2015,DL,1369,N346NB,ATL,GNV,7:00:00 PM,7:00:00 PM,0,16,7:16:00 PM,70,68,47,300,8:03:00 PM,5,8:10:00 PM,8:08:00 PM,-2,Monday,Jan
01/04/2015,OO,5213,N712SK,ASE,ORD,11:27:00 AM,11:49:00 AM,22,27,12:16:00 PM,175,189,138,1013,3:34:00 PM,24,3:22:00 PM,3:58:00 PM,36,Sunday,Jan
01/21/2015,UA,751,N479UA,DEN,DSM,12:36:00 PM,1:13:00 PM,37,38,1:51:00 PM,98,111,69,589,4:00:00 PM,4,3:14:00 PM,4:04:00 PM,50,Wednesday,Jan
01/01/2015,VX,783,N525VA,LAS,LAX,10:45:00 PM,10:47:00 PM,2,13,10:00:00 AM,70,59,41,236,10:41:00 AM,5,10:55:00 AM,10:46:00 AM,-9,Thursday,Jan
02/06/2015,DL,2380,N519US,ATL,JAX,9:10:00 AM,8:07:00 AM,-3,23,11:30:00 AM,67,66,39,270,6:09:00 PM,4,7:17:00 PM,7:13:00 PM,-4,Friday,Feb
01/05/2015,WN,1799,N8614M,SLC,LAS,5:50:00 PM,6:04:00 PM,14,12,6:16:00 PM,80,71,54,368,6:10:00 PM,5,6:10:00 PM,6:15:00 PM,5,Monday,Jan
01/23/2015,WN,660,N298WN,PHX,SDF,11:00:00 AM,11:16:00 AM,16,21,11:37:00 AM,205,212,187,1506,4:44:00 PM,4,4:25:00 PM,4:48:00 PM,23,Friday,Jan
01/26/2015,EV,5799,N15572,JAN,IAH,11:59:00 AM,11:53:00 AM,-6,7,12:00:00 PM,84,70,54,351,12:54:00 PM,9,1:23:00 PM,1:03:00 PM,-20,Monday,Jan
02/10/2015,B6,633,N809JB,BOS,SFO,4:45:00 PM,4:57:00 PM,12,12,5:09:00 PM,412,383,361,2704,8:10:00 PM,10,8:37:00 PM,8:20:00 PM,-17,Tuesday,Feb
02/02/2015,AA,2310,N491AA,DEN,DFW,1:50:00 PM,1:59:00 PM,9,13,7:12:00 PM,118,110,88,641,11:40:00 AM,9,11:48:00 AM,11:49:00 AM,1,Monday,Feb
01/30/2015,HA,316,N493HA,HNL,OGG,10:21:00 AM,10:18:00 AM,-3,14,10:32:00 AM,38,42,22,100,10:54:00 AM,6,10:59:00 AM,11:00:00 AM,1,Friday,Jan
01/24/2015,US,742,N125UW,ORD,PHL,1:55:00 PM,1:46:00 PM,-9,32,2:18:00 PM,124,129,92,678,4:50:00 PM,5,4:59:00 PM,4:55:00 PM,-4,Saturday,Jan
01/15/2015,WN,1214,N8328A,PVD,FLL,4:45:00 PM,4:48:00 PM,3,31,11:19:00 PM,210,209,171,1188,10:10:00 AM,7,10:15:00 AM,10:17:00 AM,2,Thursday,Jan
02/03/2015,UA,406,N576UA,DEN,LGA,3:40:00 PM,3:43:00 PM,3,13,3:56:00 PM,213,201,183,1620,8:59:00 PM,5,9:13:00 PM,9:04:00 PM,-9,Tuesday,Feb
02/08/2015,AS,550,N413AS,SEA,PSP,7:20:00 PM,9:30:00 PM,130,15,9:45:00 PM,158,172,152,987,5:17:00 PM,5,9:58:00 PM,10:22:00 PM,144,Sunday,Feb
01/23/2015,WN,1529,N962WN,DEN,BOI,9:35:00 PM,9:33:00 PM,-2,7,9:40:00 PM,125,104,94,649,11:14:00 PM,3,11:40:00 PM,11:17:00 PM,-23,Friday,Jan
01/04/2015,EV,4281,N14950,IAH,ELP,5:36:00 PM,5:37:00 PM,1,20,5:57:00 PM,126,132,107,667,6:44:00 PM,5,6:42:00 PM,6:49:00 PM,7,Sunday,Jan
01/26/2015,OO,5450,N560SW,DEN,LAR,12:57:00 PM,12:57:00 PM,0,12,1:09:00 PM,51,42,26,113,1:35:00 PM,4,1:48:00 PM,1:39:00 PM,-9,Monday,Jan
01/12/2015,WN,989,N794SW,ATL,STL,11:15:00 PM,11:13:00 PM,-2,9,12:22:00 AM,105,88,74,484,1:36:00 AM,5,8:00:00 AM,2:41:00 AM,-19,Monday,Jan
02/12/2015,HA,119,N476HA,KOA,HNL,10:04:00 AM,11:57:00 PM,-7,7,10:04:00 AM,44,43,30,163,10:34:00 AM,6,10:48:00 AM,10:40:00 AM,-8,Thursday,Feb
01/17/2015,UA,1536,N66814,PHX,ORD,2:46:00 AM,2:47:00 AM,1,13,8:00:00 AM,210,203,176,1440,11:56:00 AM,14,12:16:00 PM,12:10:00 PM,-6,Saturday,Jan
01/30/2015,WN,1078,N468WN,SEA,OAK,6:15:00 PM,6:49:00 PM,34,16,7:05:00 PM,120,112,89,671,8:34:00 PM,7,8:15:00 PM,8:41:00 PM,26,Friday,Jan
01/26/2015,US,403,N654AW,IND,PHX,6:45:00 AM,6:41:00 AM,-4,15,7:56:00 AM,243,210,190,1488,10:06:00 PM,5,2:48:00 AM,11:11:00 PM,-37,Monday,Jan
01/31/2015,B6,1334,N238JB,SJU,MCO,10:40:00 AM,10:37:00 AM,-3,9,10:46:00 AM,188,182,167,1189,12:33:00 PM,6,12:48:00 PM,12:39:00 PM,-9,Saturday,Jan
01/12/2015,WN,233,N426WN,PHX,ONT,4:50:00 PM,4:49:00 PM,-1,5,4:54:00 PM,70,58,49,325,4:43:00 PM,4,5:00:00 PM,4:47:00 PM,-13,Monday,Jan
01/25/2015,WN,747,N398SW,DAL,AUS,6:50:00 PM,6:58:00 PM,8,8,7:06:00 PM,55,49,36,189,7:42:00 PM,5,7:45:00 PM,7:47:00 PM,2,Sunday,Jan
01/20/2015,VX,219,N640VA,AUS,SFO,8:00:00 AM,3:51:00 AM,-9,12,8:03:00 AM,240,232,217,1504,10:40:00 PM,3,10:00:00 AM,10:43:00 PM,-17,Tuesday,Jan
01/02/2015,UA,527,N402UA,LAX,IAH,4:41:00 PM,4:37:00 PM,-4,22,4:59:00 PM,192,216,170,1379,9:49:00 PM,24,9:53:00 PM,10:13:00 PM,20,Friday,Jan
01/12/2015,UA,564,N528UA,MCO,LAX,5:57:00 PM,8:23:00 PM,146,12,8:35:00 PM,328,301,282,2218,10:17:00 PM,7,8:25:00 PM,10:24:00 PM,119,Monday,Jan
02/08/2015,OO,7429,N8982A,PIH,SLC,12:30:00 PM,12:17:00 PM,-13,10,12:27:00 PM,45,47,30,150,12:57:00 PM,7,1:15:00 PM,1:04:00 PM,-11,Sunday,Feb
01/04/2015,EV,4134,N14570,MCI,IAH,11:15:00 PM,10:07:00 PM,-8,28,1:35:00 AM,135,145,104,643,7:19:00 PM,13,9:30:00 PM,9:32:00 PM,2,Sunday,Jan
01/20/2015,NK,972,N604NK,PHX,DFW,8:00:00 PM,3:54:00 PM,-6,8,8:02:00 PM,123,110,97,868,7:39:00 PM,5,2:03:00 AM,8:44:00 PM,-19,Tuesday,Jan
01/21/2015,EV,5392,N398CA,DFW,DTW,7:15:00 PM,6:08:00 PM,-7,10,7:18:00 PM,153,139,122,986,12:20:00 PM,7,12:48:00 PM,12:27:00 PM,-21,Wednesday,Jan
01/26/2015,UA,353,N810UA,PDX,SFO,12:24:00 PM,12:19:00 PM,-5,10,12:29:00 PM,108,105,89,550,1:58:00 PM,6,2:12:00 PM,2:04:00 PM,-8,Monday,Jan
01/22/2015,UA,1516,N17244,IAH,DFW,7:02:00 PM,7:55:00 PM,53,13,8:08:00 PM,78,60,39,224,8:47:00 PM,8,8:20:00 PM,8:55:00 PM,35,Thursday,Jan
01/10/2015,B6,489,N238JB,BOS,DCA,10:20:00 AM,10:16:00 AM,-4,17,10:33:00 AM,100,89,70,399,11:43:00 AM,2,12:00:00 PM,11:45:00 AM,-15,Saturday,Jan
02/04/2015,B6,475,N558JB,PVD,MCO,1:35:00 AM,1:30:00 AM,-5,11,2:41:00 AM,190,188,163,1072,10:24:00 AM,14,10:45:00 AM,10:38:00 AM,-7,Wednesday,Feb
02/05/2015,DL,2681,N919AT,BOS,LGA,2:00:00 PM,4:56:00 PM,176,37,5:33:00 PM,79,92,48,184,6:21:00 PM,7,3:19:00 PM,6:28:00 PM,189,Thursday,Feb
01/19/2015,DL,763,N924AT,BOS,JFK,12:30:00 PM,12:23:00 PM,-7,14,12:37:00 PM,73,70,48,187,1:25:00 PM,8,1:43:00 PM,1:33:00 PM,-10,Monday,Jan
02/03/2015,B6,619,N806JB,BOS,SAN,10:00:00 PM,11:16:00 PM,16,18,1:34:00 AM,396,385,364,2588,10:38:00 AM,3,10:36:00 AM,10:41:00 AM,5,Tuesday,Feb
01/14/2015,UA,1092,N76288,FLL,EWR,10:00:00 AM,10:08:00 AM,8,13,10:21:00 AM,182,162,139,1065,12:40:00 PM,10,1:02:00 PM,12:50:00 PM,-12,Wednesday,Jan
02/04/2015,DL,1564,N926DL,ATL,RDU,12:50:00 PM,12:47:00 PM,-3,16,1:03:00 PM,80,77,57,356,2:00:00 PM,4,2:10:00 PM,2:04:00 PM,-6,Wednesday,Feb
02/10/2015,NK,201,N515NK,FLL,STT,12:49:00 PM,12:43:00 PM,-6,11,12:54:00 PM,157,155,140,1107,4:14:00 PM,4,4:26:00 PM,4:18:00 PM,-8,Tuesday,Feb
02/08/2015,HA,318,N481HA,HNL,KOA,9:32:00 PM,8:25:00 PM,-7,17,10:42:00 PM,43,50,28,163,10:10:00 AM,5,10:15:00 AM,10:15:00 AM,0,Sunday,Feb
01/27/2015,AA,42,N3ALAA,SEA,ORD,1:51:00 PM,12:43:00 PM,-8,16,1:59:00 PM,236,223,203,1721,2:22:00 PM,4,2:47:00 PM,2:26:00 PM,-21,Tuesday,Jan
01/19/2015,US,436,N584UW,MSP,PHX,1:30:00 AM,12:24:00 AM,-6,26,3:50:00 AM,226,217,175,1276,10:45:00 PM,16,10:16:00 AM,10:01:00 AM,-15,Monday,Jan
01/17/2015,UA,512,N505UA,JFK,SFO,5:29:00 PM,5:22:00 PM,-7,17,5:39:00 PM,400,375,355,2586,8:34:00 PM,3,9:09:00 PM,8:37:00 PM,-32,Saturday,Jan
01/19/2015,DL,1434,N547US,HNL,LAX,4:15:00 PM,4:11:00 PM,-4,19,4:30:00 PM,334,320,296,2556,11:26:00 PM,5,11:49:00 PM,11:31:00 PM,-18,Monday,Jan
01/05/2015,US,823,N737US,JAX,CLT,10:00:00 PM,10:00:00 PM,0,12,11:12:00 PM,87,73,53,328,8:05:00 AM,8,10:27:00 AM,9:13:00 AM,-14,Monday,Jan
02/07/2015,EV,4179,N12157,EWR,BOS,12:29:00 AM,12:27:00 AM,-2,23,3:50:00 AM,73,67,37,200,10:27:00 AM,7,12:42:00 PM,11:34:00 AM,-8,Saturday,Feb
02/09/2015,UA,1055,N35407,DEN,SJC,3:04:00 PM,3:19:00 PM,15,9,3:28:00 PM,162,146,134,948,4:42:00 PM,3,4:46:00 PM,4:45:00 PM,-1,Monday,Feb
02/06/2015,EV,4525,N11176,OMA,IAH,11:55:00 PM,11:53:00 PM,-2,18,10:11:00 AM,135,151,123,781,12:14:00 PM,10,12:10:00 PM,12:24:00 PM,14,Friday,Feb
01/04/2015,F9,300,N931FR,DEN,TPA,11:59:00 PM,4:04:00 AM,5,16,8:20:00 PM,192,202,178,1506,3:18:00 AM,8,3:11:00 AM,4:26:00 AM,15,Sunday,Jan
01/02/2015,WN,499,N715SW,SAN,SEA,2:50:00 PM,3:08:00 PM,18,8,3:16:00 PM,175,186,163,1050,5:59:00 PM,15,5:45:00 PM,6:14:00 PM,29,Friday,Jan
01/27/2015,AA,371,N3ECAA,DFW,FLL,12:25:00 PM,12:20:00 PM,-5,13,12:33:00 PM,158,155,134,1119,3:47:00 PM,8,4:03:00 PM,3:55:00 PM,-8,Tuesday,Jan
01/26/2015,WN,1090,N603SW,HOU,ATL,8:00:00 PM,7:54:00 PM,-6,7,8:01:00 PM,110,109,97,696,10:38:00 PM,5,10:50:00 PM,10:43:00 PM,-7,Monday,Jan
01/26/2015,WN,896,N966WN,ALB,BWI,12:00:00 PM,7:56:00 AM,-4,12,12:08:00 PM,85,80,62,289,11:10:00 PM,6,12:25:00 AM,11:16:00 PM,-9,Monday,Jan
01/01/2015,AA,1600,N571AA,AUS,DFW,6:50:00 PM,6:42:00 PM,-8,18,7:00:00 PM,65,62,35,190,7:35:00 PM,9,7:55:00 PM,7:44:00 PM,-11,Thursday,Jan
01/02/2015,AA,154,N3BUAA,ORD,MCO,7:55:00 PM,7:58:00 PM,3,13,8:11:00 PM,150,156,140,1005,11:31:00 PM,3,11:25:00 PM,11:34:00 PM,9,Friday,Jan
01/19/2015,AS,512,N558AS,SEA,SNA,1:50:00 PM,1:47:00 PM,-3,7,1:54:00 PM,150,148,131,978,4:05:00 PM,10,4:20:00 PM,4:15:00 PM,-5,Monday,Jan
02/08/2015,US,2049,N838AW,PBI,PHL,1:55:00 PM,1:53:00 PM,-2,19,2:12:00 PM,154,171,145,951,4:37:00 PM,7,4:29:00 PM,4:44:00 PM,15,Sunday,Feb
02/07/2015,UA,1694,N77520,IAD,DEN,5:32:00 PM,5:37:00 PM,5,12,5:49:00 PM,237,223,203,1452,7:12:00 PM,8,7:29:00 PM,7:20:00 PM,-9,Saturday,Feb
01/07/2015,NK,448,N509NK,DFW,RSW,9:15:00 AM,10:24:00 AM,9,13,11:37:00 AM,148,139,120,1017,11:37:00 AM,6,11:43:00 AM,11:43:00 AM,0,Wednesday,Jan
02/02/2015,UA,1598,N36469,MCO,IAD,7:00:00 PM,7:11:00 PM,11,10,7:21:00 PM,130,122,103,758,9:04:00 PM,9,9:10:00 PM,9:13:00 PM,3,Monday,Feb
01/17/2015,OO,5545,N910SW,DEN,ELP,3:10:00 PM,3:07:00 PM,-3,24,3:31:00 PM,108,109,82,563,4:53:00 PM,3,4:58:00 PM,4:56:00 PM,-2,Saturday,Jan
01/13/2015,EV,5503,N882AS,DTW,FWA,3:20:00 PM,3:16:00 PM,-4,7,3:23:00 PM,58,42,32,128,3:55:00 PM,3,4:18:00 PM,3:58:00 PM,-20,Tuesday,Jan
01/12/2015,WN,3674,N429WN,BNA,LGA,12:20:00 PM,12:52:00 PM,32,11,1:03:00 PM,125,119,98,764,3:41:00 PM,10,3:25:00 PM,3:51:00 PM,26,Monday,Jan
01/18/2015,DL,784,N917DE,ATL,MSP,11:30:00 AM,11:30:00 AM,0,16,12:46:00 PM,165,154,134,907,10:00:00 AM,4,10:15:00 AM,10:04:00 AM,-11,Sunday,Jan
01/13/2015,DL,1700,N978AT,LFT,ATL,12:00:00 PM,7:54:00 AM,-6,12,12:06:00 PM,99,86,67,503,9:13:00 AM,7,11:39:00 AM,10:20:00 AM,-19,Tuesday,Jan
01/05/2015,DL,1847,N378DA,SEA,ANC,3:00:00 PM,3:20:00 PM,20,17,3:37:00 PM,215,213,191,1448,5:48:00 PM,5,5:35:00 PM,5:53:00 PM,18,Monday,Jan
02/08/2015,US,415,N650AW,PIT,PHX,10:00:00 PM,5:57:00 PM,-3,12,10:09:00 PM,304,276,261,1814,9:30:00 PM,3,10:04:00 AM,9:33:00 PM,-31,Sunday,Feb
01/14/2015,US,2055,N540UW,PHL,MIA,1:35:00 AM,1:30:00 AM,-5,15,2:45:00 AM,182,186,166,1013,10:31:00 AM,5,10:37:00 AM,10:36:00 AM,-1,Wednesday,Jan
01/28/2015,DL,2153,N968AT,AGS,ATL,11:15:00 PM,11:12:00 PM,-3,33,2:45:00 AM,63,77,31,143,9:16:00 AM,13,9:18:00 AM,10:29:00 AM,11,Wednesday,Jan
01/07/2015,DL,2696,N927AT,LGA,BOS,9:59:00 PM,9:59:00 PM,0,18,10:17:00 PM,67,63,40,184,10:57:00 PM,5,11:06:00 PM,11:02:00 PM,-4,Wednesday,Jan
01/08/2015,AS,61,N765AS,YAK,CDV,11:51:00 AM,11:36:00 AM,-15,6,11:42:00 AM,55,42,32,213,12:14:00 PM,4,12:46:00 PM,12:18:00 PM,-28,Thursday,Jan
02/05/2015,WN,403,N266WN,TPA,BWI,10:30:00 AM,10:28:00 AM,-2,13,10:41:00 AM,135,119,104,842,12:25:00 PM,2,12:45:00 PM,12:27:00 PM,-18,Thursday,Feb
01/16/2015,B6,672,N507JB,FLL,LGA,6:45:00 PM,7:32:00 PM,47,33,8:05:00 PM,167,209,168,1076,10:53:00 PM,8,9:32:00 PM,11:01:00 PM,89,Friday,Jan
01/12/2015,OO,6433,N593ML,LAX,FAT,10:35:00 PM,12:00:00 AM,85,17,5:17:00 PM,63,61,40,209,9:57:00 AM,4,11:38:00 PM,10:01:00 AM,83,Monday,Jan
02/11/2015,OO,4706,N8965E,ISN,MSP,1:40:00 PM,1:38:00 PM,-2,18,1:56:00 PM,104,100,76,546,3:12:00 PM,6,3:24:00 PM,3:18:00 PM,-6,Wednesday,Feb
01/19/2015,WN,345,N769SW,DEN,OMA,4:10:00 PM,4:21:00 PM,11,7,4:28:00 PM,80,69,58,472,6:26:00 PM,4,6:30:00 PM,6:30:00 PM,0,Monday,Jan
02/10/2015,WN,900,N217JC,STL,MKE,12:40:00 PM,11:37:00 AM,-3,9,12:46:00 PM,70,64,51,317,9:37:00 PM,4,11:50:00 PM,10:41:00 PM,-9,Tuesday,Feb
02/07/2015,WN,3872,N202WN,SNA,SMF,1:30:00 AM,12:25:00 AM,-5,8,1:33:00 AM,90,84,73,404,12:46:00 PM,3,6:00:00 PM,12:49:00 PM,-11,Saturday,Feb
02/11/2015,B6,401,N621JB,BOS,MSY,1:10:00 PM,3:17:00 PM,127,18,3:35:00 PM,238,232,201,1368,5:56:00 PM,13,4:08:00 PM,6:09:00 PM,121,Wednesday,Feb
01/28/2015,OO,6408,N920SW,SFO,EUG,1:10:00 PM,1:02:00 PM,-8,22,1:24:00 PM,97,91,66,451,2:30:00 PM,3,2:47:00 PM,2:33:00 PM,-14,Wednesday,Jan
02/03/2015,F9,1253,N938FR,LGA,MIA,10:45:00 PM,11:53:00 AM,128,21,12:14:00 PM,200,180,152,1096,2:46:00 PM,7,1:05:00 PM,2:53:00 PM,108,Tuesday,Feb
02/04/2015,WN,681,N421LV,BDL,BWI,12:05:00 PM,12:05:00 PM,0,9,12:14:00 PM,75,63,52,283,1:06:00 PM,2,1:20:00 PM,1:08:00 PM,-12,Wednesday,Feb
01/09/2015,WN,964,N8637A,DEN,MDW,12:45:00 PM,12:44:00 PM,-1,20,6:04:00 PM,140,136,110,895,11:54:00 AM,6,12:05:00 PM,12:00:00 PM,-5,Friday,Jan
02/12/2015,US,2051,N276AY,PHL,MIA,11:55:00 PM,10:25:00 AM,30,20,10:45:00 AM,182,182,150,1013,1:15:00 PM,12,12:57:00 PM,1:27:00 PM,30,Thursday,Feb
01/29/2015,OO,4612,N455CA,DTW,CIU,7:55:00 PM,7:49:00 PM,-6,50,8:39:00 PM,87,109,54,284,9:33:00 PM,5,9:22:00 PM,9:38:00 PM,16,Thursday,Jan
01/25/2015,DL,768,N532US,ATL,PBI,1:40:00 PM,1:38:00 PM,-2,21,1:59:00 PM,109,110,83,545,3:22:00 PM,6,3:29:00 PM,3:28:00 PM,-1,Sunday,Jan
01/03/2015,UA,1523,N37434,SFO,EWR,9:39:00 PM,9:38:00 PM,-1,18,9:56:00 PM,320,322,294,2565,7:50:00 AM,10,7:59:00 AM,12:00:00 PM,1,Saturday,Jan
01/07/2015,VX,927,N625VA,LAX,SFO,11:25:00 AM,11:21:00 AM,-4,9,11:30:00 AM,80,63,48,337,12:18:00 PM,6,12:45:00 PM,12:24:00 PM,-21,Wednesday,Jan
01/03/2015,EV,4424,N17108,RDU,IAH,10:21:00 AM,10:20:00 AM,-1,16,11:36:00 AM,194,222,200,1042,10:56:00 AM,6,10:35:00 AM,11:02:00 AM,27,Saturday,Jan
01/04/2015,DL,1804,N553NW,FLL,DTW,12:45:00 PM,1:15:00 PM,30,20,1:35:00 PM,187,163,134,1127,3:49:00 PM,9,3:52:00 PM,3:58:00 PM,6,Sunday,Jan
01/16/2015,US,642,N676AW,ONT,PHX,12:40:00 PM,12:34:00 PM,-6,10,12:44:00 PM,73,65,51,325,2:35:00 PM,4,2:53:00 PM,2:39:00 PM,-14,Friday,Jan
01/08/2015,WN,1108,N938WN,SMF,SAN,10:55:00 AM,11:08:00 AM,13,7,11:15:00 AM,85,78,68,480,12:23:00 PM,3,12:20:00 PM,12:26:00 PM,6,Thursday,Jan
01/27/2015,WN,4471,N464WN,ATL,RSW,10:30:00 AM,10:29:00 AM,-1,19,10:48:00 AM,110,98,74,515,12:02:00 PM,5,12:20:00 PM,12:07:00 PM,-13,Tuesday,Jan
01/07/2015,EV,4609,N15527,CRP,IAH,4:04:00 PM,4:04:00 PM,0,17,4:21:00 PM,61,67,41,201,5:02:00 PM,9,5:05:00 PM,5:11:00 PM,6,Wednesday,Jan
01/28/2015,VX,241,N840VA,ORD,LAX,5:35:00 PM,5:31:00 PM,-4,14,5:45:00 PM,275,275,249,1744,7:54:00 PM,12,8:10:00 PM,8:06:00 PM,-4,Wednesday,Jan
01/21/2015,EV,4091,N13969,IND,EWR,7:22:00 PM,7:10:00 PM,-12,16,7:26:00 PM,120,116,90,645,8:56:00 PM,10,9:22:00 PM,9:06:00 PM,-16,Wednesday,Jan
01/23/2015,OO,4586,N187PQ,SJC,SLC,10:18:00 AM,10:08:00 AM,-10,15,10:23:00 AM,116,125,105,584,1:08:00 PM,5,1:14:00 PM,1:13:00 PM,-1,Friday,Jan
02/05/2015,WN,3310,N458WN,MDW,ICT,11:00:00 AM,10:53:00 AM,-7,7,11:00:00 AM,110,95,85,589,12:25:00 PM,3,12:50:00 PM,12:28:00 PM,-22,Thursday,Feb
02/08/2015,WN,126,N601WN,ELP,LAX,11:35:00 AM,11:30:00 AM,-5,11,12:41:00 PM,130,121,105,715,8:26:00 PM,5,10:45:00 PM,9:31:00 PM,-14,Sunday,Feb
01/22/2015,MQ,3350,N689MQ,RDU,JFK,12:00:00 PM,7:53:00 AM,-7,27,2:20:00 PM,92,95,63,427,12:23:00 AM,5,1:32:00 AM,12:28:00 AM,-4,Thursday,Jan
02/10/2015,DL,2244,N343NB,DTW,DCA,12:25:00 PM,12:24:00 PM,-1,10,12:34:00 PM,98,77,64,405,1:38:00 PM,3,2:03:00 PM,1:41:00 PM,-22,Tuesday,Feb
01/06/2015,AA,2483,N3CYAA,ORD,MIA,8:00:00 AM,3:58:00 AM,-2,19,9:17:00 AM,186,171,146,1197,11:43:00 AM,6,12:06:00 PM,11:49:00 AM,-17,Tuesday,Jan
01/08/2015,DL,1397,N750AT,SEA,OGG,1:59:00 PM,2:32:00 PM,33,14,2:46:00 PM,363,363,345,2640,6:31:00 PM,4,6:02:00 PM,6:35:00 PM,33,Thursday,Jan
01/03/2015,UA,1288,N69806,IAH,DEN,12:59:00 PM,1:41:00 PM,42,13,1:54:00 PM,151,132,112,862,2:46:00 PM,7,2:30:00 PM,2:53:00 PM,23,Saturday,Jan
01/11/2015,US,835,N284AY,CLT,SJU,10:45:00 PM,10:41:00 PM,-4,37,10:18:00 AM,208,219,170,1475,2:08:00 PM,12,2:13:00 PM,2:20:00 PM,7,Sunday,Jan
01/01/2015,OO,7376,N449SW,BTM,SLC,1:30:00 AM,12:22:00 AM,-8,27,2:49:00 AM,82,83,52,358,12:41:00 PM,4,1:52:00 PM,12:45:00 PM,-7,Thursday,Jan
02/12/2015,OO,6374,N472CA,DEN,RAP,10:07:00 AM,11:58:00 PM,-9,19,10:17:00 AM,70,76,52,300,11:09:00 AM,5,11:17:00 AM,11:14:00 AM,-3,Thursday,Feb
02/01/2015,AA,1554,N3GCAA,DFW,SNA,11:30:00 AM,11:29:00 AM,-1,18,11:47:00 AM,200,181,157,1205,12:24:00 PM,6,12:50:00 PM,12:30:00 PM,-20,Sunday,Feb
01/07/2015,F9,573,N931FR,DEN,SLC,10:27:00 AM,10:22:00 AM,-5,43,6:05:00 PM,86,114,60,391,10:05:00 AM,11,11:53:00 PM,10:16:00 AM,23,Wednesday,Jan
02/11/2015,WN,208,N492WN,OAK,ONT,8:50:00 PM,8:51:00 PM,1,16,9:07:00 PM,75,81,61,362,10:08:00 PM,4,10:05:00 PM,10:12:00 PM,7,Wednesday,Feb
02/07/2015,EV,5282,N861AS,DTW,CID,8:05:00 PM,9:40:00 PM,95,14,9:54:00 PM,105,86,67,430,10:01:00 PM,5,8:50:00 PM,10:06:00 PM,76,Saturday,Feb
01/09/2015,AA,1441,N3GCAA,JFK,LAS,3:35:00 PM,3:30:00 PM,-5,11,4:41:00 PM,354,357,320,2248,6:01:00 PM,26,8:29:00 PM,8:27:00 PM,-2,Friday,Jan
01/06/2015,US,1834,N716UW,DCA,PHL,3:15:00 PM,4:48:00 PM,93,15,5:03:00 PM,81,58,33,119,5:36:00 PM,10,4:36:00 PM,5:46:00 PM,70,Tuesday,Jan
01/06/2015,MQ,3297,N674MQ,ORD,TOL,4:45:00 PM,5:34:00 PM,49,24,5:58:00 PM,59,67,38,213,7:36:00 PM,5,6:44:00 PM,7:41:00 PM,57,Tuesday,Jan
01/23/2015,AA,232,N513AA,DFW,ATL,3:15:00 PM,3:09:00 PM,-6,13,3:22:00 PM,123,136,90,731,5:52:00 PM,33,6:18:00 PM,6:25:00 PM,7,Friday,Jan
01/05/2015,WN,4,N697SW,DAL,ELP,11:30:00 AM,11:30:00 AM,0,11,12:41:00 PM,105,98,83,562,6:04:00 PM,4,7:15:00 PM,6:08:00 PM,-7,Monday,Jan
01/19/2015,DL,1076,N933DL,ATL,CLT,9:51:00 PM,9:49:00 PM,-2,19,10:08:00 PM,71,113,40,226,10:48:00 PM,54,11:02:00 PM,11:42:00 PM,40,Monday,Jan
01/29/2015,EV,4212,N14188,EWR,RDU,12:06:00 PM,12:00:00 PM,-6,25,2:25:00 PM,105,92,60,416,12:25:00 AM,7,3:51:00 AM,1:32:00 AM,-19,Thursday,Jan
01/23/2015,B6,1888,N179JB,MCO,ORH,10:20:00 AM,9:15:00 AM,-5,15,11:30:00 AM,156,153,135,1091,10:45:00 AM,3,10:56:00 AM,10:48:00 AM,-8,Friday,Jan
01/12/2015,DL,940,N918DE,ATL,CLT,4:20:00 PM,4:40:00 PM,20,37,5:17:00 PM,75,81,38,226,5:55:00 PM,6,5:35:00 PM,6:01:00 PM,26,Monday,Jan
01/18/2015,OO,2594,N417SW,LAX,SMF,1:55:00 PM,1:50:00 PM,-5,20,2:10:00 PM,85,91,67,373,3:17:00 PM,4,3:20:00 PM,3:21:00 PM,1,Sunday,Jan
02/09/2015,WN,4900,N648SW,FLL,HOU,5:25:00 PM,5:26:00 PM,1,16,5:42:00 PM,185,159,137,957,6:59:00 PM,6,7:30:00 PM,7:05:00 PM,-25,Monday,Feb
01/06/2015,WN,122,N703SW,CAK,LGA,4:25:00 PM,5:45:00 PM,80,15,6:00:00 PM,90,78,56,397,6:56:00 PM,7,5:55:00 PM,7:03:00 PM,68,Tuesday,Jan
01/16/2015,WN,454,N427WN,SNA,LAS,2:45:00 AM,2:42:00 AM,-3,7,2:49:00 AM,65,52,39,226,10:28:00 AM,6,1:50:00 PM,11:34:00 AM,-16,Friday,Jan
01/14/2015,DL,2466,N363NW,SLC,DEN,10:59:00 AM,11:23:00 AM,24,21,11:44:00 AM,86,83,55,391,12:39:00 PM,7,12:25:00 PM,12:46:00 PM,21,Wednesday,Jan
01/09/2015,EV,4538,N12167,GRR,EWR,6:39:00 PM,6:46:00 PM,7,26,7:12:00 PM,110,118,82,605,8:34:00 PM,10,8:29:00 PM,8:44:00 PM,15,Friday,Jan
01/01/2015,US,1782,N508AY,SEA,CLT,1:20:00 PM,1:26:00 PM,6,14,1:40:00 PM,293,277,253,2279,8:53:00 PM,10,9:13:00 PM,9:03:00 PM,-10,Thursday,Jan
02/05/2015,AS,162,N537AS,FAI,ANC,12:00:00 PM,6:44:00 AM,-16,20,12:04:00 PM,80,64,39,261,4:43:00 PM,5,12:20:00 AM,4:48:00 PM,-32,Thursday,Feb
01/09/2015,WN,464,N616SW,FNT,BWI,7:50:00 AM,7:50:00 AM,0,24,1:14:00 PM,105,99,70,452,12:24:00 AM,5,1:35:00 AM,12:29:00 AM,-6,Friday,Jan
01/21/2015,OO,4674,N455SW,MFR,SLC,12:05:00 PM,7:55:00 AM,-10,13,12:08:00 PM,110,107,80,575,10:28:00 AM,14,1:55:00 PM,12:42:00 PM,-13,Wednesday,Jan
01/26/2015,WN,122,N297WN,TPA,CAK,1:35:00 PM,1:28:00 PM,-7,11,1:39:00 PM,140,136,119,894,3:38:00 PM,6,3:55:00 PM,3:44:00 PM,-11,Monday,Jan
01/24/2015,OO,2712,N889AS,FLG,PHX,4:00:00 PM,4:02:00 PM,2,7,4:09:00 PM,45,38,26,119,4:35:00 PM,5,4:45:00 PM,4:40:00 PM,-5,Saturday,Jan
02/05/2015,MQ,3373,N695MQ,CLL,DFW,6:25:00 PM,6:28:00 PM,3,5,6:33:00 PM,59,42,33,164,7:06:00 PM,4,7:24:00 PM,7:10:00 PM,-14,Thursday,Feb
01/19/2015,AA,2212,N480AA,DFW,STL,7:15:00 PM,7:11:00 PM,-4,19,7:30:00 PM,94,101,78,550,8:48:00 PM,4,8:49:00 PM,8:52:00 PM,3,Monday,Jan
01/04/2015,MQ,3482,N821MQ,SGF,DFW,10:35:00 AM,11:14:00 AM,39,39,11:53:00 AM,85,106,61,364,12:54:00 PM,6,12:00:00 PM,1:00:00 PM,60,Sunday,Jan
01/31/2015,EV,6020,N14186,ISN,DEN,12:05:00 PM,7:58:00 AM,-7,39,3:37:00 PM,126,146,96,576,11:13:00 PM,11,11:11:00 PM,12:24:00 AM,13,Saturday,Jan
01/05/2015,WN,2609,N930WN,PIT,DEN,7:15:00 PM,7:14:00 PM,-1,7,8:21:00 PM,230,204,192,1290,10:33:00 AM,5,11:05:00 AM,10:38:00 AM,-27,Monday,Jan
02/06/2015,NK,657,N625NK,FLL,MSY,10:22:00 AM,9:17:00 AM,-5,14,11:31:00 AM,128,118,97,674,6:08:00 PM,7,9:30:00 PM,7:15:00 PM,-15,Friday,Feb
01/02/2015,WN,1005,N921WN,PDX,SMF,10:00:00 PM,11:15:00 PM,15,8,12:23:00 AM,90,77,66,479,10:29:00 AM,3,11:30:00 AM,11:32:00 AM,2,Friday,Jan
01/01/2015,UA,497,N476UA,SFO,SAN,12:48:00 PM,1:34:00 PM,46,16,1:50:00 PM,92,88,69,447,2:59:00 PM,3,2:20:00 PM,3:02:00 PM,42,Thursday,Jan
02/02/2015,NK,892,N521NK,MCO,DTW,8:45:00 PM,8:58:00 PM,13,9,9:07:00 PM,152,203,136,957,11:23:00 PM,58,11:17:00 PM,9:21:00 PM,64,Monday,Feb
01/04/2015,EV,5409,N738EV,MCI,DTW,10:25:00 AM,10:30:00 AM,5,21,10:51:00 AM,110,116,85,629,1:16:00 PM,10,1:15:00 PM,1:26:00 PM,11,Sunday,Jan
01/14/2015,OO,4774,N8965E,SLC,PSC,11:07:00 AM,11:01:00 AM,-6,17,11:18:00 AM,110,103,81,521,11:39:00 AM,5,11:57:00 AM,11:44:00 AM,-13,Wednesday,Jan
02/04/2015,EV,5295,N925EV,VLD,ATL,5:55:00 PM,6:46:00 PM,51,22,7:08:00 PM,70,88,47,208,7:55:00 PM,19,7:05:00 PM,8:14:00 PM,69,Wednesday,Feb
02/07/2015,OO,3461,N218AG,ONT,PDX,12:00:00 PM,2:28:00 PM,28,12,4:40:00 PM,144,127,113,838,11:33:00 AM,2,10:24:00 AM,11:35:00 AM,11,Saturday,Feb
01/27/2015,DL,2345,N929DN,MSP,ATL,10:10:00 AM,10:06:00 AM,-4,14,10:20:00 AM,153,130,111,907,1:11:00 PM,5,1:43:00 PM,1:16:00 PM,-27,Tuesday,Jan
01/13/2015,EV,4182,N19554,IAH,BHM,4:01:00 PM,3:56:00 PM,-5,14,4:10:00 PM,100,91,73,562,5:23:00 PM,4,5:41:00 PM,5:27:00 PM,-14,Tuesday,Jan
01/05/2015,MQ,3362,N521MQ,MAF,DFW,12:45:00 PM,12:47:00 PM,2,25,7:12:00 PM,80,87,47,309,11:59:00 PM,15,10:05:00 AM,10:14:00 AM,9,Monday,Jan
02/05/2015,AA,2216,N3LRAA,LAX,ORD,4:20:00 PM,4:58:00 PM,38,19,5:17:00 PM,237,238,212,1744,10:49:00 PM,7,10:17:00 PM,10:56:00 PM,39,Thursday,Feb
01/03/2015,US,1708,N838AW,DFW,CLT,7:51:00 PM,10:04:00 PM,133,16,10:20:00 PM,146,132,110,936,11:10:00 AM,6,11:17:00 PM,11:16:00 AM,119,Saturday,Jan
01/21/2015,WN,197,N626SW,HOU,OKC,8:10:00 PM,8:04:00 PM,-6,9,8:13:00 PM,80,73,60,419,9:13:00 PM,4,9:30:00 PM,9:17:00 PM,-13,Wednesday,Jan
01/22/2015,HA,276,N483HA,HNL,OGG,11:57:00 AM,11:53:00 AM,-4,15,12:08:00 PM,39,41,21,100,12:29:00 PM,5,12:36:00 PM,12:34:00 PM,-2,Thursday,Jan
01/07/2015,WN,3,N525SW,DAL,HOU,1:30:00 AM,12:28:00 AM,-2,10,1:38:00 AM,65,58,42,239,10:20:00 AM,6,11:35:00 AM,10:26:00 AM,-9,Wednesday,Jan
01/26/2015,OO,4807,N440SW,HLN,SLC,1:01:00 PM,12:53:00 PM,-8,10,1:03:00 PM,84,87,72,402,2:15:00 PM,5,2:25:00 PM,2:20:00 PM,-5,Monday,Jan
01/21/2015,DL,2366,N953AT,DAL,ATL,6:04:00 PM,6:07:00 PM,3,16,6:23:00 PM,121,116,91,721,8:54:00 PM,9,9:05:00 PM,9:03:00 PM,-2,Wednesday,Jan
01/02/2015,AA,1118,N3KNAA,ORD,PBI,7:00:00 PM,7:02:00 PM,2,11,7:13:00 PM,170,174,158,1144,10:51:00 PM,5,10:50:00 PM,10:56:00 PM,6,Friday,Jan
01/08/2015,WN,816,N296WN,TUS,LAX,6:30:00 PM,6:31:00 PM,1,12,6:43:00 PM,95,82,65,451,6:48:00 PM,5,7:05:00 PM,6:53:00 PM,-12,Thursday,Jan
01/29/2015,EV,4259,N15555,IAH,LBB,5:43:00 PM,5:34:00 PM,-9,12,5:46:00 PM,98,102,81,458,7:07:00 PM,9,7:21:00 PM,7:16:00 PM,-5,Thursday,Jan
02/02/2015,B6,768,N339JB,PSE,MCO,6:25:00 PM,5:15:00 PM,-10,22,7:37:00 PM,186,222,165,1179,2:22:00 PM,35,3:31:00 PM,5:57:00 PM,26,Monday,Feb
01/07/2015,OO,5219,N952SW,ORD,MEM,4:03:00 PM,4:56:00 PM,53,14,5:10:00 PM,114,94,75,491,6:25:00 PM,5,5:57:00 PM,6:30:00 PM,33,Wednesday,Jan
01/08/2015,EV,4572,N15983,EWR,GSP,2:59:00 PM,3:07:00 PM,8,13,3:20:00 PM,124,110,95,594,4:55:00 PM,2,5:03:00 PM,4:57:00 PM,-6,Thursday,Jan
01/02/2015,US,642,N662AW,PHX,DEN,3:55:00 PM,3:55:00 PM,0,16,4:11:00 PM,104,105,82,602,5:33:00 PM,7,5:39:00 PM,5:40:00 PM,1,Friday,Jan
02/07/2015,MQ,3527,N679MQ,MIA,PNS,8:20:00 PM,7:16:00 PM,-4,17,9:33:00 PM,114,113,83,530,11:56:00 PM,13,10:14:00 AM,10:09:00 AM,-5,Saturday,Feb
01/31/2015,EV,5534,N528CA,LAN,DTW,1:50:00 PM,1:41:00 PM,-9,8,1:49:00 PM,49,34,22,74,2:11:00 PM,4,2:39:00 PM,2:15:00 PM,-24,Saturday,Jan
02/11/2015,B6,561,N712JB,LGA,PBI,2:19:00 PM,2:42:00 PM,23,23,3:05:00 PM,180,163,138,1035,5:23:00 PM,2,5:19:00 PM,5:25:00 PM,6,Wednesday,Feb
01/08/2015,US,750,N117UW,DFW,PHL,1:11:00 PM,1:08:00 PM,-3,15,1:23:00 PM,186,171,153,1303,4:56:00 PM,3,5:17:00 PM,4:59:00 PM,-18,Thursday,Jan
01/23/2015,EV,4502,N15555,EWR,BNA,5:05:00 PM,5:03:00 PM,-2,12,5:15:00 PM,157,163,141,748,6:36:00 PM,10,6:42:00 PM,6:46:00 PM,4,Friday,Jan
01/12/2015,B6,1210,N273JB,JAX,BOS,5:18:00 PM,5:16:00 PM,-2,14,5:30:00 PM,146,139,120,1010,7:30:00 PM,5,7:44:00 PM,7:35:00 PM,-9,Monday,Jan
02/12/2015,WN,711,N743SW,LAS,SMF,10:40:00 PM,9:33:00 PM,-7,12,10:45:00 PM,90,84,69,397,10:54:00 AM,3,11:10:00 AM,10:57:00 AM,-13,Thursday,Feb
01/15/2015,DL,2248,N899AT,DTW,LGA,3:20:00 PM,3:16:00 PM,-4,21,3:37:00 PM,109,98,70,502,4:47:00 PM,7,5:09:00 PM,4:54:00 PM,-15,Thursday,Jan
01/15/2015,DL,241,N827DN,ATL,SFO,5:55:00 PM,6:00:00 PM,5,23,6:23:00 PM,327,312,283,2139,8:06:00 PM,6,8:22:00 PM,8:12:00 PM,-10,Thursday,Jan
01/07/2015,WN,2605,N230WN,SFO,SNA,1:35:00 PM,1:29:00 PM,-6,7,1:36:00 PM,85,78,67,372,2:43:00 PM,4,3:00:00 PM,2:47:00 PM,-13,Wednesday,Jan
01/25/2015,MQ,2910,N510MQ,ORD,DTW,10:15:00 PM,10:13:00 PM,-2,11,10:24:00 PM,69,59,41,235,5:05:00 AM,7,12:24:00 AM,12:12:00 PM,-12,Sunday,Jan
01/02/2015,NK,680,N507NK,IAH,MSY,6:10:00 PM,6:55:00 PM,45,9,7:04:00 PM,60,57,44,305,7:48:00 PM,4,7:10:00 PM,7:52:00 PM,42,Friday,Jan
01/04/2015,DL,1924,N936DL,ATL,BWI,10:00:00 PM,10:49:00 PM,49,13,11:02:00 PM,109,91,71,577,1:13:00 PM,7,11:49:00 PM,8:20:00 PM,31,Sunday,Jan
02/12/2015,AA,1537,N3FRAA,MCO,ORD,11:45:00 AM,11:39:00 AM,-6,41,12:20:00 PM,173,207,153,1005,1:53:00 PM,13,1:38:00 PM,2:06:00 PM,28,Thursday,Feb
01/25/2015,EV,5442,N854AS,ATL,AEX,12:10:00 PM,12:04:00 PM,-6,19,12:23:00 PM,108,117,94,500,12:57:00 PM,4,12:58:00 PM,1:01:00 PM,3,Sunday,Jan
01/02/2015,EV,3921,N27152,IAH,TUL,5:38:00 PM,5:34:00 PM,-4,12,5:46:00 PM,93,79,62,429,6:48:00 PM,5,7:11:00 PM,6:53:00 PM,-18,Friday,Jan
01/25/2015,EV,4679,N15574,EWR,JAX,10:59:00 AM,10:52:00 AM,-7,11,11:03:00 AM,159,149,134,820,1:17:00 PM,4,1:38:00 PM,1:21:00 PM,-17,Sunday,Jan
02/10/2015,WN,955,N940WN,OAK,LAX,12:15:00 PM,12:13:00 PM,-2,6,12:19:00 PM,75,70,53,337,1:12:00 PM,11,1:30:00 PM,1:23:00 PM,-7,Tuesday,Feb
01/11/2015,VX,744,N634VA,SFO,SEA,2:25:00 PM,2:23:00 PM,-2,8,2:31:00 PM,120,116,101,679,4:12:00 PM,7,4:25:00 PM,4:19:00 PM,-6,Sunday,Jan
01/13/2015,AA,1004,N3GDAA,DFW,RSW,8:25:00 PM,8:24:00 PM,-1,15,8:39:00 PM,143,132,111,1017,11:30:00 PM,6,11:48:00 PM,11:36:00 PM,-12,Tuesday,Jan
01/24/2015,WN,3403,N8302F,LAS,DEN,3:30:00 PM,2:25:00 PM,-5,10,3:35:00 PM,120,112,97,628,7:12:00 PM,5,9:30:00 PM,7:17:00 PM,-13,Saturday,Jan
01/29/2015,OO,6302,N569SW,LAX,PSP,1:10:00 PM,1:06:00 PM,-4,24,1:30:00 PM,61,66,34,110,2:04:00 PM,8,2:11:00 PM,2:12:00 PM,1,Thursday,Jan
01/07/2015,EV,5303,N197PQ,ATL,GRK,7:20:00 PM,7:35:00 PM,15,25,8:00:00 PM,150,147,119,803,8:59:00 PM,3,8:50:00 PM,9:02:00 PM,12,Wednesday,Jan
01/17/2015,OO,6491,N732SK,TUS,DEN,2:28:00 PM,2:35:00 PM,7,11,2:46:00 PM,119,109,94,639,4:20:00 PM,4,4:27:00 PM,4:24:00 PM,-3,Saturday,Jan
01/26/2015,UA,814,N576UA,LAX,DEN,10:56:00 AM,11:17:00 AM,21,13,11:30:00 AM,139,135,118,862,2:28:00 PM,4,2:15:00 PM,2:32:00 PM,17,Monday,Jan
02/01/2015,DL,80,N827DN,LAX,ATL,7:10:00 PM,10:42:00 PM,32,8,11:50:00 PM,257,251,240,1947,4:50:00 PM,3,4:27:00 PM,4:53:00 PM,26,Sunday,Feb
01/12/2015,WN,4304,N608SW,LAX,SJC,11:00:00 AM,11:06:00 AM,6,13,11:19:00 AM,65,72,53,308,12:12:00 PM,6,12:05:00 PM,12:18:00 PM,13,Monday,Jan
01/15/2015,WN,756,N395SW,ATL,IND,8:40:00 PM,9:29:00 PM,49,19,9:48:00 PM,100,94,69,432,10:57:00 PM,6,10:20:00 PM,11:03:00 PM,43,Thursday,Jan
02/07/2015,WN,3466,N428WN,PVD,TPA,10:00:00 AM,11:57:00 PM,-3,9,10:06:00 AM,200,172,159,1136,12:45:00 PM,4,1:20:00 PM,12:49:00 PM,-31,Saturday,Feb
01/19/2015,AA,2464,N4YTAA,DFW,BNA,10:55:00 AM,11:11:00 AM,16,11,11:22:00 AM,100,92,76,631,12:38:00 PM,5,12:35:00 PM,12:43:00 PM,8,Monday,Jan
02/11/2015,F9,1053,N941FR,SLC,PHX,3:15:00 PM,3:05:00 PM,-10,22,3:27:00 PM,100,116,69,507,4:36:00 PM,25,4:55:00 PM,5:01:00 PM,6,Wednesday,Feb
01/05/2015,WN,497,N657SW,HOU,OKC,2:10:00 PM,2:31:00 PM,21,8,2:39:00 PM,80,76,64,419,3:43:00 PM,4,3:30:00 PM,3:47:00 PM,17,Monday,Jan
01/06/2015,WN,1714,N489WN,ABQ,DAL,10:00:00 AM,10:13:00 AM,13,8,10:21:00 AM,95,95,82,580,12:43:00 PM,5,12:35:00 PM,12:48:00 PM,13,Tuesday,Jan
01/12/2015,WN,756,N603SW,AUS,ATL,4:45:00 PM,5:19:00 PM,34,15,5:34:00 PM,125,133,103,813,8:17:00 PM,15,7:50:00 PM,8:32:00 PM,42,Monday,Jan
02/03/2015,EV,5146,N712EV,ATL,HPN,12:42:00 PM,1:48:00 PM,66,20,2:08:00 PM,131,132,108,780,3:56:00 PM,4,2:53:00 PM,4:00:00 PM,67,Tuesday,Feb
02/01/2015,WN,124,N8635F,CLE,BNA,4:40:00 PM,4:37:00 PM,-3,43,5:20:00 PM,100,128,79,448,5:39:00 PM,6,5:20:00 PM,5:45:00 PM,25,Sunday,Feb
01/01/2015,US,684,N902AW,PHX,LIH,11:30:00 AM,11:23:00 AM,-7,21,11:44:00 AM,417,427,401,2979,3:25:00 PM,5,3:27:00 PM,3:30:00 PM,3,Thursday,Jan
01/04/2015,US,1974,N807AW,FLL,DCA,6:40:00 PM,6:32:00 PM,-8,19,6:51:00 PM,144,153,112,899,8:43:00 PM,22,9:04:00 PM,9:05:00 PM,1,Sunday,Jan
01/29/2015,DL,754,N999DN,PIT,ATL,5:33:00 PM,5:40:00 PM,7,9,5:49:00 PM,116,90,77,526,7:06:00 PM,4,7:29:00 PM,7:10:00 PM,-19,Thursday,Jan
01/06/2015,NK,219,N526NK,ORD,ATL,10:44:00 AM,11:12:00 AM,28,18,11:30:00 AM,110,109,82,606,1:52:00 PM,9,1:34:00 PM,2:01:00 PM,27,Tuesday,Jan
01/15/2015,WN,465,N7742B,BNA,ECP,10:20:00 AM,9:17:00 AM,-3,13,11:30:00 AM,80,77,62,401,9:32:00 PM,2,10:40:00 PM,9:34:00 PM,-6,Thursday,Jan
01/30/2015,MQ,3273,N827MQ,CHO,LGA,2:25:00 PM,3:58:00 PM,93,14,4:12:00 PM,75,75,53,305,5:05:00 PM,8,3:40:00 PM,5:13:00 PM,93,Friday,Jan
01/08/2015,UA,1272,N37408,PHX,ORD,3:50:00 AM,3:54:00 AM,4,13,8:07:00 AM,210,234,172,1440,11:59:00 AM,49,12:20:00 PM,12:48:00 PM,28,Thursday,Jan
01/18/2015,MQ,3450,N645MQ,DFW,MAF,12:55:00 PM,1:03:00 PM,8,20,1:23:00 PM,72,75,52,309,2:15:00 PM,3,2:07:00 PM,2:18:00 PM,11,Sunday,Jan
01/08/2015,AA,96,N425AA,DFW,STL,10:20:00 AM,9:14:00 AM,-6,11,10:25:00 AM,97,91,76,550,10:41:00 PM,4,11:57:00 PM,10:45:00 PM,-12,Thursday,Jan
01/17/2015,AA,382,N565AA,DFW,OKC,1:45:00 PM,3:10:00 PM,85,10,3:20:00 PM,54,46,33,175,3:53:00 PM,3,2:39:00 PM,3:56:00 PM,77,Saturday,Jan
02/07/2015,MQ,3423,N678MQ,ORD,ALO,1:35:00 PM,1:29:00 PM,-6,13,1:42:00 PM,68,64,41,234,2:23:00 PM,10,2:43:00 PM,2:33:00 PM,-10,Saturday,Feb
02/05/2015,WN,38,N526SW,HRL,HOU,1:25:00 PM,1:21:00 PM,-4,6,1:27:00 PM,60,60,47,277,2:14:00 PM,7,2:25:00 PM,2:21:00 PM,-4,Thursday,Feb
01/08/2015,WN,556,N7712G,MKE,STL,12:00:00 PM,3:36:00 PM,36,12,4:48:00 PM,85,69,52,317,2:40:00 AM,5,12:25:00 AM,2:45:00 AM,20,Thursday,Jan
01/25/2015,DL,2064,N933DL,ATL,SDF,4:20:00 PM,4:18:00 PM,-2,16,4:34:00 PM,79,73,51,321,5:25:00 PM,6,5:39:00 PM,5:31:00 PM,-8,Sunday,Jan
01/28/2015,OO,2609,N465SW,LAX,SMF,4:50:00 PM,4:43:00 PM,-7,16,4:59:00 PM,84,81,59,373,5:58:00 PM,6,6:14:00 PM,6:04:00 PM,-10,Wednesday,Jan
02/08/2015,WN,410,N209WN,MCO,DEN,6:05:00 PM,6:01:00 PM,-4,11,7:12:00 PM,255,240,221,1546,10:53:00 AM,8,11:20:00 AM,11:01:00 AM,-19,Sunday,Feb
02/05/2015,UA,1712,N69824,TPA,ORD,5:06:00 PM,5:06:00 PM,0,19,5:25:00 PM,181,194,156,1012,7:01:00 PM,19,7:07:00 PM,7:20:00 PM,13,Thursday,Feb
02/07/2015,WN,2796,N759GS,SMF,LAX,1:30:00 PM,1:30:00 PM,0,12,1:42:00 PM,80,82,64,373,2:46:00 PM,6,2:50:00 PM,2:52:00 PM,2,Saturday,Feb
02/11/2015,AA,83,N3BDAA,MCO,DFW,1:32:00 AM,11:18:00 PM,-14,13,1:31:00 AM,183,165,146,985,1:57:00 PM,6,9:35:00 PM,6:03:00 PM,-32,Wednesday,Feb
01/14/2015,DL,845,N961DN,PBI,ATL,12:30:00 PM,12:27:00 PM,-3,15,12:42:00 PM,113,116,89,545,2:11:00 PM,12,2:23:00 PM,2:23:00 PM,0,Wednesday,Jan
01/14/2015,HA,12,N385HA,HNL,SFO,1:50:00 PM,1:51:00 PM,1,15,2:06:00 PM,310,299,273,2398,8:39:00 PM,11,9:00:00 PM,8:50:00 PM,-10,Wednesday,Jan
01/07/2015,WN,1862,N7814B,MDW,EWR,6:50:00 PM,7:23:00 PM,33,13,7:36:00 PM,120,113,88,711,10:04:00 PM,12,9:50:00 PM,10:16:00 PM,26,Wednesday,Jan
01/07/2015,AS,496,N706AS,SEA,SAN,12:45:00 PM,12:40:00 PM,-5,18,1:58:00 PM,161,163,142,1050,11:20:00 AM,3,11:26:00 AM,11:23:00 AM,-3,Wednesday,Jan
01/23/2015,EV,4701,N14907,CMH,EWR,1:15:00 PM,12:08:00 PM,-7,13,2:21:00 PM,105,99,80,463,2:41:00 AM,6,8:00:00 AM,2:47:00 AM,-13,Friday,Jan
02/11/2015,AA,192,N3BGAA,LAX,BOS,9:50:00 PM,9:47:00 PM,-3,14,10:01:00 PM,323,334,314,2611,1:15:00 PM,6,1:13:00 PM,2:21:00 PM,8,Wednesday,Feb
01/26/2015,DL,1121,N911DL,PBI,ATL,5:35:00 AM,5:35:00 AM,0,10,6:45:00 AM,110,99,80,545,10:05:00 PM,9,12:25:00 AM,11:14:00 PM,-11,Monday,Jan
01/04/2015,OO,4600,N429SW,MSP,DLH,4:05:00 PM,4:01:00 PM,-4,15,4:16:00 PM,63,59,36,144,4:52:00 PM,8,5:08:00 PM,5:00:00 PM,-8,Sunday,Jan
02/04/2015,NK,724,N621NK,FLL,LBE,1:13:00 PM,1:03:00 PM,-10,12,1:15:00 PM,158,144,128,980,3:23:00 PM,4,3:51:00 PM,3:27:00 PM,-24,Wednesday,Feb
01/11/2015,UA,156,N17719,DCA,ORD,11:45:00 AM,11:40:00 AM,-5,14,11:54:00 AM,139,116,96,612,12:30:00 PM,6,1:04:00 PM,12:36:00 PM,-28,Sunday,Jan
02/02/2015,F9,1297,N934FR,CVG,LAS,9:20:00 PM,10:02:00 PM,42,10,10:12:00 PM,260,242,226,1678,10:58:00 PM,6,10:40:00 PM,11:04:00 PM,24,Monday,Feb
02/10/2015,WN,2426,N252WN,OAK,LAS,12:05:00 PM,12:00:00 PM,-5,15,1:15:00 PM,90,86,65,407,12:20:00 AM,6,1:35:00 AM,12:26:00 AM,-9,Tuesday,Feb
01/11/2015,OO,5422,N471CA,SFO,ONT,10:35:00 PM,10:27:00 PM,-8,14,10:41:00 PM,80,69,52,363,11:33:00 PM,3,11:55:00 PM,11:36:00 PM,-19,Sunday,Jan
01/02/2015,WN,899,N790SW,BNA,SAT,7:55:00 PM,9:36:00 PM,101,11,9:47:00 PM,150,170,149,822,4:16:00 PM,10,10:25:00 PM,2:26:00 AM,121,Friday,Jan
01/28/2015,EV,5781,N12569,LRD,IAH,1:40:00 PM,1:35:00 PM,-5,8,1:43:00 PM,74,66,52,301,2:35:00 PM,6,2:54:00 PM,2:41:00 PM,-13,Wednesday,Jan
01/04/2015,OO,6208,N905SW,MOT,DEN,6:08:00 PM,6:49:00 PM,41,15,7:04:00 PM,122,105,82,604,7:26:00 PM,8,7:10:00 PM,7:34:00 PM,24,Sunday,Jan
01/29/2015,UA,1668,N57855,EWR,SFO,12:20:00 AM,11:18:00 PM,-2,18,1:36:00 AM,395,386,348,2565,10:24:00 AM,20,10:55:00 AM,10:44:00 AM,-11,Thursday,Jan
01/27/2015,OO,4856,N633SK,SJC,LAX,4:37:00 PM,4:31:00 PM,-6,11,4:42:00 PM,78,70,48,308,5:30:00 PM,11,5:55:00 PM,5:41:00 PM,-14,Tuesday,Jan
01/24/2015,WN,4197,N476WN,SJU,FLL,2:00:00 PM,2:00:00 PM,0,18,2:18:00 PM,175,169,147,1046,3:45:00 PM,4,3:55:00 PM,3:49:00 PM,-6,Saturday,Jan
01/18/2015,MQ,3084,N608MQ,ORD,CMH,9:30:00 PM,9:25:00 PM,-5,35,10:00:00 PM,71,86,47,296,11:47:00 PM,4,11:41:00 PM,11:51:00 PM,10,Sunday,Jan
01/30/2015,WN,559,N961WN,TPA,BUF,11:40:00 AM,11:39:00 AM,-1,11,11:50:00 AM,165,167,147,1053,2:17:00 PM,9,2:25:00 PM,2:26:00 PM,1,Friday,Jan
02/07/2015,DL,836,N812NW,HNL,ATL,5:35:00 PM,5:32:00 PM,-3,24,5:56:00 PM,519,492,461,4502,3:37:00 PM,7,11:14:00 PM,4:44:00 PM,-30,Saturday,Feb
02/03/2015,AA,1331,N4XVAA,ORD,STL,8:20:00 PM,8:35:00 PM,15,21,8:56:00 PM,68,70,46,258,9:42:00 PM,3,9:28:00 PM,9:45:00 PM,17,Tuesday,Feb
01/05/2015,OO,5549,N110SY,SFO,AUS,3:24:00 PM,3:39:00 PM,15,16,3:55:00 PM,215,218,196,1504,9:11:00 PM,6,8:59:00 PM,9:17:00 PM,18,Monday,Jan
01/26/2015,AA,2423,N493AA,CMH,DFW,4:44:00 PM,5:00:00 PM,16,18,5:18:00 PM,176,150,125,926,6:23:00 PM,7,6:40:00 PM,6:30:00 PM,-10,Monday,Jan
02/08/2015,HA,190,N485HA,LIH,HNL,4:52:00 PM,4:47:00 PM,-5,8,4:55:00 PM,33,46,26,102,5:21:00 PM,12,5:25:00 PM,5:33:00 PM,8,Sunday,Feb
01/03/2015,DL,1663,N917DL,LGA,MIA,4:30:00 PM,4:37:00 PM,7,39,5:16:00 PM,213,192,148,1096,7:44:00 PM,5,8:03:00 PM,7:49:00 PM,-14,Saturday,Jan
01/17/2015,WN,2542,N8322X,MDW,LAS,10:40:00 AM,10:32:00 AM,-8,8,10:40:00 AM,240,224,211,1521,12:11:00 PM,5,12:40:00 PM,12:16:00 PM,-24,Saturday,Jan
02/10/2015,WN,266,N7811F,MSY,DCA,1:50:00 PM,12:48:00 PM,-2,6,1:54:00 PM,140,139,128,969,12:02:00 PM,5,12:10:00 PM,12:07:00 PM,-3,Tuesday,Feb
01/23/2015,WN,459,N621SW,ATL,BWI,6:00:00 PM,6:10:00 PM,10,11,6:21:00 PM,105,95,79,577,7:40:00 PM,5,7:45:00 PM,7:45:00 PM,0,Friday,Jan
02/02/2015,AA,150,N558AA,BWI,DFW,4:01:00 PM,4:09:00 PM,8,9,4:18:00 PM,219,202,177,1217,6:15:00 PM,16,6:40:00 PM,6:31:00 PM,-9,Monday,Feb
02/08/2015,HA,181,N478HA,ITO,HNL,1:09:00 PM,1:14:00 PM,5,8,1:22:00 PM,53,55,41,216,2:03:00 PM,6,2:02:00 PM,2:09:00 PM,7,Sunday,Feb
02/08/2015,UA,512,N505UA,JFK,SFO,5:29:00 PM,5:26:00 PM,-3,30,5:56:00 PM,400,400,361,2586,8:57:00 PM,9,9:09:00 PM,9:06:00 PM,-3,Sunday,Feb
01/05/2015,DL,2504,N916DE,ATL,HSV,7:09:00 PM,7:07:00 PM,-2,19,7:26:00 PM,62,53,29,151,6:55:00 PM,5,7:11:00 PM,7:00:00 PM,-11,Monday,Jan
01/18/2015,US,793,N712US,CLT,STL,8:05:00 PM,8:01:00 PM,-4,24,8:25:00 PM,120,133,105,575,9:10:00 PM,4,9:05:00 PM,9:14:00 PM,9,Sunday,Jan
01/06/2015,EV,4154,N16911,ORD,DAY,12:41:00 PM,10:40:00 PM,59,24,10:04:00 AM,73,74,43,240,11:47:00 AM,7,10:54:00 AM,11:54:00 AM,60,Tuesday,Jan
01/30/2015,US,1868,N188US,DEN,CLT,12:15:00 PM,12:15:00 PM,0,16,12:31:00 PM,185,177,152,1337,5:03:00 PM,9,5:20:00 PM,5:12:00 PM,-8,Friday,Jan
01/18/2015,NK,816,N525NK,MCI,DTW,11:36:00 AM,11:43:00 AM,7,9,11:52:00 AM,106,121,98,629,2:30:00 PM,14,2:22:00 PM,2:44:00 PM,22,Sunday,Jan
01/19/2015,EV,4540,N16918,PNS,IAH,6:20:00 PM,6:12:00 PM,-8,12,6:24:00 PM,105,106,84,489,7:48:00 PM,10,8:05:00 PM,7:58:00 PM,-7,Monday,Jan
01/06/2015,WN,1044,N719SW,LAS,BUR,12:35:00 PM,12:50:00 PM,15,10,1:00:00 PM,65,55,42,223,1:42:00 PM,3,1:40:00 PM,1:45:00 PM,5,Tuesday,Jan
02/08/2015,UA,1487,N68822,MSY,IAH,4:42:00 PM,4:44:00 PM,2,10,5:54:00 PM,78,63,50,305,2:44:00 AM,3,8:00:00 AM,2:47:00 AM,-13,Sunday,Feb
02/06/2015,US,1980,N573UW,CLT,BOS,2:45:00 AM,2:42:00 AM,-3,31,9:13:00 AM,127,136,103,728,11:56:00 PM,2,11:52:00 PM,11:58:00 PM,6,Friday,Feb
02/10/2015,WN,2161,N384SW,MCO,ALB,10:40:00 PM,10:02:00 AM,22,14,10:16:00 AM,160,164,147,1073,12:43:00 PM,3,12:20:00 PM,12:46:00 PM,26,Tuesday,Feb
01/12/2015,MQ,3107,N521MQ,ORD,GRR,9:10:00 PM,9:33:00 PM,23,40,10:13:00 PM,44,87,28,137,11:41:00 PM,19,10:54:00 PM,12:00:00 AM,66,Monday,Jan
01/14/2015,DL,2189,N37700,SLC,PDX,11:32:00 AM,11:31:00 AM,-1,19,1:50:00 PM,132,117,95,630,8:25:00 PM,3,10:44:00 PM,8:28:00 PM,-16,Wednesday,Jan
02/12/2015,US,437,N918US,SLC,PHX,1:35:00 PM,1:30:00 PM,-5,11,1:41:00 PM,94,86,68,507,2:49:00 PM,7,3:09:00 PM,2:56:00 PM,-13,Thursday,Feb
01/26/2015,WN,1988,N215WN,PHX,OKC,1:20:00 PM,1:39:00 PM,19,8,1:47:00 PM,120,119,107,833,4:34:00 PM,4,4:20:00 PM,4:38:00 PM,18,Monday,Jan
01/21/2015,DL,1087,N959DN,ATL,DAB,12:05:00 PM,12:01:00 PM,-4,16,12:17:00 PM,78,72,53,366,1:10:00 PM,3,1:23:00 PM,1:13:00 PM,-10,Wednesday,Jan
01/20/2015,OO,4841,N441SW,MSP,GFK,1:29:00 PM,1:21:00 PM,-8,13,1:34:00 PM,77,70,51,284,2:25:00 PM,6,2:46:00 PM,2:31:00 PM,-15,Tuesday,Jan
01/20/2015,EV,4505,N29917,IAH,ABQ,2:49:00 PM,2:50:00 PM,1,14,3:04:00 PM,141,146,128,744,4:12:00 PM,4,4:10:00 PM,4:16:00 PM,6,Tuesday,Jan
01/21/2015,NK,939,N615NK,IAH,DEN,10:21:00 AM,11:02:00 AM,41,60,12:02:00 PM,149,195,127,862,1:09:00 PM,8,11:50:00 AM,1:17:00 PM,87,Wednesday,Jan
01/25/2015,DL,2106,N335NB,BOI,SLC,1:10:00 PM,1:04:00 PM,-6,9,1:13:00 PM,62,61,45,290,1:58:00 PM,7,2:12:00 PM,2:05:00 PM,-7,Sunday,Jan
02/12/2015,UA,731,N458UA,LAX,SFO,12:55:00 PM,12:57:00 PM,2,17,1:14:00 PM,89,77,54,337,2:08:00 PM,6,2:24:00 PM,2:14:00 PM,-10,Thursday,Feb
01/10/2015,F9,607,N204FR,IND,DEN,7:50:00 PM,8:01:00 PM,11,15,8:16:00 PM,168,166,143,977,8:39:00 PM,8,8:38:00 PM,8:47:00 PM,9,Saturday,Jan
01/23/2015,AS,67,N556AS,SEA,KTN,2:55:00 PM,2:50:00 PM,-5,14,3:04:00 PM,123,124,105,680,3:49:00 PM,5,3:58:00 PM,3:54:00 PM,-4,Friday,Jan
02/05/2015,DL,716,N375NC,BWI,MSP,11:36:00 AM,11:32:00 AM,-4,14,12:46:00 PM,177,154,135,936,10:01:00 AM,5,10:33:00 AM,10:06:00 AM,-27,Thursday,Feb
01/29/2015,WN,2321,N387SW,CHS,BWI,8:00:00 AM,3:56:00 AM,-4,7,8:03:00 AM,95,79,68,472,7:11:00 PM,4,9:35:00 PM,7:15:00 PM,-20,Thursday,Jan
01/19/2015,DL,730,N909DE,ATL,CHS,4:40:00 PM,4:39:00 PM,-1,24,5:03:00 PM,70,68,39,259,5:42:00 PM,5,5:50:00 PM,5:47:00 PM,-3,Monday,Jan
01/12/2015,EV,5366,N730EV,MDW,DTW,4:31:00 PM,4:42:00 PM,11,41,5:23:00 PM,67,87,39,228,7:02:00 PM,7,6:38:00 PM,7:09:00 PM,31,Monday,Jan
01/23/2015,B6,278,N603JB,SFO,FLL,10:59:00 PM,10:51:00 PM,-8,13,11:04:00 PM,317,312,293,2583,5:57:00 PM,6,11:16:00 PM,10:03:00 PM,-13,Friday,Jan
01/24/2015,UA,1126,N73259,DEN,ANC,11:26:00 AM,11:55:00 AM,29,10,12:05:00 PM,349,350,335,2405,3:40:00 PM,5,3:15:00 PM,3:45:00 PM,30,Saturday,Jan
01/21/2015,WN,35,N523SW,SAT,DAL,1:15:00 PM,1:17:00 PM,2,9,1:26:00 PM,60,60,47,248,2:13:00 PM,4,2:15:00 PM,2:17:00 PM,2,Wednesday,Jan
01/26/2015,AA,1003,N547AA,PSP,DFW,11:48:00 AM,11:41:00 AM,-7,17,11:58:00 AM,162,174,143,1126,4:21:00 PM,14,4:30:00 PM,4:35:00 PM,5,Monday,Jan
01/30/2015,US,1701,N959UW,BOS,PHL,11:30:00 AM,10:26:00 AM,-4,37,6:03:00 PM,97,106,63,280,10:06:00 AM,6,10:07:00 AM,10:12:00 AM,5,Friday,Jan
01/20/2015,UA,483,N434UA,BDL,ORD,5:13:00 PM,5:00:00 PM,-13,15,5:15:00 PM,166,156,127,783,6:22:00 PM,14,6:59:00 PM,6:36:00 PM,-23,Tuesday,Jan
02/03/2015,AA,84,N3GUAA,BOS,JFK,10:40:00 PM,10:49:00 PM,9,30,10:19:00 AM,75,78,43,187,11:02:00 AM,5,10:55:00 AM,11:07:00 AM,12,Tuesday,Feb
02/11/2015,WN,4466,N251WN,SJC,LAX,8:20:00 PM,8:20:00 PM,0,9,8:29:00 PM,70,64,49,308,9:18:00 PM,6,9:30:00 PM,9:24:00 PM,-6,Wednesday,Feb
01/24/2015,WN,3276,N627SW,SAN,SMF,5:25:00 PM,7:25:00 PM,120,18,7:43:00 PM,90,103,79,480,9:02:00 PM,6,6:55:00 PM,9:08:00 PM,133,Saturday,Jan
01/24/2015,DL,1451,N943DN,MSP,LAS,3:30:00 PM,3:25:00 PM,-5,10,3:35:00 PM,210,187,168,1299,4:23:00 PM,9,5:00:00 PM,4:32:00 PM,-28,Saturday,Jan
01/22/2015,B6,1485,N249JB,BOS,PIT,11:30:00 AM,10:24:00 AM,-6,29,1:53:00 PM,115,109,76,496,10:09:00 AM,4,10:25:00 AM,10:13:00 AM,-12,Thursday,Jan
01/25/2015,US,600,N667AW,PDX,PHX,6:05:00 PM,5:59:00 PM,-6,10,6:09:00 PM,149,149,135,1009,9:24:00 PM,4,9:34:00 PM,9:28:00 PM,-6,Sunday,Jan
01/09/2015,WN,1093,N776WN,SFO,DAL,2:25:00 PM,2:31:00 PM,6,13,2:44:00 PM,200,200,184,1476,7:48:00 PM,3,7:45:00 PM,7:51:00 PM,6,Friday,Jan
01/17/2015,B6,1822,N794JB,LGB,PDX,6:03:00 PM,5:58:00 PM,-5,10,6:08:00 PM,141,131,116,846,8:04:00 PM,5,8:24:00 PM,8:09:00 PM,-15,Saturday,Jan
02/02/2015,DL,2143,N534US,ATL,LAS,4:25:00 PM,4:24:00 PM,-1,16,4:40:00 PM,278,274,247,1747,5:47:00 PM,11,6:03:00 PM,5:58:00 PM,-5,Monday,Feb
02/07/2015,EV,4699,N14904,CRP,IAH,11:10:00 PM,5:58:00 PM,-12,23,12:21:00 AM,60,72,42,201,8:03:00 AM,7,9:10:00 AM,9:10:00 AM,0,Saturday,Feb
01/28/2015,MQ,3180,N624MQ,BIS,ORD,1:40:00 PM,1:38:00 PM,-2,14,1:52:00 PM,135,107,89,716,3:21:00 PM,4,3:55:00 PM,3:25:00 PM,-30,Wednesday,Jan
01/26/2015,WN,754,N956WN,PHX,BNA,7:00:00 PM,7:13:00 PM,13,6,7:19:00 PM,190,184,173,1449,11:12:00 PM,5,11:10:00 PM,11:17:00 PM,7,Monday,Jan
02/01/2015,DL,150,N904DE,ATL,DCA,10:50:00 AM,10:48:00 AM,-2,14,11:02:00 AM,104,93,75,547,12:17:00 PM,4,12:34:00 PM,12:21:00 PM,-13,Sunday,Feb
01/10/2015,OO,6399,N693BR,DSM,DEN,8:28:00 PM,8:23:00 PM,-5,14,9:37:00 PM,127,124,98,589,10:15:00 AM,12,10:35:00 AM,10:27:00 AM,-8,Saturday,Jan
01/26/2015,MQ,3070,N516MQ,ORD,CMH,8:35:00 PM,8:59:00 PM,24,107,10:46:00 PM,72,156,45,296,7:31:00 AM,4,10:47:00 PM,11:35:00 AM,108,Monday,Jan
01/05/2015,DL,2255,N901DE,ATL,BHM,7:00:00 PM,6:59:00 PM,-1,18,7:17:00 PM,58,53,31,134,6:48:00 PM,4,6:58:00 PM,6:52:00 PM,-6,Monday,Jan
01/23/2015,DL,1210,N321NB,MEM,ATL,5:13:00 PM,5:21:00 PM,8,55,6:16:00 PM,86,112,52,332,8:08:00 PM,5,7:39:00 PM,8:13:00 PM,34,Friday,Jan
01/19/2015,AA,1132,N3HNAA,DFW,PHX,10:40:00 PM,9:38:00 PM,-2,13,11:51:00 PM,160,152,135,868,11:06:00 AM,4,11:20:00 AM,11:10:00 AM,-10,Monday,Jan
01/06/2015,DL,796,N907DA,ATL,IND,1:33:00 AM,1:30:00 AM,-3,14,2:44:00 AM,93,89,70,432,1:54:00 PM,5,6:06:00 PM,1:59:00 PM,-7,Tuesday,Jan
02/04/2015,WN,891,N387SW,ABQ,DAL,12:00:00 PM,1:38:00 AM,98,12,3:50:00 AM,100,99,83,580,10:13:00 AM,4,12:40:00 PM,10:17:00 AM,97,Wednesday,Feb
01/21/2015,US,1752,N935UW,PHL,SJU,5:55:00 PM,7:17:00 PM,82,138,9:35:00 PM,232,361,216,1576,9:11:00 PM,7,10:47:00 PM,9:18:00 PM,211,Wednesday,Jan
01/05/2015,OO,5322,N701BR,FWA,ORD,8:08:00 PM,8:08:00 PM,0,7,8:15:00 PM,69,52,36,157,7:51:00 PM,9,8:17:00 PM,8:00:00 PM,-17,Monday,Jan
01/30/2015,UA,530,N446UA,TPA,ORD,3:30:00 PM,2:24:00 PM,-6,13,3:37:00 PM,180,182,156,1012,9:13:00 AM,13,11:30:00 AM,10:26:00 AM,-4,Friday,Jan
01/22/2015,MQ,3621,N939MQ,MAF,DFW,7:58:00 PM,8:16:00 PM,18,19,8:35:00 PM,70,75,51,309,9:26:00 PM,5,9:08:00 PM,9:31:00 PM,23,Thursday,Jan
01/11/2015,UA,1164,N76514,PDX,SFO,6:20:00 PM,6:22:00 PM,2,9,6:31:00 PM,113,95,80,550,7:51:00 PM,6,8:13:00 PM,7:57:00 PM,-16,Sunday,Jan
01/12/2015,MQ,3592,N909MQ,EYW,MIA,2:25:00 PM,2:21:00 PM,-4,11,2:32:00 PM,45,42,26,125,2:58:00 PM,5,3:10:00 PM,3:03:00 PM,-7,Monday,Jan
02/02/2015,AA,1309,N477AA,DFW,TUS,10:45:00 PM,10:43:00 PM,-2,13,11:56:00 PM,145,126,109,813,10:45:00 AM,4,11:10:00 AM,10:49:00 AM,-21,Monday,Feb
01/05/2015,DL,1389,N658DL,LAS,DTW,2:37:00 PM,2:36:00 PM,-1,13,2:49:00 PM,233,224,200,1749,9:09:00 PM,11,9:30:00 PM,9:20:00 PM,-10,Monday,Jan
01/14/2015,DL,1537,N974DL,LIT,ATL,5:25:00 PM,5:20:00 PM,-5,28,5:48:00 PM,95,96,62,453,7:50:00 PM,6,8:00:00 PM,7:56:00 PM,-4,Wednesday,Jan
02/02/2015,DL,1682,N912DL,ATL,DFW,12:25:00 AM,12:29:00 AM,4,12,2:41:00 AM,151,142,123,731,12:44:00 PM,7,1:56:00 PM,1:51:00 PM,-5,Monday,Feb
01/03/2015,DL,906,N350NA,ATL,LGA,8:45:00 PM,8:53:00 PM,8,15,9:08:00 PM,128,110,89,762,10:37:00 PM,6,10:53:00 PM,10:43:00 PM,-10,Saturday,Jan
01/18/2015,DL,2619,N969DL,JFK,MCO,9:15:00 AM,8:09:00 AM,-6,30,11:39:00 AM,188,184,145,944,11:04:00 AM,9,11:23:00 AM,11:13:00 AM,-10,Sunday,Jan
01/23/2015,WN,55,N371SW,DAL,HOU,8:00:00 PM,8:25:00 PM,25,7,8:32:00 PM,60,50,38,239,9:10:00 PM,5,9:00:00 PM,9:15:00 PM,15,Friday,Jan
02/07/2015,WN,3546,N293WN,BDL,BWI,1:30:00 PM,1:30:00 PM,0,25,1:55:00 PM,80,80,49,283,2:44:00 PM,6,2:50:00 PM,2:50:00 PM,0,Saturday,Feb
01/21/2015,EV,5460,N138EV,ATL,BMI,3:36:00 PM,4:09:00 PM,33,20,4:29:00 PM,101,110,85,533,4:54:00 PM,5,4:17:00 PM,4:59:00 PM,42,Wednesday,Jan
01/31/2015,OO,5159,N946SW,OMA,DEN,5:32:00 PM,5:24:00 PM,-8,46,6:10:00 PM,102,127,77,472,6:27:00 PM,4,6:14:00 PM,6:31:00 PM,17,Saturday,Jan
01/10/2015,WN,2982,N609SW,SAN,LAS,12:50:00 PM,1:08:00 PM,18,8,1:16:00 PM,70,62,44,258,2:00:00 PM,10,2:00:00 PM,2:10:00 PM,10,Saturday,Jan
01/29/2015,AA,2398,N585AA,DFW,BHM,2:50:00 PM,2:44:00 PM,-6,10,2:54:00 PM,93,86,73,597,4:07:00 PM,3,4:23:00 PM,4:10:00 PM,-13,Thursday,Jan
01/15/2015,DL,2189,N3742C,PDX,SLC,10:24:00 AM,10:26:00 AM,2,9,10:35:00 AM,100,105,91,630,1:06:00 PM,5,1:04:00 PM,1:11:00 PM,7,Thursday,Jan
02/07/2015,WN,3832,N727SW,ONT,SMF,10:45:00 PM,9:38:00 PM,-7,12,11:50:00 PM,80,78,61,390,10:51:00 AM,5,11:05:00 AM,10:56:00 AM,-9,Saturday,Feb
01/28/2015,B6,1256,N351JB,IAD,BOS,8:59:00 PM,9:22:00 PM,23,19,9:41:00 PM,80,94,70,413,10:51:00 PM,5,10:19:00 PM,10:56:00 PM,37,Wednesday,Jan
02/07/2015,MQ,3270,N600MQ,DFW,CHA,9:30:00 PM,8:26:00 PM,-4,18,10:44:00 PM,111,123,101,695,12:25:00 PM,4,12:21:00 PM,12:29:00 PM,8,Saturday,Feb
01/29/2015,WN,1120,N262WN,PHX,SLC,5:20:00 PM,5:17:00 PM,-3,8,5:25:00 PM,95,77,65,507,6:30:00 PM,4,6:55:00 PM,6:34:00 PM,-21,Thursday,Jan
01/02/2015,B6,334,N354JB,SJU,MCO,8:15:00 PM,8:10:00 PM,-5,11,8:21:00 PM,185,175,158,1189,9:59:00 PM,6,10:20:00 PM,10:05:00 PM,-15,Friday,Jan
01/31/2015,UA,1418,N37465,SAT,IAH,1:35:00 AM,1:33:00 AM,-2,7,2:40:00 AM,62,50,34,191,9:14:00 AM,9,11:37:00 AM,10:23:00 AM,-14,Saturday,Jan
01/07/2015,WN,328,N758SW,LAS,LAX,8:00:00 AM,3:59:00 AM,-1,16,9:15:00 AM,70,67,40,236,1:55:00 PM,11,7:10:00 PM,6:06:00 PM,-4,Wednesday,Jan
01/16/2015,WN,2050,N8619F,BDL,MDW,12:00:00 PM,7:55:00 AM,-5,12,12:07:00 PM,165,145,126,777,11:13:00 PM,7,2:45:00 AM,12:20:00 AM,-25,Friday,Jan
01/08/2015,DL,1668,N825DN,LAX,MSP,3:10:00 PM,3:10:00 PM,0,17,3:27:00 PM,218,216,192,1535,8:39:00 PM,7,8:48:00 PM,8:46:00 PM,-2,Thursday,Jan
01/16/2015,DL,504,N981DL,ATL,EWR,7:15:00 PM,7:21:00 PM,6,34,7:55:00 PM,135,144,106,746,9:41:00 PM,4,9:30:00 PM,9:45:00 PM,15,Friday,Jan
01/28/2015,AS,329,N713AS,SJC,SEA,10:00:00 AM,11:57:00 PM,-3,10,10:07:00 AM,124,116,102,697,11:49:00 AM,4,12:04:00 PM,11:53:00 AM,-11,Wednesday,Jan
01/09/2015,AS,144,N512AS,ANC,PDX,8:00:00 PM,1:37:00 PM,-23,24,8:01:00 PM,210,239,212,1542,3:33:00 PM,3,3:30:00 PM,3:36:00 PM,6,Friday,Jan
02/04/2015,WN,133,N8327A,CLE,BNA,2:20:00 PM,1:17:00 PM,-3,28,4:45:00 PM,110,109,76,448,10:01:00 PM,5,11:10:00 PM,10:06:00 PM,-4,Wednesday,Feb
01/07/2015,AS,805,N518AS,SEA,SMF,5:50:00 PM,4:45:00 PM,-5,20,10:05:00 PM,110,110,84,605,10:29:00 AM,6,12:40:00 PM,11:35:00 AM,-5,Wednesday,Jan
01/07/2015,AA,1247,N478AA,TUL,DFW,5:59:00 PM,5:55:00 PM,-4,11,10:06:00 PM,76,66,45,237,3:51:00 AM,10,9:15:00 AM,8:01:00 AM,-14,Wednesday,Jan
01/07/2015,B6,233,N292JB,BTV,JFK,12:01:00 PM,7:52:00 AM,-9,12,12:04:00 PM,88,79,60,266,10:04:00 PM,7,12:29:00 AM,11:11:00 PM,-18,Wednesday,Jan
02/07/2015,AS,463,N469AS,LAX,SEA,9:10:00 PM,9:02:00 PM,-8,11,9:13:00 PM,162,142,126,954,11:19:00 PM,5,11:52:00 PM,11:24:00 PM,-28,Saturday,Feb
02/03/2015,WN,108,N8649A,MDW,LAX,1:50:00 PM,1:56:00 PM,6,15,7:11:00 PM,280,291,240,1750,11:11:00 AM,36,11:30:00 AM,11:47:00 AM,17,Tuesday,Feb
01/28/2015,EV,5466,N176PQ,IAH,DTW,2:40:00 AM,1:33:00 AM,-7,16,2:49:00 AM,168,172,149,1075,11:18:00 AM,7,11:28:00 AM,11:25:00 AM,-3,Wednesday,Jan
01/10/2015,AA,1667,N561AA,DFW,MSY,10:25:00 AM,9:19:00 AM,-6,14,11:33:00 AM,80,78,61,447,9:34:00 PM,3,10:45:00 PM,9:37:00 PM,-8,Saturday,Jan
01/25/2015,OO,4981,N765SK,IAH,BOI,5:55:00 PM,6:45:00 PM,50,14,6:59:00 PM,233,229,211,1482,9:30:00 PM,4,8:48:00 PM,9:34:00 PM,46,Sunday,Jan
01/23/2015,B6,512,N373JB,AUS,FLL,11:10:00 AM,11:44:00 AM,34,9,11:53:00 AM,148,151,137,1105,3:10:00 PM,5,2:38:00 PM,3:15:00 PM,37,Friday,Jan
01/11/2015,B6,1196,N639JB,FLL,PVD,1:55:00 PM,1:54:00 PM,-1,17,7:11:00 PM,171,176,155,1188,11:46:00 AM,4,11:46:00 AM,11:50:00 AM,4,Sunday,Jan
01/06/2015,WN,1431,N426WN,CAK,TPA,3:55:00 AM,3:55:00 AM,0,73,6:08:00 PM,165,202,124,894,11:12:00 AM,5,10:40:00 AM,11:17:00 AM,37,Tuesday,Jan
02/02/2015,WN,3308,N8647A,DCA,DAL,4:55:00 PM,4:55:00 PM,0,14,5:09:00 PM,215,207,186,1184,7:15:00 PM,7,7:30:00 PM,7:22:00 PM,-8,Monday,Feb
01/09/2015,DL,1767,N909DE,FNT,ATL,11:59:00 AM,11:55:00 AM,-4,8,12:03:00 PM,137,128,113,645,1:56:00 PM,7,2:16:00 PM,2:03:00 PM,-13,Friday,Jan
01/22/2015,WN,1636,N515SW,DAL,SAT,2:45:00 AM,2:46:00 AM,1,9,3:55:00 AM,65,69,55,248,1:50:00 PM,5,1:50:00 PM,1:55:00 PM,5,Thursday,Jan
01/04/2015,MQ,3234,N646MQ,DFW,CHA,2:50:00 PM,2:48:00 PM,-2,45,3:33:00 PM,108,144,94,695,6:07:00 PM,5,5:38:00 PM,6:12:00 PM,34,Sunday,Jan
01/03/2015,OO,6402,N937SW,EUG,SFO,6:12:00 PM,6:20:00 PM,8,10,6:30:00 PM,95,82,68,451,7:38:00 PM,4,7:47:00 PM,7:42:00 PM,-5,Saturday,Jan
01/17/2015,NK,202,N617NK,DFW,BWI,1:46:00 PM,1:42:00 PM,-4,11,1:53:00 PM,162,159,143,1217,5:16:00 PM,5,5:28:00 PM,5:21:00 PM,-7,Saturday,Jan
01/08/2015,UA,755,N422UA,LAS,IAH,5:09:00 PM,5:08:00 PM,-1,17,5:25:00 PM,175,176,151,1222,9:56:00 PM,8,10:04:00 PM,10:04:00 PM,0,Thursday,Jan
02/05/2015,AA,2200,N3EMAA,MIA,MCO,11:49:00 PM,4:52:00 AM,63,29,12:21:00 PM,60,72,38,192,3:59:00 PM,5,1:49:00 AM,8:04:00 PM,75,Thursday,Feb
01/07/2015,F9,682,N908FR,DEN,MCO,6:10:00 PM,6:03:00 PM,-7,12,6:15:00 PM,199,189,170,1546,11:05:00 PM,7,11:29:00 PM,11:12:00 PM,-17,Wednesday,Jan
02/11/2015,HA,520,N480HA,HNL,OGG,9:36:00 PM,9:39:00 PM,3,8,10:47:00 PM,37,36,24,100,10:11:00 AM,4,10:13:00 AM,10:15:00 AM,2,Wednesday,Feb
01/22/2015,OO,5562,N920SW,FSD,ORD,6:36:00 PM,6:26:00 PM,-10,14,6:40:00 PM,100,103,76,462,7:56:00 PM,13,8:16:00 PM,8:09:00 PM,-7,Thursday,Jan
01/07/2015,AS,794,N618AS,SEA,ABQ,10:40:00 AM,10:29:00 AM,-11,30,10:59:00 AM,180,183,147,1180,2:26:00 PM,6,2:40:00 PM,2:32:00 PM,-8,Wednesday,Jan
02/02/2015,DL,1407,N323NB,BIL,MSP,1:10:00 PM,12:08:00 PM,-2,8,1:16:00 PM,129,101,90,748,12:46:00 PM,3,7:19:00 PM,12:49:00 PM,-30,Monday,Feb
01/12/2015,DL,811,N951DN,TPA,ATL,3:45:00 PM,4:53:00 PM,68,20,5:13:00 PM,95,122,87,406,6:40:00 PM,15,5:20:00 PM,6:55:00 PM,95,Monday,Jan
01/14/2015,EV,5156,N921EV,ATL,AEX,8:51:00 PM,8:50:00 PM,-1,18,9:08:00 PM,105,97,77,500,9:25:00 PM,2,9:36:00 PM,9:27:00 PM,-9,Wednesday,Jan
01/03/2015,MQ,2841,N640MQ,DFW,DSM,10:00:00 PM,5:59:00 PM,-1,12,11:11:00 PM,108,95,79,624,11:30:00 AM,4,12:48:00 PM,11:34:00 AM,-14,Saturday,Jan
01/03/2015,F9,770,N206FR,LAS,DEN,10:42:00 PM,9:36:00 PM,-6,14,11:50:00 PM,108,112,91,628,12:21:00 PM,7,12:30:00 PM,12:28:00 PM,-2,Saturday,Jan
01/06/2015,UA,1270,N58101,EWR,MCO,3:10:00 PM,4:37:00 PM,87,38,5:15:00 PM,174,182,136,937,7:31:00 PM,8,6:04:00 PM,7:39:00 PM,95,Tuesday,Jan
01/25/2015,AA,219,N3HPAA,SFO,LAX,8:52:00 PM,8:50:00 PM,-2,17,9:07:00 PM,87,83,56,337,10:03:00 PM,10,10:19:00 PM,10:13:00 PM,-6,Sunday,Jan
02/10/2015,MQ,3107,N509MQ,ORD,GRR,9:10:00 PM,9:28:00 PM,18,13,9:41:00 PM,44,42,25,137,11:06:00 PM,4,10:54:00 PM,11:10:00 PM,16,Tuesday,Feb
01/14/2015,AA,1692,N021AA,MIA,ATL,8:00:00 PM,7:57:00 PM,-3,22,8:19:00 PM,122,121,90,594,9:49:00 PM,9,10:02:00 PM,9:58:00 PM,-4,Wednesday,Jan
01/24/2015,WN,4088,N480WN,TPA,SDF,11:05:00 AM,11:28:00 AM,23,8,11:36:00 AM,125,118,105,727,1:21:00 PM,5,1:10:00 PM,1:26:00 PM,16,Saturday,Jan
01/29/2015,US,2014,N820AW,DFW,PHL,6:00:00 PM,5:54:00 PM,-6,12,6:06:00 PM,182,198,182,1303,10:08:00 PM,4,10:02:00 PM,10:12:00 PM,10,Thursday,Jan
02/08/2015,AS,873,N534AS,KOA,ANC,9:30:00 PM,7:18:00 PM,-12,10,8:28:00 PM,375,343,331,2874,3:59:00 PM,2,4:45:00 PM,4:01:00 PM,-44,Sunday,Feb
01/31/2015,US,1836,N534UW,ATL,PHX,2:45:00 AM,1:37:00 AM,-8,21,3:58:00 AM,275,254,219,1587,9:37:00 PM,14,10:20:00 AM,11:51:00 PM,-29,Saturday,Jan
02/06/2015,AS,591,N442AS,PSP,PDX,11:35:00 AM,11:29:00 AM,-6,32,12:01:00 PM,145,165,130,873,2:11:00 PM,3,2:00:00 PM,2:14:00 PM,14,Friday,Feb
01/22/2015,WN,396,N765SW,SJU,MCO,6:50:00 PM,6:48:00 PM,-2,12,7:00:00 PM,190,197,174,1189,8:54:00 PM,11,9:00:00 PM,9:05:00 PM,5,Thursday,Jan
01/29/2015,NK,649,N588NK,FLL,SJU,11:20:00 AM,11:18:00 AM,-2,8,11:26:00 AM,156,136,121,1046,2:27:00 PM,7,2:56:00 PM,2:34:00 PM,-22,Thursday,Jan
01/13/2015,WN,506,N214WN,MDW,ABQ,12:45:00 PM,12:43:00 PM,-2,12,1:55:00 PM,195,175,156,1121,10:31:00 AM,7,11:00:00 AM,10:38:00 AM,-22,Tuesday,Jan
02/05/2015,EV,5345,N870AS,ATL,SHV,9:55:00 PM,9:46:00 PM,-9,14,10:00:00 PM,112,95,77,551,10:17:00 PM,4,10:47:00 PM,10:21:00 PM,-26,Thursday,Feb
02/03/2015,DL,1903,N315NB,MSY,LGA,12:00:00 PM,12:37:00 PM,37,26,1:03:00 PM,166,184,133,1183,4:16:00 PM,25,3:46:00 PM,4:41:00 PM,55,Tuesday,Feb
01/10/2015,US,720,N507AY,PHX,CLT,11:05:00 AM,11:04:00 AM,-1,15,11:19:00 AM,233,229,206,1773,4:45:00 PM,8,4:58:00 PM,4:53:00 PM,-5,Saturday,Jan
01/30/2015,WN,449,N359SW,MKE,DCA,2:25:00 PM,2:19:00 PM,-6,9,2:28:00 PM,115,104,90,634,4:58:00 PM,5,5:20:00 PM,5:03:00 PM,-17,Friday,Jan
01/08/2015,AS,69,N797AS,KTN,JNU,8:34:00 PM,8:13:00 PM,-21,8,8:21:00 PM,66,45,34,234,8:55:00 PM,3,9:40:00 PM,8:58:00 PM,-42,Thursday,Jan
01/03/2015,EV,5098,N855AS,ATL,AGS,12:06:00 PM,12:02:00 PM,-4,12,12:14:00 PM,48,43,28,143,12:42:00 PM,3,12:54:00 PM,12:45:00 PM,-9,Saturday,Jan
01/08/2015,WN,3496,N727SW,LAS,SJC,7:55:00 PM,8:45:00 PM,50,10,8:55:00 PM,90,72,58,386,9:53:00 PM,4,9:25:00 PM,9:57:00 PM,32,Thursday,Jan
02/02/2015,DL,2431,N3749D,JFK,FLL,8:05:00 AM,9:19:00 AM,14,81,10:40:00 PM,208,254,166,1069,12:26:00 PM,7,11:33:00 AM,12:33:00 PM,60,Monday,Feb
01/19/2015,DL,1930,N554NW,DTW,FLL,8:05:00 PM,8:04:00 PM,-1,26,8:30:00 PM,185,175,147,1127,10:57:00 PM,2,11:10:00 PM,10:59:00 PM,-11,Monday,Jan
02/08/2015,B6,327,N569JB,EWR,MCO,4:15:00 PM,4:12:00 PM,-3,25,4:37:00 PM,173,155,125,937,6:42:00 PM,5,7:08:00 PM,6:47:00 PM,-21,Sunday,Feb
01/27/2015,AA,397,N3GXAA,MIA,SJU,8:25:00 PM,11:56:00 PM,31,47,10:43:00 AM,156,174,120,1045,1:43:00 PM,7,1:01:00 PM,1:50:00 PM,49,Tuesday,Jan
02/01/2015,AA,72,N853AA,DFW,MCO,12:00:00 PM,7:53:00 AM,-7,9,12:02:00 PM,142,141,125,985,6:07:00 PM,7,8:22:00 PM,7:14:00 PM,-8,Sunday,Feb
01/14/2015,UA,1160,N75426,ORD,SFO,8:20:00 PM,8:37:00 PM,17,19,8:56:00 PM,282,262,237,1846,10:53:00 PM,6,11:02:00 PM,10:59:00 PM,-3,Wednesday,Jan
01/25/2015,MQ,3270,N693MQ,CHA,DFW,12:46:00 PM,12:40:00 PM,-6,40,1:20:00 PM,149,170,121,695,2:21:00 PM,9,2:15:00 PM,2:30:00 PM,15,Sunday,Jan
01/13/2015,EV,3939,N12530,MFE,IAH,1:11:00 PM,1:02:00 PM,-9,20,1:22:00 PM,74,82,56,316,2:18:00 PM,6,2:25:00 PM,2:24:00 PM,-1,Tuesday,Jan
02/09/2015,AA,323,N576AA,STL,DFW,6:01:00 PM,10:23:00 AM,82,11,10:34:00 AM,117,92,76,550,11:50:00 AM,5,10:58:00 AM,11:55:00 AM,57,Monday,Feb
01/06/2015,EV,4598,N14974,CVG,IAH,11:52:00 AM,11:56:00 AM,4,18,12:14:00 PM,176,162,135,871,1:29:00 PM,9,1:48:00 PM,1:38:00 PM,-10,Tuesday,Jan
02/04/2015,WN,4830,N379SW,SEA,DEN,3:15:00 PM,3:21:00 PM,6,9,3:30:00 PM,150,141,124,1024,6:34:00 PM,8,6:45:00 PM,6:42:00 PM,-3,Wednesday,Feb
01/15/2015,US,2063,N644AW,TPA,PHL,8:00:00 AM,3:56:00 AM,-4,13,8:09:00 AM,148,150,128,920,10:17:00 AM,9,10:28:00 AM,10:26:00 AM,-2,Thursday,Jan
02/09/2015,DL,1493,N904DL,ORD,DTW,4:35:00 PM,4:27:00 PM,-8,21,4:48:00 PM,90,89,60,235,6:48:00 PM,8,7:05:00 PM,6:56:00 PM,-9,Monday,Feb
01/19/2015,DL,1120,N920DE,BDL,DTW,6:05:00 PM,6:05:00 PM,0,18,8:23:00 PM,129,124,96,549,10:59:00 AM,10,11:14:00 AM,11:09:00 AM,-5,Monday,Jan
01/16/2015,OO,4586,N816SK,SJC,SLC,10:18:00 AM,10:11:00 AM,-7,15,10:26:00 AM,116,112,92,584,12:58:00 PM,5,1:14:00 PM,1:03:00 PM,-11,Friday,Jan
01/17/2015,EV,2537,N877AS,MLU,DFW,4:41:00 PM,3:37:00 PM,-4,27,10:04:00 PM,84,94,62,293,8:06:00 AM,5,8:05:00 AM,9:11:00 AM,6,Saturday,Jan
01/18/2015,US,491,N910AW,LAX,PHX,10:05:00 AM,10:11:00 AM,6,26,10:37:00 AM,75,86,55,370,12:32:00 PM,5,12:20:00 PM,12:37:00 PM,17,Sunday,Jan
01/26/2015,WN,865,N275WN,FLL,STL,6:05:00 PM,6:04:00 PM,-1,13,6:17:00 PM,190,186,168,1056,8:05:00 PM,5,8:15:00 PM,8:10:00 PM,-5,Monday,Jan
01/14/2015,MQ,3635,N817MQ,DFW,PNS,10:30:00 AM,10:25:00 AM,-5,22,10:47:00 AM,100,105,78,604,12:05:00 PM,5,12:10:00 PM,12:10:00 PM,0,Wednesday,Jan
01/25/2015,UA,1043,N19136,LAX,EWR,11:45:00 AM,11:35:00 AM,-10,20,11:55:00 AM,324,335,307,2454,8:02:00 PM,8,8:09:00 PM,8:10:00 PM,1,Sunday,Jan
02/08/2015,HA,148,N490HA,HNL,KOA,1:20:00 PM,1:18:00 PM,-2,9,1:27:00 PM,44,43,27,163,1:54:00 PM,7,2:04:00 PM,2:01:00 PM,-3,Sunday,Feb
01/09/2015,MQ,3200,N6EAMQ,LBB,DFW,10:42:00 PM,10:46:00 PM,4,28,10:14:00 AM,67,81,44,282,10:58:00 AM,9,10:49:00 AM,11:07:00 AM,18,Friday,Jan
02/02/2015,B6,1521,N587JB,PDX,LGB,1:23:00 PM,1:19:00 PM,-4,11,1:30:00 PM,135,131,115,846,3:25:00 PM,5,3:38:00 PM,3:30:00 PM,-8,Monday,Feb
01/11/2015,HA,24,N580HA,OGG,OAK,12:50:00 PM,12:52:00 PM,2,15,1:07:00 PM,300,314,293,2349,8:00:00 PM,6,7:50:00 PM,8:06:00 PM,16,Sunday,Jan
01/29/2015,WN,48,N352SW,BWI,BOS,10:50:00 AM,10:53:00 AM,3,12,11:05:00 AM,80,89,70,369,12:15:00 PM,7,12:10:00 PM,12:22:00 PM,12,Thursday,Jan
01/02/2015,AA,1413,N586AA,DFW,SAT,10:50:00 PM,10:51:00 PM,1,13,11:04:00 PM,60,186,62,247,6:06:00 AM,111,11:50:00 PM,3:57:00 PM,127,Friday,Jan
01/08/2015,B6,2702,N703JB,JFK,BUF,4:45:00 PM,3:35:00 PM,-10,26,10:01:00 PM,88,90,62,301,8:03:00 AM,2,9:13:00 AM,8:05:00 AM,-8,Thursday,Jan
01/03/2015,EV,2508,N877AS,DFW,LFT,2:05:00 PM,2:56:00 PM,51,12,3:08:00 PM,75,83,55,351,4:03:00 PM,16,3:20:00 PM,4:19:00 PM,59,Saturday,Jan
02/11/2015,AS,336,N788AS,SEA,SJC,8:25:00 PM,8:20:00 PM,-5,10,8:30:00 PM,121,120,106,697,10:16:00 PM,4,10:26:00 PM,10:20:00 PM,-6,Wednesday,Feb
01/03/2015,B6,1434,N510JB,SJU,MCO,12:05:00 PM,12:05:00 PM,0,11,1:16:00 PM,188,173,159,1189,3:55:00 AM,3,9:13:00 AM,3:58:00 AM,-15,Saturday,Jan
01/25/2015,UA,1539,N69810,PHL,IAH,5:23:00 PM,5:57:00 PM,34,21,6:18:00 PM,233,206,179,1325,8:17:00 PM,6,8:16:00 PM,8:23:00 PM,7,Sunday,Jan
01/16/2015,WN,2606,N779SW,SJC,MDW,2:10:00 PM,2:06:00 PM,-4,8,2:14:00 PM,250,231,220,1838,7:54:00 PM,3,8:20:00 PM,7:57:00 PM,-23,Friday,Jan
01/06/2015,WN,541,N243WN,CAK,ATL,12:00:00 PM,7:59:00 AM,-1,56,5:55:00 PM,125,148,86,528,10:21:00 AM,6,8:05:00 AM,10:27:00 AM,22,Tuesday,Jan
01/02/2015,HA,515,N491HA,OGG,HNL,10:54:00 PM,10:10:00 AM,76,18,4:28:00 AM,33,49,26,100,6:54:00 AM,5,11:27:00 PM,11:59:00 AM,92,Friday,Jan
02/11/2015,B6,1285,N354JB,BOS,PIT,1:15:00 PM,1:12:00 PM,-3,20,3:32:00 PM,117,103,79,496,3:51:00 AM,4,9:12:00 AM,3:55:00 AM,-17,Wednesday,Feb
01/22/2015,EV,4136,N12175,CLE,LGA,12:40:00 PM,10:29:00 AM,-11,18,12:47:00 PM,102,88,65,419,11:52:00 PM,5,10:22:00 AM,11:57:00 PM,-25,Thursday,Jan
01/07/2015,WN,2866,N966WN,DTW,BWI,11:50:00 AM,11:43:00 AM,-7,12,11:55:00 AM,100,79,62,409,12:57:00 PM,5,1:30:00 PM,1:02:00 PM,-28,Wednesday,Jan
01/15/2015,OO,6459,N702SK,DAY,ORD,3:15:00 PM,3:16:00 PM,1,14,3:30:00 PM,75,68,45,240,3:15:00 PM,9,3:30:00 PM,3:24:00 PM,-6,Thursday,Jan
01/02/2015,UA,1262,N18223,MCO,EWR,2:10:00 PM,2:16:00 PM,6,14,2:30:00 PM,169,148,124,937,4:34:00 PM,10,4:59:00 PM,4:44:00 PM,-15,Friday,Jan
02/11/2015,UA,672,N810UA,IAH,ORD,10:24:00 AM,10:22:00 AM,-2,12,11:34:00 AM,160,131,115,925,10:29:00 AM,4,11:04:00 AM,10:33:00 AM,-31,Wednesday,Feb
01/31/2015,MQ,3101,N508MQ,ORD,OKC,12:45:00 PM,12:37:00 PM,-8,10,12:47:00 PM,131,117,102,693,2:29:00 PM,5,2:56:00 PM,2:34:00 PM,-22,Saturday,Jan
01/29/2015,AA,1364,N3BAAA,CLT,ORD,4:15:00 PM,4:24:00 PM,9,15,4:39:00 PM,129,124,96,599,5:15:00 PM,13,5:24:00 PM,5:28:00 PM,4,Thursday,Jan
01/10/2015,B6,1403,N633JB,JFK,SJU,1:11:00 PM,12:08:00 PM,-3,17,2:25:00 PM,223,232,211,1598,10:56:00 AM,4,10:54:00 AM,11:00:00 AM,6,Saturday,Jan
02/06/2015,UA,394,N828UA,MSY,EWR,11:19:00 AM,11:17:00 AM,-2,8,11:25:00 AM,171,167,152,1167,2:57:00 PM,7,3:10:00 PM,3:04:00 PM,-6,Friday,Feb
01/14/2015,DL,1067,N920DE,ATL,MEM,5:30:00 PM,5:25:00 PM,-5,21,5:46:00 PM,81,82,57,332,5:43:00 PM,4,5:51:00 PM,5:47:00 PM,-4,Wednesday,Jan
01/19/2015,AA,295,N856AA,MIA,LAX,8:20:00 PM,9:34:00 PM,14,19,11:53:00 PM,369,354,326,2342,12:19:00 PM,9,12:29:00 PM,12:28:00 PM,-1,Monday,Jan
01/25/2015,WN,4464,N731SA,MKE,SFO,12:20:00 PM,12:19:00 PM,-1,10,12:29:00 PM,290,244,229,1845,2:18:00 PM,5,3:10:00 PM,2:23:00 PM,-47,Sunday,Jan
01/24/2015,DL,2216,N945DL,ATL,ABQ,4:55:00 PM,4:53:00 PM,-2,14,5:07:00 PM,218,195,175,1269,6:02:00 PM,6,6:33:00 PM,6:08:00 PM,-25,Saturday,Jan
01/07/2015,MQ,3620,N513MQ,STL,LGA,4:55:00 PM,5:57:00 PM,62,27,6:24:00 PM,136,151,120,888,9:24:00 PM,4,8:11:00 PM,9:28:00 PM,77,Wednesday,Jan
01/03/2015,AA,1629,N4XTAA,SAT,DFW,10:45:00 AM,10:50:00 AM,5,11,11:01:00 AM,70,76,55,247,11:56:00 AM,10,11:55:00 AM,12:06:00 PM,11,Saturday,Jan
02/06/2015,WN,292,N552WN,LAX,ATL,12:35:00 PM,12:41:00 PM,6,7,12:48:00 PM,255,259,229,1947,7:37:00 PM,23,7:50:00 PM,8:00:00 PM,10,Friday,Feb
01/18/2015,DL,1774,N802DN,ATL,RDU,3:00:00 PM,2:58:00 PM,-2,15,3:13:00 PM,80,73,54,356,4:07:00 PM,4,4:20:00 PM,4:11:00 PM,-9,Sunday,Jan
01/13/2015,WN,182,N763SW,PHX,SAN,1:15:00 PM,1:18:00 PM,3,11,1:29:00 PM,70,69,55,304,1:24:00 PM,3,1:25:00 PM,1:27:00 PM,2,Tuesday,Jan
02/10/2015,DL,1418,N6713Y,MCO,ATL,4:20:00 AM,3:16:00 AM,-4,15,5:31:00 AM,89,84,64,404,3:35:00 PM,5,4:49:00 PM,4:40:00 PM,-9,Tuesday,Feb
01/20/2015,AS,648,N315AS,SEA,TUS,10:15:00 AM,10:37:00 AM,22,13,10:50:00 AM,170,164,145,1216,2:15:00 PM,6,2:05:00 PM,2:21:00 PM,16,Tuesday,Jan
01/31/2015,WN,3654,N8325D,PHX,BWI,3:55:00 AM,3:50:00 AM,-5,12,8:02:00 AM,250,255,223,1999,1:45:00 PM,20,2:05:00 PM,2:05:00 PM,0,Saturday,Jan
02/01/2015,OO,5456,N984CA,RDM,SFO,7:57:00 AM,6:42:00 AM,-15,21,12:03:00 PM,98,98,74,462,11:17:00 PM,3,1:35:00 AM,12:20:00 AM,-15,Sunday,Feb
02/06/2015,EV,2538,N909EV,TYR,DFW,4:39:00 PM,4:36:00 PM,-3,9,4:45:00 PM,46,50,29,102,5:14:00 PM,12,5:25:00 PM,5:26:00 PM,1,Friday,Feb
01/10/2015,MQ,3370,N546MQ,JFK,DCA,12:48:00 PM,1:51:00 PM,3,58,10:49:00 PM,81,107,41,213,10:30:00 AM,8,10:09:00 AM,10:38:00 AM,29,Saturday,Jan
01/19/2015,MQ,3274,N909MQ,ORD,CVG,3:30:00 PM,3:24:00 PM,-6,14,3:38:00 PM,66,60,41,265,5:19:00 PM,5,5:36:00 PM,5:24:00 PM,-12,Monday,Jan
02/09/2015,DL,2415,N981AT,ATL,EWR,9:45:00 PM,10:08:00 PM,23,18,10:26:00 PM,126,122,97,746,3:03:00 AM,7,11:51:00 PM,10:10:00 AM,19,Monday,Feb
02/03/2015,DL,1093,N304DQ,LEX,ATL,12:20:00 AM,11:14:00 PM,-6,12,12:26:00 AM,103,76,57,304,10:23:00 AM,7,6:03:00 PM,11:30:00 AM,-33,Tuesday,Feb
02/01/2015,OO,4544,N460SW,MSP,ATW,1:30:00 PM,1:37:00 PM,7,29,2:06:00 PM,70,86,53,236,2:59:00 PM,4,2:40:00 PM,3:03:00 PM,23,Sunday,Feb
01/28/2015,EV,5594,N538CA,MLI,ATL,12:00:00 PM,7:56:00 AM,-4,11,12:07:00 PM,108,96,80,633,10:27:00 AM,5,12:48:00 PM,11:32:00 AM,-16,Wednesday,Jan
01/07/2015,VX,963,N854VA,SAN,SFO,5:15:00 PM,5:10:00 PM,-5,17,5:27:00 PM,90,81,60,447,6:27:00 PM,4,6:45:00 PM,6:31:00 PM,-14,Wednesday,Jan
01/05/2015,F9,1053,N948FR,SLC,PHX,3:15:00 PM,3:36:00 PM,21,14,3:50:00 PM,100,89,69,507,4:59:00 PM,6,4:55:00 PM,5:05:00 PM,10,Monday,Jan
01/23/2015,AA,2465,N3GTAA,LAX,SFO,8:45:00 PM,8:38:00 PM,-7,21,8:59:00 PM,82,86,55,337,9:54:00 PM,10,10:07:00 PM,10:04:00 PM,-3,Friday,Jan
01/03/2015,WN,1048,N527SW,HOU,HRL,2:30:00 PM,2:49:00 PM,19,6,2:55:00 PM,65,65,54,277,3:49:00 PM,5,3:35:00 PM,3:54:00 PM,19,Saturday,Jan
02/09/2015,DL,1625,N900PC,BWI,ATL,1:15:00 PM,12:09:00 PM,-6,17,2:26:00 PM,126,106,85,577,3:51:00 AM,4,10:21:00 AM,3:55:00 AM,-26,Monday,Feb
01/25/2015,AA,1125,N490AA,DTW,DFW,12:05:00 PM,12:00:00 PM,-5,29,2:29:00 PM,189,190,155,986,8:04:00 AM,6,9:14:00 AM,9:10:00 AM,-4,Sunday,Jan
01/17/2015,B6,1716,N507JB,TPA,LGA,11:26:00 AM,11:12:00 AM,-14,10,11:22:00 AM,153,142,123,1010,1:25:00 PM,9,1:59:00 PM,1:34:00 PM,-25,Saturday,Jan
01/03/2015,WN,1625,N8645A,LAS,SEA,10:45:00 AM,11:10:00 AM,25,14,11:24:00 AM,155,159,140,867,1:44:00 PM,5,1:20:00 PM,1:49:00 PM,29,Saturday,Jan
02/04/2015,UA,1614,N12218,ORD,LGA,8:00:00 AM,3:55:00 AM,-5,17,9:12:00 AM,128,115,93,733,10:45:00 AM,5,11:08:00 AM,10:50:00 AM,-18,Wednesday,Feb
02/04/2015,US,449,N813AW,PIT,PHX,5:25:00 PM,5:20:00 PM,-5,10,5:30:00 PM,285,273,258,1814,7:48:00 PM,5,8:10:00 PM,7:53:00 PM,-17,Wednesday,Feb
01/12/2015,DL,2176,N966DL,BNA,ATL,5:30:00 PM,11:09:00 PM,339,21,11:30:00 PM,74,64,38,214,10:08:00 AM,5,7:44:00 PM,11:13:00 AM,329,Monday,Jan
01/18/2015,DL,2098,N925AT,OKC,DTW,2:48:00 AM,2:44:00 AM,-4,10,3:54:00 AM,146,139,121,900,10:55:00 AM,8,11:14:00 AM,11:03:00 AM,-11,Sunday,Jan
01/20/2015,MQ,3391,N818MQ,LGA,CMH,7:38:00 PM,7:29:00 PM,-9,15,7:44:00 PM,119,101,81,479,9:05:00 PM,5,9:37:00 PM,9:10:00 PM,-27,Tuesday,Jan
01/29/2015,UA,1555,N37419,SEA,ORD,2:01:00 PM,1:56:00 PM,-5,22,2:18:00 PM,242,228,195,1721,7:33:00 PM,11,8:03:00 PM,7:44:00 PM,-19,Thursday,Jan
02/04/2015,B6,1081,N228JB,BOS,RIC,6:01:00 PM,1:52:00 PM,-9,25,7:17:00 PM,113,114,85,474,10:42:00 AM,4,10:54:00 AM,10:46:00 AM,-8,Wednesday,Feb
01/08/2015,US,1802,N803AW,CLT,MSY,4:25:00 PM,4:20:00 PM,-5,14,4:34:00 PM,127,120,102,651,5:16:00 PM,4,5:32:00 PM,5:20:00 PM,-12,Thursday,Jan
01/30/2015,EV,5324,N608QX,FAR,MSP,1:17:00 PM,1:14:00 PM,-3,10,1:24:00 PM,63,48,35,223,1:59:00 PM,3,2:20:00 PM,2:02:00 PM,-18,Friday,Jan
01/19/2015,WN,1834,N718SW,HOU,EWR,11:15:00 PM,11:11:00 PM,-4,9,12:20:00 AM,195,194,179,1411,11:19:00 AM,6,11:30:00 AM,11:25:00 AM,-5,Monday,Jan
01/05/2015,WN,1770,N7742B,MCO,BWI,3:55:00 AM,2:47:00 AM,-8,11,3:58:00 AM,135,113,96,787,9:34:00 PM,6,10:10:00 AM,10:40:00 PM,-30,Monday,Jan
01/07/2015,UA,753,N548UA,ORD,BOS,1:15:00 PM,1:20:00 PM,5,17,1:37:00 PM,137,131,110,867,4:27:00 PM,4,4:32:00 PM,4:31:00 PM,-1,Wednesday,Jan
02/06/2015,MQ,3622,N505MQ,DFW,ASE,12:55:00 PM,1:31:00 PM,36,14,1:45:00 PM,132,117,101,701,2:26:00 PM,2,2:07:00 PM,2:28:00 PM,21,Friday,Feb
01/22/2015,AA,2419,N850AA,DFW,LAX,8:20:00 PM,7:17:00 PM,-3,15,9:32:00 PM,203,200,170,1235,10:22:00 AM,15,10:43:00 AM,10:37:00 AM,-6,Thursday,Jan
01/26/2015,AA,2433,N3KKAA,LAX,DFW,2:55:00 PM,2:51:00 PM,-4,25,3:16:00 PM,180,197,162,1235,7:58:00 PM,10,7:55:00 PM,8:08:00 PM,13,Monday,Jan
01/23/2015,WN,434,N7706A,BWI,MEM,2:00:00 PM,2:01:00 PM,1,11,2:12:00 PM,160,154,138,787,3:30:00 PM,5,3:40:00 PM,3:35:00 PM,-5,Friday,Jan
01/12/2015,US,2001,N122US,PHL,FLL,10:00:00 AM,10:31:00 AM,31,22,10:53:00 AM,186,178,154,992,1:27:00 PM,2,1:06:00 PM,1:29:00 PM,23,Monday,Jan
02/05/2015,WN,4337,N231WN,MCO,BWI,6:05:00 PM,6:00:00 PM,-5,9,6:09:00 PM,130,109,96,787,10:45:00 AM,4,11:15:00 AM,10:49:00 AM,-26,Thursday,Feb
02/11/2015,AA,1075,N3JNAA,ORD,DCA,9:11:00 AM,8:02:00 AM,-9,14,9:16:00 AM,104,100,77,612,10:33:00 AM,9,10:55:00 AM,10:42:00 AM,-13,Wednesday,Feb
01/10/2015,HA,23,N587HA,OAK,OGG,10:20:00 AM,10:20:00 AM,0,13,11:33:00 AM,320,314,295,2349,11:28:00 AM,6,11:40:00 AM,11:34:00 AM,-6,Saturday,Jan
02/11/2015,F9,783,N221FR,DEN,LAS,6:35:00 PM,6:32:00 PM,-3,10,6:42:00 PM,112,98,79,628,7:01:00 PM,9,7:27:00 PM,7:10:00 PM,-17,Wednesday,Feb
01/26/2015,EV,4167,N17185,IAH,JAN,12:50:00 PM,12:49:00 PM,-1,17,1:06:00 PM,76,87,53,351,1:59:00 PM,17,2:06:00 PM,2:16:00 PM,10,Monday,Jan
01/11/2015,WN,106,N906WN,HOU,MCO,6:30:00 PM,6:30:00 PM,0,16,6:46:00 PM,120,134,110,849,9:36:00 PM,8,9:30:00 PM,9:44:00 PM,14,Sunday,Jan
02/09/2015,EV,4997,N926EV,DTW,AZO,9:40:00 PM,9:32:00 PM,-8,15,9:47:00 PM,53,44,23,113,10:10:00 PM,6,10:33:00 PM,10:16:00 PM,-17,Monday,Feb
01/07/2015,DL,29,N963DL,ATL,DFW,7:10:00 PM,7:05:00 PM,-5,32,7:37:00 PM,156,153,114,731,8:31:00 PM,7,8:46:00 PM,8:38:00 PM,-8,Wednesday,Jan
01/19/2015,WN,265,N957WN,MDW,PVD,1:35:00 PM,1:31:00 PM,-4,15,1:46:00 PM,130,123,104,842,4:30:00 PM,4,4:45:00 PM,4:34:00 PM,-11,Monday,Jan
01/27/2015,UA,201,N213UA,HNL,GUM,2:50:00 PM,4:02:00 PM,72,18,4:20:00 PM,470,461,438,3801,7:38:00 PM,5,6:40:00 PM,7:43:00 PM,63,Tuesday,Jan
01/02/2015,HA,309,N492HA,OGG,LIH,5:45:00 PM,6:17:00 PM,32,9,6:26:00 PM,45,53,39,201,7:05:00 PM,5,6:30:00 PM,7:10:00 PM,40,Friday,Jan
01/04/2015,MQ,3217,N626MQ,ORF,JFK,1:25:00 PM,3:43:00 PM,138,27,4:10:00 PM,85,85,49,290,4:59:00 PM,9,2:50:00 PM,5:08:00 PM,138,Sunday,Jan
01/19/2015,WN,555,N7734H,OMA,DEN,7:45:00 PM,7:38:00 PM,-7,6,7:44:00 PM,105,104,75,472,7:59:00 PM,23,8:30:00 PM,8:22:00 PM,-8,Monday,Jan
01/16/2015,WN,2283,N452WN,LAS,OAK,12:00:00 PM,7:53:00 AM,-7,16,12:09:00 PM,90,90,68,407,11:17:00 PM,6,1:30:00 AM,12:23:00 AM,-7,Friday,Jan
02/02/2015,DL,1891,N904DA,TPA,ATL,1:45:00 PM,1:45:00 PM,0,13,1:58:00 PM,93,98,73,406,3:11:00 PM,12,3:18:00 PM,3:23:00 PM,5,Monday,Feb
01/05/2015,WN,1830,N527SW,AUS,DAL,7:25:00 PM,7:34:00 PM,9,8,7:42:00 PM,55,52,40,189,8:22:00 PM,4,8:20:00 PM,8:26:00 PM,6,Monday,Jan
01/22/2015,WN,36,N7721E,TPA,HOU,1:05:00 PM,1:05:00 PM,0,9,1:14:00 PM,145,148,135,781,2:29:00 PM,4,2:30:00 PM,2:33:00 PM,3,Thursday,Jan
01/20/2015,AA,1352,N4YNAA,STL,ORD,11:30:00 AM,11:37:00 AM,7,13,1:50:00 PM,77,69,47,258,9:37:00 PM,9,10:47:00 PM,10:46:00 PM,-1,Tuesday,Jan
01/31/2015,EV,2533,N877AS,TYS,DFW,12:00:00 PM,7:54:00 AM,-6,10,12:04:00 PM,155,130,115,772,5:59:00 PM,5,1:35:00 AM,10:04:00 PM,-31,Saturday,Jan
01/06/2015,WN,605,N218WN,SMF,ONT,9:55:00 PM,10:36:00 PM,41,9,10:45:00 PM,75,73,60,390,11:45:00 PM,4,11:10:00 PM,11:49:00 PM,39,Tuesday,Jan
01/16/2015,US,1861,N103US,FLL,CLT,5:20:00 PM,5:25:00 PM,5,13,5:38:00 PM,121,117,98,631,7:16:00 PM,6,7:21:00 PM,7:22:00 PM,1,Friday,Jan
01/15/2015,EV,5575,N860AS,ILM,ATL,12:00:00 PM,7:53:00 AM,-7,11,12:04:00 PM,95,89,68,377,11:12:00 PM,10,1:35:00 AM,12:22:00 AM,-13,Thursday,Jan
01/08/2015,WN,243,N340LV,BWI,CHS,7:50:00 PM,8:27:00 PM,37,8,8:35:00 PM,100,93,78,472,9:53:00 PM,7,9:30:00 PM,10:00:00 PM,30,Thursday,Jan
01/04/2015,DL,982,N6716C,PDX,ATL,11:55:00 PM,8:20:00 PM,25,10,6:30:00 AM,265,249,229,2172,11:19:00 PM,10,12:20:00 AM,12:29:00 AM,9,Sunday,Jan
01/17/2015,WN,3977,N601WN,SJC,SAN,11:30:00 AM,1:59:00 PM,29,8,6:07:00 PM,80,74,64,417,10:11:00 AM,2,11:50:00 PM,10:13:00 AM,23,Saturday,Jan
02/12/2015,EV,6123,N11199,ORD,GSP,9:38:00 PM,10:14:00 AM,36,18,10:32:00 AM,108,95,73,578,12:45:00 PM,4,12:26:00 PM,12:49:00 PM,23,Thursday,Feb
01/03/2015,HA,304,N480HA,LIH,HNL,7:19:00 PM,7:15:00 PM,-4,6,8:21:00 PM,32,36,21,102,10:42:00 PM,9,11:51:00 PM,11:51:00 PM,0,Saturday,Jan
01/01/2015,UA,649,N834UA,DEN,JAC,11:24:00 AM,11:38:00 AM,14,11,11:49:00 AM,90,72,57,406,12:46:00 PM,4,12:54:00 PM,12:50:00 PM,-4,Thursday,Jan
01/25/2015,NK,469,N504NK,FLL,DFW,10:08:00 PM,10:05:00 PM,-3,16,12:21:00 AM,192,200,174,1119,7:15:00 PM,10,8:20:00 PM,8:25:00 PM,5,Sunday,Jan
01/23/2015,HA,596,N487HA,HNL,OGG,8:24:00 PM,8:28:00 PM,4,12,8:40:00 PM,36,39,22,100,9:02:00 PM,5,9:00:00 PM,9:07:00 PM,7,Friday,Jan
01/02/2015,DL,811,N944DN,ATL,TPA,1:40:00 PM,1:52:00 PM,12,26,2:18:00 PM,85,89,59,406,3:17:00 PM,4,3:05:00 PM,3:21:00 PM,16,Friday,Jan
01/30/2015,WN,1157,N485WN,LIT,LAS,11:25:00 AM,11:22:00 AM,-3,8,11:30:00 AM,215,201,188,1294,12:38:00 PM,5,1:00:00 PM,12:43:00 PM,-17,Friday,Jan
01/16/2015,DL,552,N541US,ATL,MSY,8:30:00 PM,8:29:00 PM,-1,17,8:46:00 PM,98,87,66,425,8:52:00 PM,4,9:08:00 PM,8:56:00 PM,-12,Friday,Jan
01/21/2015,B6,453,N554JB,JFK,PBI,5:59:00 PM,10:01:00 PM,2,32,1:33:00 AM,183,181,141,1028,11:54:00 PM,8,10:02:00 AM,10:02:00 AM,0,Wednesday,Jan
01/11/2015,EV,5204,N744EV,CLE,RDU,2:20:00 PM,1:11:00 PM,-9,12,2:23:00 PM,97,77,59,416,12:22:00 AM,6,3:57:00 AM,12:28:00 AM,-29,Sunday,Jan
01/03/2015,WN,674,N7732A,TPA,BWI,4:45:00 PM,6:30:00 PM,105,8,6:38:00 PM,130,120,107,842,8:25:00 PM,5,6:55:00 PM,8:30:00 PM,95,Saturday,Jan
01/20/2015,AS,349,N592AS,OAK,SEA,6:55:00 PM,7:09:00 PM,14,8,7:17:00 PM,118,113,100,671,8:57:00 PM,5,8:53:00 PM,9:02:00 PM,9,Tuesday,Jan
01/25/2015,VX,108,N623VA,LAX,IAD,11:30:00 AM,11:34:00 AM,4,6,12:40:00 PM,280,292,279,2288,4:19:00 PM,7,4:10:00 PM,4:26:00 PM,16,Sunday,Jan
01/22/2015,AA,221,N3ELAA,SFO,DFW,2:40:00 PM,2:35:00 PM,-5,15,2:50:00 PM,202,205,181,1464,7:51:00 PM,9,8:02:00 PM,8:00:00 PM,-2,Thursday,Jan
02/11/2015,WN,2673,N744SW,ATL,RSW,6:55:00 PM,6:56:00 PM,1,12,7:08:00 PM,105,97,80,515,8:28:00 PM,5,8:40:00 PM,8:33:00 PM,-7,Wednesday,Feb
02/05/2015,NK,424,N637NK,LAX,MSP,8:20:00 PM,7:15:00 PM,-5,7,8:22:00 PM,217,203,191,1535,2:33:00 PM,5,2:57:00 PM,2:38:00 PM,-19,Thursday,Feb
02/05/2015,AA,1355,N3EMAA,MIA,BOS,3:15:00 PM,4:32:00 PM,77,10,4:42:00 PM,190,166,151,1258,7:13:00 PM,5,6:25:00 PM,7:18:00 PM,53,Thursday,Feb
01/24/2015,WN,3868,N783SW,ABQ,LAS,4:15:00 PM,4:17:00 PM,2,5,4:22:00 PM,95,88,78,486,4:40:00 PM,5,4:50:00 PM,4:45:00 PM,-5,Saturday,Jan
02/07/2015,WN,2744,N959WN,SNA,LAS,2:40:00 PM,2:37:00 PM,-3,10,2:47:00 PM,60,60,43,226,3:30:00 PM,7,3:40:00 PM,3:37:00 PM,-3,Saturday,Feb
01/12/2015,WN,2426,N7711N,MCI,MDW,3:05:00 PM,3:18:00 PM,13,7,3:25:00 PM,80,76,56,405,4:21:00 PM,13,4:25:00 PM,4:34:00 PM,9,Monday,Jan
01/26/2015,AA,1623,N4YSAA,LAS,DFW,6:07:00 PM,6:02:00 PM,-5,16,7:18:00 PM,163,158,134,1055,1:32:00 PM,8,1:50:00 PM,1:40:00 PM,-10,Monday,Jan
02/09/2015,DL,2217,N6712B,ATL,LAS,1:45:00 PM,1:42:00 PM,-3,19,2:01:00 PM,275,270,243,1747,3:04:00 PM,8,3:20:00 PM,3:12:00 PM,-8,Monday,Feb
01/14/2015,WN,2589,N523SW,SAT,DAL,10:55:00 AM,11:00:00 AM,5,22,11:22:00 AM,60,69,42,248,12:04:00 PM,5,11:55:00 AM,12:09:00 PM,14,Wednesday,Jan
01/13/2015,B6,533,N247JB,BDL,TPA,10:50:00 AM,10:43:00 AM,-7,9,10:52:00 AM,195,192,179,1111,1:51:00 PM,4,2:05:00 PM,1:55:00 PM,-10,Tuesday,Jan
01/19/2015,AA,1214,N599AA,AUS,ORD,12:00:00 PM,7:53:00 AM,-7,7,12:00:00 PM,155,142,129,978,8:09:00 AM,6,11:35:00 AM,9:15:00 AM,-20,Monday,Jan
01/15/2015,US,1805,N740UW,ATL,CLT,7:59:00 PM,7:59:00 PM,0,27,8:26:00 PM,75,82,45,226,9:11:00 PM,10,9:14:00 PM,9:21:00 PM,7,Thursday,Jan
01/09/2015,MQ,2989,N504MQ,LBB,DFW,11:39:00 AM,11:35:00 AM,-4,15,11:50:00 AM,66,89,47,282,12:37:00 PM,27,12:45:00 PM,1:04:00 PM,19,Friday,Jan
01/17/2015,AA,2312,N383AA,MCO,MIA,7:00:00 PM,6:56:00 PM,-4,12,7:08:00 PM,71,70,36,192,7:44:00 PM,22,8:11:00 PM,8:06:00 PM,-5,Saturday,Jan
01/28/2015,B6,906,N190JB,ORD,JFK,11:55:00 PM,10:48:00 PM,-7,18,10:06:00 AM,123,123,100,740,12:46:00 PM,5,12:58:00 PM,12:51:00 PM,-7,Wednesday,Jan
01/08/2015,WN,2880,N443WN,SMF,PDX,5:40:00 PM,5:37:00 PM,-3,9,5:46:00 PM,90,81,70,479,6:56:00 PM,2,7:10:00 PM,6:58:00 PM,-12,Thursday,Jan
01/06/2015,EV,5355,N686BR,XNA,ATL,3:00:00 PM,3:26:00 PM,26,12,3:38:00 PM,102,97,79,589,5:57:00 PM,6,5:42:00 PM,6:03:00 PM,21,Tuesday,Jan
01/04/2015,AS,335,N791AS,SJC,SEA,3:00:00 PM,3:08:00 PM,8,9,3:17:00 PM,120,123,108,697,5:05:00 PM,6,5:00:00 PM,5:11:00 PM,11,Sunday,Jan
02/12/2015,AA,347,N3KUAA,MSY,MIA,6:45:00 AM,6:42:00 AM,-3,14,7:56:00 AM,108,116,87,675,10:23:00 AM,15,11:33:00 AM,11:38:00 AM,5,Thursday,Feb
01/28/2015,UA,239,N485UA,LAX,SFO,10:14:00 AM,10:16:00 AM,2,21,10:37:00 AM,98,76,51,337,11:28:00 AM,4,11:52:00 AM,11:32:00 AM,-20,Wednesday,Jan
01/09/2015,WN,550,N937WN,LAS,SAN,4:45:00 PM,4:47:00 PM,2,14,10:01:00 PM,65,67,46,258,2:47:00 AM,7,3:50:00 AM,3:54:00 AM,4,Friday,Jan
02/08/2015,HA,509,N493HA,HNL,LIH,9:13:00 AM,8:09:00 AM,-4,14,10:23:00 AM,37,42,23,102,12:46:00 PM,5,1:50:00 PM,1:51:00 PM,1,Sunday,Feb
01/26/2015,WN,4548,N8657B,LAS,STL,12:45:00 PM,12:45:00 PM,0,9,12:54:00 PM,190,181,167,1371,5:41:00 PM,5,5:55:00 PM,5:46:00 PM,-9,Monday,Jan
01/08/2015,EV,5590,N398CA,DTW,ELM,3:40:00 PM,3:36:00 PM,-4,25,4:01:00 PM,69,74,46,332,4:47:00 PM,3,4:49:00 PM,4:50:00 PM,1,Thursday,Jan
02/07/2015,WN,3709,N929WN,TPA,PVD,10:40:00 PM,9:36:00 PM,-4,10,10:46:00 PM,160,173,158,1136,12:24:00 PM,5,12:20:00 PM,12:29:00 PM,9,Saturday,Feb
02/07/2015,EV,4227,N19966,GSO,EWR,3:23:00 PM,3:15:00 PM,-8,6,3:21:00 PM,97,92,75,445,4:36:00 PM,11,5:00:00 PM,4:47:00 PM,-13,Saturday,Feb
01/09/2015,NK,167,N616NK,ORD,PHX,9:15:00 PM,9:49:00 PM,34,13,10:02:00 PM,229,213,193,1440,3:15:00 PM,7,4:04:00 AM,10:22:00 PM,18,Friday,Jan
02/10/2015,DL,1740,N383DN,LAS,SLC,1:50:00 PM,2:46:00 PM,56,22,3:08:00 PM,80,81,55,368,5:03:00 PM,4,4:10:00 PM,5:07:00 PM,57,Tuesday,Feb
01/27/2015,MQ,3376,N610MQ,FSD,DFW,12:17:00 PM,12:10:00 PM,-7,15,12:25:00 PM,133,117,95,737,2:00:00 PM,7,2:30:00 PM,2:07:00 PM,-23,Tuesday,Jan
01/03/2015,AA,20,N786AA,SFO,JFK,3:00:00 PM,3:02:00 PM,2,12,3:14:00 PM,325,319,296,2586,11:10:00 PM,11,11:25:00 PM,11:21:00 PM,-4,Saturday,Jan
01/02/2015,EV,4536,N16541,EWR,CVG,7:07:00 PM,7:36:00 PM,29,14,7:50:00 PM,132,130,106,569,9:36:00 PM,10,9:19:00 PM,9:46:00 PM,27,Friday,Jan
02/07/2015,AA,1084,N3BSAA,DFW,FLL,1:30:00 PM,1:31:00 PM,1,15,1:46:00 PM,160,160,138,1119,5:04:00 PM,7,5:10:00 PM,5:11:00 PM,1,Saturday,Feb
01/28/2015,WN,550,N417WN,SAN,HOU,10:25:00 AM,10:20:00 AM,-5,10,11:30:00 AM,175,171,156,1313,1:06:00 PM,5,1:20:00 PM,1:11:00 PM,-9,Wednesday,Jan
01/18/2015,WN,470,N556WN,CRP,HOU,10:05:00 AM,10:02:00 AM,-3,7,10:09:00 AM,50,44,33,187,10:42:00 AM,4,10:55:00 AM,10:46:00 AM,-9,Sunday,Jan
01/15/2015,DL,1775,N990AT,JAN,ATL,12:00:00 PM,7:58:00 AM,-2,14,1:12:00 PM,84,84,57,341,8:09:00 AM,13,10:24:00 AM,10:22:00 AM,-2,Thursday,Jan
02/11/2015,WN,242,N7729A,LAX,ABQ,11:10:00 AM,11:05:00 AM,-5,10,11:15:00 AM,100,107,92,677,1:47:00 PM,5,1:50:00 PM,1:52:00 PM,2,Wednesday,Feb
01/26/2015,UA,1020,N27722,DCA,IAH,12:12:00 PM,12:07:00 PM,-5,22,12:29:00 PM,219,195,166,1208,2:15:00 PM,7,2:51:00 PM,2:22:00 PM,-29,Monday,Jan
01/26/2015,DL,2542,N967AT,ATL,JAN,9:54:00 PM,9:50:00 PM,-4,13,10:03:00 PM,79,73,55,341,9:58:00 PM,5,10:13:00 PM,10:03:00 PM,-10,Monday,Jan
01/24/2015,UA,1156,N38446,MCO,IAH,4:39:00 PM,4:38:00 PM,-1,10,4:48:00 PM,157,157,129,854,5:57:00 PM,18,6:16:00 PM,6:15:00 PM,-1,Saturday,Jan
02/10/2015,DL,2403,N970AT,MIA,LGA,11:00:00 AM,11:09:00 AM,9,19,11:28:00 AM,179,169,145,1096,1:53:00 PM,5,1:59:00 PM,1:58:00 PM,-1,Tuesday,Feb
01/01/2015,WN,613,N243WN,ATL,HOU,3:55:00 PM,4:25:00 PM,30,15,4:40:00 PM,145,133,113,696,5:33:00 PM,5,5:20:00 PM,5:38:00 PM,18,Thursday,Jan
01/02/2015,AA,2315,N3JFAA,DFW,ORD,2:25:00 PM,2:44:00 PM,19,19,3:03:00 PM,135,119,92,802,4:35:00 PM,8,4:40:00 PM,4:43:00 PM,3,Friday,Jan
01/29/2015,AS,571,N760AS,SAN,PDX,3:25:00 PM,3:22:00 PM,-3,11,3:33:00 PM,147,140,123,933,5:36:00 PM,6,5:52:00 PM,5:42:00 PM,-10,Thursday,Jan
02/06/2015,EV,4389,N16919,MEM,ORD,6:40:00 AM,6:44:00 AM,4,28,1:12:00 PM,118,129,88,491,2:40:00 AM,13,1:38:00 AM,3:53:00 AM,15,Friday,Feb
01/23/2015,AA,1138,N3FPAA,LGA,DFW,4:29:00 PM,4:20:00 PM,-9,22,4:42:00 PM,256,243,215,1389,7:17:00 PM,6,7:45:00 PM,7:23:00 PM,-22,Friday,Jan
02/09/2015,B6,951,N643JB,BOS,MCO,3:48:00 PM,4:11:00 PM,23,40,4:51:00 PM,200,217,162,1121,7:33:00 PM,15,7:08:00 PM,7:48:00 PM,40,Monday,Feb
01/12/2015,WN,748,N255WN,ELP,AUS,8:40:00 PM,8:35:00 PM,-5,9,8:44:00 PM,85,82,69,528,10:53:00 PM,4,11:05:00 PM,10:57:00 PM,-8,Monday,Jan
01/16/2015,EV,4198,N12922,BNA,IAH,9:16:00 AM,9:11:00 AM,-5,25,11:36:00 AM,147,151,109,657,10:25:00 AM,17,10:43:00 AM,10:42:00 AM,-1,Friday,Jan
01/06/2015,DL,755,N357NW,CMH,ATL,2:59:00 PM,2:58:00 PM,-1,9,3:07:00 PM,101,80,65,447,4:12:00 PM,6,4:40:00 PM,4:18:00 PM,-22,Tuesday,Jan
01/25/2015,DL,1058,N551NW,ATL,MCO,1:55:00 PM,1:54:00 PM,-1,25,2:19:00 PM,90,92,59,404,3:18:00 PM,8,3:25:00 PM,3:26:00 PM,1,Sunday,Jan
02/10/2015,MQ,3042,N931MQ,MIA,CHS,9:19:00 PM,9:17:00 PM,-2,25,9:42:00 PM,103,123,86,489,11:08:00 PM,12,11:02:00 PM,11:20:00 PM,18,Tuesday,Feb
01/02/2015,OO,4549,N809CA,SLC,MFR,11:30:00 AM,10:26:00 AM,-4,16,12:42:00 PM,131,114,95,575,7:17:00 PM,3,10:41:00 PM,8:20:00 PM,-21,Friday,Jan
01/20/2015,EV,5981,N12563,ORD,GRB,10:47:00 PM,10:44:00 PM,-3,14,11:58:00 PM,58,52,35,173,10:33:00 AM,3,10:45:00 AM,10:36:00 AM,-9,Tuesday,Jan
01/12/2015,EV,5321,N761ND,FSD,MSP,1:14:00 PM,2:35:00 PM,81,14,2:49:00 PM,66,64,39,196,3:28:00 PM,11,2:20:00 PM,3:39:00 PM,79,Monday,Jan
01/04/2015,WN,1307,N221WN,CMH,STL,6:05:00 PM,7:10:00 PM,5,8,7:18:00 PM,95,111,75,409,9:33:00 PM,28,10:40:00 PM,10:01:00 AM,21,Sunday,Jan
01/03/2015,B6,137,N657JB,BDL,MCO,7:33:00 PM,7:32:00 PM,-1,35,8:07:00 PM,180,190,149,1050,10:36:00 PM,6,10:33:00 PM,10:42:00 PM,9,Saturday,Jan
01/23/2015,WN,4910,N277WN,BUR,OAK,1:20:00 PM,1:17:00 PM,-3,11,1:28:00 PM,70,72,56,325,2:24:00 PM,5,2:30:00 PM,2:29:00 PM,-1,Friday,Jan
02/05/2015,WN,450,N8638A,HOU,LAX,5:20:00 PM,5:22:00 PM,2,12,5:34:00 PM,230,225,183,1390,6:37:00 PM,30,7:10:00 PM,7:07:00 PM,-3,Thursday,Feb
02/09/2015,EV,4924,N135EV,ECP,ATL,10:48:00 PM,10:45:00 PM,-3,10,11:55:00 PM,67,70,47,240,11:42:00 AM,13,11:55:00 AM,11:55:00 AM,0,Monday,Feb
01/07/2015,DL,959,N338NB,MSP,MCI,3:00:00 PM,3:20:00 PM,20,14,3:34:00 PM,89,72,54,393,4:28:00 PM,4,4:29:00 PM,4:32:00 PM,3,Wednesday,Jan
01/17/2015,DL,2028,N582NW,MCO,DTW,3:45:00 PM,3:43:00 PM,-2,11,3:54:00 PM,159,150,130,957,6:04:00 PM,9,6:24:00 PM,6:13:00 PM,-11,Saturday,Jan
02/12/2015,WN,1803,N730SW,OAK,BUR,1:10:00 PM,12:06:00 PM,-4,21,2:27:00 PM,70,74,51,325,11:18:00 PM,2,12:20:00 AM,12:20:00 AM,0,Thursday,Feb
01/09/2015,OO,5373,N910SW,LAX,SBA,10:00:00 AM,10:00:00 AM,0,28,10:28:00 AM,46,51,19,89,10:47:00 AM,4,10:46:00 AM,10:51:00 AM,5,Friday,Jan
01/26/2015,EV,4457,N24128,ORD,LEX,1:10:00 PM,1:31:00 PM,21,19,1:50:00 PM,79,68,46,323,3:36:00 PM,3,3:29:00 PM,3:39:00 PM,10,Monday,Jan
01/16/2015,DL,1286,N962DL,ATL,LGA,10:45:00 AM,10:43:00 AM,-2,17,11:00:00 AM,131,129,100,762,12:40:00 PM,12,12:56:00 PM,12:52:00 PM,-4,Friday,Jan
02/05/2015,UA,668,N821UA,ORD,LGA,12:00:00 PM,12:04:00 PM,4,15,1:19:00 PM,127,119,100,733,1:59:00 PM,4,6:07:00 PM,6:03:00 PM,-4,Thursday,Feb
02/01/2015,DL,2512,N955AT,HSV,ATL,10:00:00 PM,5:56:00 PM,-4,25,12:21:00 AM,71,62,28,151,12:49:00 PM,9,7:11:00 PM,1:58:00 PM,-13,Sunday,Feb
02/11/2015,WN,1255,N7721E,LAS,BUR,10:50:00 AM,10:45:00 AM,-5,10,10:55:00 AM,65,56,43,223,11:38:00 AM,3,11:55:00 AM,11:41:00 AM,-14,Wednesday,Feb
01/29/2015,WN,3676,N237WN,BWI,RDU,2:45:00 PM,3:19:00 PM,34,11,3:30:00 PM,70,64,49,255,4:19:00 PM,4,3:55:00 PM,4:23:00 PM,28,Thursday,Jan
02/10/2015,DL,1137,N825DN,RDU,ATL,11:30:00 AM,10:29:00 AM,-1,10,11:39:00 AM,103,84,53,356,9:32:00 PM,21,10:13:00 AM,11:53:00 PM,-20,Tuesday,Feb
02/06/2015,UA,532,N850UA,ORD,PIT,6:55:00 PM,6:59:00 PM,4,23,7:22:00 PM,91,87,59,413,9:21:00 PM,5,9:26:00 PM,9:26:00 PM,0,Friday,Feb
01/31/2015,OO,7419,N430SW,MSP,ABR,8:05:00 PM,8:01:00 PM,-4,16,8:17:00 PM,90,64,44,257,9:01:00 PM,4,9:35:00 PM,9:05:00 PM,-30,Saturday,Jan
01/24/2015,WN,3141,N641SW,SAT,STL,11:10:00 PM,10:06:00 PM,-4,16,12:22:00 AM,120,127,107,786,6:09:00 PM,4,7:10:00 PM,7:13:00 PM,3,Saturday,Jan
01/10/2015,EV,4715,N11107,ORD,BNA,4:33:00 PM,4:42:00 PM,9,35,5:17:00 PM,89,101,61,409,6:18:00 PM,5,6:02:00 PM,6:23:00 PM,21,Saturday,Jan
01/23/2015,OO,2748,N468CA,TUS,PHX,4:20:00 PM,4:17:00 PM,-3,8,4:25:00 PM,49,38,25,110,4:50:00 PM,5,5:09:00 PM,4:55:00 PM,-14,Friday,Jan
01/12/2015,NK,969,N514NK,BWI,ORD,2:20:00 PM,1:18:00 PM,-2,16,3:34:00 PM,120,125,100,622,11:14:00 PM,9,12:20:00 AM,12:23:00 AM,3,Monday,Jan
02/03/2015,US,1840,N829AW,MCI,CLT,1:50:00 PM,1:42:00 PM,-8,10,1:52:00 PM,128,105,89,808,4:21:00 PM,6,4:58:00 PM,4:27:00 PM,-31,Tuesday,Feb
02/04/2015,DL,1675,N951DL,ATL,IAH,12:06:00 PM,12:04:00 PM,-2,13,12:17:00 PM,140,122,105,689,1:02:00 PM,4,1:26:00 PM,1:06:00 PM,-20,Wednesday,Feb
02/04/2015,DL,1564,N926DL,RDU,ATL,2:51:00 PM,2:47:00 PM,-4,21,3:08:00 PM,95,85,58,356,4:06:00 PM,6,4:26:00 PM,4:12:00 PM,-14,Wednesday,Feb
01/25/2015,B6,54,N590JB,PBI,JFK,2:46:00 PM,3:15:00 PM,29,17,3:32:00 PM,164,156,132,1028,5:44:00 PM,7,5:30:00 PM,5:51:00 PM,21,Sunday,Jan
01/02/2015,UA,1745,N76529,IAH,DEN,6:40:00 AM,5:38:00 AM,-2,17,7:55:00 AM,154,144,119,862,5:54:00 PM,8,11:14:00 PM,10:02:00 PM,-12,Friday,Jan
01/20/2015,B6,827,N238JB,BOS,BWI,6:05:00 PM,5:53:00 PM,-12,25,6:18:00 PM,96,92,62,369,7:20:00 PM,5,7:41:00 PM,7:25:00 PM,-16,Tuesday,Jan
01/27/2015,WN,2941,N467WN,MDW,DAL,12:50:00 PM,12:51:00 PM,1,7,12:58:00 PM,150,115,103,793,2:41:00 PM,5,3:20:00 PM,2:46:00 PM,-34,Tuesday,Jan
01/26/2015,WN,515,N274WN,MCI,MSY,10:05:00 AM,10:08:00 AM,3,12,10:20:00 AM,120,112,85,689,11:45:00 AM,15,12:05:00 PM,12:00:00 PM,-5,Monday,Jan
02/06/2015,VX,714,N528VA,SFO,DAL,11:40:00 AM,12:22:00 PM,42,13,12:35:00 PM,200,187,168,1476,5:23:00 PM,6,5:00:00 PM,5:29:00 PM,29,Friday,Feb
02/07/2015,MQ,3679,N528MQ,MAF,DFW,1:24:00 PM,1:20:00 PM,-4,11,1:31:00 PM,71,68,51,309,2:22:00 PM,6,2:35:00 PM,2:28:00 PM,-7,Saturday,Feb
01/26/2015,AA,1430,N477AA,ORD,MSP,2:25:00 PM,2:28:00 PM,3,12,2:40:00 PM,86,78,64,334,3:44:00 PM,2,3:51:00 PM,3:46:00 PM,-5,Monday,Jan
02/05/2015,WN,1451,N555LV,STL,MCI,3:05:00 PM,3:04:00 PM,-1,8,3:12:00 PM,65,60,48,237,4:00:00 PM,4,4:10:00 PM,4:04:00 PM,-6,Thursday,Feb
01/09/2015,DL,871,N905DE,JAN,ATL,11:15:00 PM,11:12:00 PM,-3,10,12:22:00 AM,91,69,52,341,7:14:00 PM,7,10:46:00 PM,8:21:00 PM,-25,Friday,Jan
01/28/2015,NK,960,N503NK,RSW,CLE,10:37:00 AM,10:59:00 AM,22,9,11:08:00 AM,162,172,156,1025,1:44:00 PM,7,1:19:00 PM,1:51:00 PM,32,Wednesday,Jan
01/13/2015,EV,5068,N755EV,CID,ATL,5:40:00 PM,5:26:00 PM,-14,8,5:34:00 PM,115,110,96,694,8:10:00 PM,6,8:35:00 PM,8:16:00 PM,-19,Tuesday,Jan
01/14/2015,WN,537,N492WN,MCO,CAK,7:35:00 PM,7:41:00 PM,6,13,7:54:00 PM,140,142,121,861,9:55:00 PM,8,9:55:00 PM,10:03:00 PM,8,Wednesday,Jan
02/05/2015,OO,6326,N586SW,SFO,FAT,4:10:00 PM,4:29:00 PM,19,41,5:10:00 PM,62,82,37,158,5:47:00 PM,4,5:12:00 PM,5:51:00 PM,39,Thursday,Feb
01/07/2015,WN,1368,N648SW,TPA,ATL,3:30:00 PM,2:26:00 PM,-4,12,3:38:00 PM,90,88,70,406,2:48:00 AM,6,8:00:00 AM,3:54:00 AM,-6,Wednesday,Jan
01/29/2015,MQ,3175,N506MQ,DFW,AMA,8:00:00 AM,3:55:00 AM,-5,13,8:08:00 AM,72,68,50,312,1:58:00 PM,5,7:12:00 PM,6:03:00 PM,-9,Thursday,Jan
01/29/2015,B6,308,N348JB,JFK,PWM,1:24:00 PM,1:16:00 PM,-8,17,1:33:00 PM,70,62,42,273,2:15:00 PM,3,2:34:00 PM,2:18:00 PM,-16,Thursday,Jan
02/01/2015,US,428,N582UW,IAH,CLT,10:15:00 AM,10:11:00 AM,-4,16,10:27:00 AM,140,142,108,912,1:15:00 PM,18,1:35:00 PM,1:33:00 PM,-2,Sunday,Feb
01/29/2015,EV,5189,N751EV,MSP,MDW,3:17:00 PM,3:12:00 PM,-5,18,3:30:00 PM,95,89,66,349,4:36:00 PM,5,4:52:00 PM,4:41:00 PM,-11,Thursday,Jan
02/06/2015,WN,885,N767SW,DCA,ATL,12:05:00 PM,11:59:00 AM,-6,20,12:19:00 PM,130,110,83,547,1:42:00 PM,7,2:15:00 PM,1:49:00 PM,-26,Friday,Feb
01/11/2015,OO,5492,N718SK,SAT,ORD,2:36:00 PM,2:45:00 PM,9,14,2:59:00 PM,159,164,137,1041,5:16:00 PM,13,5:15:00 PM,5:29:00 PM,14,Sunday,Jan
02/08/2015,B6,729,N568JB,MCO,BQN,11:25:00 PM,11:25:00 PM,0,14,11:39:00 PM,163,149,126,1129,12:45:00 AM,9,6:08:00 AM,1:54:00 AM,-14,Sunday,Feb
02/08/2015,WN,329,N747SA,MDW,MSP,12:35:00 PM,12:27:00 PM,-8,7,12:34:00 PM,85,76,61,349,1:35:00 PM,8,2:00:00 PM,1:43:00 PM,-17,Sunday,Feb
01/29/2015,DL,1108,N954DL,ATL,MSP,5:47:00 PM,5:42:00 PM,-5,16,5:58:00 PM,165,155,135,907,7:13:00 PM,4,7:32:00 PM,7:17:00 PM,-15,Thursday,Jan
01/02/2015,US,407,N150UW,PHX,SFO,2:55:00 PM,2:54:00 PM,-1,15,3:09:00 PM,125,112,92,651,3:41:00 PM,5,4:00:00 PM,3:46:00 PM,-14,Friday,Jan
01/02/2015,WN,990,N246LV,MDW,ONT,8:15:00 PM,8:54:00 PM,39,7,9:01:00 PM,265,245,233,1706,10:54:00 PM,5,10:40:00 PM,10:59:00 PM,19,Friday,Jan
02/11/2015,MQ,3192,N688MQ,ORD,GRR,3:25:00 PM,3:25:00 PM,0,41,4:06:00 PM,46,69,25,137,5:31:00 PM,3,5:11:00 PM,5:34:00 PM,23,Wednesday,Feb
01/30/2015,EV,5743,N836AS,IAD,CAE,9:54:00 PM,11:52:00 PM,118,17,9:09:00 AM,91,75,54,401,10:03:00 AM,4,11:25:00 PM,10:07:00 AM,102,Friday,Jan
01/04/2015,UA,644,N474UA,IAD,SFO,4:34:00 PM,4:37:00 PM,3,14,4:51:00 PM,366,364,340,2419,7:31:00 PM,10,7:40:00 PM,7:41:00 PM,1,Sunday,Jan
01/18/2015,DL,2567,N355NB,MEM,MSP,4:35:00 PM,4:29:00 PM,-6,13,4:42:00 PM,132,140,119,700,6:41:00 PM,8,6:47:00 PM,6:49:00 PM,2,Sunday,Jan
01/23/2015,AS,818,N514AS,OGG,SMF,12:00:00 PM,11:45:00 AM,-15,24,12:09:00 PM,298,295,265,2404,6:34:00 PM,6,6:58:00 PM,6:40:00 PM,-18,Friday,Jan
01/12/2015,MQ,2922,N677MQ,DFW,CMI,5:25:00 PM,5:22:00 PM,-3,14,5:36:00 PM,113,108,88,693,7:04:00 PM,6,7:18:00 PM,7:10:00 PM,-8,Monday,Jan
01/26/2015,DL,51,N550NW,RSW,MSP,6:17:00 PM,6:13:00 PM,-4,12,6:25:00 PM,222,236,217,1416,9:02:00 PM,7,8:59:00 PM,9:09:00 PM,10,Monday,Jan
01/05/2015,DL,2414,N314US,CVG,LAS,7:55:00 PM,8:06:00 PM,11,14,8:20:00 PM,266,256,230,1678,9:10:00 PM,12,9:21:00 PM,9:22:00 PM,1,Monday,Jan
01/03/2015,WN,2082,N235WN,GRR,MCO,1:10:00 PM,1:37:00 PM,27,32,2:09:00 PM,170,191,151,1024,4:40:00 PM,8,4:00:00 PM,4:48:00 PM,48,Saturday,Jan
02/12/2015,US,819,N737US,IAH,CLT,3:15:00 AM,2:09:00 AM,-6,20,4:29:00 AM,139,140,111,912,10:20:00 AM,9,11:34:00 AM,10:29:00 AM,-5,Thursday,Feb
01/26/2015,WN,124,N8653A,CLE,BNA,4:40:00 PM,4:37:00 PM,-3,20,4:57:00 PM,100,99,73,448,5:10:00 PM,6,5:20:00 PM,5:16:00 PM,-4,Monday,Jan
01/15/2015,WN,4381,N748SW,MCI,TPA,12:40:00 PM,11:37:00 AM,-3,8,12:45:00 PM,150,139,125,1048,11:50:00 AM,6,12:10:00 PM,11:56:00 AM,-14,Thursday,Jan
01/16/2015,WN,4655,N482WN,DEN,SJC,12:10:00 PM,12:08:00 PM,-2,13,12:21:00 PM,165,152,136,948,1:37:00 PM,3,1:55:00 PM,1:40:00 PM,-15,Friday,Jan
01/02/2015,EV,5664,N14543,IAH,BTR,1:38:00 AM,1:33:00 AM,-5,31,8:04:00 AM,63,74,39,253,12:43:00 PM,4,12:41:00 PM,12:47:00 PM,6,Friday,Jan
02/04/2015,B6,1383,N206JB,BOS,RDU,11:30:00 AM,10:24:00 AM,-6,16,12:40:00 PM,132,120,100,612,10:20:00 AM,4,10:42:00 AM,10:24:00 AM,-18,Wednesday,Feb
01/06/2015,EV,4100,N16918,EWR,MEM,2:01:00 PM,3:24:00 PM,83,40,4:04:00 PM,187,206,161,946,5:45:00 PM,5,4:08:00 PM,5:50:00 PM,102,Tuesday,Jan
01/09/2015,AA,392,N3LLAA,ORD,LGA,1:30:00 AM,10:08:00 AM,158,19,10:27:00 AM,120,118,94,733,1:01:00 PM,5,10:30:00 AM,1:06:00 PM,156,Friday,Jan
01/22/2015,WN,4737,N718SW,MCO,PVD,9:00:00 PM,8:59:00 PM,-1,6,9:05:00 PM,155,144,134,1072,11:19:00 PM,4,11:35:00 PM,11:23:00 PM,-12,Thursday,Jan
01/07/2015,AA,1053,N4XHAA,DFW,RNO,5:50:00 PM,5:51:00 PM,1,21,6:12:00 PM,217,202,173,1345,7:05:00 PM,8,7:27:00 PM,7:13:00 PM,-14,Wednesday,Jan
01/04/2015,WN,1433,N268WN,OMA,DEN,8:35:00 PM,9:16:00 PM,41,12,9:28:00 PM,100,97,79,472,9:47:00 PM,6,9:15:00 PM,9:53:00 PM,38,Sunday,Jan
01/22/2015,AA,1359,N548AA,DFW,FAT,8:40:00 PM,8:37:00 PM,-3,16,8:53:00 PM,215,199,179,1313,9:52:00 PM,4,10:15:00 PM,9:56:00 PM,-19,Thursday,Jan
01/16/2015,UA,1416,N37427,EWR,RSW,3:05:00 PM,3:09:00 PM,4,16,3:25:00 PM,192,179,154,1068,5:59:00 PM,9,6:17:00 PM,6:08:00 PM,-9,Friday,Jan
01/10/2015,WN,3170,N551WN,MDW,GSP,8:30:00 PM,8:30:00 PM,0,13,8:43:00 PM,100,91,75,562,10:58:00 PM,3,11:10:00 PM,11:01:00 PM,-9,Saturday,Jan
02/06/2015,AA,327,N3LNAA,LGA,ORD,10:23:00 AM,10:16:00 AM,-7,22,10:38:00 AM,167,143,115,733,11:33:00 AM,6,12:10:00 PM,11:39:00 AM,-31,Friday,Feb
01/29/2015,DL,1265,N994DL,ATL,SAV,12:46:00 PM,12:42:00 PM,-4,16,12:58:00 PM,64,68,46,214,1:44:00 PM,6,1:50:00 PM,1:50:00 PM,0,Thursday,Jan
01/13/2015,US,2008,N576UW,MCO,PHL,7:35:00 PM,7:27:00 PM,-8,18,7:45:00 PM,142,137,115,861,9:40:00 PM,4,9:57:00 PM,9:44:00 PM,-13,Tuesday,Jan
01/04/2015,WN,1363,N787SA,PIT,RSW,12:25:00 AM,1:32:00 AM,7,8,2:40:00 AM,170,165,153,966,10:13:00 AM,4,10:15:00 AM,10:17:00 AM,2,Sunday,Jan
02/09/2015,WN,3925,N421LV,MDW,PHX,3:05:00 PM,3:05:00 PM,0,16,3:21:00 PM,230,228,206,1444,5:47:00 PM,6,5:55:00 PM,5:53:00 PM,-2,Monday,Feb
01/21/2015,EV,4207,N13538,DCA,CLE,5:28:00 PM,5:34:00 PM,6,20,5:54:00 PM,88,87,59,310,6:53:00 PM,8,6:56:00 PM,7:01:00 PM,5,Wednesday,Jan
01/10/2015,AS,344,N760AS,SEA,OAK,4:10:00 PM,4:03:00 PM,-7,17,4:20:00 PM,114,123,101,671,6:01:00 PM,5,6:04:00 PM,6:06:00 PM,2,Saturday,Jan
01/27/2015,DL,2170,N3761R,LAX,SLC,11:35:00 AM,11:32:00 AM,-3,11,11:43:00 AM,115,92,75,590,1:58:00 PM,6,2:30:00 PM,2:04:00 PM,-26,Tuesday,Jan
01/04/2015,OO,6301,N920SW,BIS,DEN,12:52:00 PM,1:18:00 PM,26,10,1:28:00 PM,101,90,73,516,1:41:00 PM,7,1:33:00 PM,1:48:00 PM,15,Sunday,Jan
01/14/2015,WN,644,N279WN,HOU,MSY,9:25:00 PM,9:20:00 PM,-5,7,9:27:00 PM,60,52,41,302,10:08:00 PM,4,10:25:00 PM,10:12:00 PM,-13,Wednesday,Jan
01/15/2015,AS,65,N794AS,PSG,JNU,12:06:00 PM,12:42:00 PM,36,6,12:48:00 PM,39,35,26,123,1:14:00 PM,3,12:45:00 PM,1:17:00 PM,32,Thursday,Jan
01/26/2015,AA,1025,N3HKAA,MIA,CLT,1:15:00 PM,1:30:00 PM,15,15,1:45:00 PM,129,123,99,650,3:24:00 PM,9,3:24:00 PM,3:33:00 PM,9,Monday,Jan
01/20/2015,OO,7393,N487CA,SLC,SGU,3:51:00 AM,2:47:00 AM,-4,15,8:02:00 AM,62,62,43,272,12:45:00 PM,4,1:53:00 PM,12:49:00 PM,-4,Tuesday,Jan
02/12/2015,WN,1643,N932WN,SAN,ABQ,10:45:00 PM,10:20:00 AM,35,11,10:31:00 AM,100,109,93,628,1:04:00 PM,5,12:25:00 PM,1:09:00 PM,44,Thursday,Feb
01/20/2015,UA,411,N831UA,ORD,OMA,8:45:00 PM,8:49:00 PM,4,14,9:03:00 PM,89,78,60,416,10:03:00 PM,4,10:14:00 PM,10:07:00 PM,-7,Tuesday,Jan
01/21/2015,OO,4723,N812SK,MSP,ORD,7:26:00 PM,7:24:00 PM,-2,49,8:13:00 PM,93,110,56,334,9:09:00 PM,5,8:59:00 PM,9:14:00 PM,15,Wednesday,Jan
01/29/2015,OO,6487,N986CA,SBA,SFO,12:40:00 PM,10:41:00 PM,61,50,10:31:00 AM,75,97,44,262,11:15:00 AM,3,11:55:00 PM,11:18:00 AM,83,Thursday,Jan
01/09/2015,DL,1430,N358NB,ATL,MSN,3:06:00 PM,3:06:00 PM,0,24,3:30:00 PM,128,131,103,707,4:13:00 PM,4,4:14:00 PM,4:17:00 PM,3,Friday,Jan
01/19/2015,WN,4998,N281WN,IND,TPA,5:50:00 PM,4:47:00 PM,-3,22,10:09:00 PM,140,135,107,837,1:56:00 PM,6,7:10:00 PM,6:02:00 PM,-8,Monday,Jan
01/18/2015,DL,1862,N907DA,ATL,MSY,1:43:00 PM,1:42:00 PM,-1,13,1:55:00 PM,97,83,67,425,2:02:00 PM,3,2:20:00 PM,2:05:00 PM,-15,Sunday,Jan
02/04/2015,WN,1020,N8603F,DEN,OMA,7:25:00 PM,7:21:00 PM,-4,22,7:43:00 PM,80,94,66,472,9:49:00 PM,6,9:45:00 PM,9:55:00 PM,10,Wednesday,Feb
01/21/2015,OO,4456,N936SW,IDA,SLC,3:13:00 PM,3:20:00 PM,7,12,3:32:00 PM,58,52,32,188,4:04:00 PM,8,4:11:00 PM,4:12:00 PM,1,Wednesday,Jan
01/17/2015,DL,2436,N3750D,DTW,SEA,12:40:00 PM,11:36:00 AM,-4,29,6:05:00 PM,317,313,278,1927,10:43:00 AM,6,10:57:00 AM,10:49:00 AM,-8,Saturday,Jan
01/23/2015,WN,4901,N260WN,BWI,PVD,11:15:00 PM,10:08:00 PM,-7,7,11:15:00 PM,70,59,49,327,8:04:00 AM,3,10:25:00 AM,8:07:00 AM,-18,Friday,Jan
01/04/2015,UA,1272,N66803,DEN,SEA,11:19:00 AM,12:13:00 PM,54,16,12:29:00 PM,181,190,167,1024,2:16:00 PM,7,1:20:00 PM,2:23:00 PM,63,Sunday,Jan
01/19/2015,WN,1144,N905WN,BWI,MCO,9:35:00 PM,9:41:00 PM,6,11,9:52:00 PM,140,131,115,787,11:47:00 PM,5,11:55:00 PM,11:52:00 PM,-3,Monday,Jan
02/01/2015,MQ,3050,N622MQ,DFW,VPS,8:10:00 PM,8:16:00 PM,6,29,8:45:00 PM,108,111,74,641,9:59:00 PM,8,9:58:00 PM,10:07:00 PM,9,Sunday,Feb
02/05/2015,B6,1241,N627JB,BDL,PBI,3:15:00 PM,3:37:00 PM,22,11,3:48:00 PM,187,195,180,1133,6:48:00 PM,4,6:22:00 PM,6:52:00 PM,30,Thursday,Feb
01/22/2015,EV,4638,N13123,EWR,CVG,6:06:00 PM,1:57:00 PM,-9,29,8:26:00 PM,136,142,108,569,11:14:00 AM,5,11:22:00 AM,11:19:00 AM,-3,Thursday,Jan
01/20/2015,DL,1834,N909DA,STL,ATL,6:26:00 PM,6:21:00 PM,-5,10,6:31:00 PM,96,90,70,484,8:41:00 PM,10,9:02:00 PM,8:51:00 PM,-11,Tuesday,Jan
01/25/2015,EV,5171,N695CA,ATL,MGM,1:10:00 PM,1:07:00 PM,-3,13,1:20:00 PM,53,50,34,147,12:54:00 PM,3,1:03:00 PM,12:57:00 PM,-6,Sunday,Jan
02/04/2015,US,2158,N945UW,LGA,BOS,6:00:00 PM,5:55:00 PM,-5,45,6:40:00 PM,75,92,41,184,7:21:00 PM,6,7:15:00 PM,7:27:00 PM,12,Wednesday,Feb
01/26/2015,UA,1176,N39423,AUS,SFO,3:55:00 AM,2:46:00 AM,-9,13,3:59:00 AM,249,220,203,1504,8:22:00 PM,4,10:04:00 AM,8:26:00 PM,-38,Monday,Jan
01/25/2015,WN,577,N7720F,SJU,ATL,4:45:00 PM,4:37:00 PM,-8,16,4:53:00 PM,250,252,225,1547,7:38:00 PM,11,7:55:00 PM,7:49:00 PM,-6,Sunday,Jan
01/08/2015,WN,139,N373SW,MCO,MDW,6:00:00 PM,1:50:00 PM,-10,17,6:07:00 PM,175,184,162,990,10:49:00 AM,5,10:55:00 AM,10:54:00 AM,-1,Thursday,Jan
01/12/2015,OO,7402,N452SW,DTW,ESC,12:00:00 PM,12:10:00 PM,10,18,12:28:00 PM,85,81,56,306,1:24:00 PM,7,1:25:00 PM,1:31:00 PM,6,Monday,Jan
02/03/2015,OO,5432,N960SW,ORD,MBS,1:15:00 PM,2:33:00 PM,78,19,2:52:00 PM,70,64,41,222,4:33:00 PM,4,3:25:00 PM,4:37:00 PM,72,Tuesday,Feb
01/17/2015,AA,2477,N3CJAA,DFW,LAX,6:30:00 PM,6:52:00 PM,22,19,7:11:00 PM,202,205,176,1235,8:07:00 PM,10,7:52:00 PM,8:17:00 PM,25,Saturday,Jan
02/03/2015,NK,650,N519NK,TPA,DTW,11:10:00 PM,10:03:00 PM,-7,10,11:13:00 PM,153,160,142,983,9:35:00 PM,8,10:43:00 PM,10:43:00 PM,0,Tuesday,Feb
02/02/2015,US,2005,N126UW,CLT,FLL,6:15:00 PM,7:06:00 PM,51,12,7:18:00 PM,123,115,95,631,8:53:00 PM,8,8:18:00 PM,9:01:00 PM,43,Monday,Feb
01/25/2015,WN,1366,N270WN,OAK,PHX,10:20:00 AM,10:19:00 AM,-1,10,10:29:00 AM,110,111,98,646,1:07:00 PM,3,1:10:00 PM,1:10:00 PM,0,Sunday,Jan
02/10/2015,WN,248,N420WN,DCA,MDW,2:15:00 PM,2:11:00 PM,-4,11,2:22:00 PM,125,109,93,601,2:55:00 PM,5,3:20:00 PM,3:00:00 PM,-20,Tuesday,Feb
01/22/2015,DL,873,N692DL,STT,ATL,5:45:00 PM,5:37:00 PM,-8,23,6:00:00 PM,249,251,216,1599,8:36:00 PM,12,8:54:00 PM,8:48:00 PM,-6,Thursday,Jan
01/03/2015,NK,938,N618NK,RSW,ACY,9:11:00 PM,10:01:00 PM,50,14,10:15:00 PM,134,135,118,982,1:13:00 PM,3,11:25:00 PM,4:16:00 PM,51,Saturday,Jan
01/31/2015,EV,4869,N868AS,ATL,ABE,12:05:00 PM,12:17:00 PM,12,13,12:30:00 PM,118,113,96,692,2:06:00 PM,4,2:03:00 PM,2:10:00 PM,7,Saturday,Jan
02/11/2015,UA,381,N461UA,ORD,JAC,10:45:00 PM,10:41:00 PM,-4,16,11:57:00 PM,194,177,158,1162,11:35:00 AM,3,11:59:00 AM,11:38:00 AM,-21,Wednesday,Feb
01/09/2015,AA,1389,N4XHAA,DFW,LAS,5:15:00 PM,7:52:00 PM,157,15,8:07:00 PM,183,155,133,1055,8:20:00 PM,7,6:18:00 PM,8:27:00 PM,129,Friday,Jan
01/03/2015,WN,2869,N202WN,HOU,MSY,2:20:00 PM,3:22:00 PM,62,4,3:26:00 PM,60,51,44,302,4:10:00 PM,3,3:20:00 PM,4:13:00 PM,53,Saturday,Jan
01/12/2015,EV,3934,N12528,MLU,IAH,3:22:00 PM,4:39:00 PM,77,8,4:47:00 PM,72,68,50,262,5:37:00 PM,10,4:34:00 PM,5:47:00 PM,73,Monday,Jan
01/22/2015,DL,2231,N907DE,LGA,DTW,4:30:00 PM,4:28:00 PM,-2,32,5:00:00 PM,139,122,85,502,6:25:00 PM,5,6:49:00 PM,6:30:00 PM,-19,Thursday,Jan
02/08/2015,F9,1249,N941FR,MIA,DEN,9:25:00 PM,9:43:00 PM,18,14,9:57:00 PM,262,269,247,1709,4:04:00 AM,8,11:47:00 PM,12:12:00 PM,25,Sunday,Feb
01/06/2015,WN,3058,N429WN,SNA,SJC,4:45:00 PM,4:42:00 PM,-3,19,10:01:00 PM,90,76,51,342,3:52:00 AM,6,9:15:00 AM,3:58:00 AM,-17,Tuesday,Jan
01/23/2015,WN,39,N560WN,DAL,HOU,4:00:00 PM,4:36:00 PM,36,7,4:43:00 PM,65,59,48,239,5:31:00 PM,4,5:05:00 PM,5:35:00 PM,30,Friday,Jan
01/12/2015,AA,2210,N482AA,DFW,SAT,10:00:00 AM,10:09:00 AM,9,9,10:18:00 AM,67,54,41,247,10:59:00 AM,4,11:07:00 AM,11:03:00 AM,-4,Monday,Jan
01/31/2015,HA,178,N489HA,HNL,KOA,2:53:00 PM,2:46:00 PM,-7,9,2:55:00 PM,44,44,29,163,3:24:00 PM,6,3:37:00 PM,3:30:00 PM,-7,Saturday,Jan
02/10/2015,DL,1942,N895AT,ATL,EWR,12:45:00 PM,12:43:00 PM,-2,12,12:55:00 PM,134,124,106,746,2:41:00 PM,6,2:59:00 PM,2:47:00 PM,-12,Tuesday,Feb
01/19/2015,WN,1354,N226WN,DAL,TUL,6:00:00 PM,1:57:00 PM,-3,10,6:07:00 PM,60,55,41,237,10:48:00 PM,4,10:00:00 AM,11:52:00 PM,-8,Monday,Jan
02/12/2015,EV,5142,N744EV,PVD,DTW,11:05:00 AM,10:59:00 AM,-6,19,11:18:00 AM,130,129,101,615,12:59:00 PM,9,1:15:00 PM,1:08:00 PM,-7,Thursday,Feb
02/12/2015,WN,4970,N235WN,PHX,MCI,2:40:00 PM,2:40:00 PM,0,13,2:53:00 PM,150,161,143,1044,6:16:00 PM,5,6:10:00 PM,6:21:00 PM,11,Thursday,Feb
01/15/2015,EV,4336,N16170,DEN,TUS,11:14:00 AM,11:08:00 AM,-6,13,11:21:00 AM,124,120,102,639,1:03:00 PM,5,1:18:00 PM,1:08:00 PM,-10,Thursday,Jan
01/29/2015,WN,791,N554WN,LAS,OKC,7:35:00 PM,7:34:00 PM,-1,15,7:49:00 PM,140,136,117,986,11:46:00 PM,4,11:55:00 PM,11:50:00 PM,-5,Thursday,Jan
02/06/2015,DL,1578,N652DL,RSW,DTW,11:35:00 AM,11:20:00 AM,-15,9,11:29:00 AM,176,176,158,1084,2:07:00 PM,9,2:31:00 PM,2:16:00 PM,-15,Friday,Feb
01/09/2015,DL,2256,N530US,MCI,ATL,4:35:00 PM,4:36:00 PM,1,9,4:45:00 PM,117,108,86,692,7:11:00 PM,13,7:32:00 PM,7:24:00 PM,-8,Friday,Jan
01/09/2015,WN,3211,N767SW,CLE,BWI,12:00:00 PM,7:57:00 AM,-3,30,2:27:00 PM,85,82,48,314,11:15:00 PM,4,12:25:00 AM,11:19:00 PM,-6,Friday,Jan
02/02/2015,US,1916,N711UW,CLT,ALB,4:15:00 PM,4:12:00 PM,-3,16,4:28:00 PM,114,107,86,646,5:54:00 PM,5,6:09:00 PM,5:59:00 PM,-10,Monday,Feb
01/01/2015,DL,2462,N941DL,MSP,MCI,3:25:00 PM,3:23:00 PM,-2,12,3:35:00 PM,89,76,61,393,4:36:00 PM,3,4:54:00 PM,4:39:00 PM,-15,Thursday,Jan
01/24/2015,EV,3957,N16571,ORD,ALB,6:06:00 PM,6:00:00 PM,-6,11,7:11:00 PM,118,115,97,723,11:48:00 AM,7,12:04:00 PM,11:55:00 AM,-9,Saturday,Jan
01/11/2015,DL,1993,N336NB,MSP,BIS,5:38:00 PM,5:35:00 PM,-3,20,5:55:00 PM,95,97,60,386,6:55:00 PM,17,7:13:00 PM,7:12:00 PM,-1,Sunday,Jan
02/04/2015,EV,5303,N176PQ,ATL,GRK,7:20:00 PM,7:13:00 PM,-7,22,7:35:00 PM,150,154,130,803,8:45:00 PM,2,8:50:00 PM,8:47:00 PM,-3,Wednesday,Feb
02/10/2015,AA,969,N5BSAA,DFW,MIA,1:10:00 PM,12:03:00 PM,-7,10,1:13:00 PM,162,157,131,1121,8:24:00 PM,16,11:52:00 PM,10:40:00 PM,-12,Tuesday,Feb
02/02/2015,HA,297,N493HA,KOA,HNL,4:59:00 PM,4:56:00 PM,-3,8,5:04:00 PM,44,43,30,163,5:34:00 PM,5,5:43:00 PM,5:39:00 PM,-4,Monday,Feb
01/15/2015,WN,51,N523SW,DAL,HOU,7:00:00 PM,7:07:00 PM,7,9,7:16:00 PM,65,56,44,239,8:00:00 PM,3,8:05:00 PM,8:03:00 PM,-2,Thursday,Jan
01/06/2015,AA,2259,N3LMAA,ORD,MIA,7:15:00 PM,7:12:00 PM,-3,25,9:37:00 PM,185,181,151,1197,1:08:00 PM,5,1:20:00 PM,1:13:00 PM,-7,Tuesday,Jan
01/10/2015,WN,3579,N363SW,RNO,LAS,3:05:00 PM,3:16:00 PM,11,6,3:22:00 PM,75,62,51,345,4:13:00 PM,5,4:20:00 PM,4:18:00 PM,-2,Saturday,Jan
01/15/2015,US,751,N562UW,PHL,DFW,4:15:00 PM,4:13:00 PM,-2,25,4:38:00 PM,237,216,181,1303,6:39:00 PM,10,7:12:00 PM,6:49:00 PM,-23,Thursday,Jan
02/06/2015,DL,1874,N909DA,ATL,MKE,4:12:00 PM,4:24:00 PM,12,13,4:37:00 PM,127,118,99,669,5:16:00 PM,6,5:19:00 PM,5:22:00 PM,3,Friday,Feb
01/14/2015,WN,3943,N211WN,STL,MCI,10:10:00 AM,10:09:00 AM,-1,7,10:16:00 AM,65,54,42,237,10:58:00 AM,5,11:15:00 AM,11:03:00 AM,-12,Wednesday,Jan
01/04/2015,EV,5700,N834AS,CAE,ORD,3:57:00 AM,3:51:00 AM,-6,15,8:06:00 AM,128,148,98,667,12:44:00 PM,35,6:05:00 PM,7:19:00 PM,14,Sunday,Jan
01/02/2015,EV,5309,N166PQ,BWI,DTW,2:45:00 PM,2:37:00 PM,-8,13,2:50:00 PM,98,95,77,409,4:07:00 PM,5,4:23:00 PM,4:12:00 PM,-11,Friday,Jan
01/16/2015,US,2069,N107US,CLT,IAH,2:55:00 PM,2:52:00 PM,-3,34,3:26:00 PM,173,174,134,912,4:40:00 PM,6,4:48:00 PM,4:46:00 PM,-2,Friday,Jan
02/06/2015,DL,1432,N911DE,ATL,LIT,9:15:00 PM,9:12:00 PM,-3,21,9:33:00 PM,96,94,67,453,9:40:00 PM,6,9:51:00 PM,9:46:00 PM,-5,Friday,Feb
01/16/2015,WN,1159,N7736A,HOU,BNA,3:20:00 PM,3:26:00 PM,6,11,3:37:00 PM,110,96,82,670,4:59:00 PM,3,5:10:00 PM,5:02:00 PM,-8,Friday,Jan
02/06/2015,EV,4501,N14558,HPN,ORD,5:15:00 PM,5:15:00 PM,0,27,5:42:00 PM,151,152,114,738,6:36:00 PM,11,6:46:00 PM,6:47:00 PM,1,Friday,Feb
01/15/2015,WN,940,N638SW,ABQ,PHX,5:10:00 PM,5:19:00 PM,9,15,5:34:00 PM,75,76,56,328,6:30:00 PM,5,6:25:00 PM,6:35:00 PM,10,Thursday,Jan
01/15/2015,DL,2422,N967DL,ATL,CLT,12:25:00 AM,12:23:00 AM,-2,53,9:16:00 AM,78,101,44,226,6:00:00 PM,4,12:43:00 PM,6:04:00 PM,21,Thursday,Jan
01/14/2015,AA,1208,N470AA,RNO,DFW,11:14:00 PM,7:55:00 PM,761,12,8:07:00 PM,196,175,160,1345,11:47:00 PM,3,12:30:00 PM,2:50:00 AM,740,Wednesday,Jan
01/15/2015,OO,6357,N106SY,MSP,ORD,11:39:00 AM,9:37:00 PM,58,18,11:55:00 PM,94,83,54,334,10:49:00 AM,11,10:13:00 AM,11:00:00 AM,47,Thursday,Jan
02/02/2015,US,745,N156UW,CLT,ATL,8:20:00 PM,8:16:00 PM,-4,18,8:34:00 PM,73,69,43,226,9:17:00 PM,8,9:33:00 PM,9:25:00 PM,-8,Monday,Feb
01/24/2015,HA,190,N475HA,LIH,HNL,4:52:00 PM,4:45:00 PM,-7,6,4:51:00 PM,33,31,20,102,5:11:00 PM,5,5:25:00 PM,5:16:00 PM,-9,Saturday,Jan
02/04/2015,AA,1307,N3LTAA,BNA,LAX,6:25:00 PM,6:30:00 PM,5,30,7:00:00 PM,273,279,240,1797,9:00:00 PM,9,8:58:00 PM,9:09:00 PM,11,Wednesday,Feb
02/10/2015,EV,4687,N13550,EWR,CVG,1:35:00 PM,1:23:00 PM,-12,20,1:43:00 PM,132,120,92,569,3:15:00 PM,8,3:47:00 PM,3:23:00 PM,-24,Tuesday,Feb
01/01/2015,WN,255,N357SW,ATL,DTW,11:20:00 AM,11:18:00 AM,-2,13,11:31:00 AM,120,112,91,594,1:02:00 PM,8,1:20:00 PM,1:10:00 PM,-10,Thursday,Jan
01/18/2015,WN,4143,N387SW,LAS,ABQ,1:30:00 AM,12:26:00 AM,-4,13,1:39:00 AM,85,81,64,486,10:43:00 PM,4,11:55:00 PM,10:47:00 PM,-8,Sunday,Jan
01/12/2015,OO,4532,N935SW,AZO,MSP,11:15:00 PM,12:24:00 AM,9,39,8:03:00 AM,111,119,75,426,9:18:00 AM,5,8:06:00 AM,10:23:00 AM,17,Monday,Jan
01/14/2015,WN,4393,N437WN,SJC,LAS,12:40:00 PM,12:40:00 PM,0,7,12:47:00 PM,80,77,65,386,1:52:00 PM,5,2:00:00 PM,1:57:00 PM,-3,Wednesday,Jan
02/01/2015,DL,2090,N633DL,PDX,MSP,10:04:00 PM,5:59:00 PM,-5,12,11:11:00 PM,206,185,166,1426,11:57:00 AM,7,12:30:00 PM,12:04:00 PM,-26,Sunday,Feb
01/15/2015,HA,312,N491HA,HNL,ITO,6:44:00 PM,6:55:00 PM,11,11,7:06:00 PM,50,52,35,216,7:41:00 PM,6,7:34:00 PM,7:47:00 PM,13,Thursday,Jan
02/04/2015,AA,383,N3CBAA,DFW,DCA,3:55:00 PM,3:55:00 PM,0,15,4:10:00 PM,163,152,133,1192,7:23:00 PM,4,7:38:00 PM,7:27:00 PM,-11,Wednesday,Feb
01/14/2015,DL,2107,N927AT,ATL,DAL,1:39:00 PM,1:48:00 PM,9,20,2:08:00 PM,145,130,107,721,2:55:00 PM,3,3:04:00 PM,2:58:00 PM,-6,Wednesday,Jan
01/01/2015,AA,1382,N3AEAA,PBI,LGA,11:15:00 AM,11:08:00 AM,-7,12,11:20:00 AM,170,154,139,1035,1:39:00 PM,3,2:05:00 PM,1:42:00 PM,-23,Thursday,Jan
02/06/2015,US,1973,N825AW,CLT,IND,1:10:00 PM,1:04:00 PM,-6,15,1:19:00 PM,102,99,77,427,2:36:00 PM,7,2:52:00 PM,2:43:00 PM,-9,Friday,Feb
01/04/2015,WN,4016,N465WN,DTW,MDW,11:15:00 PM,11:13:00 PM,-2,7,12:20:00 AM,80,63,49,228,10:09:00 PM,7,1:35:00 AM,11:16:00 PM,-19,Sunday,Jan
02/12/2015,UA,1574,N77520,LAS,EWR,12:38:00 PM,12:36:00 PM,-2,15,12:51:00 PM,297,309,271,2227,8:22:00 PM,23,8:35:00 PM,8:45:00 PM,10,Thursday,Feb
01/05/2015,DL,2082,N932DL,MKE,DTW,12:20:00 PM,12:16:00 PM,-4,15,12:31:00 PM,75,74,42,237,2:13:00 PM,17,2:35:00 PM,2:30:00 PM,-5,Monday,Jan
02/03/2015,AA,1294,N3BUAA,MSP,MIA,6:30:00 PM,6:25:00 PM,-5,46,7:11:00 PM,214,236,185,1501,11:16:00 PM,5,11:04:00 PM,11:21:00 PM,17,Tuesday,Feb
02/06/2015,UA,1607,N67815,SEA,DEN,10:59:00 AM,10:57:00 AM,-2,16,11:13:00 AM,155,149,124,1024,2:17:00 PM,9,2:34:00 PM,2:26:00 PM,-8,Friday,Feb
01/10/2015,EV,5977,N16963,DAL,IAH,4:45:00 PM,4:44:00 PM,-1,38,12:22:00 AM,66,94,45,216,8:07:00 AM,11,3:51:00 AM,9:18:00 AM,27,Saturday,Jan
02/07/2015,AA,2395,N3LWAA,MIA,LGA,12:31:00 PM,12:27:00 PM,-4,15,12:42:00 PM,178,176,156,1096,3:18:00 PM,5,3:29:00 PM,3:23:00 PM,-6,Saturday,Feb
01/19/2015,EV,5238,N873AS,CAE,ATL,1:05:00 PM,1:00:00 PM,-5,14,1:14:00 PM,67,66,43,192,1:57:00 PM,9,2:12:00 PM,2:06:00 PM,-6,Monday,Jan
01/14/2015,AA,1653,N3KRAA,JFK,CLT,10:20:00 AM,9:18:00 AM,-2,24,12:42:00 PM,132,130,96,541,10:18:00 AM,10,10:32:00 AM,10:28:00 AM,-4,Wednesday,Jan
02/02/2015,WN,2943,N714CB,FLL,MCI,10:40:00 AM,10:35:00 AM,-5,11,10:46:00 AM,210,201,184,1242,12:50:00 PM,6,1:10:00 PM,12:56:00 PM,-14,Monday,Feb
01/26/2015,DL,1679,N361NW,DTW,PIT,7:40:00 PM,7:34:00 PM,-6,12,7:46:00 PM,73,55,37,201,8:23:00 PM,6,8:53:00 PM,8:29:00 PM,-24,Monday,Jan
01/19/2015,WN,3947,N346SW,MAF,HOU,7:30:00 PM,7:23:00 PM,-7,7,7:30:00 PM,80,70,57,441,8:27:00 PM,6,8:50:00 PM,8:33:00 PM,-17,Monday,Jan
02/08/2015,DL,2295,N324NB,SAN,SLC,10:18:00 AM,10:16:00 AM,-2,18,10:34:00 AM,111,106,81,626,12:55:00 PM,7,1:09:00 PM,1:02:00 PM,-7,Sunday,Feb
02/11/2015,DL,2610,N992DL,CLT,ATL,1:15:00 PM,1:12:00 PM,-3,27,3:39:00 PM,77,75,43,226,12:22:00 AM,5,1:32:00 AM,12:27:00 AM,-5,Wednesday,Feb
01/28/2015,WN,251,N787SA,DTW,DEN,4:40:00 PM,4:46:00 PM,6,14,10:00:00 PM,205,177,157,1123,1:37:00 AM,6,8:05:00 AM,2:43:00 AM,-22,Wednesday,Jan
02/03/2015,EV,5582,N900EV,ATL,TYS,9:15:00 AM,12:48:00 PM,33,21,6:09:00 PM,50,56,29,152,9:38:00 PM,6,6:05:00 PM,10:44:00 PM,39,Tuesday,Feb
01/26/2015,EV,5306,N859AS,MYR,ATL,6:36:00 PM,6:38:00 PM,2,21,6:59:00 PM,79,89,60,317,7:59:00 PM,8,7:55:00 PM,8:07:00 PM,12,Monday,Jan
01/28/2015,WN,4541,N272WN,LAX,ELP,6:55:00 PM,6:50:00 PM,-5,9,6:59:00 PM,105,102,89,715,9:28:00 PM,4,9:40:00 PM,9:32:00 PM,-8,Wednesday,Jan
02/05/2015,US,1905,N256AY,CLT,MCO,8:25:00 PM,9:38:00 PM,13,20,11:58:00 PM,99,110,76,468,11:14:00 AM,14,11:04:00 AM,11:28:00 AM,24,Thursday,Feb
01/21/2015,WN,1048,N8644C,LAX,LAS,6:00:00 PM,5:56:00 PM,-4,7,6:03:00 PM,60,62,46,236,6:49:00 PM,9,7:00:00 PM,6:58:00 PM,-2,Wednesday,Jan
02/10/2015,HA,316,N483HA,HNL,OGG,10:21:00 AM,10:19:00 AM,-2,13,10:32:00 AM,38,41,24,100,10:56:00 AM,4,10:59:00 AM,11:00:00 AM,1,Tuesday,Feb
01/24/2015,VX,717,N523VA,LGA,DAL,3:45:00 PM,3:32:00 PM,-13,14,3:46:00 PM,250,218,197,1381,6:03:00 PM,7,6:55:00 PM,6:10:00 PM,-45,Saturday,Jan
01/13/2015,AS,55,N584AS,ANC,SCC,8:00:00 AM,8:03:00 AM,3,13,9:16:00 AM,103,104,88,627,10:44:00 PM,3,10:43:00 PM,10:47:00 PM,4,Tuesday,Jan
01/31/2015,B6,400,N284JB,MSY,BOS,5:15:00 PM,5:00:00 PM,-15,9,5:09:00 PM,184,187,175,1368,9:04:00 PM,3,9:19:00 PM,9:07:00 PM,-12,Saturday,Jan
01/04/2015,WN,2674,N663SW,SAN,PHX,6:05:00 PM,6:04:00 PM,-1,8,6:12:00 PM,70,66,51,304,8:03:00 PM,7,8:15:00 PM,8:10:00 PM,-5,Sunday,Jan
01/03/2015,OO,7414,N779CA,RHI,MSP,11:14:00 PM,1:32:00 AM,18,34,8:06:00 AM,65,76,36,190,12:42:00 PM,6,9:19:00 AM,12:48:00 PM,29,Saturday,Jan
01/26/2015,AS,748,N644AS,SEA,STL,11:45:00 AM,11:39:00 AM,-6,11,11:50:00 AM,224,207,190,1709,5:00:00 PM,6,5:29:00 PM,5:06:00 PM,-23,Monday,Jan
01/14/2015,WN,254,N783SW,OAK,BUR,5:20:00 PM,5:23:00 PM,3,10,5:33:00 PM,65,65,52,325,6:25:00 PM,3,6:25:00 PM,6:28:00 PM,3,Wednesday,Jan
01/18/2015,US,635,N659AW,PHX,FLL,11:50:00 PM,10:48:00 PM,-2,20,10:08:00 AM,260,270,246,1972,4:14:00 PM,4,4:10:00 PM,4:18:00 PM,8,Sunday,Jan
01/25/2015,WN,698,N525SW,HRL,HOU,6:10:00 PM,6:05:00 PM,-5,7,6:12:00 PM,65,78,51,277,7:03:00 PM,20,7:15:00 PM,7:23:00 PM,8,Sunday,Jan
01/01/2015,WN,578,N8618N,LGA,MKE,5:25:00 PM,6:12:00 PM,47,10,6:22:00 PM,160,141,127,738,7:29:00 PM,4,7:05:00 PM,7:33:00 PM,28,Thursday,Jan
02/04/2015,B6,348,N703JB,LGB,OAK,4:51:00 PM,4:49:00 PM,-2,10,4:59:00 PM,78,67,52,353,5:51:00 PM,5,6:09:00 PM,5:56:00 PM,-13,Wednesday,Feb
01/16/2015,DL,1077,N910DN,RDU,ATL,4:00:00 PM,3:56:00 PM,-4,13,4:09:00 PM,92,75,55,356,5:04:00 PM,7,5:32:00 PM,5:11:00 PM,-21,Friday,Jan
01/24/2015,AA,2377,N499AA,DFW,ICT,11:55:00 PM,10:45:00 PM,-10,12,11:57:00 PM,76,69,52,328,10:49:00 AM,5,11:11:00 AM,10:54:00 AM,-17,Saturday,Jan
01/26/2015,DL,2129,N941DN,ROC,ATL,12:00:00 PM,12:02:00 PM,2,16,1:18:00 PM,155,127,105,749,8:03:00 AM,6,11:35:00 AM,8:09:00 AM,-26,Monday,Jan
02/09/2015,DL,1232,N543US,DTW,FLL,11:52:00 AM,11:52:00 AM,0,37,12:29:00 PM,196,179,138,1127,2:47:00 PM,4,3:08:00 PM,2:51:00 PM,-17,Monday,Feb
02/09/2015,OO,4754,N779CA,DTW,SBN,7:40:00 PM,7:36:00 PM,-4,11,7:47:00 PM,66,43,29,157,8:16:00 PM,3,8:46:00 PM,8:19:00 PM,-27,Monday,Feb
01/28/2015,WN,402,N650SW,DEN,OAK,5:45:00 PM,5:47:00 PM,2,11,5:58:00 PM,160,162,144,957,7:22:00 PM,7,7:25:00 PM,7:29:00 PM,4,Wednesday,Jan
01/01/2015,B6,1563,N504JB,ORD,SJU,11:31:00 AM,11:29:00 AM,-2,14,11:43:00 AM,275,250,232,2072,5:35:00 PM,4,6:06:00 PM,5:39:00 PM,-27,Thursday,Jan
02/05/2015,WN,4995,N966WN,TPA,PIT,4:50:00 PM,5:29:00 PM,39,12,5:41:00 PM,135,131,115,873,7:36:00 PM,4,7:05:00 PM,7:40:00 PM,35,Thursday,Feb
01/12/2015,MQ,3110,N696MQ,HSV,ORD,5:55:00 PM,10:00:00 PM,5,14,11:14:00 PM,140,137,84,510,11:38:00 AM,39,7:15:00 PM,7:17:00 PM,2,Monday,Jan
02/03/2015,WN,1717,N946WN,DEN,ONT,9:05:00 PM,9:22:00 PM,17,9,9:31:00 PM,150,130,115,819,10:26:00 PM,6,10:35:00 PM,10:32:00 PM,-3,Tuesday,Feb
01/29/2015,UA,455,N449UA,SFO,LAS,10:35:00 PM,10:30:00 PM,-5,26,10:56:00 PM,89,94,62,414,11:58:00 PM,6,4:04:00 AM,4:04:00 AM,0,Thursday,Jan
01/01/2015,B6,1198,N661JB,MCO,LGA,4:22:00 PM,5:04:00 PM,42,28,5:32:00 PM,152,157,123,950,7:35:00 PM,6,6:54:00 PM,7:41:00 PM,47,Thursday,Jan
02/03/2015,MQ,3283,N663MQ,ORD,DAY,3:55:00 AM,10:23:00 AM,28,24,12:47:00 PM,63,66,39,240,10:26:00 AM,3,11:58:00 PM,10:29:00 AM,31,Tuesday,Feb
02/08/2015,AS,743,N703AS,SLC,SFO,3:50:00 AM,2:46:00 AM,-4,14,8:00:00 AM,125,119,98,599,11:38:00 AM,7,1:55:00 PM,12:45:00 PM,-10,Sunday,Feb
01/01/2015,DL,1559,N587NW,LAX,HNL,2:40:00 PM,2:38:00 PM,-2,17,2:55:00 PM,348,360,331,2556,6:26:00 PM,12,6:28:00 PM,6:38:00 PM,10,Thursday,Jan
02/11/2015,AA,1366,N3GVAA,DFW,TPA,10:20:00 AM,10:19:00 AM,-1,14,10:33:00 AM,134,128,111,929,1:24:00 PM,3,1:34:00 PM,1:27:00 PM,-7,Wednesday,Feb
01/27/2015,WN,544,N8603F,STL,MCO,10:00:00 PM,5:55:00 PM,-5,10,10:05:00 PM,150,123,104,882,10:49:00 PM,9,10:30:00 AM,11:58:00 PM,-32,Tuesday,Jan
02/01/2015,F9,920,N927FR,MCO,TTN,5:10:00 PM,5:45:00 PM,35,14,5:59:00 PM,140,141,121,896,8:00:00 PM,6,7:30:00 PM,8:06:00 PM,36,Sunday,Feb
02/08/2015,US,2067,N835AW,RDU,CLT,4:05:00 PM,4:06:00 PM,1,28,4:34:00 PM,61,61,31,130,5:05:00 PM,2,5:06:00 PM,5:07:00 PM,1,Sunday,Feb
01/06/2015,WN,3931,N271LV,MCO,MDW,7:50:00 PM,8:36:00 PM,46,11,8:47:00 PM,170,169,152,990,10:19:00 PM,6,9:40:00 PM,10:25:00 PM,45,Tuesday,Jan
02/07/2015,OO,5617,N740SK,MSY,IAH,6:50:00 PM,8:44:00 PM,114,9,8:53:00 PM,80,61,49,305,9:42:00 PM,3,8:10:00 PM,9:45:00 PM,95,Saturday,Feb
01/16/2015,WN,4101,N780SW,MEM,TPA,11:15:00 AM,11:09:00 AM,-6,9,11:18:00 AM,105,94,81,655,1:39:00 PM,4,2:00:00 PM,1:43:00 PM,-17,Friday,Jan
01/14/2015,UA,1245,N39728,CLE,EWR,2:39:00 PM,2:35:00 PM,-4,9,2:44:00 PM,106,82,65,404,3:49:00 PM,8,4:25:00 PM,3:57:00 PM,-28,Wednesday,Jan
01/20/2015,DL,1222,N951DN,SRQ,ATL,5:30:00 PM,5:28:00 PM,-2,8,5:36:00 PM,103,89,75,444,6:51:00 PM,6,7:13:00 PM,6:57:00 PM,-16,Tuesday,Jan
01/09/2015,WN,3771,N456WN,MSY,DAL,11:30:00 AM,10:29:00 AM,-1,6,11:35:00 AM,90,76,66,436,10:41:00 PM,4,10:00:00 AM,10:45:00 PM,-15,Friday,Jan
01/07/2015,DL,2512,N952DL,HSV,ATL,10:00:00 PM,5:57:00 PM,-3,31,12:28:00 AM,71,71,31,151,1:59:00 PM,9,7:11:00 PM,6:08:00 PM,-3,Wednesday,Jan
01/11/2015,WN,4639,N705SW,LAS,SAT,1:05:00 PM,2:48:00 PM,103,15,3:03:00 PM,150,142,124,1069,7:07:00 PM,3,5:35:00 PM,7:10:00 PM,95,Sunday,Jan
01/15/2015,B6,904,N547JB,RSW,BDL,2:49:00 PM,2:49:00 PM,0,9,2:58:00 PM,171,159,143,1180,5:21:00 PM,7,5:40:00 PM,5:28:00 PM,-12,Thursday,Jan
01/08/2015,OO,4984,N797SK,OMA,IAH,6:40:00 AM,5:38:00 AM,-2,12,7:50:00 AM,145,121,104,781,1:34:00 AM,5,8:05:00 AM,1:39:00 AM,-26,Thursday,Jan
01/07/2015,NK,939,N601NK,DTW,IAH,12:24:00 AM,12:25:00 AM,1,39,8:04:00 AM,197,211,163,1075,10:47:00 PM,9,10:41:00 PM,11:56:00 PM,15,Wednesday,Jan
01/07/2015,NK,469,N532NK,LAS,OAK,11:45:00 AM,11:45:00 AM,0,12,11:57:00 AM,91,81,60,407,12:57:00 PM,9,1:16:00 PM,1:06:00 PM,-10,Wednesday,Jan
01/14/2015,VX,486,N841VA,LAX,LAS,1:40:00 PM,1:37:00 PM,-3,16,1:53:00 PM,65,70,43,236,2:36:00 PM,11,2:45:00 PM,2:47:00 PM,2,Wednesday,Jan
01/26/2015,WN,4175,N250WN,SAN,PHX,3:35:00 PM,3:39:00 PM,4,9,3:48:00 PM,70,74,58,304,5:46:00 PM,7,5:45:00 PM,5:53:00 PM,8,Monday,Jan
02/08/2015,EV,5925,N11164,ORD,FSD,11:50:00 PM,10:48:00 PM,-2,13,10:01:00 AM,103,92,72,462,11:13:00 AM,7,11:33:00 AM,11:20:00 AM,-13,Sunday,Feb
01/26/2015,UA,341,N847UA,ORD,MDT,1:10:00 PM,1:06:00 PM,-4,11,1:17:00 PM,102,90,76,594,3:33:00 PM,3,3:52:00 PM,3:36:00 PM,-16,Monday,Jan
01/19/2015,AA,1367,N561AA,TPA,DFW,1:53:00 PM,1:51:00 PM,-2,10,6:01:00 PM,172,154,142,929,10:23:00 AM,2,10:45:00 AM,10:25:00 AM,-20,Monday,Jan
01/21/2015,DL,773,N699DL,PDX,ATL,1:18:00 PM,1:15:00 PM,-3,9,1:24:00 PM,271,256,234,2172,8:18:00 PM,13,8:49:00 PM,8:31:00 PM,-18,Wednesday,Jan
01/27/2015,US,581,N675AW,SAN,PHL,11:25:00 AM,11:20:00 AM,-5,12,11:32:00 AM,304,292,277,2370,7:09:00 PM,3,7:29:00 PM,7:12:00 PM,-17,Tuesday,Jan
02/05/2015,WN,2675,N282WN,BUR,SJC,10:10:00 AM,10:08:00 AM,-2,7,10:15:00 AM,65,58,48,296,11:03:00 AM,3,11:15:00 AM,11:06:00 AM,-9,Thursday,Feb
01/09/2015,US,1917,N521UW,BOS,PHL,10:00:00 PM,5:51:00 PM,-9,32,12:23:00 AM,105,127,88,280,1:51:00 PM,7,12:45:00 PM,1:58:00 PM,13,Friday,Jan
01/05/2015,WN,552,N913WN,HOU,MCO,5:00:00 PM,5:18:00 PM,18,7,5:25:00 PM,130,119,105,849,8:10:00 PM,7,8:10:00 PM,8:17:00 PM,7,Monday,Jan
02/03/2015,WN,661,N739GB,MDW,STL,10:00:00 PM,5:58:00 PM,-2,18,11:16:00 PM,70,70,47,251,8:03:00 AM,5,9:10:00 AM,8:08:00 AM,-2,Tuesday,Feb
01/18/2015,DL,2046,N355NB,ATL,MEM,12:08:00 PM,12:04:00 PM,-4,15,12:19:00 PM,88,78,59,332,12:18:00 PM,4,12:36:00 PM,12:22:00 PM,-14,Sunday,Jan
01/15/2015,DL,2399,N616DL,RIC,ATL,2:32:00 PM,2:28:00 PM,-4,28,2:56:00 PM,113,120,83,481,4:19:00 PM,9,4:25:00 PM,4:28:00 PM,3,Thursday,Jan
01/31/2015,NK,301,N603NK,BWI,FLL,4:45:00 PM,5:57:00 PM,12,10,10:07:00 PM,157,135,118,925,6:05:00 PM,7,8:22:00 PM,7:12:00 PM,-10,Saturday,Jan
01/15/2015,AA,2393,N3JJAA,MCO,JFK,11:00:00 AM,11:00:00 AM,0,12,11:12:00 AM,144,146,128,944,1:20:00 PM,6,1:24:00 PM,1:26:00 PM,2,Thursday,Jan
01/20/2015,B6,1351,N809JB,BOS,MCO,4:48:00 PM,4:39:00 PM,-9,18,4:57:00 PM,205,187,160,1121,7:37:00 PM,9,8:13:00 PM,7:46:00 PM,-27,Tuesday,Jan
01/09/2015,OO,6332,N918SW,DEN,GJT,3:57:00 AM,9:13:00 AM,16,34,12:47:00 PM,60,72,34,212,8:21:00 PM,4,1:57:00 PM,8:25:00 PM,28,Friday,Jan
01/06/2015,HA,152,N492HA,OGG,ITO,1:32:00 PM,1:26:00 PM,-6,6,1:32:00 PM,37,34,23,121,1:55:00 PM,5,2:09:00 PM,2:00:00 PM,-9,Tuesday,Jan
01/20/2015,UA,1545,N37255,IAH,LGA,1:52:00 PM,12:45:00 PM,-7,17,6:02:00 PM,198,185,164,1416,12:46:00 PM,4,1:10:00 PM,12:50:00 PM,-20,Tuesday,Jan
02/09/2015,B6,475,N547JB,PVD,MCO,1:35:00 AM,1:30:00 AM,-5,48,9:18:00 AM,190,209,151,1072,10:49:00 AM,10,10:45:00 AM,10:59:00 AM,14,Monday,Feb
02/02/2015,AA,269,N4XVAA,SJC,DFW,2:28:00 PM,2:21:00 PM,-7,15,3:36:00 PM,212,198,177,1438,11:33:00 AM,6,12:00:00 PM,11:39:00 AM,-21,Monday,Feb
02/07/2015,EV,4884,N855AS,ATL,LEX,9:15:00 AM,8:07:00 AM,-8,13,10:20:00 AM,72,71,54,304,7:14:00 PM,4,8:27:00 PM,7:18:00 PM,-9,Saturday,Feb
01/03/2015,EV,4355,N11539,JAX,IAH,6:51:00 PM,7:32:00 PM,41,13,7:45:00 PM,154,156,134,817,8:59:00 PM,9,8:25:00 PM,9:08:00 PM,43,Saturday,Jan
01/11/2015,WN,554,N438WN,SJC,LAS,4:40:00 PM,5:28:00 PM,48,14,5:42:00 PM,80,88,67,386,6:49:00 PM,7,6:00:00 PM,6:56:00 PM,56,Sunday,Jan
01/17/2015,WN,3747,N638SW,BWI,BUF,3:30:00 PM,3:28:00 PM,-2,8,3:36:00 PM,70,62,49,281,4:25:00 PM,5,4:40:00 PM,4:30:00 PM,-10,Saturday,Jan
01/15/2015,B6,389,N593JB,BOS,DCA,11:35:00 AM,10:27:00 AM,-8,48,7:15:00 PM,104,121,71,399,10:26:00 AM,2,10:19:00 AM,10:28:00 AM,9,Thursday,Jan
02/04/2015,WN,1945,N210WN,LGA,BNA,10:45:00 PM,10:42:00 PM,-3,21,10:03:00 AM,165,162,134,764,11:17:00 AM,7,11:30:00 AM,11:24:00 AM,-6,Wednesday,Feb
01/15/2015,AA,36,N3ADAA,SAN,DFW,9:39:00 PM,9:32:00 PM,-7,17,10:49:00 PM,171,161,136,1171,2:05:00 PM,8,2:30:00 PM,2:13:00 PM,-17,Thursday,Jan
01/27/2015,MQ,3138,N524MQ,DTW,ORD,12:12:00 PM,12:31:00 PM,19,14,12:45:00 PM,82,85,52,235,12:37:00 PM,19,12:34:00 PM,12:56:00 PM,22,Tuesday,Jan
01/16/2015,AA,145,N3LAAA,MIA,SAN,8:05:00 PM,7:58:00 PM,-7,13,8:11:00 PM,345,341,325,2267,10:36:00 PM,3,10:50:00 PM,10:39:00 PM,-11,Friday,Jan
01/23/2015,OO,5163,N984CA,DEN,MSN,11:55:00 PM,11:51:00 PM,-4,12,10:03:00 AM,130,130,113,826,12:56:00 PM,5,1:05:00 PM,1:01:00 PM,-4,Friday,Jan
01/19/2015,VX,753,N521VA,SEA,SFO,10:50:00 AM,11:16:00 AM,26,8,11:24:00 AM,135,114,102,679,1:06:00 PM,4,1:05:00 PM,1:10:00 PM,5,Monday,Jan
02/09/2015,MQ,2976,N504MQ,OKC,DFW,7:39:00 PM,7:30:00 PM,-9,11,7:41:00 PM,60,68,32,175,8:13:00 PM,25,8:39:00 PM,8:38:00 PM,-1,Monday,Feb
01/19/2015,US,1705,N965UW,PIT,PHL,6:10:00 PM,6:10:00 PM,0,50,7:00:00 PM,86,103,49,268,7:49:00 PM,4,7:36:00 PM,7:53:00 PM,17,Monday,Jan
01/20/2015,AS,32,N570AS,SEA,PHL,11:35:00 AM,10:29:00 AM,-6,27,1:56:00 PM,300,317,287,2378,4:43:00 PM,3,4:35:00 PM,4:46:00 PM,11,Tuesday,Jan
01/13/2015,WN,600,N245WN,MDW,SLC,1:50:00 PM,1:50:00 PM,0,18,6:08:00 PM,215,194,173,1259,11:01:00 AM,3,11:25:00 AM,11:04:00 AM,-21,Tuesday,Jan
02/06/2015,UA,1535,N75428,IAD,DEN,11:11:00 PM,10:04:00 PM,-7,11,11:15:00 PM,242,242,224,1452,1:59:00 PM,7,7:13:00 PM,6:06:00 PM,-7,Friday,Feb
01/06/2015,OO,3466,N218AG,PDX,TUS,9:30:00 PM,11:54:00 PM,24,17,10:11:00 AM,165,158,138,1119,1:29:00 PM,3,1:15:00 PM,1:32:00 PM,17,Tuesday,Jan
01/02/2015,UA,734,N852UA,ORD,PIT,1:12:00 PM,1:10:00 PM,-2,16,1:26:00 PM,91,74,53,413,3:19:00 PM,5,3:43:00 PM,3:24:00 PM,-19,Friday,Jan
02/06/2015,UA,315,N846UA,IAH,ATL,12:57:00 PM,12:56:00 PM,-1,20,1:16:00 PM,118,118,89,689,3:45:00 PM,9,3:55:00 PM,3:54:00 PM,-1,Friday,Feb
01/05/2015,OO,6373,N108SY,SFO,DFW,12:49:00 PM,12:43:00 PM,-6,23,6:06:00 PM,221,227,199,1464,2:25:00 PM,5,2:30:00 PM,2:30:00 PM,0,Monday,Jan
01/26/2015,AS,64,N763AS,ANC,JNU,11:30:00 AM,11:15:00 AM,-15,17,11:32:00 AM,100,98,77,571,12:49:00 PM,4,1:10:00 PM,12:53:00 PM,-17,Monday,Jan
01/06/2015,DL,1413,N910DL,ATL,LIT,7:00:00 PM,7:48:00 PM,48,20,8:08:00 PM,100,94,70,453,8:18:00 PM,4,7:40:00 PM,8:22:00 PM,42,Tuesday,Jan
01/16/2015,WN,3406,N556WN,SJC,PDX,2:45:00 AM,2:42:00 AM,-3,11,3:53:00 AM,105,100,86,569,7:19:00 PM,3,9:30:00 PM,8:22:00 PM,-8,Friday,Jan
01/27/2015,WN,2352,N928WN,ATL,DTW,10:30:00 AM,10:27:00 AM,-3,15,10:42:00 AM,125,114,95,594,12:17:00 PM,4,12:35:00 PM,12:21:00 PM,-14,Tuesday,Jan
01/26/2015,UA,223,N470UA,MIA,IAH,6:12:00 PM,6:33:00 PM,21,11,6:44:00 PM,178,164,148,964,8:12:00 PM,5,8:10:00 PM,8:17:00 PM,7,Monday,Jan
02/08/2015,DL,2046,N6708D,PHX,ATL,4:46:00 PM,4:43:00 PM,-3,14,4:57:00 PM,209,195,175,1587,9:52:00 PM,6,10:15:00 PM,9:58:00 PM,-17,Sunday,Feb
01/10/2015,US,1838,N944UW,PHL,PIT,8:30:00 PM,8:32:00 PM,2,16,8:48:00 PM,73,74,50,268,9:38:00 PM,8,9:43:00 PM,9:46:00 PM,3,Saturday,Jan
01/02/2015,HA,118,N489HA,HNL,KOA,1:30:00 AM,12:28:00 AM,-2,13,2:41:00 AM,43,46,28,163,8:09:00 AM,5,9:13:00 AM,9:14:00 AM,1,Friday,Jan
01/10/2015,WN,2904,N8627B,HOU,MCO,6:00:00 PM,6:30:00 PM,30,11,6:41:00 PM,125,123,106,849,9:27:00 PM,6,9:05:00 PM,9:33:00 PM,28,Saturday,Jan
01/15/2015,WN,4564,N346SW,SLC,LAX,9:10:00 AM,8:08:00 AM,-2,12,10:20:00 AM,125,108,89,590,12:49:00 PM,7,7:15:00 PM,1:56:00 PM,-19,Thursday,Jan
01/06/2015,EV,5541,N878AS,AGS,ATL,10:23:00 AM,10:33:00 AM,10,14,10:47:00 AM,56,54,34,143,11:21:00 AM,6,11:19:00 AM,11:27:00 AM,8,Tuesday,Jan
01/09/2015,EV,5901,N11189,DRO,DEN,3:56:00 PM,3:52:00 PM,-4,11,4:03:00 PM,67,65,47,251,4:50:00 PM,7,5:03:00 PM,4:57:00 PM,-6,Friday,Jan
01/23/2015,AA,1612,N3DGAA,BOS,ORD,7:51:00 PM,7:58:00 PM,7,13,8:11:00 PM,171,165,144,867,9:35:00 PM,8,9:42:00 PM,9:43:00 PM,1,Friday,Jan
01/11/2015,WN,1023,N927WN,MDW,SFO,11:35:00 AM,11:33:00 AM,-2,9,12:42:00 PM,300,268,252,1855,10:54:00 AM,7,11:35:00 AM,11:01:00 AM,-34,Sunday,Jan
01/29/2015,OO,4558,N693CA,OKC,MSP,10:00:00 PM,4:49:00 PM,-11,15,10:04:00 PM,136,121,101,694,12:45:00 PM,5,7:16:00 PM,1:50:00 PM,-26,Thursday,Jan
01/07/2015,WN,4101,N768SW,LAS,RNO,5:30:00 PM,5:25:00 PM,-5,18,5:43:00 PM,80,78,56,345,6:39:00 PM,4,6:50:00 PM,6:43:00 PM,-7,Wednesday,Jan
01/11/2015,VX,182,N854VA,SFO,EWR,9:30:00 PM,9:31:00 PM,1,13,9:44:00 PM,310,302,282,2565,4:26:00 AM,7,6:40:00 AM,5:33:00 AM,-7,Sunday,Jan
01/05/2015,AA,1497,N4XJAA,DFW,BNA,3:30:00 PM,3:30:00 PM,0,13,3:43:00 PM,100,101,81,631,5:04:00 PM,7,5:10:00 PM,5:11:00 PM,1,Monday,Jan
01/09/2015,WN,4881,N461WN,FLL,IND,1:00:00 PM,1:08:00 PM,8,13,1:21:00 PM,175,155,137,1005,3:38:00 PM,5,3:55:00 PM,3:43:00 PM,-12,Friday,Jan
01/25/2015,F9,1075,N943FR,FLL,STL,10:30:00 PM,10:30:00 PM,0,15,10:45:00 PM,175,208,151,1056,4:16:00 PM,42,1:25:00 AM,10:58:00 AM,33,Sunday,Jan
01/13/2015,EV,5787,N17196,IAH,MFE,3:05:00 PM,3:00:00 PM,-5,12,3:12:00 PM,78,68,53,316,4:05:00 PM,3,4:23:00 PM,4:08:00 PM,-15,Tuesday,Jan
02/02/2015,EV,4527,N14993,IAD,EWR,4:50:00 PM,5:40:00 PM,50,73,6:53:00 PM,85,138,41,212,7:34:00 PM,24,6:15:00 PM,7:58:00 PM,103,Monday,Feb
02/06/2015,WN,571,N943WN,BNA,CLE,10:00:00 AM,11:55:00 PM,-5,9,10:04:00 AM,85,92,71,448,12:15:00 PM,12,12:25:00 PM,12:27:00 PM,2,Friday,Feb
01/12/2015,AA,1320,N5FKAA,JFK,STT,8:00:00 AM,3:53:00 AM,-7,27,10:20:00 AM,240,230,199,1623,12:39:00 PM,4,1:00:00 PM,12:43:00 PM,-17,Monday,Jan
02/10/2015,EV,5538,N921EV,ATL,CHA,6:05:00 PM,6:03:00 PM,-2,13,7:16:00 PM,45,37,22,106,9:38:00 PM,2,11:50:00 PM,10:40:00 PM,-10,Tuesday,Feb
01/27/2015,WN,2779,N453WN,MDW,FLL,12:00:00 PM,7:55:00 AM,-5,26,2:21:00 PM,185,173,141,1166,10:42:00 PM,6,10:05:00 AM,10:48:00 PM,-17,Tuesday,Jan
01/07/2015,AA,1444,N3KYAA,PHX,ORD,11:56:00 AM,11:51:00 AM,-5,26,12:17:00 PM,204,214,179,1440,4:16:00 PM,9,4:20:00 PM,4:25:00 PM,5,Wednesday,Jan
01/01/2015,AA,2476,N3LEAA,BDL,MIA,4:40:00 PM,3:34:00 PM,-6,13,4:47:00 PM,206,232,164,1194,9:31:00 PM,55,10:06:00 AM,10:26:00 AM,20,Thursday,Jan
01/06/2015,B6,972,N535JB,FLL,LGA,11:17:00 PM,11:17:00 PM,0,18,1:35:00 AM,163,171,143,1076,11:58:00 PM,10,10:00:00 AM,10:08:00 AM,8,Tuesday,Jan
02/11/2015,AA,1491,N3CDAA,DFW,DEN,5:40:00 PM,5:41:00 PM,1,13,5:54:00 PM,122,117,96,641,6:30:00 PM,8,6:42:00 PM,6:38:00 PM,-4,Wednesday,Feb
02/02/2015,WN,293,N406WN,PHX,SJC,10:25:00 AM,10:25:00 AM,0,10,11:35:00 AM,120,111,97,621,7:12:00 PM,4,8:25:00 PM,7:16:00 PM,-9,Monday,Feb
02/09/2015,OO,4444,N804SK,LAX,SJC,4:30:00 PM,4:50:00 PM,20,20,5:10:00 PM,76,71,49,308,5:59:00 PM,2,5:46:00 PM,6:01:00 PM,15,Monday,Feb
01/11/2015,EV,5305,N600QX,SYR,LGA,2:44:00 PM,2:42:00 PM,-2,11,2:53:00 PM,75,54,38,198,3:31:00 PM,5,3:59:00 PM,3:36:00 PM,-23,Sunday,Jan
02/02/2015,AS,345,N596AS,OAK,SEA,1:10:00 PM,12:03:00 PM,-7,18,2:21:00 PM,115,123,98,671,3:59:00 AM,7,8:05:00 AM,8:06:00 AM,1,Monday,Feb
01/07/2015,US,2123,N839AW,BOS,DCA,5:00:00 PM,4:51:00 PM,-9,19,5:10:00 PM,101,102,75,399,6:25:00 PM,8,6:41:00 PM,6:33:00 PM,-8,Wednesday,Jan
02/01/2015,MQ,3240,N636MQ,PIA,DFW,5:40:00 PM,6:03:00 PM,23,30,6:33:00 PM,140,150,116,672,8:29:00 PM,4,8:00:00 PM,8:33:00 PM,33,Sunday,Feb
02/10/2015,DL,1981,N929AT,DTW,GRR,8:10:00 PM,8:07:00 PM,-3,34,8:41:00 PM,59,67,29,120,9:10:00 PM,4,9:09:00 PM,9:14:00 PM,5,Tuesday,Feb
01/25/2015,DL,1827,N688DL,FLL,ATL,1:45:00 PM,1:58:00 PM,13,21,2:19:00 PM,123,110,81,581,3:40:00 PM,8,3:48:00 PM,3:48:00 PM,0,Sunday,Jan
01/13/2015,MQ,3062,N646MQ,OKC,ORD,11:35:00 AM,3:24:00 PM,229,19,3:43:00 PM,124,160,95,693,5:18:00 PM,46,1:39:00 PM,6:04:00 PM,265,Tuesday,Jan
01/20/2015,UA,406,N529UA,DEN,LGA,3:40:00 PM,3:54:00 PM,14,12,4:06:00 PM,213,190,174,1620,9:00:00 PM,4,9:13:00 PM,9:04:00 PM,-9,Tuesday,Jan
02/12/2015,WN,436,N464WN,DEN,CMH,10:15:00 AM,10:15:00 AM,0,14,10:29:00 AM,160,170,149,1154,2:58:00 PM,7,2:55:00 PM,3:05:00 PM,10,Thursday,Feb
01/15/2015,OO,3489,N217AG,FAT,SEA,12:00:00 PM,6:44:00 AM,-16,16,12:00:00 PM,132,140,105,748,2:45:00 AM,19,9:12:00 AM,8:04:00 AM,-8,Thursday,Jan
02/02/2015,DL,2163,N337NB,DCA,MSP,2:20:00 PM,1:15:00 PM,-5,11,2:26:00 PM,167,144,129,931,1:35:00 AM,4,8:07:00 AM,1:39:00 AM,-28,Monday,Feb
01/04/2015,DL,1176,N999DN,ATL,BUF,3:10:00 PM,3:19:00 PM,9,12,3:31:00 PM,121,96,80,712,4:51:00 PM,4,5:11:00 PM,4:55:00 PM,-16,Sunday,Jan
01/24/2015,OO,7397,N494CA,SLC,SGU,8:20:00 PM,8:11:00 PM,-9,17,8:28:00 PM,62,61,40,272,9:08:00 PM,4,9:22:00 PM,9:12:00 PM,-10,Saturday,Jan
01/17/2015,OO,2730,N907SW,PHX,DRO,7:45:00 PM,7:37:00 PM,-8,16,7:53:00 PM,78,70,51,351,8:44:00 PM,3,9:03:00 PM,8:47:00 PM,-16,Saturday,Jan
02/11/2015,OO,7377,N455SW,BTM,SLC,1:00:00 PM,12:49:00 PM,-11,13,1:02:00 PM,82,68,51,358,1:53:00 PM,4,2:22:00 PM,1:57:00 PM,-25,Wednesday,Feb
01/17/2015,AA,1082,N3AKAA,MIA,LGA,11:30:00 AM,10:26:00 AM,-4,10,11:36:00 AM,172,160,142,1096,10:58:00 AM,8,11:22:00 AM,11:06:00 AM,-16,Saturday,Jan
01/13/2015,US,466,N541UW,CLT,DEN,11:50:00 AM,11:45:00 AM,-5,19,12:04:00 PM,229,214,189,1337,1:13:00 PM,6,1:39:00 PM,1:19:00 PM,-20,Tuesday,Jan
01/27/2015,OO,4621,N187PQ,IAH,SLC,2:45:00 AM,1:36:00 AM,-9,28,8:04:00 AM,206,212,179,1195,10:03:00 AM,5,10:11:00 AM,10:08:00 AM,-3,Tuesday,Jan
01/18/2015,EV,4294,N17560,SDF,EWR,7:34:00 PM,7:24:00 PM,-10,10,7:34:00 PM,122,116,98,642,9:12:00 PM,8,9:36:00 PM,9:20:00 PM,-16,Sunday,Jan
01/21/2015,DL,1066,N935DL,BNA,ATL,10:45:00 AM,10:41:00 AM,-4,14,10:55:00 AM,71,52,34,214,12:29:00 PM,4,12:56:00 PM,12:33:00 PM,-23,Wednesday,Jan
01/22/2015,UA,1073,N35260,SAN,IAH,11:39:00 AM,12:40:00 PM,1,11,1:51:00 PM,187,178,159,1303,1:30:00 PM,8,1:46:00 PM,1:38:00 PM,-8,Thursday,Jan
01/20/2015,US,713,N709UW,CLT,MSP,11:20:00 AM,11:13:00 AM,-7,18,11:31:00 AM,164,160,136,930,12:47:00 PM,6,1:04:00 PM,12:53:00 PM,-11,Tuesday,Jan
02/08/2015,US,1775,N959UW,PHL,AUS,4:10:00 PM,4:02:00 PM,-8,23,4:25:00 PM,253,227,198,1430,6:43:00 PM,6,7:23:00 PM,6:49:00 PM,-34,Sunday,Feb
01/28/2015,WN,121,N7714B,PHX,SAN,12:00:00 PM,11:57:00 AM,-3,12,12:09:00 PM,75,67,52,304,12:01:00 PM,3,12:15:00 PM,12:04:00 PM,-11,Wednesday,Jan
02/01/2015,F9,557,N206FR,DEN,SAN,5:50:00 PM,8:16:00 PM,146,7,8:23:00 PM,137,124,112,853,9:15:00 PM,5,7:07:00 PM,9:20:00 PM,133,Sunday,Feb
01/01/2015,EV,4103,N13908,PNS,ORD,11:40:00 AM,11:36:00 AM,-4,10,11:46:00 AM,151,144,129,794,1:55:00 PM,5,2:11:00 PM,2:00:00 PM,-11,Thursday,Jan
01/24/2015,AA,1011,N010AA,ELP,DFW,11:13:00 PM,10:09:00 PM,-4,22,1:31:00 AM,102,108,74,551,10:45:00 PM,12,11:55:00 PM,11:57:00 PM,2,Saturday,Jan
02/05/2015,DL,2483,N953DL,OKC,ATL,6:05:00 PM,6:08:00 PM,3,10,6:18:00 PM,119,113,96,761,8:54:00 PM,7,9:04:00 PM,9:01:00 PM,-3,Thursday,Feb
01/05/2015,MQ,3001,N932MQ,DFW,LRD,9:30:00 PM,10:36:00 PM,66,15,10:51:00 PM,83,75,56,396,11:47:00 PM,4,10:53:00 PM,11:51:00 PM,58,Monday,Jan
01/11/2015,AA,2371,N4XLAA,DFW,MCO,3:50:00 AM,3:50:00 AM,0,12,8:02:00 AM,150,143,127,985,11:09:00 AM,4,11:20:00 AM,11:13:00 AM,-7,Sunday,Jan
01/09/2015,WN,2680,N788SA,SJU,FLL,6:05:00 PM,7:00:00 PM,55,15,7:15:00 PM,175,164,145,1046,8:40:00 PM,4,8:00:00 PM,8:44:00 PM,44,Friday,Jan
01/15/2015,WN,4248,N472WN,PHX,ABQ,9:10:00 AM,8:07:00 AM,-3,9,9:16:00 AM,65,60,47,328,6:03:00 PM,4,7:15:00 PM,6:07:00 PM,-8,Thursday,Jan
01/10/2015,AS,692,N537AS,SEA,SAT,11:35:00 AM,11:46:00 AM,11,10,11:56:00 AM,240,230,217,1774,5:33:00 PM,3,5:35:00 PM,5:36:00 PM,1,Saturday,Jan
02/03/2015,US,425,N914UY,PHX,JFK,11:58:00 PM,11:56:00 PM,-2,25,10:21:00 AM,296,309,244,2153,4:25:00 PM,40,4:54:00 PM,5:05:00 PM,11,Tuesday,Feb
01/26/2015,DL,2423,N335NB,GEG,SLC,4:40:00 PM,4:31:00 PM,-9,11,4:42:00 PM,94,97,82,546,7:04:00 PM,4,7:14:00 PM,7:08:00 PM,-6,Monday,Jan
02/05/2015,DL,1063,N964DL,ATL,BHM,10:59:00 PM,10:51:00 PM,-8,13,11:04:00 PM,49,43,26,134,10:30:00 PM,4,10:48:00 PM,10:34:00 PM,-14,Thursday,Feb
02/09/2015,US,557,N520UW,PHL,DFW,2:10:00 PM,2:04:00 PM,-6,28,2:32:00 PM,229,214,174,1303,4:26:00 PM,12,4:59:00 PM,4:38:00 PM,-21,Monday,Feb
01/22/2015,WN,4128,N768SW,OAK,LAX,12:00:00 PM,7:56:00 AM,-4,13,12:09:00 PM,80,72,53,337,10:02:00 PM,6,12:20:00 AM,10:08:00 PM,-12,Thursday,Jan
01/16/2015,US,409,N197UW,ORD,PHX,2:05:00 PM,2:09:00 PM,4,18,2:27:00 PM,229,218,195,1440,4:42:00 PM,5,4:54:00 PM,4:47:00 PM,-7,Friday,Jan
01/21/2015,US,710,N270AY,MIA,PHL,2:00:00 PM,1:51:00 PM,-9,24,2:15:00 PM,164,185,156,1013,4:51:00 PM,5,4:44:00 PM,4:56:00 PM,12,Wednesday,Jan
02/03/2015,DL,1643,N333NW,DTW,EWR,2:20:00 PM,2:28:00 PM,8,23,2:51:00 PM,114,96,68,488,3:59:00 PM,5,4:14:00 PM,4:04:00 PM,-10,Tuesday,Feb
01/13/2015,OO,6506,N908SW,LAX,BOI,12:47:00 PM,12:56:00 PM,9,18,1:14:00 PM,131,132,111,674,4:05:00 PM,3,3:58:00 PM,4:08:00 PM,10,Tuesday,Jan
01/18/2015,AA,2469,N3JCAA,DFW,LAX,5:30:00 PM,5:30:00 PM,0,15,5:45:00 PM,203,194,173,1235,6:38:00 PM,6,6:53:00 PM,6:44:00 PM,-9,Sunday,Jan
02/09/2015,US,574,N653AW,PHX,TPA,4:00:00 PM,3:56:00 PM,-4,11,4:07:00 PM,221,225,208,1788,9:35:00 PM,6,9:41:00 PM,9:41:00 PM,0,Monday,Feb
02/02/2015,WN,3310,N952WN,DAL,DCA,3:10:00 PM,3:35:00 PM,25,8,3:43:00 PM,165,146,130,1184,6:53:00 PM,8,6:55:00 PM,7:01:00 PM,6,Monday,Feb
01/11/2015,NK,364,N529NK,DFW,MSY,12:26:00 PM,12:16:00 PM,-10,18,12:34:00 PM,83,84,61,447,1:35:00 PM,5,1:49:00 PM,1:40:00 PM,-9,Sunday,Jan
02/09/2015,EV,5225,N686BR,ATL,CID,8:54:00 PM,8:51:00 PM,-3,36,9:27:00 PM,132,147,107,694,10:14:00 PM,4,10:06:00 PM,10:18:00 PM,12,Monday,Feb
01/10/2015,US,1814,N152UW,PHX,PHL,1:15:00 PM,12:08:00 PM,-7,12,2:20:00 PM,257,259,241,2075,12:21:00 PM,6,12:32:00 PM,12:27:00 PM,-5,Saturday,Jan
01/21/2015,OO,5601,N724SK,SFO,PSP,8:55:00 PM,8:51:00 PM,-4,21,9:12:00 PM,86,94,65,421,10:17:00 PM,8,10:21:00 PM,10:25:00 PM,4,Wednesday,Jan
01/08/2015,MQ,3294,N531MQ,XNA,ORD,10:00:00 PM,5:57:00 PM,-3,24,12:21:00 AM,115,162,75,522,11:36:00 AM,63,1:55:00 PM,9:39:00 PM,44,Thursday,Jan
02/11/2015,WN,2684,N8638A,DAL,MCO,6:50:00 PM,6:49:00 PM,-1,7,6:56:00 PM,145,132,119,973,9:55:00 PM,6,10:15:00 PM,10:01:00 PM,-14,Wednesday,Feb
01/20/2015,DL,2463,N966DL,PBI,LGA,2:50:00 PM,2:43:00 PM,-7,12,2:55:00 PM,172,154,134,1035,5:09:00 PM,8,5:42:00 PM,5:17:00 PM,-25,Tuesday,Jan
01/09/2015,US,545,N658AW,PHX,DFW,10:45:00 PM,10:40:00 PM,-5,13,10:53:00 PM,129,131,113,868,2:46:00 PM,5,3:54:00 PM,3:51:00 PM,-3,Friday,Jan
01/13/2015,DL,1738,N694DL,ATL,DCA,6:20:00 PM,6:16:00 PM,-4,15,6:31:00 PM,102,85,67,547,7:38:00 PM,3,8:02:00 PM,7:41:00 PM,-21,Tuesday,Jan
01/25/2015,WN,675,N736SA,HOU,PHX,10:20:00 AM,9:18:00 AM,-2,7,10:25:00 AM,190,162,151,1020,11:56:00 PM,4,10:30:00 AM,10:00:00 AM,-30,Sunday,Jan
01/04/2015,DL,710,N6711M,ATL,PBI,11:00:00 AM,11:34:00 AM,34,22,11:56:00 AM,113,113,88,545,1:24:00 PM,3,12:53:00 PM,1:27:00 PM,34,Sunday,Jan
01/25/2015,UA,1581,N37470,DEN,SFO,5:27:00 PM,5:35:00 PM,8,13,5:48:00 PM,165,140,122,967,6:50:00 PM,5,7:12:00 PM,6:55:00 PM,-17,Sunday,Jan
01/05/2015,AS,330,N309AS,SEA,SJC,6:05:00 PM,6:01:00 PM,-4,26,8:27:00 PM,124,130,100,697,11:07:00 AM,4,11:09:00 AM,11:11:00 AM,2,Monday,Jan
01/29/2015,DL,94,N913DL,ATL,BNA,7:06:00 PM,7:06:00 PM,0,17,7:23:00 PM,69,65,40,214,7:03:00 PM,8,7:15:00 PM,7:11:00 PM,-4,Thursday,Jan
02/04/2015,UA,561,N576UA,LGA,DEN,3:51:00 AM,3:50:00 AM,-1,23,9:13:00 AM,270,280,249,1620,10:22:00 AM,8,10:21:00 AM,10:30:00 AM,9,Wednesday,Feb
01/15/2015,OO,6450,N932EV,LAX,RNO,1:59:00 PM,1:57:00 PM,-2,24,8:21:00 PM,94,93,63,391,10:24:00 AM,6,10:33:00 AM,10:30:00 AM,-3,Thursday,Jan
01/23/2015,DL,1964,N6711M,JAX,ATL,6:35:00 PM,6:33:00 PM,-2,31,7:04:00 PM,87,123,81,270,8:25:00 PM,11,8:02:00 PM,8:36:00 PM,34,Friday,Jan
02/11/2015,HA,303,N489HA,HNL,LIH,7:15:00 PM,7:12:00 PM,-3,10,8:22:00 PM,38,38,22,102,10:44:00 PM,6,11:53:00 PM,11:50:00 PM,-3,Wednesday,Feb
01/27/2015,AA,1342,N3HSAA,ORD,MIA,2:00:00 AM,2:00:00 AM,0,15,3:15:00 AM,179,181,150,1197,12:45:00 PM,16,1:59:00 PM,6:01:00 PM,2,Tuesday,Jan
01/22/2015,US,599,N763US,PHX,SJC,5:40:00 PM,5:38:00 PM,-2,12,5:50:00 PM,112,109,94,621,6:24:00 PM,3,6:32:00 PM,6:27:00 PM,-5,Thursday,Jan
01/08/2015,B6,1109,N206JB,BOS,JAX,11:55:00 PM,11:57:00 PM,2,18,10:15:00 AM,183,164,143,1010,12:38:00 PM,3,12:58:00 PM,12:41:00 PM,-17,Thursday,Jan
01/24/2015,WN,3268,N369SW,OAK,PHX,2:20:00 PM,2:19:00 PM,-1,8,2:27:00 PM,110,113,101,646,5:08:00 PM,4,5:10:00 PM,5:12:00 PM,2,Saturday,Jan
01/29/2015,EV,5689,N820AS,LGA,IAD,10:15:00 AM,10:09:00 AM,-6,55,11:04:00 AM,85,107,45,229,11:49:00 AM,7,11:40:00 AM,11:56:00 AM,16,Thursday,Jan
02/10/2015,EV,4223,N12957,EWR,CLT,10:00:00 AM,10:00:00 AM,0,19,10:19:00 AM,126,121,90,529,11:49:00 AM,12,12:06:00 PM,12:01:00 PM,-5,Tuesday,Feb
01/04/2015,HA,258,N488HA,HNL,KOA,12:10:00 PM,12:03:00 PM,-7,15,12:18:00 PM,44,51,29,163,12:47:00 PM,7,12:54:00 PM,12:54:00 PM,0,Sunday,Jan
01/11/2015,UA,1711,N67058,IAH,LAX,7:22:00 PM,7:38:00 PM,16,21,7:59:00 PM,228,212,183,1379,9:02:00 PM,8,9:10:00 PM,9:10:00 PM,0,Sunday,Jan
01/30/2015,F9,1063,N213FR,ORD,SLC,3:40:00 PM,3:35:00 PM,-5,11,3:46:00 PM,205,215,195,1250,6:01:00 PM,9,6:05:00 PM,6:10:00 PM,5,Friday,Jan
01/17/2015,US,621,N657AW,PHX,SNA,11:20:00 AM,11:19:00 AM,-1,20,11:39:00 AM,86,79,54,338,11:33:00 AM,5,11:46:00 AM,11:38:00 AM,-8,Saturday,Jan
02/10/2015,WN,397,N960WN,FLL,ATL,5:55:00 PM,5:53:00 PM,-2,10,6:03:00 PM,120,112,91,581,7:34:00 PM,11,7:55:00 PM,7:45:00 PM,-10,Tuesday,Feb
01/12/2015,DL,1225,N651DL,DTW,RSW,12:25:00 AM,12:23:00 AM,-2,58,10:21:00 AM,198,215,153,1084,10:54:00 AM,4,10:43:00 AM,10:58:00 AM,15,Monday,Jan
02/08/2015,OO,2697,N907SW,PHX,FLG,11:35:00 AM,11:30:00 AM,-5,22,11:52:00 AM,53,55,29,119,12:21:00 PM,4,12:28:00 PM,12:25:00 PM,-3,Sunday,Feb
01/29/2015,OO,4458,N461SW,MKE,CVG,10:25:00 AM,9:18:00 AM,-7,12,11:30:00 AM,84,69,53,318,10:23:00 AM,4,10:49:00 AM,10:27:00 AM,-22,Thursday,Jan
02/01/2015,WN,1892,N406WN,MCO,HOU,5:50:00 PM,6:03:00 PM,13,5,6:08:00 PM,160,145,137,849,7:25:00 PM,3,7:30:00 PM,7:28:00 PM,-2,Sunday,Feb
01/29/2015,DL,2282,N392DA,JFK,PHX,9:15:00 AM,9:14:00 AM,-1,21,11:35:00 AM,349,329,304,2153,11:39:00 AM,4,12:04:00 PM,11:43:00 AM,-21,Thursday,Jan
01/29/2015,OO,4825,N813SK,SJC,LAX,2:30:00 PM,2:39:00 PM,9,16,2:55:00 PM,80,82,55,308,3:50:00 PM,11,3:50:00 PM,4:01:00 PM,11,Thursday,Jan
01/15/2015,B6,477,N559JB,JFK,JAX,2:59:00 PM,3:06:00 PM,7,11,3:17:00 PM,168,146,131,828,5:28:00 PM,4,5:47:00 PM,5:32:00 PM,-15,Thursday,Jan
01/19/2015,UA,247,N842UA,SAT,IAH,10:01:00 PM,5:59:00 PM,-2,10,10:09:00 PM,61,55,40,191,2:49:00 AM,5,8:02:00 AM,3:54:00 AM,-8,Monday,Jan
01/08/2015,US,1754,N817AW,PHX,AUS,11:50:00 PM,10:46:00 PM,-4,28,10:14:00 AM,138,146,113,872,1:07:00 PM,5,1:08:00 PM,1:12:00 PM,4,Thursday,Jan
01/17/2015,OO,3483,N219AG,SAN,BOI,2:40:00 PM,2:37:00 PM,-3,13,2:50:00 PM,130,124,107,749,5:37:00 PM,4,5:50:00 PM,5:41:00 PM,-9,Saturday,Jan
02/01/2015,AA,1249,N4YLAA,MSP,ORD,6:43:00 AM,6:40:00 AM,-3,54,3:34:00 PM,92,121,57,334,1:31:00 AM,10,11:15:00 PM,2:41:00 AM,26,Sunday,Feb
01/18/2015,UA,1635,N76523,EWR,PHX,3:06:00 PM,3:09:00 PM,3,13,3:22:00 PM,346,315,296,2133,6:18:00 PM,6,6:52:00 PM,6:24:00 PM,-28,Sunday,Jan
01/18/2015,US,416,N754UW,RNO,PHX,9:30:00 PM,9:39:00 PM,9,11,11:50:00 PM,102,91,77,601,12:07:00 PM,3,12:12:00 PM,12:10:00 PM,-2,Sunday,Jan
01/04/2015,NK,301,N626NK,BWI,FLL,4:45:00 PM,5:53:00 PM,8,14,10:07:00 PM,157,155,136,925,8:23:00 PM,5,8:22:00 PM,8:28:00 PM,6,Sunday,Jan
01/21/2015,WN,160,N969WN,MKE,DCA,1:30:00 AM,12:23:00 AM,-7,30,3:53:00 AM,120,119,85,634,10:18:00 AM,4,10:30:00 AM,10:22:00 AM,-8,Wednesday,Jan
02/03/2015,B6,844,N353JB,CHS,DCA,1:38:00 PM,2:46:00 PM,68,8,2:54:00 PM,78,73,62,444,3:56:00 PM,3,2:56:00 PM,3:59:00 PM,63,Tuesday,Feb
02/05/2015,WN,934,N7729A,BWI,FLL,7:45:00 PM,8:01:00 PM,16,10,8:11:00 PM,160,143,127,925,10:18:00 PM,6,10:25:00 PM,10:24:00 PM,-1,Thursday,Feb
01/23/2015,EV,6182,N19966,BDL,IAD,7:26:00 PM,8:38:00 PM,72,10,8:48:00 PM,90,80,61,326,9:49:00 PM,9,8:56:00 PM,9:58:00 PM,62,Friday,Jan
01/19/2015,WN,1336,N7814B,ABQ,DEN,5:55:00 PM,4:49:00 PM,-6,10,5:59:00 PM,90,82,62,349,8:01:00 AM,10,10:25:00 AM,9:11:00 AM,-14,Monday,Jan
02/03/2015,MQ,3530,N511MQ,CVG,ORD,11:36:00 AM,1:02:00 PM,86,16,1:18:00 PM,84,79,49,265,1:07:00 PM,14,12:00:00 PM,1:21:00 PM,81,Tuesday,Feb
01/09/2015,WN,1269,N685SW,SMF,LAX,3:05:00 PM,3:15:00 PM,10,15,3:30:00 PM,75,86,64,373,4:34:00 PM,7,4:20:00 PM,4:41:00 PM,21,Friday,Jan
01/07/2015,MQ,3667,N856MQ,DFW,LRD,5:25:00 PM,5:20:00 PM,-5,20,5:40:00 PM,81,104,79,396,6:59:00 PM,5,6:46:00 PM,7:04:00 PM,18,Wednesday,Jan
01/11/2015,UA,1292,N37409,MSY,IAH,3:15:00 AM,4:23:00 AM,8,10,5:33:00 AM,79,85,68,305,4:41:00 PM,7,3:34:00 PM,4:48:00 PM,14,Sunday,Jan
01/09/2015,US,560,N650AW,MSP,PHX,4:20:00 AM,4:22:00 AM,2,19,6:41:00 AM,202,198,170,1276,1:31:00 AM,9,2:42:00 AM,2:40:00 AM,-2,Friday,Jan
01/02/2015,B6,700,N591JB,LAX,FLL,3:20:00 PM,3:46:00 PM,26,16,4:02:00 PM,281,289,270,2342,11:32:00 PM,3,11:01:00 PM,11:35:00 PM,34,Friday,Jan
02/11/2015,WN,1984,N630WN,MSY,DAL,12:00:00 PM,7:55:00 AM,-5,7,12:02:00 PM,90,90,70,436,11:12:00 PM,13,1:30:00 AM,12:25:00 AM,-5,Wednesday,Feb
01/08/2015,EV,4144,N16559,EWR,CHS,8:59:00 PM,9:19:00 PM,20,27,9:46:00 PM,127,138,105,628,11:31:00 PM,6,11:06:00 PM,11:37:00 PM,31,Thursday,Jan
01/30/2015,US,1747,N110UW,CLT,PIT,7:59:00 PM,7:57:00 PM,-2,17,8:14:00 PM,79,86,64,366,9:18:00 PM,5,9:18:00 PM,9:23:00 PM,5,Friday,Jan
01/24/2015,UA,1227,N73278,EWR,IAH,10:30:00 AM,11:14:00 AM,44,23,11:37:00 AM,256,231,197,1400,1:54:00 PM,11,1:46:00 PM,2:05:00 PM,19,Saturday,Jan
01/12/2015,DL,1827,N900PC,ATL,FLL,11:00:00 AM,11:17:00 AM,17,41,11:58:00 AM,115,138,92,581,1:30:00 PM,5,12:55:00 PM,1:35:00 PM,40,Monday,Jan
01/15/2015,DL,2062,N337NB,MSP,BOS,5:20:00 PM,5:20:00 PM,0,9,5:29:00 PM,165,160,140,1124,8:49:00 PM,11,9:05:00 PM,9:00:00 PM,-5,Thursday,Jan
01/14/2015,EV,4289,N12195,COS,IAH,2:42:00 PM,2:39:00 PM,-3,18,2:57:00 PM,139,129,102,809,5:39:00 PM,9,6:01:00 PM,5:48:00 PM,-13,Wednesday,Jan
01/16/2015,AS,860,N514AS,HNL,SEA,11:30:00 AM,9:12:00 AM,-18,25,11:37:00 AM,345,311,277,2677,3:14:00 PM,9,4:15:00 PM,3:23:00 PM,-52,Friday,Jan
01/03/2015,DL,2218,N547US,LAX,HNL,10:33:00 AM,10:31:00 AM,-2,20,10:51:00 AM,347,359,329,2556,2:20:00 PM,10,2:20:00 PM,2:30:00 PM,10,Saturday,Jan
01/29/2015,UA,221,N463UA,LGA,IAH,1:42:00 PM,1:52:00 PM,10,26,2:18:00 PM,253,237,205,1416,4:43:00 PM,6,4:55:00 PM,4:49:00 PM,-6,Thursday,Jan
02/01/2015,WN,63,N474WN,DAL,LAS,11:35:00 AM,11:34:00 AM,-1,7,12:41:00 PM,185,183,146,1067,6:07:00 PM,30,10:40:00 PM,9:37:00 PM,-3,Sunday,Feb
01/20/2015,EV,4313,N12569,ORF,IAD,1:15:00 PM,12:08:00 PM,-7,14,2:22:00 PM,61,55,33,157,5:55:00 PM,8,11:16:00 PM,10:03:00 PM,-13,Tuesday,Jan
02/09/2015,DL,1460,N329NW,MIA,ATL,2:45:00 AM,2:44:00 AM,-1,14,3:58:00 AM,122,114,91,594,8:29:00 PM,9,10:47:00 PM,9:38:00 PM,-9,Monday,Feb
01/09/2015,OO,7403,N418SW,MSP,HIB,7:52:00 PM,7:55:00 PM,3,12,8:07:00 PM,69,50,35,174,8:42:00 PM,3,9:01:00 PM,8:45:00 PM,-16,Friday,Jan
02/01/2015,WN,658,N7740A,MCO,DAL,5:50:00 PM,4:49:00 PM,-1,10,5:59:00 PM,180,164,151,973,11:30:00 AM,3,1:50:00 PM,11:33:00 AM,-17,Sunday,Feb
01/14/2015,OO,5539,N967SW,SFO,SLC,1:50:00 PM,12:46:00 PM,-4,26,7:12:00 PM,113,121,88,599,11:40:00 AM,7,11:43:00 AM,11:47:00 AM,4,Wednesday,Jan
02/11/2015,WN,1144,N784SW,BUR,OAK,11:15:00 AM,11:12:00 AM,-3,12,11:24:00 AM,70,73,54,325,12:18:00 PM,7,12:25:00 PM,12:25:00 PM,0,Wednesday,Feb
02/04/2015,US,2174,N955UW,DCA,LGA,10:00:00 AM,11:58:00 PM,-2,15,10:13:00 AM,85,66,44,214,10:57:00 AM,7,11:25:00 AM,11:04:00 AM,-21,Wednesday,Feb
01/02/2015,WN,358,N640SW,ATL,BWI,2:40:00 AM,2:40:00 AM,0,13,3:53:00 AM,105,92,75,577,6:08:00 PM,4,8:25:00 PM,7:12:00 PM,-13,Friday,Jan
01/20/2015,WN,495,N657SW,AUS,HOU,5:00:00 PM,5:30:00 PM,30,10,5:40:00 PM,50,50,37,148,6:17:00 PM,3,5:50:00 PM,6:20:00 PM,30,Tuesday,Jan
01/14/2015,OO,6357,N117SY,ORD,STL,12:31:00 PM,12:29:00 PM,-2,14,12:43:00 PM,76,67,46,258,1:29:00 PM,7,1:47:00 PM,1:36:00 PM,-11,Wednesday,Jan
01/20/2015,OO,4680,N912EV,MSP,DLH,2:21:00 PM,2:17:00 PM,-4,15,2:32:00 PM,59,50,30,144,3:02:00 PM,5,3:20:00 PM,3:07:00 PM,-13,Tuesday,Jan
01/20/2015,OO,2682,N906SW,BFL,PHX,3:30:00 PM,2:22:00 PM,-8,13,3:35:00 PM,90,82,64,425,11:39:00 AM,5,6:00:00 PM,12:44:00 PM,-16,Tuesday,Jan
02/11/2015,US,514,N657AW,PDX,PHX,3:15:00 PM,3:10:00 PM,-5,8,3:18:00 PM,150,133,122,1009,6:20:00 PM,3,6:45:00 PM,6:23:00 PM,-22,Wednesday,Feb
01/21/2015,WN,106,N790SW,PHX,HOU,2:25:00 PM,2:29:00 PM,4,6,2:35:00 PM,145,132,122,1020,5:37:00 PM,4,5:50:00 PM,5:41:00 PM,-9,Wednesday,Jan
01/23/2015,NK,331,N622NK,LGA,ORD,9:55:00 PM,9:45:00 PM,-10,10,9:55:00 PM,147,136,118,733,10:53:00 PM,8,11:22:00 PM,11:01:00 PM,-21,Friday,Jan
02/07/2015,WN,3366,N8655D,DEN,FLL,4:45:00 PM,4:39:00 PM,-6,15,4:54:00 PM,220,216,196,1703,10:10:00 PM,5,10:25:00 PM,10:15:00 PM,-10,Saturday,Feb
02/07/2015,UA,1195,N73259,SFO,ORD,11:10:00 AM,11:08:00 AM,-2,26,11:34:00 AM,260,231,195,1846,4:49:00 PM,10,5:30:00 PM,4:59:00 PM,-31,Saturday,Feb
01/21/2015,WN,358,N414WN,ATL,HOU,11:45:00 AM,11:40:00 AM,-5,11,11:51:00 AM,150,133,119,696,12:50:00 PM,3,1:15:00 PM,12:53:00 PM,-22,Wednesday,Jan
01/14/2015,OO,5164,N928EV,BIL,DEN,10:11:00 AM,10:13:00 AM,2,10,10:23:00 AM,94,86,67,455,11:30:00 AM,9,11:45:00 AM,11:39:00 AM,-6,Wednesday,Jan
01/02/2015,WN,825,N459WN,MCI,MDW,9:55:00 PM,10:20:00 PM,25,6,10:26:00 PM,80,62,50,405,11:16:00 PM,6,11:15:00 PM,11:22:00 PM,7,Friday,Jan
01/07/2015,OO,4621,N825SK,IAH,SLC,2:45:00 AM,2:43:00 AM,-2,14,3:57:00 AM,206,185,161,1195,9:38:00 PM,10,10:11:00 AM,10:48:00 PM,-23,Wednesday,Jan
01/04/2015,DL,929,N6710E,SEA,ATL,11:55:00 PM,11:55:00 PM,0,19,2:14:00 PM,273,251,225,2182,5:59:00 PM,7,12:28:00 AM,10:06:00 PM,-22,Sunday,Jan
01/22/2015,VX,710,N843VA,DAL,LGA,1:25:00 PM,1:25:00 PM,0,12,1:37:00 PM,185,176,155,1381,5:12:00 PM,9,5:30:00 PM,5:21:00 PM,-9,Thursday,Jan
02/09/2015,WN,145,N7741C,LAX,LAS,5:05:00 PM,5:03:00 PM,-2,8,5:11:00 PM,65,56,44,236,5:55:00 PM,4,6:10:00 PM,5:59:00 PM,-11,Monday,Feb
01/30/2015,US,2122,N748UW,DCA,BOS,4:30:00 PM,4:23:00 PM,-7,61,5:24:00 PM,89,136,69,399,6:33:00 PM,6,5:59:00 PM,6:39:00 PM,40,Friday,Jan
02/05/2015,DL,2038,N830DN,ATL,DCA,3:20:00 PM,3:21:00 PM,1,19,3:40:00 PM,104,104,81,547,5:01:00 PM,4,5:04:00 PM,5:05:00 PM,1,Thursday,Feb
01/03/2015,HA,224,N475HA,LIH,HNL,9:06:00 PM,9:17:00 PM,11,40,9:57:00 PM,32,72,18,102,10:15:00 PM,14,9:38:00 PM,10:29:00 PM,51,Saturday,Jan
01/27/2015,OO,2685,N477CA,PHX,PSP,7:43:00 PM,7:37:00 PM,-6,13,7:50:00 PM,68,63,44,261,7:34:00 PM,6,7:51:00 PM,7:40:00 PM,-11,Tuesday,Jan
02/12/2015,WN,393,N286WN,ISP,FLL,11:10:00 PM,10:04:00 PM,-6,15,11:19:00 PM,190,192,162,1092,10:01:00 AM,15,10:20:00 AM,10:16:00 AM,-4,Thursday,Feb
02/06/2015,US,1816,N740UW,TPA,DCA,1:18:00 PM,1:13:00 PM,-5,11,1:24:00 PM,127,132,108,814,3:12:00 PM,13,3:25:00 PM,3:25:00 PM,0,Friday,Feb
01/23/2015,OO,4509,N437SW,BIS,MSP,3:08:00 PM,3:01:00 PM,-7,11,3:12:00 PM,81,86,64,386,4:16:00 PM,11,4:29:00 PM,4:27:00 PM,-2,Friday,Jan
01/10/2015,WN,3940,N8322X,PHX,DAL,6:00:00 PM,1:58:00 PM,-2,10,6:08:00 PM,135,136,120,879,12:08:00 PM,6,12:15:00 PM,12:14:00 PM,-1,Saturday,Jan
01/22/2015,AS,834,N518AS,HNL,PDX,12:25:00 PM,12:18:00 PM,-7,19,12:37:00 PM,334,308,285,2603,7:22:00 PM,4,7:59:00 PM,7:26:00 PM,-33,Thursday,Jan
01/30/2015,EV,5181,N755EV,OMA,DTW,1:10:00 PM,12:01:00 PM,-9,19,2:20:00 PM,131,118,94,651,1:54:00 PM,5,8:21:00 PM,1:59:00 PM,-22,Friday,Jan
01/18/2015,DL,1769,N661DN,ATL,MCO,10:55:00 PM,10:55:00 PM,0,12,11:07:00 PM,83,69,53,404,12:00:00 AM,4,6:18:00 PM,4:04:00 AM,-14,Sunday,Jan
01/22/2015,DL,1966,N930DL,DFW,ATL,9:15:00 AM,9:17:00 AM,2,14,11:31:00 AM,126,113,90,731,11:01:00 AM,9,11:21:00 AM,11:10:00 AM,-11,Thursday,Jan
01/01/2015,WN,675,N7734H,HOU,CHS,8:05:00 PM,8:49:00 PM,44,8,8:57:00 PM,135,119,105,928,11:42:00 PM,6,11:20:00 PM,11:48:00 PM,28,Thursday,Jan
02/09/2015,DL,1066,N929DL,ATL,BNA,11:52:00 PM,10:01:00 AM,9,32,10:33:00 AM,70,74,37,214,10:10:00 AM,5,10:02:00 AM,10:15:00 AM,13,Monday,Feb
01/25/2015,US,696,N557UW,LAX,CLT,10:40:00 PM,10:49:00 PM,9,16,11:05:00 PM,266,282,260,2125,2:25:00 PM,6,12:06:00 PM,3:31:00 PM,25,Sunday,Jan
02/01/2015,EV,4639,N21129,IAH,CAE,1:31:00 PM,1:25:00 PM,-6,12,1:37:00 PM,132,119,103,878,4:20:00 PM,4,4:43:00 PM,4:24:00 PM,-19,Sunday,Feb
01/07/2015,UA,1671,N31412,SAN,ORD,12:47:00 PM,12:47:00 PM,0,16,6:03:00 PM,247,251,227,1723,2:50:00 PM,8,2:54:00 PM,2:58:00 PM,4,Wednesday,Jan
01/13/2015,WN,473,N604SW,BWI,ABQ,11:35:00 AM,10:27:00 AM,-8,25,1:52:00 PM,280,280,251,1670,11:03:00 AM,4,11:15:00 AM,11:07:00 AM,-8,Tuesday,Jan
01/19/2015,B6,123,N945JB,JFK,LAX,9:15:00 AM,9:15:00 AM,0,29,12:44:00 PM,380,388,349,2475,11:33:00 AM,10,11:35:00 AM,11:43:00 AM,8,Monday,Jan
02/08/2015,EV,3270,N15986,ICT,IAH,1:15:00 PM,1:15:00 PM,0,22,3:37:00 PM,115,115,84,542,8:01:00 AM,9,9:10:00 AM,9:10:00 AM,0,Sunday,Feb
02/06/2015,MQ,3245,N3AEMQ,DSM,DFW,3:24:00 PM,3:16:00 PM,-8,10,3:26:00 PM,121,104,86,624,4:52:00 PM,8,5:25:00 PM,5:00:00 PM,-25,Friday,Feb
01/06/2015,WN,479,N476WN,BNA,RDU,8:55:00 PM,9:10:00 PM,15,8,9:18:00 PM,80,66,53,442,11:11:00 PM,5,11:15:00 PM,11:16:00 PM,1,Tuesday,Jan
01/03/2015,DL,203,N949DL,OKC,ATL,3:45:00 PM,3:46:00 PM,1,14,4:00:00 PM,118,120,98,761,6:38:00 PM,8,6:43:00 PM,6:46:00 PM,3,Saturday,Jan
02/07/2015,WN,3201,N776WN,SLC,LAX,1:55:00 PM,1:52:00 PM,-3,15,6:07:00 PM,115,111,88,590,9:35:00 PM,8,11:50:00 PM,10:43:00 PM,-7,Saturday,Feb
02/04/2015,EV,4634,N14168,RDU,IAH,2:41:00 PM,2:33:00 PM,-8,20,2:53:00 PM,198,206,177,1042,4:50:00 PM,9,4:59:00 PM,4:59:00 PM,0,Wednesday,Feb
01/15/2015,OO,4742,N821SK,SNA,SLC,10:05:00 PM,5:57:00 PM,-8,26,12:23:00 AM,119,134,99,588,10:02:00 AM,9,10:04:00 AM,10:11:00 AM,7,Thursday,Jan
01/23/2015,DL,730,N909DL,ATL,CHS,4:40:00 PM,4:40:00 PM,0,16,4:56:00 PM,70,62,40,259,5:36:00 PM,6,5:50:00 PM,5:42:00 PM,-8,Friday,Jan
01/16/2015,WN,3764,N243WN,PHX,SNA,12:20:00 AM,11:18:00 PM,-2,9,12:27:00 AM,80,68,55,338,12:22:00 AM,4,2:40:00 AM,12:26:00 AM,-14,Friday,Jan
01/26/2015,WN,991,N7732A,OAK,SNA,8:50:00 PM,8:50:00 PM,0,5,8:55:00 PM,80,74,66,371,10:01:00 PM,3,10:10:00 PM,10:04:00 PM,-6,Monday,Jan
02/09/2015,WN,2594,N659SW,DCA,CAK,8:50:00 PM,9:01:00 PM,11,16,9:17:00 PM,80,69,49,274,10:06:00 PM,4,10:10:00 PM,10:10:00 PM,0,Monday,Feb
01/22/2015,UA,203,N826UA,ORD,MSP,8:20:00 PM,8:21:00 PM,1,14,8:35:00 PM,90,76,57,334,9:32:00 PM,5,9:50:00 PM,9:37:00 PM,-13,Thursday,Jan
01/13/2015,WN,1035,N7732A,OAK,PHX,12:35:00 PM,12:34:00 PM,-1,9,12:43:00 PM,110,100,86,646,3:09:00 PM,5,3:25:00 PM,3:14:00 PM,-11,Tuesday,Jan
02/08/2015,WN,3659,N735SA,MCI,STL,7:10:00 PM,6:04:00 PM,-6,6,7:10:00 PM,55,46,37,237,10:47:00 PM,3,10:05:00 AM,11:50:00 PM,-15,Sunday,Feb
02/01/2015,OO,6195,N959SW,DEN,LNK,10:00:00 AM,10:02:00 AM,2,64,11:06:00 AM,86,133,63,423,1:09:00 PM,6,12:26:00 PM,1:15:00 PM,49,Sunday,Feb
01/23/2015,OO,5387,N568SW,SBP,LAX,6:10:00 PM,6:04:00 PM,-6,21,6:25:00 PM,65,73,39,156,7:04:00 PM,13,7:15:00 PM,7:17:00 PM,2,Friday,Jan
01/27/2015,OO,2724,N907SW,PHX,SBP,11:00:00 AM,10:50:00 AM,-10,25,11:15:00 AM,108,117,87,509,11:42:00 AM,5,11:48:00 AM,11:47:00 AM,-1,Tuesday,Jan
01/30/2015,UA,1617,N13716,ORD,MSP,7:34:00 PM,7:34:00 PM,0,14,7:48:00 PM,90,83,64,334,8:52:00 PM,5,9:04:00 PM,8:57:00 PM,-7,Friday,Jan
01/17/2015,WN,2755,N8601C,MCI,MDW,6:55:00 PM,6:50:00 PM,-5,6,6:56:00 PM,85,91,58,405,7:54:00 PM,27,8:20:00 PM,8:21:00 PM,1,Saturday,Jan
01/24/2015,B6,905,N665JB,JFK,ORD,10:29:00 AM,12:42:00 PM,13,26,6:08:00 PM,169,147,114,740,10:02:00 AM,7,10:18:00 AM,10:09:00 AM,-9,Saturday,Jan
01/27/2015,WN,726,N212WN,ICT,MDW,12:05:00 PM,7:59:00 AM,-6,18,1:17:00 PM,110,110,88,589,2:45:00 AM,4,3:55:00 AM,2:49:00 AM,-6,Tuesday,Jan
01/01/2015,AA,288,N3DNAA,ORD,BOS,8:05:00 PM,8:01:00 PM,-4,13,8:14:00 PM,125,114,96,867,10:50:00 PM,5,11:10:00 PM,10:55:00 PM,-15,Thursday,Jan
02/03/2015,WN,427,N485WN,DAY,BWI,6:30:00 PM,6:23:00 PM,-7,8,6:31:00 PM,80,68,56,406,7:27:00 PM,4,7:50:00 PM,7:31:00 PM,-19,Tuesday,Feb
01/14/2015,WN,1781,N755SA,RDU,MCO,5:15:00 PM,5:11:00 PM,-4,7,5:18:00 PM,110,95,83,534,6:41:00 PM,5,7:05:00 PM,6:46:00 PM,-19,Wednesday,Jan
02/07/2015,UA,785,N410UA,IAH,LAX,11:34:00 AM,11:51:00 AM,17,12,12:03:00 PM,228,202,183,1379,1:06:00 PM,7,1:22:00 PM,1:13:00 PM,-9,Saturday,Feb
02/08/2015,US,2184,N965UW,DCA,LGA,3:00:00 PM,4:09:00 PM,69,22,4:31:00 PM,81,70,40,214,5:11:00 PM,8,4:21:00 PM,5:19:00 PM,58,Sunday,Feb
01/22/2015,OO,6469,N976SW,ORD,CID,6:00:00 PM,5:54:00 PM,-6,15,6:09:00 PM,60,59,33,196,6:42:00 PM,11,7:00:00 PM,6:53:00 PM,-7,Thursday,Jan
01/15/2015,OO,5243,N718SK,IAH,AUS,10:15:00 AM,10:15:00 AM,0,29,10:44:00 AM,56,66,31,140,11:15:00 AM,6,11:11:00 AM,11:21:00 AM,10,Thursday,Jan
01/18/2015,WN,2237,N423WN,MDW,DCA,1:35:00 PM,1:27:00 PM,-8,9,1:36:00 PM,105,98,83,601,3:59:00 PM,6,4:20:00 PM,4:05:00 PM,-15,Sunday,Jan
01/10/2015,AS,60,N705AS,JNU,KTN,12:23:00 AM,2:43:00 AM,20,15,3:58:00 AM,67,65,41,234,11:39:00 AM,9,11:30:00 AM,12:48:00 PM,18,Saturday,Jan
02/02/2015,WN,4922,N410WN,LAS,RNO,6:05:00 PM,6:01:00 PM,-4,11,7:12:00 PM,80,75,59,345,10:11:00 AM,5,10:25:00 AM,10:16:00 AM,-9,Monday,Feb
02/09/2015,US,406,N562UW,PHX,DTW,11:50:00 PM,10:45:00 PM,-5,28,10:13:00 AM,235,220,184,1671,3:17:00 PM,8,3:45:00 PM,3:25:00 PM,-20,Monday,Feb
01/17/2015,MQ,3672,N931MQ,ORD,DBQ,10:05:00 AM,10:00:00 AM,-5,17,10:17:00 AM,50,55,34,147,10:51:00 AM,4,10:55:00 AM,10:55:00 AM,0,Saturday,Jan
01/21/2015,US,630,N550UW,PHX,JFK,1:50:00 PM,3:05:00 PM,75,16,3:21:00 PM,280,283,249,2153,9:30:00 PM,18,8:30:00 PM,9:48:00 PM,78,Wednesday,Jan
02/02/2015,US,1772,N561UW,LAS,CLT,11:59:00 AM,7:55:00 AM,-4,16,11:11:00 AM,243,240,215,1916,2:46:00 AM,9,8:02:00 AM,3:55:00 AM,-7,Monday,Feb
01/18/2015,AS,64,N768AS,ANC,JNU,11:30:00 AM,11:25:00 AM,-5,7,11:32:00 AM,100,93,83,571,12:55:00 PM,3,1:10:00 PM,12:58:00 PM,-12,Sunday,Jan
02/11/2015,US,2058,N549UW,DEN,PHL,1:45:00 PM,1:55:00 PM,10,13,2:08:00 PM,205,212,192,1558,7:20:00 PM,7,7:10:00 PM,7:27:00 PM,17,Wednesday,Feb
01/23/2015,EV,6172,N13997,MLI,ORD,11:14:00 AM,11:07:00 AM,-7,6,11:13:00 AM,61,57,40,139,11:53:00 AM,11,12:15:00 PM,12:04:00 PM,-11,Friday,Jan
01/14/2015,B6,1129,N635JB,JFK,RSW,11:55:00 AM,11:53:00 AM,-2,21,12:14:00 PM,193,194,166,1074,3:00:00 PM,7,3:08:00 PM,3:07:00 PM,-1,Wednesday,Jan
01/30/2015,WN,541,N718SW,LAX,RNO,11:40:00 AM,11:52:00 AM,12,10,12:02:00 PM,80,72,58,391,1:00:00 PM,4,1:00:00 PM,1:04:00 PM,4,Friday,Jan
01/07/2015,OO,4562,N936SW,CVG,MSN,4:06:00 PM,4:02:00 PM,-4,9,4:11:00 PM,84,83,70,373,4:21:00 PM,4,4:30:00 PM,4:25:00 PM,-5,Wednesday,Jan
02/01/2015,AA,306,N854AA,LAX,MIA,8:00:00 AM,8:01:00 AM,1,19,10:20:00 AM,290,289,260,2342,3:40:00 PM,10,3:50:00 PM,3:50:00 PM,0,Sunday,Feb
01/31/2015,AA,253,N5ESAA,LAX,OGG,6:00:00 PM,1:58:00 PM,-2,17,7:15:00 PM,356,339,318,2486,12:33:00 PM,4,12:56:00 PM,12:37:00 PM,-19,Saturday,Jan
01/07/2015,DL,2151,N995AT,MIA,LGA,1:35:00 AM,12:29:00 AM,-6,23,3:52:00 AM,178,236,155,1096,10:27:00 AM,58,10:33:00 AM,11:25:00 AM,52,Wednesday,Jan
01/26/2015,AA,347,N016AA,MSY,MIA,11:07:00 AM,11:17:00 AM,10,9,11:26:00 AM,107,101,86,675,1:52:00 PM,6,1:54:00 PM,1:58:00 PM,4,Monday,Jan
01/12/2015,AA,1686,N472AA,LAX,STL,12:05:00 PM,7:56:00 AM,-9,17,1:13:00 PM,216,217,197,1592,11:30:00 AM,3,11:41:00 AM,11:33:00 AM,-8,Monday,Jan
01/19/2015,WN,562,N498WN,LAS,LAX,12:00:00 PM,7:57:00 AM,-3,14,1:11:00 PM,65,65,42,236,5:53:00 PM,9,10:05:00 PM,10:02:00 PM,-3,Monday,Jan
01/09/2015,AA,1484,N4XLAA,DFW,AUS,8:25:00 PM,9:30:00 PM,5,17,10:47:00 PM,58,64,42,190,10:29:00 AM,5,10:23:00 AM,10:34:00 AM,11,Friday,Jan
01/24/2015,WN,4390,N8638A,PHX,SAN,11:55:00 AM,11:54:00 AM,-1,13,12:07:00 PM,80,63,47,304,11:54:00 AM,3,12:15:00 PM,11:57:00 AM,-18,Saturday,Jan
01/12/2015,MQ,3365,N3AEMQ,DCA,JFK,7:35:00 PM,9:04:00 PM,89,20,9:24:00 PM,77,65,41,213,10:05:00 PM,4,8:52:00 PM,10:09:00 PM,77,Monday,Jan
02/04/2015,MQ,3079,N607MQ,JLN,DFW,12:00:00 PM,7:59:00 AM,-1,22,2:21:00 PM,84,83,56,327,11:17:00 PM,5,12:24:00 AM,12:22:00 AM,-2,Wednesday,Feb
01/05/2015,WN,582,N432WN,LGA,BNA,1:30:00 PM,2:06:00 PM,36,30,2:36:00 PM,160,167,132,764,3:48:00 PM,5,3:10:00 PM,3:53:00 PM,43,Monday,Jan
01/30/2015,AA,1090,N3CHAA,SNA,DFW,10:00:00 AM,11:57:00 PM,-3,13,10:10:00 AM,166,163,142,1205,2:32:00 PM,8,2:46:00 PM,2:40:00 PM,-6,Friday,Jan
01/21/2015,AA,1459,N3MEAA,ORD,SFO,6:15:00 PM,6:48:00 PM,33,12,7:00:00 PM,285,249,233,1846,8:53:00 PM,4,9:00:00 PM,8:57:00 PM,-3,Wednesday,Jan
01/12/2015,HA,279,N476HA,KOA,HNL,5:30:00 PM,5:25:00 PM,-5,6,5:31:00 PM,44,45,31,163,6:02:00 PM,8,6:14:00 PM,6:10:00 PM,-4,Monday,Jan
01/12/2015,DL,1054,N926DL,BDL,ATL,12:20:00 AM,11:19:00 PM,-1,32,3:51:00 AM,171,190,146,859,10:17:00 AM,12,10:11:00 AM,10:29:00 AM,18,Monday,Jan
01/17/2015,DL,1550,N914DN,LAS,MSP,10:05:00 PM,5:56:00 PM,-9,16,11:12:00 PM,190,189,169,1299,12:01:00 PM,4,12:15:00 PM,12:05:00 PM,-10,Saturday,Jan
01/03/2015,NK,470,N521NK,PDX,SAN,2:20:00 PM,1:13:00 PM,-7,11,2:24:00 PM,140,134,118,933,10:22:00 AM,5,12:40:00 PM,10:27:00 AM,-13,Saturday,Jan
01/02/2015,DL,809,N928DN,BOS,MSP,12:00:00 PM,12:00:00 PM,0,20,2:20:00 PM,210,220,195,1124,11:35:00 AM,5,11:30:00 AM,12:40:00 PM,10,Friday,Jan
02/02/2015,AA,1694,N3BXAA,SAN,DFW,3:38:00 PM,3:29:00 PM,-9,12,3:41:00 PM,172,202,154,1171,8:15:00 PM,36,8:30:00 PM,8:51:00 PM,21,Monday,Feb
01/31/2015,DL,1467,N353NW,ATL,BZN,10:55:00 AM,10:53:00 AM,-2,12,11:05:00 AM,267,236,220,1640,12:45:00 PM,4,1:22:00 PM,12:49:00 PM,-33,Saturday,Jan
01/27/2015,OO,5612,N967SW,SLC,SFO,1:15:00 PM,2:28:00 PM,13,72,2:40:00 AM,138,170,85,599,8:05:00 AM,13,1:33:00 AM,9:18:00 AM,45,Tuesday,Jan
02/11/2015,OO,6208,N919SW,DEN,MOT,7:45:00 PM,8:42:00 PM,57,9,8:51:00 PM,112,107,91,604,11:22:00 PM,7,10:37:00 PM,11:29:00 PM,52,Wednesday,Feb
02/03/2015,OO,4502,N452SW,DTW,DAY,3:55:00 PM,3:52:00 PM,-3,18,4:10:00 PM,65,54,32,166,4:42:00 PM,4,5:00:00 PM,4:46:00 PM,-14,Tuesday,Feb
01/04/2015,B6,493,N712JB,BOS,DEN,9:15:00 AM,9:15:00 AM,0,17,11:32:00 AM,288,294,264,1754,10:56:00 AM,13,11:03:00 AM,11:09:00 AM,6,Sunday,Jan
02/04/2015,OO,5483,N771SK,DEN,SLC,5:22:00 PM,6:21:00 PM,59,26,6:47:00 PM,92,96,66,391,7:53:00 PM,4,6:54:00 PM,7:57:00 PM,63,Wednesday,Feb
01/14/2015,WN,2428,N908WN,AUS,DAL,9:45:00 PM,9:40:00 PM,-5,12,9:52:00 PM,55,48,32,189,10:24:00 PM,4,10:40:00 PM,10:28:00 PM,-12,Wednesday,Jan
02/01/2015,AA,2393,N3GNAA,JFK,MCO,10:00:00 PM,5:54:00 PM,-6,19,11:13:00 PM,188,173,141,944,9:34:00 PM,13,10:08:00 AM,10:47:00 PM,-21,Sunday,Feb
02/04/2015,AS,722,N708AS,SLC,LAX,10:00:00 PM,5:52:00 PM,-8,21,11:13:00 PM,125,144,83,590,1:36:00 AM,40,8:05:00 AM,9:16:00 AM,11,Wednesday,Feb
02/08/2015,WN,459,N626SW,ATL,BWI,6:00:00 PM,6:17:00 PM,17,14,6:31:00 PM,105,102,82,577,7:53:00 PM,6,7:45:00 PM,7:59:00 PM,14,Sunday,Feb
01/30/2015,WN,850,N8623F,MSY,LAS,11:35:00 AM,11:35:00 AM,0,10,11:45:00 AM,240,216,201,1500,1:06:00 PM,5,1:35:00 PM,1:11:00 PM,-24,Friday,Jan
01/09/2015,WN,234,N793SA,MKE,ATL,3:00:00 PM,3:23:00 PM,23,7,3:30:00 PM,130,104,91,669,6:01:00 PM,6,6:10:00 PM,6:07:00 PM,-3,Friday,Jan
01/03/2015,AA,2210,N477AA,DFW,SAT,10:05:00 AM,10:00:00 AM,-5,15,10:15:00 AM,70,72,53,247,11:08:00 AM,4,11:15:00 AM,11:12:00 AM,-3,Saturday,Jan
02/04/2015,AA,331,N3KEAA,LGA,ORD,12:15:00 PM,12:07:00 PM,-8,26,12:33:00 PM,162,172,135,733,1:48:00 PM,11,1:57:00 PM,1:59:00 PM,2,Wednesday,Feb
02/06/2015,EV,4729,N13202,ORD,BNA,11:30:00 AM,11:23:00 AM,-7,13,11:36:00 AM,92,76,56,409,12:32:00 PM,7,1:02:00 PM,12:39:00 PM,-23,Friday,Feb
01/07/2015,UA,258,N424UA,LAS,SFO,11:00:00 AM,10:55:00 AM,-5,14,11:09:00 AM,97,79,60,414,12:09:00 PM,5,12:37:00 PM,12:14:00 PM,-23,Wednesday,Jan
01/13/2015,WN,144,N961WN,PHX,SEA,8:50:00 PM,8:54:00 PM,4,7,9:01:00 PM,185,166,154,1107,10:35:00 PM,5,10:55:00 PM,10:40:00 PM,-15,Tuesday,Jan
01/16/2015,WN,297,N8608N,DAL,LGA,2:20:00 PM,2:22:00 PM,2,11,3:33:00 PM,195,196,173,1381,10:26:00 AM,12,10:35:00 AM,10:38:00 AM,3,Friday,Jan
01/10/2015,AS,153,N794AS,OTZ,OME,7:00:00 PM,7:02:00 PM,2,12,7:14:00 PM,42,52,36,183,7:50:00 PM,4,7:42:00 PM,7:54:00 PM,12,Saturday,Jan
01/30/2015,WN,4513,N629SW,MSY,HOU,12:45:00 PM,12:42:00 PM,-3,5,12:47:00 PM,75,62,54,302,10:41:00 PM,3,10:00:00 AM,10:44:00 PM,-16,Friday,Jan
01/19/2015,UA,480,N471UA,ORD,DEN,10:56:00 AM,10:55:00 AM,-1,13,11:08:00 AM,163,149,130,888,12:18:00 PM,6,12:39:00 PM,12:24:00 PM,-15,Monday,Jan
01/31/2015,UA,335,N826UA,LAX,IAH,8:07:00 AM,8:02:00 AM,-5,24,10:26:00 AM,198,199,169,1379,1:15:00 PM,6,1:25:00 PM,1:21:00 PM,-4,Saturday,Jan
02/06/2015,EV,5282,N920EV,DTW,CID,8:05:00 PM,8:01:00 PM,-4,17,8:18:00 PM,107,92,71,430,8:29:00 PM,4,8:52:00 PM,8:33:00 PM,-19,Friday,Feb
01/20/2015,F9,739,N935FR,CVG,DEN,1:59:00 PM,1:53:00 PM,-6,11,2:04:00 PM,186,180,161,1069,2:45:00 PM,8,3:05:00 PM,2:53:00 PM,-12,Tuesday,Jan
01/05/2015,EV,5597,N606LR,LFT,ATL,11:25:00 AM,12:06:00 PM,41,10,12:16:00 PM,98,81,63,503,2:19:00 PM,8,2:03:00 PM,2:27:00 PM,24,Monday,Jan
01/21/2015,VX,731,N526VA,DCA,DAL,1:30:00 AM,11:16:00 PM,-14,38,3:54:00 AM,210,232,187,1184,10:01:00 AM,7,10:00:00 AM,10:08:00 AM,8,Wednesday,Jan
01/19/2015,WN,4208,N608SW,ONT,SMF,12:30:00 PM,12:34:00 PM,4,7,12:41:00 PM,80,77,67,390,1:48:00 PM,3,1:50:00 PM,1:51:00 PM,1,Monday,Jan
02/06/2015,OO,6229,N507CA,ORD,DSM,11:55:00 AM,12:08:00 PM,13,18,12:26:00 PM,78,69,48,299,1:14:00 PM,3,1:13:00 PM,1:17:00 PM,4,Friday,Feb
02/02/2015,OO,4491,N606SK,PDX,SEA,5:25:00 PM,5:19:00 PM,-6,13,5:32:00 PM,51,58,37,129,6:09:00 PM,8,6:16:00 PM,6:17:00 PM,1,Monday,Feb
01/04/2015,UA,816,N434UA,EWR,SEA,3:50:00 AM,3:52:00 AM,2,15,8:07:00 AM,387,360,341,2402,10:48:00 AM,4,11:17:00 AM,10:52:00 AM,-25,Sunday,Jan
02/03/2015,AA,1209,N3HHAA,TPA,LAX,12:25:00 AM,11:18:00 PM,-7,13,1:31:00 AM,330,335,314,2158,10:45:00 PM,8,11:55:00 PM,11:53:00 PM,-2,Tuesday,Feb
02/02/2015,WN,2593,N649SW,SFO,PHX,4:05:00 PM,4:01:00 PM,-4,14,4:15:00 PM,110,112,92,651,6:47:00 PM,6,6:55:00 PM,6:53:00 PM,-2,Monday,Feb
02/06/2015,DL,2442,N932DN,DEN,ATL,2:45:00 PM,2:37:00 PM,-8,20,2:57:00 PM,172,169,140,1199,7:17:00 PM,9,7:37:00 PM,7:26:00 PM,-11,Friday,Feb
02/03/2015,OO,2646,N955SW,ORD,ICT,11:45:00 AM,12:15:00 PM,30,25,12:40:00 PM,119,121,92,588,2:12:00 PM,4,1:44:00 PM,2:16:00 PM,32,Tuesday,Feb
01/20/2015,UA,399,N462UA,EWR,DFW,1:00:00 PM,12:56:00 PM,-4,10,1:06:00 PM,245,229,211,1372,3:37:00 PM,8,4:05:00 PM,3:45:00 PM,-20,Tuesday,Jan
01/16/2015,WN,4661,N704SW,DAL,SAT,2:30:00 PM,2:39:00 PM,9,9,2:48:00 PM,65,58,46,248,3:34:00 PM,3,3:35:00 PM,3:37:00 PM,2,Friday,Jan
01/05/2015,VX,964,N623VA,SFO,SAN,7:55:00 PM,8:00:00 PM,5,8,8:08:00 PM,85,80,67,447,9:15:00 PM,5,9:20:00 PM,9:20:00 PM,0,Monday,Jan
02/02/2015,MQ,3399,N616MQ,DFW,FSM,5:25:00 PM,5:41:00 PM,16,13,5:54:00 PM,59,61,43,227,6:37:00 PM,5,6:24:00 PM,6:42:00 PM,18,Monday,Feb
01/23/2015,WN,451,N8328A,BWI,SJU,12:40:00 PM,11:38:00 AM,-2,41,7:19:00 PM,255,257,209,1565,1:48:00 PM,7,1:55:00 PM,1:55:00 PM,0,Friday,Jan
01/04/2015,AA,1004,N3HUAA,DFW,RSW,8:30:00 PM,10:14:00 PM,104,11,10:25:00 PM,145,137,122,1017,12:27:00 PM,4,11:55:00 PM,1:31:00 PM,96,Sunday,Jan
02/08/2015,US,1717,N679AW,CLT,FLL,10:10:00 PM,10:13:00 PM,3,9,10:22:00 PM,113,97,85,631,11:47:00 PM,3,3:03:00 AM,11:50:00 PM,-13,Sunday,Feb
01/12/2015,WN,3207,N418WN,BDL,RSW,2:45:00 AM,2:40:00 AM,-5,22,8:02:00 AM,210,220,194,1180,11:16:00 AM,4,11:15:00 AM,11:20:00 AM,5,Monday,Jan
01/08/2015,MQ,3077,N902MQ,DFW,SGF,4:25:00 PM,4:43:00 PM,18,12,4:55:00 PM,78,71,54,364,5:49:00 PM,5,5:43:00 PM,5:54:00 PM,11,Thursday,Jan
01/13/2015,OO,4671,N611SK,SLC,DEN,9:34:00 PM,9:30:00 PM,-4,11,10:41:00 PM,97,94,72,391,10:53:00 AM,11,11:11:00 AM,11:04:00 AM,-7,Tuesday,Jan
01/07/2015,WN,1269,N363SW,LAX,SLC,4:50:00 PM,4:53:00 PM,3,10,5:03:00 PM,105,102,88,590,7:31:00 PM,4,7:35:00 PM,7:35:00 PM,0,Wednesday,Jan
02/09/2015,AS,722,N706AS,SLC,LAX,10:00:00 PM,5:51:00 PM,-9,20,11:11:00 PM,125,131,105,590,3:56:00 AM,6,8:05:00 AM,8:02:00 AM,-3,Monday,Feb
01/13/2015,DL,1692,N801DZ,SAN,ATL,11:10:00 AM,11:10:00 AM,0,15,11:25:00 AM,248,228,203,1892,5:48:00 PM,10,6:18:00 PM,5:58:00 PM,-20,Tuesday,Jan
01/03/2015,US,725,N536UW,CLT,MCO,2:45:00 PM,2:42:00 PM,-3,15,2:57:00 PM,99,93,71,468,4:08:00 PM,7,4:24:00 PM,4:15:00 PM,-9,Saturday,Jan
02/07/2015,US,709,N587UW,PHL,SFO,4:05:00 PM,3:58:00 PM,-7,21,4:19:00 PM,383,376,349,2521,7:08:00 PM,6,7:28:00 PM,7:14:00 PM,-14,Saturday,Feb
01/11/2015,EV,4466,N11137,IAH,MCI,2:37:00 PM,2:40:00 PM,3,19,2:59:00 PM,123,131,91,643,4:30:00 PM,21,4:40:00 PM,4:51:00 PM,11,Sunday,Jan
02/10/2015,EV,5248,N719EV,MSP,MDW,5:15:00 PM,6:22:00 PM,67,92,7:54:00 PM,95,153,57,349,8:51:00 PM,4,6:50:00 PM,8:55:00 PM,125,Tuesday,Feb
01/26/2015,WN,48,N340LV,HOU,DAL,6:00:00 PM,6:09:00 PM,9,9,6:18:00 PM,60,57,43,239,7:01:00 PM,5,7:00:00 PM,7:06:00 PM,6,Monday,Jan
01/25/2015,DL,1946,N920AT,CLE,ATL,6:45:00 PM,6:41:00 PM,-4,29,7:10:00 PM,119,119,84,554,8:34:00 PM,6,8:44:00 PM,8:40:00 PM,-4,Sunday,Jan
01/19/2015,F9,723,N948FR,DCA,DEN,1:32:00 PM,1:29:00 PM,-3,10,1:39:00 PM,242,236,219,1476,3:18:00 PM,7,3:34:00 PM,3:25:00 PM,-9,Monday,Jan
02/05/2015,AA,390,N3EXAA,RDU,ORD,6:30:00 PM,6:29:00 PM,-1,7,6:36:00 PM,134,128,111,646,7:27:00 PM,10,7:44:00 PM,7:37:00 PM,-7,Thursday,Feb
01/09/2015,DL,1838,N991DL,ATL,DCA,5:20:00 PM,5:17:00 PM,-3,11,5:28:00 PM,100,90,74,547,6:42:00 PM,5,7:00:00 PM,6:47:00 PM,-13,Friday,Jan
01/11/2015,WN,445,N913WN,CLE,BWI,7:10:00 PM,7:27:00 PM,17,20,7:47:00 PM,75,77,52,314,8:39:00 PM,5,8:25:00 PM,8:44:00 PM,19,Sunday,Jan
01/28/2015,WN,349,N8648A,SLC,LAS,1:35:00 PM,1:40:00 PM,5,11,1:51:00 PM,75,81,63,368,1:54:00 PM,7,1:50:00 PM,2:01:00 PM,11,Wednesday,Jan
01/23/2015,EV,5801,N11189,MTJ,DEN,5:58:00 PM,5:42:00 PM,-16,11,5:53:00 PM,67,74,42,196,6:35:00 PM,21,7:05:00 PM,6:56:00 PM,-9,Friday,Jan
01/10/2015,EV,4460,N26549,IAH,LFT,11:25:00 AM,11:23:00 AM,-2,25,11:48:00 AM,58,63,33,201,12:21:00 PM,5,12:23:00 PM,12:26:00 PM,3,Saturday,Jan
01/26/2015,WN,3296,N218WN,RSW,PIT,11:45:00 AM,11:40:00 AM,-5,9,11:49:00 AM,150,153,134,966,2:03:00 PM,10,2:15:00 PM,2:13:00 PM,-2,Monday,Jan
02/09/2015,AS,341,N786AS,PSP,SFO,5:20:00 PM,5:36:00 PM,16,21,5:57:00 PM,89,95,67,421,7:04:00 PM,7,6:49:00 PM,7:11:00 PM,22,Monday,Feb
01/17/2015,US,638,N908AW,OGG,PHX,10:15:00 PM,10:05:00 PM,-10,8,10:13:00 PM,340,302,291,2845,12:04:00 PM,3,5:55:00 PM,12:07:00 PM,-48,Saturday,Jan
01/08/2015,B6,1013,N571JB,JFK,LGB,6:10:00 PM,6:11:00 PM,1,10,6:21:00 PM,381,364,350,2465,9:11:00 PM,4,9:31:00 PM,9:15:00 PM,-16,Thursday,Jan
02/02/2015,WN,965,N782SA,MCO,SJU,10:45:00 PM,10:46:00 PM,1,6,11:52:00 PM,160,159,149,1189,1:21:00 PM,4,1:25:00 PM,1:25:00 PM,0,Monday,Feb
01/12/2015,EV,5171,N232PQ,ATL,MGM,1:10:00 PM,1:08:00 PM,-2,19,1:27:00 PM,53,58,37,147,1:04:00 PM,2,1:03:00 PM,1:06:00 PM,3,Monday,Jan
01/04/2015,WN,31,N7744A,DEN,STL,12:00:00 PM,12:09:00 PM,9,26,3:35:00 PM,125,125,93,770,6:08:00 PM,6,6:05:00 PM,7:14:00 PM,9,Sunday,Jan
01/29/2015,WN,2319,N624SW,LAS,RNO,10:35:00 AM,10:46:00 AM,11,12,10:58:00 AM,80,67,51,345,11:49:00 AM,4,11:55:00 AM,11:53:00 AM,-2,Thursday,Jan
01/27/2015,WN,261,N206WN,LAX,OAK,11:10:00 PM,10:08:00 PM,-2,10,11:18:00 PM,75,80,67,337,10:25:00 AM,3,10:25:00 AM,10:28:00 AM,3,Tuesday,Jan
02/07/2015,OO,2643,N693BR,CHO,ORD,5:29:00 PM,5:29:00 PM,0,7,5:36:00 PM,121,104,86,567,6:02:00 PM,11,6:30:00 PM,6:13:00 PM,-17,Saturday,Feb
01/01/2015,WN,304,N292WN,BWI,SAT,11:00:00 AM,11:05:00 AM,5,7,11:12:00 AM,240,236,225,1407,1:57:00 PM,4,2:00:00 PM,2:01:00 PM,1,Thursday,Jan
01/07/2015,DL,1195,N912DE,ATL,IAD,3:16:00 PM,3:10:00 PM,-6,21,3:31:00 PM,108,96,70,534,4:41:00 PM,5,5:04:00 PM,4:46:00 PM,-18,Wednesday,Jan
02/09/2015,EV,4545,N11193,IAH,RDU,7:07:00 PM,7:08:00 PM,1,12,7:20:00 PM,148,167,147,1042,10:47:00 PM,8,10:35:00 PM,10:55:00 PM,20,Monday,Feb
01/20/2015,EV,5932,N13997,CAK,ORD,6:56:00 PM,6:49:00 PM,-7,16,7:05:00 PM,89,98,70,343,7:15:00 PM,12,7:25:00 PM,7:27:00 PM,2,Tuesday,Jan
01/13/2015,WN,3302,N613SW,LAX,OAK,2:40:00 PM,2:52:00 PM,12,7,2:59:00 PM,75,69,57,337,3:56:00 PM,5,3:55:00 PM,4:01:00 PM,6,Tuesday,Jan
01/05/2015,DL,1318,N349NB,ATL,CLT,10:05:00 AM,10:03:00 AM,-2,12,10:15:00 AM,74,54,37,226,10:52:00 AM,5,11:19:00 AM,10:57:00 AM,-22,Monday,Jan
02/09/2015,OO,4667,N554CA,OMA,SLC,11:30:00 AM,10:27:00 AM,-3,16,12:43:00 PM,164,175,153,840,10:16:00 AM,6,10:14:00 AM,10:22:00 AM,8,Monday,Feb
01/04/2015,WN,113,N632SW,SEA,OAK,1:35:00 PM,1:34:00 PM,-1,20,1:54:00 PM,120,118,93,671,3:27:00 PM,5,3:35:00 PM,3:32:00 PM,-3,Sunday,Jan
01/28/2015,UA,1165,N38451,LAX,IAD,1:01:00 PM,1:20:00 PM,19,15,1:35:00 PM,298,265,245,2288,8:40:00 PM,5,8:59:00 PM,8:45:00 PM,-14,Wednesday,Jan
01/01/2015,DL,2287,N923DN,DTW,ATL,5:35:00 PM,5:42:00 PM,7,16,5:58:00 PM,130,110,86,594,7:24:00 PM,8,7:45:00 PM,7:32:00 PM,-13,Thursday,Jan
01/26/2015,WN,927,N956WN,ABQ,LAX,11:10:00 AM,11:04:00 AM,-6,8,11:12:00 AM,125,106,90,677,11:42:00 AM,8,12:15:00 PM,11:50:00 AM,-25,Monday,Jan
01/19/2015,WN,47,N511SW,DAL,HOU,6:00:00 PM,6:05:00 PM,5,14,6:19:00 PM,65,62,42,239,7:01:00 PM,6,7:05:00 PM,7:07:00 PM,2,Monday,Jan
01/14/2015,DL,2401,N912DN,MCI,ATL,10:07:00 AM,11:58:00 PM,-9,14,10:12:00 AM,118,113,94,692,12:46:00 PM,5,1:05:00 PM,12:51:00 PM,-14,Wednesday,Jan
01/19/2015,HA,35,N587HA,PHX,HNL,8:00:00 AM,3:58:00 AM,-2,15,9:13:00 AM,400,401,384,2917,11:37:00 AM,2,11:40:00 AM,11:39:00 AM,-1,Monday,Jan
01/27/2015,MQ,3532,N665MQ,MIA,GNV,2:20:00 PM,2:13:00 PM,-7,12,2:25:00 PM,71,65,51,294,3:16:00 PM,2,3:31:00 PM,3:18:00 PM,-13,Tuesday,Jan
01/15/2015,AA,1556,N3GLAA,PHL,MIA,11:15:00 AM,11:09:00 AM,-6,11,11:20:00 AM,177,162,140,1013,1:40:00 PM,11,2:12:00 PM,1:51:00 PM,-21,Thursday,Jan
01/03/2015,B6,2169,N508JB,BOS,FLL,10:43:00 PM,10:44:00 PM,1,14,11:58:00 PM,211,201,182,1237,1:00:00 PM,5,1:14:00 PM,1:05:00 PM,-9,Saturday,Jan
01/16/2015,AA,1228,N597AA,SLC,DFW,5:50:00 PM,5:42:00 PM,-8,17,5:59:00 PM,150,174,124,989,9:03:00 PM,33,9:20:00 PM,9:36:00 PM,16,Friday,Jan
01/27/2015,WN,4175,N239WN,SAN,PHX,3:35:00 PM,3:29:00 PM,-6,11,3:40:00 PM,70,70,55,304,5:35:00 PM,4,5:45:00 PM,5:39:00 PM,-6,Tuesday,Jan
01/21/2015,DL,2417,N915AT,ATL,ATW,7:21:00 PM,7:30:00 PM,9,15,7:45:00 PM,129,126,107,765,8:32:00 PM,4,8:30:00 PM,8:36:00 PM,6,Wednesday,Jan
01/05/2015,WN,453,N252WN,SJC,SAN,10:40:00 AM,10:36:00 AM,-4,9,10:45:00 AM,75,73,61,417,11:46:00 AM,3,11:55:00 AM,11:49:00 AM,-6,Monday,Jan
01/11/2015,NK,906,N609NK,IAH,DTW,7:05:00 PM,9:15:00 PM,130,21,9:36:00 PM,152,154,124,1075,4:40:00 PM,9,10:37:00 PM,1:49:00 AM,132,Sunday,Jan
01/11/2015,DL,1693,N969DL,ORD,ATL,11:30:00 AM,11:28:00 AM,-2,12,11:40:00 AM,119,113,93,606,2:13:00 PM,8,2:29:00 PM,2:21:00 PM,-8,Sunday,Jan
02/12/2015,B6,353,N516JB,JFK,PBI,12:00:00 PM,7:55:00 AM,-5,10,12:05:00 PM,178,161,148,1028,11:33:00 AM,3,1:58:00 PM,11:36:00 AM,-22,Thursday,Feb
01/12/2015,OO,5221,N758SK,IAH,ORF,12:57:00 PM,1:00:00 PM,3,59,1:59:00 PM,161,222,159,1201,5:38:00 PM,4,4:38:00 PM,5:42:00 PM,64,Monday,Jan
01/25/2015,DL,2033,N994AT,TYS,ATL,11:31:00 AM,11:22:00 AM,-9,12,11:34:00 AM,63,50,31,152,12:05:00 PM,7,12:34:00 PM,12:12:00 PM,-22,Sunday,Jan
01/27/2015,OO,6200,N782SK,ORF,ORD,1:32:00 AM,12:40:00 PM,308,32,1:12:00 PM,143,153,106,717,1:58:00 PM,15,1:55:00 PM,2:13:00 PM,318,Tuesday,Jan
01/31/2015,HA,325,N476HA,OGG,HNL,5:00:00 PM,4:49:00 PM,-11,7,4:56:00 PM,35,38,22,100,5:18:00 PM,9,5:35:00 PM,5:27:00 PM,-8,Saturday,Jan
01/16/2015,OO,5325,N975SW,ORD,DLH,1:15:00 PM,1:19:00 PM,4,23,1:42:00 PM,95,95,68,397,2:50:00 PM,4,2:50:00 PM,2:54:00 PM,4,Friday,Jan
01/16/2015,DL,1880,N804DN,SFO,ATL,10:55:00 PM,10:56:00 PM,1,16,11:12:00 PM,267,255,232,2139,12:04:00 PM,7,2:22:00 PM,1:11:00 PM,-11,Friday,Jan
02/08/2015,OO,4659,N693CA,LAX,PHX,9:30:00 PM,10:01:00 PM,31,36,10:37:00 PM,89,92,52,370,5:29:00 AM,4,11:59:00 PM,9:33:00 AM,34,Sunday,Feb
01/18/2015,DL,2342,N922DL,ATL,JAX,12:15:00 PM,12:23:00 PM,8,18,12:41:00 PM,69,64,41,270,1:22:00 PM,5,1:24:00 PM,1:27:00 PM,3,Sunday,Jan
01/03/2015,WN,2233,N653SW,CMH,ATL,4:10:00 PM,4:09:00 PM,-1,11,4:20:00 PM,100,100,80,447,5:40:00 PM,9,5:50:00 PM,5:49:00 PM,-1,Saturday,Jan
02/10/2015,AA,1445,N3CHAA,MIA,LGA,11:35:00 AM,11:32:00 AM,-3,24,11:56:00 AM,174,178,151,1096,2:27:00 PM,3,2:29:00 PM,2:30:00 PM,1,Tuesday,Feb
02/02/2015,WN,43,N237WN,HOU,MDW,6:40:00 PM,6:42:00 PM,2,10,6:52:00 PM,145,131,115,937,8:47:00 PM,6,9:05:00 PM,8:53:00 PM,-12,Monday,Feb
01/27/2015,AA,147,N575AA,DFW,SLC,9:05:00 PM,9:02:00 PM,-3,13,9:15:00 PM,169,155,138,989,10:33:00 PM,4,10:54:00 PM,10:37:00 PM,-17,Tuesday,Jan
01/04/2015,AA,1424,N3GRAA,MIA,DEN,11:00:00 AM,10:57:00 AM,-3,16,11:13:00 AM,274,270,239,1709,1:12:00 PM,15,1:34:00 PM,1:27:00 PM,-7,Sunday,Jan
01/19/2015,AA,1293,N3AVAA,STX,MIA,4:58:00 PM,4:45:00 PM,-13,12,4:57:00 PM,197,194,171,1139,6:48:00 PM,11,7:15:00 PM,6:59:00 PM,-16,Monday,Jan
01/03/2015,B6,6,N597JB,FLL,EWR,5:38:00 PM,7:54:00 PM,136,25,8:19:00 PM,175,166,132,1065,10:31:00 PM,9,8:33:00 PM,10:40:00 PM,127,Saturday,Jan
02/08/2015,EV,5582,N853AS,ATL,TYS,9:15:00 AM,8:09:00 AM,-6,19,10:28:00 AM,50,51,30,152,1:58:00 PM,2,6:05:00 PM,6:00:00 PM,-5,Sunday,Feb
01/19/2015,DL,1684,N392DA,SJC,ATL,11:03:00 PM,11:00:00 PM,-3,12,11:12:00 PM,266,248,231,2116,12:03:00 PM,5,2:29:00 PM,12:08:00 PM,-21,Monday,Jan
01/09/2015,B6,2202,N323JB,JFK,BUF,6:36:00 PM,6:33:00 PM,-3,13,6:46:00 PM,89,77,61,301,7:47:00 PM,3,8:05:00 PM,7:50:00 PM,-15,Friday,Jan
01/02/2015,B6,105,N193JB,JFK,ORD,7:30:00 PM,7:28:00 PM,-2,14,7:42:00 PM,168,156,136,740,8:58:00 PM,6,9:18:00 PM,9:04:00 PM,-14,Friday,Jan
01/10/2015,WN,4392,N400WN,BUR,LAS,3:35:00 PM,3:38:00 PM,3,10,3:48:00 PM,60,51,36,223,4:24:00 PM,5,4:35:00 PM,4:29:00 PM,-6,Saturday,Jan
01/25/2015,US,1731,N631AW,CLT,PHL,6:00:00 PM,1:57:00 PM,-3,10,6:07:00 PM,93,89,72,449,10:19:00 AM,7,10:33:00 AM,10:26:00 AM,-7,Sunday,Jan
01/05/2015,EV,5529,N920EV,ATL,BQK,7:29:00 PM,7:22:00 PM,-7,16,7:38:00 PM,67,57,38,238,8:16:00 PM,3,8:36:00 PM,8:19:00 PM,-17,Monday,Jan
01/12/2015,OO,4478,N679CA,ORD,SLC,3:50:00 AM,8:09:00 AM,19,54,6:03:00 PM,219,235,174,1250,10:57:00 AM,7,10:29:00 AM,11:04:00 AM,35,Monday,Jan
01/29/2015,EV,2569,N909EV,LIT,DFW,1:30:00 PM,1:24:00 PM,-6,13,1:37:00 PM,80,87,63,304,2:40:00 PM,11,2:50:00 PM,2:51:00 PM,1,Thursday,Jan
01/08/2015,DL,1960,N6709,SEA,MSP,1:00:00 PM,1:02:00 PM,2,18,1:20:00 PM,201,185,162,1399,6:02:00 PM,5,6:21:00 PM,6:07:00 PM,-14,Thursday,Jan
01/07/2015,WN,1885,N713SW,HOU,LAX,9:05:00 PM,9:25:00 PM,20,8,9:33:00 PM,225,188,174,1390,10:27:00 PM,6,10:50:00 PM,10:33:00 PM,-17,Wednesday,Jan
01/02/2015,WN,1027,N7744A,MKE,MCI,6:20:00 PM,6:53:00 PM,33,7,7:00:00 PM,95,88,76,436,8:16:00 PM,5,7:55:00 PM,8:21:00 PM,26,Friday,Jan
01/25/2015,AA,2318,N3FPAA,LAX,MIA,9:55:00 PM,9:51:00 PM,-4,21,10:12:00 PM,286,301,273,2342,6:45:00 AM,7,6:41:00 AM,7:52:00 AM,11,Sunday,Jan
01/29/2015,UA,720,N458UA,EWR,MIA,7:14:00 PM,7:22:00 PM,8,14,7:36:00 PM,190,185,166,1085,10:22:00 PM,5,10:24:00 PM,10:27:00 PM,3,Thursday,Jan
01/22/2015,AA,942,N564AA,DFW,TPA,5:10:00 PM,5:20:00 PM,10,11,5:31:00 PM,136,132,115,929,8:26:00 PM,6,8:26:00 PM,8:32:00 PM,6,Thursday,Jan
01/24/2015,US,838,N201UU,PHL,STT,10:45:00 PM,12:18:00 PM,153,22,12:40:00 PM,237,235,204,1605,5:04:00 PM,9,2:42:00 PM,5:13:00 PM,151,Saturday,Jan
01/21/2015,WN,2055,N432WN,SAN,RNO,12:05:00 PM,12:02:00 PM,-3,6,12:08:00 PM,95,105,77,488,1:25:00 PM,22,1:40:00 PM,1:47:00 PM,7,Wednesday,Jan
01/11/2015,DL,2259,N334NW,MSP,SLC,11:19:00 AM,11:26:00 AM,7,18,11:44:00 AM,171,171,148,991,1:12:00 PM,5,1:10:00 PM,1:17:00 PM,7,Sunday,Jan
01/13/2015,OO,4566,N457SW,SLC,RDM,8:50:00 PM,8:45:00 PM,-5,29,9:14:00 PM,106,105,72,525,9:26:00 PM,4,9:36:00 PM,9:30:00 PM,-6,Tuesday,Jan
01/05/2015,OO,5165,N728SK,DEN,BZN,5:15:00 PM,6:29:00 PM,74,25,6:54:00 PM,110,115,81,524,8:15:00 PM,9,7:05:00 PM,8:24:00 PM,79,Monday,Jan
01/25/2015,OO,4452,N806SK,LAX,OAK,11:30:00 AM,11:27:00 AM,-3,27,11:54:00 AM,87,85,52,337,12:46:00 PM,6,12:57:00 PM,12:52:00 PM,-5,Sunday,Jan
01/06/2015,MQ,3187,N670MQ,SGF,DFW,1:50:00 PM,11:53:00 AM,183,11,12:04:00 PM,95,75,60,364,1:04:00 PM,4,10:25:00 AM,1:08:00 PM,163,Tuesday,Jan
02/02/2015,UA,360,N851UA,IAH,DCA,1:03:00 PM,1:05:00 PM,2,18,1:23:00 PM,176,161,137,1208,4:40:00 PM,6,4:59:00 PM,4:46:00 PM,-13,Monday,Feb
02/08/2015,UA,1136,N27205,ORD,IAH,8:15:00 PM,9:00:00 PM,45,44,9:44:00 PM,168,160,112,925,11:36:00 PM,4,11:03:00 PM,11:40:00 PM,37,Sunday,Feb
02/08/2015,US,770,N730US,PHL,SJU,1:35:00 AM,12:26:00 AM,-9,16,2:42:00 AM,238,223,199,1576,12:01:00 PM,8,12:33:00 PM,12:09:00 PM,-24,Sunday,Feb
02/10/2015,MQ,3602,N647MQ,SGF,DFW,1:10:00 PM,1:07:00 PM,-3,10,1:17:00 PM,89,83,58,364,2:15:00 PM,15,2:39:00 PM,2:30:00 PM,-9,Tuesday,Feb
01/06/2015,WN,4564,N369SW,SLC,LAX,9:10:00 AM,8:06:00 AM,-4,11,9:17:00 AM,125,104,84,590,12:41:00 PM,9,7:15:00 PM,1:50:00 PM,-25,Tuesday,Jan
02/10/2015,AS,572,N552AS,PDX,SAN,12:15:00 PM,1:27:00 PM,72,15,1:42:00 PM,135,133,115,933,3:37:00 PM,3,2:30:00 PM,3:40:00 PM,70,Tuesday,Feb
02/01/2015,B6,164,N605JB,SRQ,JFK,11:02:00 AM,10:54:00 AM,-8,10,11:04:00 AM,156,147,134,1041,1:18:00 PM,3,1:38:00 PM,1:21:00 PM,-17,Sunday,Feb
02/04/2015,B6,323,N943JB,JFK,LAX,11:25:00 AM,11:22:00 AM,-3,16,11:38:00 AM,374,376,347,2475,2:25:00 PM,13,2:39:00 PM,2:38:00 PM,-1,Wednesday,Feb
01/26/2015,DL,2372,N933DN,ATL,TPA,2:31:00 PM,2:30:00 PM,-1,12,2:42:00 PM,85,70,55,406,3:37:00 PM,3,3:56:00 PM,3:40:00 PM,-16,Monday,Jan
01/11/2015,WN,233,N220WN,ONT,LAS,5:30:00 PM,6:08:00 PM,38,24,6:32:00 PM,55,69,38,197,7:10:00 PM,7,6:25:00 PM,7:17:00 PM,52,Sunday,Jan