DATE,AIRLINE,FLIGHT_NUMBER,TAIL_NUMBER,ORIGIN_AIRPORT,DESTINATION_AIRPORT,SCHEDULED_DEPARTURE,DEPARTURE_TIME,DEPARTURE_DELAY,TAXI_OUT,WHEELS_OFF,SCHEDULED_TIME,ELAPSED_TIME,AIR_TIME,DISTANCE,WHEELS_ON,TAXI_IN,SCHEDULED_ARRIVAL,ARRIVAL_TIME,ARRIVAL_DELAY,DAY,MONTH
01/30/2015,UA,12,N57868,SFO,IAD,1300,1303,3,16,1319,299,297,273,2419,2052,8,2059,2100,1,Friday,Jan
01/09/2015,UA,223,N440UA,MIA,IAH,1812,1829,17,12,1841,178,168,146,964,2007,10,2010,2017,7,Friday,Jan
01/28/2015,DL,2048,N969DL,DTW,LGA,1005,1001,-4,12,1013,111,102,78,502,1131,12,1156,1143,-13,Wednesday,Jan
02/09/2015,WN,217,N930WN,ROC,MDW,545,542,-3,48,630,130,141,90,523,700,3,655,703,8,Monday,Feb
02/03/2015,OO,5312,N970SW,ORD,CMX,1013,1012,-1,32,1044,86,100,63,359,1247,5,1239,1252,13,Tuesday,Feb
01/15/2015,WN,2957,N630WN,BWI,FLL,1755,1828,33,10,1838,165,157,144,925,2102,3,2040,2105,25,Thursday,Jan
01/21/2015,WN,4922,N787SA,LAS,RNO,905,903,-2,14,917,80,78,61,345,1018,3,1025,1021,-4,Wednesday,Jan
01/10/2015,UA,370,N547UA,SFO,OGG,838,836,-2,14,850,335,322,303,2338,1153,5,1213,1158,-15,Saturday,Jan
01/16/2015,WN,227,N916WN,MSP,STL,1910,1932,22,13,1945,90,79,62,448,2047,4,2040,2051,11,Friday,Jan
01/02/2015,EV,5413,N135EV,ATL,HSV,1145,1234,49,16,1250,56,59,38,151,1228,5,1141,1233,52,Friday,Jan
01/26/2015,DL,1881,N371NB,CVG,ATL,1615,1610,-5,14,1624,95,95,68,373,1732,13,1750,1745,-5,Monday,Jan
01/05/2015,B6,154,N556JB,PBI,JFK,600,602,2,11,613,154,137,121,1028,814,5,834,819,-15,Monday,Jan
01/30/2015,OO,4977,N753SK,MTJ,ORD,1235,1301,26,9,1310,165,149,134,1081,1624,6,1620,1630,10,Friday,Jan
02/08/2015,AA,1137,N012AA,IAD,MIA,1719,1725,6,16,1741,171,165,130,921,1951,19,2010,2010,0,Sunday,Feb
01/13/2015,OO,4594,N779CA,CVG,BNA,2004,2000,-4,11,2011,70,62,46,230,1957,5,2014,2002,-12,Tuesday,Jan
01/15/2015,WN,1517,N913WN,BOI,GEG,705,704,-1,11,715,70,60,45,287,700,4,715,704,-11,Thursday,Jan
01/03/2015,MQ,2878,N518MQ,DFW,CID,2030,2042,12,9,2051,108,105,83,685,2214,13,2218,2227,9,Saturday,Jan
01/29/2015,EV,5467,N856AS,ATL,XNA,1124,1118,-6,13,1131,120,119,103,589,1214,3,1224,1217,-7,Thursday,Jan
02/04/2015,AA,147,N4UCAA,DFW,SLC,2105,2110,5,13,2123,169,168,152,989,2255,3,2254,2258,4,Wednesday,Feb
01/20/2015,DL,1158,N3740C,MCO,SLC,1710,1711,1,9,1720,294,298,285,1931,2005,4,2004,2009,5,Tuesday,Jan
01/05/2015,HA,1,N399HA,LAX,HNL,840,838,-2,12,850,345,350,333,2556,1223,5,1225,1228,3,Monday,Jan
02/05/2015,NK,138,N621NK,MCO,ACY,1042,1050,8,12,1102,128,118,101,852,1243,5,1250,1248,-2,Thursday,Feb
01/14/2015,EV,5783,N11165,IAH,LFT,740,736,-4,19,755,58,61,32,201,827,10,838,837,-1,Wednesday,Jan
01/23/2015,US,406,N664AW,PHX,DTW,950,950,0,27,1017,235,256,215,1671,1552,14,1545,1606,21,Friday,Jan
01/12/2015,WN,943,N778SW,TPA,HOU,1800,1825,25,15,1840,150,141,120,781,1940,6,1930,1946,16,Monday,Jan
02/03/2015,WN,1803,N733SA,DEN,MCO,1145,1146,1,12,1158,205,193,174,1546,1652,7,1710,1659,-11,Tuesday,Feb
02/03/2015,OO,5496,N751SK,LAX,MSP,1010,1004,-6,27,1031,219,225,189,1535,1540,9,1549,1549,0,Tuesday,Feb
02/10/2015,US,1808,N555AY,ATL,CLT,1040,1036,-4,19,1055,78,84,46,226,1141,19,1158,1200,2,Tuesday,Feb
01/11/2015,DL,815,N961DL,ATL,SYR,2035,2059,24,25,2124,131,128,98,794,2302,5,2246,2307,21,Sunday,Jan
02/10/2015,OO,6400,N767SK,EUG,SFO,825,819,-6,8,827,95,82,71,451,938,3,1000,941,-19,Tuesday,Feb
01/05/2015,WN,373,N617SW,BNA,RDU,1915,1916,1,9,1925,80,77,64,442,2129,4,2135,2133,-2,Monday,Jan
02/05/2015,WN,436,N788SA,CMH,TPA,1525,1525,0,8,1533,140,131,118,829,1731,5,1745,1736,-9,Thursday,Feb
01/23/2015,OO,6192,N905SW,DEN,SBA,1138,1133,-5,19,1152,160,155,132,916,1304,4,1318,1308,-10,Friday,Jan
01/14/2015,WN,3479,N700GS,SJC,ONT,1145,1139,-6,7,1146,70,65,54,333,1240,4,1255,1244,-11,Wednesday,Jan
01/23/2015,WN,2779,N734SA,MDW,FLL,600,600,0,10,610,185,179,165,1166,955,4,1005,959,-6,Friday,Jan
01/03/2015,DL,2401,N917DN,BOS,ATL,1807,1804,-3,38,1842,188,203,157,946,2119,8,2115,2127,12,Saturday,Jan
02/10/2015,DL,2308,N958DL,ATL,SDF,1340,1346,6,19,1405,82,78,55,321,1500,4,1502,1504,2,Tuesday,Feb
01/28/2015,AA,1464,N3FUAA,DFW,TUL,2055,2103,8,13,2116,59,56,41,237,2157,2,2154,2159,5,Wednesday,Jan
01/16/2015,UA,1037,N77518,ORD,LAX,1206,1207,1,15,1222,275,246,224,1744,1406,7,1441,1413,-28,Friday,Jan
01/07/2015,EV,4092,N13913,IAH,ABQ,1449,1447,-2,18,1505,141,138,113,744,1558,7,1610,1605,-5,Wednesday,Jan
01/02/2015,DL,1246,N922DL,ATL,BWI,1615,1614,-1,13,1627,108,92,72,577,1739,7,1803,1746,-17,Friday,Jan
01/15/2015,AA,55,N3JTAA,ORD,LAS,1845,1849,4,12,1901,236,225,206,1514,2027,7,2041,2034,-7,Thursday,Jan
01/29/2015,F9,1053,N920FR,SLC,PHX,1515,1457,-18,13,1510,100,100,80,507,1630,7,1655,1637,-18,Thursday,Jan
01/13/2015,MQ,3043,N640MQ,ORD,FNT,1120,1201,41,14,1215,61,52,36,223,1351,2,1321,1353,32,Tuesday,Jan
01/07/2015,WN,172,N371SW,MCO,ATL,945,952,7,10,1002,105,84,66,404,1108,8,1130,1116,-14,Wednesday,Jan
01/14/2015,EV,5521,N181PQ,MSP,AUS,910,909,-1,22,931,183,173,148,1042,1159,3,1213,1202,-11,Wednesday,Jan
01/10/2015,DL,1940,N934AT,DSM,ATL,1430,1428,-2,11,1439,124,107,90,743,1709,6,1734,1715,-19,Saturday,Jan
02/10/2015,OO,4675,N433SW,BUR,SLC,1631,1615,-16,15,1630,114,116,96,574,1906,5,1925,1911,-14,Tuesday,Feb
01/28/2015,WN,392,N289CT,SNA,OAK,1530,1915,225,5,1920,80,67,56,371,2016,6,1650,2022,212,Wednesday,Jan
01/20/2015,EV,3262,N11526,TYR,IAH,700,652,-8,9,701,63,60,44,163,745,7,803,752,-11,Tuesday,Jan
02/03/2015,WN,4387,N368SW,LAS,LAX,1930,1942,12,20,2002,75,67,41,236,2043,6,2045,2049,4,Tuesday,Feb
01/18/2015,DL,55,N991DL,ATL,IAH,920,918,-2,12,930,140,126,102,689,1012,12,1040,1024,-16,Sunday,Jan
01/21/2015,B6,624,N923JB,LAX,JFK,2100,2105,5,11,2116,307,324,301,2475,517,12,507,529,22,Wednesday,Jan
01/13/2015,HA,509,N483HA,HNL,LIH,813,810,-3,10,820,37,38,23,102,843,5,850,848,-2,Tuesday,Jan
01/01/2015,B6,585,N267JB,ROC,JFK,1635,1631,-4,8,1639,85,70,56,264,1735,6,1800,1741,-19,Thursday,Jan
01/16/2015,WN,292,N457WN,LAX,ATL,1235,1256,21,11,1307,255,241,223,1947,1950,7,1950,1957,7,Friday,Jan
02/03/2015,WN,2416,N259WN,DCA,HOU,1205,1204,-1,9,1213,225,229,212,1218,1445,8,1450,1453,3,Tuesday,Feb
01/17/2015,AA,1183,N202AA,DFW,BNA,855,852,-3,14,906,100,100,81,631,1027,5,1035,1032,-3,Saturday,Jan
01/06/2015,B6,71,N634JB,JFK,SLC,1834,1913,39,15,1928,318,329,311,1990,2239,3,2152,2242,50,Tuesday,Jan
02/04/2015,AA,2385,N4WNAA,JAX,DFW,1223,1212,-11,13,1225,172,164,140,918,1345,11,1415,1356,-19,Wednesday,Feb
02/07/2015,DL,1861,N893AT,ATL,LIT,1420,1415,-5,12,1427,102,80,64,453,1431,4,1502,1435,-27,Saturday,Feb
02/04/2015,OO,6465,N963SW,SLC,LAX,655,653,-2,24,717,130,118,87,590,744,7,805,751,-14,Wednesday,Feb
01/09/2015,B6,1041,N579JB,JFK,SAV,1440,1543,63,20,1603,141,140,116,718,1759,4,1701,1803,62,Friday,Jan
01/14/2015,OO,5421,N562SW,SBP,SFO,2038,2044,6,10,2054,67,51,39,190,2133,2,2145,2135,-10,Wednesday,Jan
02/04/2015,WN,686,N288WN,OAK,SNA,605,600,-5,16,616,90,92,71,371,727,5,735,732,-3,Wednesday,Feb
01/11/2015,WN,1640,N7702A,LAX,MCI,1100,1058,-2,12,1110,190,185,168,1363,1558,5,1610,1603,-7,Sunday,Jan
01/15/2015,DL,1807,N341NW,GSP,ATL,700,658,-2,11,709,65,51,36,153,745,4,805,749,-16,Thursday,Jan
01/01/2015,NK,906,N632NK,PHX,DEN,1237,1303,26,12,1315,104,96,80,602,1435,4,1421,1439,18,Thursday,Jan
01/05/2015,B6,1684,N592JB,MCO,JFK,1737,1921,104,27,1948,156,145,113,944,2141,5,2013,2146,93,Monday,Jan
01/01/2015,UA,1572,N39297,IAH,EWR,900,902,2,19,921,206,192,165,1400,1306,8,1326,1314,-12,Thursday,Jan
01/31/2015,UA,347,N537UA,PHX,DEN,1928,1928,0,11,1939,105,97,82,602,2101,4,2113,2105,-8,Saturday,Jan
02/08/2015,F9,667,N923FR,DEN,SFO,2125,2128,3,26,2154,154,190,157,967,2331,7,2259,2338,39,Sunday,Feb
01/18/2015,WN,1968,N636WN,SAN,LAS,1940,1949,9,7,1956,70,58,43,258,2039,8,2050,2047,-3,Sunday,Jan
01/13/2015,US,1705,N121UW,PHL,PIT,1610,1604,-6,22,1626,79,82,56,268,1722,4,1729,1726,-3,Tuesday,Jan
01/11/2015,WN,648,N429WN,MCO,ORF,1810,1816,6,12,1828,105,105,89,655,1957,4,1955,2001,6,Sunday,Jan
01/15/2015,DL,1956,N908DE,ATL,ECP,1620,1620,0,18,1638,69,64,43,240,1621,3,1629,1624,-5,Thursday,Jan
01/08/2015,DL,1749,N316US,DTW,PHL,2015,2028,13,61,2129,104,133,67,453,2236,5,2159,2241,42,Thursday,Jan
01/25/2015,AS,730,N433AS,ANC,SEA,505,455,-10,7,502,205,190,176,1448,858,7,930,905,-25,Sunday,Jan
01/04/2015,EV,4691,N13908,DAY,EWR,1015,1004,-11,37,1041,110,122,78,533,1159,7,1205,1206,1,Sunday,Jan
01/27/2015,AS,602,N792AS,SEA,LAS,605,553,-12,14,607,136,148,130,867,817,4,821,821,0,Tuesday,Jan
01/11/2015,MQ,3479,N608MQ,AZO,ORD,1121,1204,43,6,1210,59,66,36,122,1146,24,1120,1210,50,Sunday,Jan
02/12/2015,WN,731,N750SA,LGA,STL,1455,1513,18,12,1525,185,148,131,888,1636,5,1700,1641,-19,Thursday,Feb
01/15/2015,MQ,3052,N663MQ,FNT,ORD,1741,1736,-5,10,1746,79,62,46,223,1732,6,1800,1738,-22,Thursday,Jan
01/01/2015,DL,1826,N532US,FLL,ATL,1545,1544,-1,16,1600,115,105,81,581,1721,8,1740,1729,-11,Thursday,Jan
01/04/2015,MQ,3259,N512MQ,DFW,MAF,1600,1602,2,41,1643,68,94,49,309,1732,4,1708,1736,28,Sunday,Jan
01/21/2015,AS,499,N614AS,SAN,SEA,630,621,-9,20,641,180,189,166,1050,927,3,930,930,0,Wednesday,Jan
01/02/2015,MQ,3055,N683MQ,GGG,DFW,1750,1807,17,12,1819,50,58,35,140,1854,11,1840,1905,25,Friday,Jan
01/14/2015,MQ,3681,N697MQ,FSM,DFW,605,559,-6,18,617,68,69,45,227,702,6,713,708,-5,Wednesday,Jan
01/13/2015,MQ,2950,N603MQ,RST,ORD,1325,1419,54,9,1428,76,80,48,268,1516,23,1441,1539,58,Tuesday,Jan
02/02/2015,WN,459,N260WN,TPA,ATL,1550,1549,-1,10,1559,100,86,68,406,1707,8,1730,1715,-15,Monday,Feb
02/04/2015,MQ,2939,N610MQ,FWA,DFW,1233,1245,12,26,1311,167,165,131,859,1422,8,1420,1430,10,Wednesday,Feb
01/15/2015,OO,4703,N824SK,SMF,LAX,1813,1819,6,12,1831,92,80,57,373,1928,11,1945,1939,-6,Thursday,Jan
01/08/2015,DL,1951,N663DN,ATL,MIA,1340,1344,4,13,1357,116,109,83,594,1520,13,1536,1533,-3,Thursday,Jan
01/18/2015,EV,4614,N12528,HOB,IAH,1212,1210,-2,8,1218,98,95,82,501,1440,5,1450,1445,-5,Sunday,Jan
01/22/2015,DL,1228,N926AT,ATL,JAN,1215,1211,-4,16,1227,81,78,59,341,1226,3,1236,1229,-7,Thursday,Jan
01/08/2015,OO,4974,N954SW,BIS,DEN,627,621,-6,28,649,113,113,77,516,706,8,720,714,-6,Thursday,Jan
01/12/2015,EV,5359,N855AS,MGM,ATL,655,650,-5,8,658,55,52,30,147,828,14,850,842,-8,Monday,Jan
01/05/2015,DL,1874,N907DA,ATL,MKE,1612,1629,17,21,1650,127,122,95,669,1725,6,1719,1731,12,Monday,Jan
01/06/2015,DL,2270,N908DA,MSP,PIT,1320,1315,-5,21,1336,118,111,83,726,1559,7,1618,1606,-12,Tuesday,Jan
01/05/2015,WN,35,N600WN,HOU,ATL,1630,1640,10,7,1647,115,110,90,696,1917,13,1925,1930,5,Monday,Jan
01/03/2015,OO,2638,N435SW,LAX,DEN,1935,1933,-2,18,1951,130,141,118,862,2249,5,2245,2254,9,Saturday,Jan
02/01/2015,WN,648,N786SW,MCO,ORF,1810,1832,22,5,1837,105,98,88,655,2005,5,1955,2010,15,Sunday,Feb
02/09/2015,OO,6271,N919SW,DEN,MTJ,1905,2043,98,10,2053,58,46,32,196,2125,4,2003,2129,86,Monday,Feb
01/19/2015,EV,5149,N878AS,XNA,ATL,1810,1805,-5,9,1814,102,95,78,589,2032,8,2052,2040,-12,Monday,Jan
01/30/2015,UA,541,N546UA,JFK,SFO,930,924,-6,33,957,391,402,361,2586,1258,8,1301,1306,5,Friday,Jan
02/07/2015,US,1838,N955UW,PHL,PIT,2030,2025,-5,17,2042,73,69,47,268,2129,5,2143,2134,-9,Saturday,Feb
01/09/2015,UA,1177,N71411,DEN,SJC,1504,1605,61,11,1616,162,133,118,948,1714,4,1646,1718,32,Friday,Jan
01/21/2015,UA,574,N498UA,ORD,IAH,2015,2014,-1,15,2029,167,168,148,925,2257,5,2302,2302,0,Wednesday,Jan
01/10/2015,DL,776,N964DN,ATL,SRQ,2209,2208,-1,13,2221,93,76,61,444,2322,2,2342,2324,-18,Saturday,Jan
02/12/2015,MQ,2998,N655MQ,DFW,BTR,1245,1241,-4,18,1259,78,79,58,383,1357,3,1403,1400,-3,Thursday,Feb
01/12/2015,DL,404,N395DN,JFK,LAS,1015,1023,8,15,1038,361,334,314,2248,1252,5,1316,1257,-19,Monday,Jan
01/02/2015,B6,1326,N309JB,BWI,BOS,1955,1943,-12,8,1951,77,68,56,369,2047,4,2112,2051,-21,Friday,Jan
02/05/2015,EV,4456,N15574,CRP,IAH,1604,1624,20,12,1636,61,68,46,201,1722,10,1705,1732,27,Thursday,Feb
01/30/2015,UA,1146,N16701,IAH,EWR,810,803,-7,14,817,206,188,167,1400,1204,7,1236,1211,-25,Friday,Jan
01/07/2015,EV,5425,N916EV,CRW,ATL,1400,1413,13,11,1424,86,79,62,363,1526,6,1526,1532,6,Wednesday,Jan
01/05/2015,WN,486,N449WN,FLL,MDW,1000,957,-3,14,1011,195,194,173,1166,1204,7,1215,1211,-4,Monday,Jan
01/20/2015,OO,4968,N785SK,IAH,PBI,1301,1339,38,11,1350,145,129,114,956,1644,4,1626,1648,22,Tuesday,Jan
02/11/2015,AA,1108,N3GXAA,DFW,LGA,750,742,-8,9,751,191,223,194,1389,1205,20,1201,1225,24,Wednesday,Feb
01/11/2015,DL,1429,N977AT,ATL,DAL,810,808,-2,11,819,145,132,112,721,911,9,935,920,-15,Sunday,Jan
01/01/2015,WN,1579,N429WN,ATL,SFO,850,848,-2,9,857,330,307,292,2139,1049,6,1120,1055,-25,Thursday,Jan
01/26/2015,WN,1983,N275WN,STL,HOU,2050,2045,-5,11,2056,125,111,95,687,2231,5,2255,2236,-19,Monday,Jan
01/05/2015,US,531,N839AW,PHX,RNO,1050,1102,12,14,1116,112,104,85,601,1141,5,1142,1146,4,Monday,Jan
01/05/2015,MQ,3071,N697MQ,GSO,DFW,1810,2003,113,15,2018,190,195,146,999,2144,34,2020,2218,118,Monday,Jan
02/09/2015,AA,1685,N455AA,ORD,MCO,1255,1313,18,13,1326,157,159,130,1005,1636,16,1632,1652,20,Monday,Feb
01/13/2015,NK,604,N631NK,FLL,LGA,712,728,16,10,738,168,151,132,1076,950,9,1000,959,-1,Tuesday,Jan
02/06/2015,F9,241,N953FR,BNA,DEN,1813,1813,0,10,1823,177,174,156,1014,1959,8,2010,2007,-3,Friday,Feb
01/20/2015,EV,5663,N14542,IAH,STL,1304,1302,-2,17,1319,119,115,94,667,1453,4,1503,1457,-6,Tuesday,Jan
02/11/2015,UA,1294,N68836,IAH,MCO,720,718,-2,14,732,130,126,106,854,1018,6,1030,1024,-6,Wednesday,Feb
01/10/2015,OO,5335,N237SW,CEC,SFO,800,757,-3,10,807,103,84,72,304,919,2,943,921,-22,Saturday,Jan
02/10/2015,WN,231,N757LV,CHS,BWI,1200,1159,-1,10,1209,90,84,70,472,1319,4,1330,1323,-7,Tuesday,Feb
01/08/2015,WN,278,N756SA,BWI,BHM,1335,1515,100,13,1528,130,126,110,682,1618,3,1445,1621,96,Thursday,Jan
02/03/2015,WN,111,N7727A,SJC,BUR,2055,2052,-3,9,2101,60,57,45,296,2146,3,2155,2149,-6,Tuesday,Feb
01/14/2015,EV,5248,N712EV,MSP,MDW,1715,1723,8,20,1743,95,96,70,349,1853,6,1850,1859,9,Wednesday,Jan
01/22/2015,UA,1067,N67827,PDX,DEN,1445,1438,-7,7,1445,158,151,124,991,1749,20,1823,1809,-14,Thursday,Jan
02/03/2015,DL,2378,N311US,SAN,SLC,1315,1308,-7,18,1326,111,110,86,626,1552,6,1606,1558,-8,Tuesday,Feb
01/07/2015,UA,669,N474UA,DEN,MSP,1941,2002,21,16,2018,117,119,90,680,2248,13,2238,2301,23,Wednesday,Jan
02/02/2015,AA,73,N3BUAA,PHL,CLT,1005,1001,-4,22,1023,125,118,93,449,1156,3,1210,1159,-11,Monday,Feb
02/03/2015,OO,4757,N783CA,MSP,CID,2149,2154,5,15,2209,73,62,40,220,2249,7,2302,2256,-6,Tuesday,Feb
01/16/2015,EV,5292,N923EV,ATL,AVL,2201,2158,-3,13,2211,52,49,32,164,2243,4,2253,2247,-6,Friday,Jan
01/05/2015,UA,698,N401UA,SFO,LAX,1207,1209,2,13,1222,93,98,59,337,1321,26,1340,1347,7,Monday,Jan
01/10/2015,WN,2436,N526SW,DAL,HOU,1700,1701,1,10,1711,65,61,48,239,1759,3,1805,1802,-3,Saturday,Jan
01/05/2015,MQ,3114,N623MQ,DTW,ORD,1440,1714,154,11,1725,85,136,57,235,1722,68,1505,1830,205,Monday,Jan
01/01/2015,WN,2849,N8328A,LAX,MDW,1425,1509,44,7,1516,240,229,215,1750,2051,7,2025,2058,33,Thursday,Jan
01/23/2015,UA,1603,N69839,IAH,SAN,845,848,3,20,908,216,198,174,1303,1002,4,1021,1006,-15,Friday,Jan
01/14/2015,US,895,N190UW,ORD,PHL,1855,1855,0,15,1910,117,111,91,678,2141,5,2152,2146,-6,Wednesday,Jan
01/12/2015,OO,6408,N969SW,SFO,EUG,1310,1454,104,31,1525,97,113,78,451,1643,4,1447,1647,120,Monday,Jan
02/11/2015,WN,325,N263WN,HOU,MCI,1720,1716,-4,11,1727,115,105,88,666,1855,6,1915,1901,-14,Wednesday,Feb
01/30/2015,WN,948,N279WN,STL,DAL,1010,1008,-2,7,1015,105,92,80,546,1135,5,1155,1140,-15,Friday,Jan
01/29/2015,WN,61,N953WN,TPA,DCA,845,844,-1,13,857,135,134,117,814,1054,4,1100,1058,-2,Thursday,Jan
01/24/2015,WN,3492,N781WN,MDW,BOS,1340,1336,-4,14,1350,135,140,118,861,1648,8,1655,1656,1,Saturday,Jan
01/10/2015,EV,2514,N880AS,DFW,OKC,750,752,2,27,819,54,66,35,175,854,4,844,858,14,Saturday,Jan
02/04/2015,MQ,2937,N690MQ,DFW,ABI,1755,1752,-3,14,1806,47,51,34,158,1840,3,1842,1843,1,Wednesday,Feb
01/16/2015,DL,953,N694DL,ATL,SAT,1859,1900,1,15,1915,162,171,147,874,2042,9,2041,2051,10,Friday,Jan
01/05/2015,WN,596,N739GB,SAT,DAL,2000,2038,38,9,2047,55,59,39,248,2126,11,2055,2137,42,Monday,Jan
01/16/2015,US,483,N826AW,MSP,PHX,1435,1435,0,16,1451,203,193,174,1276,1645,3,1658,1648,-10,Friday,Jan
01/19/2015,OO,5608,N923SW,LAX,SEA,840,845,5,18,903,170,170,146,954,1129,6,1130,1135,5,Monday,Jan
02/08/2015,WN,134,N409WN,OKC,DEN,1225,1224,-1,8,1232,100,91,77,495,1249,6,1305,1255,-10,Sunday,Feb
01/02/2015,OO,5485,N494CA,COS,DEN,916,908,-8,15,923,54,62,18,73,941,29,1010,1010,0,Friday,Jan
01/30/2015,WN,4896,N366SW,ATL,IND,1505,1524,19,20,1544,100,102,77,432,1701,5,1645,1706,21,Friday,Jan
02/10/2015,NK,719,N529NK,DEN,LAS,1845,1842,-3,9,1851,112,105,90,628,1921,6,1937,1927,-10,Tuesday,Feb
01/13/2015,VX,420,N621VA,LAX,JFK,2310,2306,-4,7,2313,315,299,273,2475,646,19,725,705,-20,Tuesday,Jan
01/24/2015,WN,2882,N913WN,ATL,SAN,1545,1551,6,9,1600,305,263,251,1892,1711,3,1750,1714,-36,Saturday,Jan
01/04/2015,WN,1438,N476WN,ATL,FLL,1715,1950,155,9,1959,110,102,88,581,2127,5,1905,2132,147,Sunday,Jan
01/20/2015,OO,6533,N128SY,ORD,DCA,700,655,-5,23,718,110,110,81,612,939,6,950,945,-5,Tuesday,Jan
01/10/2015,UA,1729,N37409,MIA,ORD,852,850,-2,16,906,200,195,172,1197,1058,7,1112,1105,-7,Saturday,Jan
01/05/2015,HA,33,N373HA,LAX,OGG,1115,1107,-8,8,1115,345,345,318,2486,1433,19,1500,1452,-8,Monday,Jan
01/22/2015,DL,1811,N329NB,DCA,DTW,605,556,-9,31,627,100,111,72,405,739,8,745,747,2,Thursday,Jan
01/30/2015,AS,62,N587AS,JNU,SIT,1029,1020,-9,25,1045,48,55,24,95,1109,6,1117,1115,-2,Friday,Jan
01/07/2015,WN,110,N257WN,LAS,AUS,2010,2049,39,10,2059,150,156,142,1090,121,4,40,125,45,Wednesday,Jan
01/03/2015,AA,1568,N597AA,DFW,OKC,945,953,8,11,1004,55,47,31,175,1035,5,1040,1040,0,Saturday,Jan
02/05/2015,AA,2463,N5FCAA,LAX,DFW,1855,1850,-5,24,1914,170,185,155,1235,2349,6,2345,2355,10,Thursday,Feb
01/08/2015,UA,423,N442UA,EWR,SFO,1630,1625,-5,20,1645,389,378,354,2565,1939,4,1959,1943,-16,Thursday,Jan
01/04/2015,WN,4022,N8606C,LAX,MDW,630,633,3,12,645,240,246,226,1750,1231,8,1230,1239,9,Sunday,Jan
01/17/2015,WN,3204,N964WN,MDW,DAL,655,652,-3,10,702,150,130,116,793,858,4,925,902,-23,Saturday,Jan
02/11/2015,OO,5292,N976SW,DLH,ORD,600,558,-2,35,633,100,111,65,397,738,11,740,749,9,Wednesday,Feb
01/22/2015,WN,2331,N473WN,LGA,ATL,625,622,-3,55,717,170,187,125,762,922,7,915,929,14,Thursday,Jan
02/10/2015,DL,1200,N662DN,ATL,BOS,1133,1133,0,12,1145,148,152,128,946,1353,12,1401,1405,4,Tuesday,Feb
02/04/2015,AA,2401,N851AA,DFW,LAX,650,644,-6,12,656,206,183,165,1235,741,6,816,747,-29,Wednesday,Feb
01/23/2015,MQ,3635,N806MQ,PNS,DFW,1235,1235,0,11,1246,130,117,99,604,1425,7,1445,1432,-13,Friday,Jan
01/27/2015,OO,2617,N464SW,FAT,LAX,1912,1905,-7,14,1919,72,69,40,209,1959,15,2024,2014,-10,Tuesday,Jan
01/24/2015,OO,6391,N789SK,EUG,DEN,530,521,-9,11,532,156,143,122,996,834,10,906,844,-22,Saturday,Jan
01/27/2015,DL,1926,N923DN,ATL,MCI,1805,1804,-1,12,1816,137,125,108,692,1904,5,1922,1909,-13,Tuesday,Jan
01/22/2015,AA,1596,N3ADAA,DFW,SNA,1245,1243,-2,15,1258,197,184,160,1205,1338,9,1402,1347,-15,Thursday,Jan
01/15/2015,DL,1244,N951DN,SRQ,ATL,600,557,-3,11,608,99,97,79,444,727,7,739,734,-5,Thursday,Jan
01/05/2015,B6,1552,N351JB,MCO,BOS,600,557,-3,13,610,167,141,123,1121,813,5,847,818,-29,Monday,Jan
01/16/2015,UA,1296,N76528,LAX,KOA,1003,1008,5,15,1023,359,332,313,2504,1336,4,1402,1340,-22,Friday,Jan
01/18/2015,WN,4162,N8625A,SLC,MDW,800,800,0,11,811,190,174,157,1259,1148,6,1210,1154,-16,Sunday,Jan
01/17/2015,EV,6028,N13978,ORD,IND,1155,1149,-6,15,1204,67,54,32,177,1336,7,1402,1343,-19,Saturday,Jan
01/20/2015,OO,2587,N417SW,TUS,LAX,1100,1048,-12,11,1059,95,93,77,451,1116,5,1135,1121,-14,Tuesday,Jan
02/06/2015,US,1792,N971UY,FLL,PHL,600,552,-8,11,603,160,175,161,992,844,3,840,847,7,Friday,Feb
02/03/2015,WN,4300,N684WN,LAX,SFO,1850,1847,-3,7,1854,75,67,55,337,1949,5,2005,1954,-11,Tuesday,Feb
02/08/2015,EV,4239,N13978,IAH,JAN,1615,1613,-2,10,1623,76,69,54,351,1717,5,1731,1722,-9,Sunday,Feb
02/02/2015,AA,1086,N479AA,SLC,DFW,1215,1216,1,19,1235,154,162,130,989,1545,13,1549,1558,9,Monday,Feb
01/30/2015,EV,5804,N14991,ORD,MCI,830,827,-3,15,842,97,96,74,403,956,7,1007,1003,-4,Friday,Jan
02/09/2015,UA,1654,N24202,IAH,SJC,920,917,-3,24,941,258,249,221,1608,1122,4,1138,1126,-12,Monday,Feb
01/08/2015,WN,1632,N555LV,SJC,SNA,2115,2112,-3,8,2120,70,71,60,342,2220,3,2225,2223,-2,Thursday,Jan
02/09/2015,DL,129,N824DN,ATL,SEA,1257,1303,6,11,1314,330,322,304,2182,1518,7,1527,1525,-2,Monday,Feb
02/08/2015,OO,4837,N806SK,PHX,SEA,1757,1754,-3,19,1813,188,171,147,1107,1940,5,2005,1945,-20,Sunday,Feb
01/03/2015,EV,2512,N830AS,BRO,DFW,615,608,-7,13,621,95,94,70,482,731,11,750,742,-8,Saturday,Jan
01/16/2015,F9,520,N206FR,DEN,CLE,843,836,-7,13,849,167,188,154,1201,1323,21,1330,1344,14,Friday,Jan
01/23/2015,US,776,N579UW,PHX,PHL,1310,1304,-6,16,1320,262,270,248,2075,1928,6,1932,1934,2,Friday,Jan
01/21/2015,EV,3938,N11536,ORD,MEM,810,806,-4,18,824,114,110,86,491,950,6,1004,956,-8,Wednesday,Jan
02/01/2015,NK,475,N616NK,LGA,DTW,940,944,4,14,958,123,131,107,502,1145,10,1143,1155,12,Sunday,Feb
01/09/2015,OO,4458,N936SW,MKE,CVG,825,825,0,15,840,84,74,53,318,1033,6,1049,1039,-10,Friday,Jan
01/04/2015,WN,1680,N644SW,ATL,STL,1915,2054,99,15,2109,105,101,82,484,2131,4,2000,2135,95,Sunday,Jan
01/09/2015,B6,1169,N206JB,RIC,MCO,813,802,-11,15,817,126,128,105,667,1002,8,1019,1010,-9,Friday,Jan
01/15/2015,B6,733,N304JB,MCO,SJU,1310,1309,-1,9,1318,163,149,136,1189,1634,4,1653,1638,-15,Thursday,Jan
02/02/2015,WN,4020,N704SW,BWI,ATL,2010,2011,1,14,2025,120,111,89,577,2154,8,2210,2202,-8,Monday,Feb
02/10/2015,OO,6209,N724SK,ORD,BNA,1805,1759,-6,20,1819,91,89,60,409,1919,9,1936,1928,-8,Tuesday,Feb
02/08/2015,DL,2359,N925AT,SGF,ATL,600,600,0,15,615,125,94,74,563,829,5,905,834,-31,Sunday,Feb
01/21/2015,OO,4980,N770SK,ORD,MTJ,953,1055,62,29,1124,187,190,157,1081,1301,4,1200,1305,65,Wednesday,Jan
01/04/2015,AA,2380,N4XGAA,LAX,STL,1525,1550,25,15,1605,210,213,191,1592,2116,7,2055,2123,28,Sunday,Jan
01/27/2015,MQ,3634,N659MQ,DFW,JAN,1000,1000,0,21,1021,77,81,56,408,1117,4,1117,1121,4,Tuesday,Jan
01/31/2015,US,760,N744P,MIA,CLT,1710,1713,3,24,1737,139,130,100,650,1917,6,1929,1923,-6,Saturday,Jan
02/11/2015,OO,2735,N944SW,DRO,PHX,615,609,-6,14,623,79,80,57,351,720,9,734,729,-5,Wednesday,Feb
01/20/2015,UA,754,N492UA,DEN,LGA,1240,1241,1,11,1252,226,212,197,1620,1809,4,1826,1813,-13,Tuesday,Jan
02/04/2015,WN,3671,N511SW,MSY,HOU,630,624,-6,8,632,75,68,57,302,729,3,745,732,-13,Wednesday,Feb
01/02/2015,AA,204,N633AA,MIA,LAS,700,659,-1,25,724,328,315,284,2174,908,6,928,914,-14,Friday,Jan
01/15/2015,EV,5482,N843AS,CRW,ATL,1647,1647,0,14,1701,90,86,64,363,1805,8,1817,1813,-4,Thursday,Jan
01/07/2015,EV,4269,N11121,IAD,CLE,1700,1750,50,23,1813,78,82,52,288,1905,7,1818,1912,54,Wednesday,Jan
02/04/2015,DL,50,N584NW,RSW,MSP,1546,1541,-5,25,1606,222,220,186,1416,1812,9,1828,1821,-7,Wednesday,Feb
01/04/2015,OO,4623,N613QX,PDX,SEA,1125,1153,28,9,1202,50,55,38,129,1240,8,1215,1248,33,Sunday,Jan
01/20/2015,B6,1466,N618JB,FLL,BUF,1846,1839,-7,14,1853,174,171,155,1165,2128,2,2140,2130,-10,Tuesday,Jan
01/20/2015,WN,3835,N644SW,LIT,DAL,950,943,-7,9,952,70,67,54,296,1046,4,1100,1050,-10,Tuesday,Jan
01/13/2015,US,2121,N819AW,BOS,DCA,1600,1552,-8,7,1559,93,79,70,399,1709,2,1733,1711,-22,Tuesday,Jan
02/06/2015,AA,1029,N3JXAA,JFK,DCA,1600,1559,-1,31,1630,81,93,55,213,1725,7,1721,1732,11,Friday,Feb
01/28/2015,WN,970,N737JW,ATL,HOU,2055,2055,0,15,2110,140,127,108,696,2158,4,2215,2202,-13,Wednesday,Jan
02/10/2015,WN,1051,N712SW,SAT,DEN,1245,1241,-4,6,1247,140,117,105,794,1332,6,1405,1338,-27,Tuesday,Feb
01/31/2015,US,1764,N817AW,MCI,CLT,1540,1531,-9,12,1543,129,123,96,808,1819,15,1849,1834,-15,Saturday,Jan
02/10/2015,MQ,3208,N923MQ,DFW,BIS,1600,1552,-8,15,1607,152,161,142,977,1829,4,1832,1833,1,Tuesday,Feb
02/11/2015,EV,4287,N14179,IAD,IAH,527,525,-2,28,553,225,219,183,1190,756,8,812,804,-8,Wednesday,Feb
02/03/2015,OO,6238,N292SW,SFO,ACV,1153,1148,-5,16,1204,85,80,59,250,1303,5,1318,1308,-10,Tuesday,Feb
01/21/2015,WN,3478,N794SW,MDW,MSP,1905,1933,28,18,1951,90,80,58,349,2049,4,2035,2053,18,Wednesday,Jan
01/14/2015,MQ,3204,N505MQ,XNA,ORD,600,555,-5,9,604,105,127,74,522,718,44,745,802,17,Wednesday,Jan
01/03/2015,AA,179,N786AA,JFK,SFO,1030,1026,-4,25,1051,395,411,381,2586,1412,5,1405,1417,12,Saturday,Jan
01/23/2015,AA,1494,N4YCAA,AUS,DFW,944,936,-8,17,953,66,61,37,190,1030,7,1050,1037,-13,Friday,Jan
01/28/2015,WN,870,N389SW,ABQ,PHX,1850,1854,4,21,1915,75,85,58,328,2013,6,2005,2019,14,Wednesday,Jan
01/22/2015,EV,3266,N13550,MCI,ORD,1227,1218,-9,7,1225,94,86,67,403,1332,12,1401,1344,-17,Thursday,Jan
01/06/2015,WN,1049,N383SW,TUL,HOU,825,826,1,18,844,95,98,73,453,957,7,1000,1004,4,Tuesday,Jan
01/29/2015,UA,1263,N69816,KOA,SFO,1356,1356,0,11,1407,309,275,257,2367,2024,7,2105,2031,-34,Thursday,Jan
01/14/2015,UA,1084,N26123,LAX,ORD,845,1021,96,12,1033,250,231,206,1744,1559,13,1455,1612,77,Wednesday,Jan
01/30/2015,US,435,N676AW,FLL,PHX,700,658,-2,12,710,322,315,289,1972,959,14,1022,1013,-9,Friday,Jan
01/30/2015,UA,1527,N68801,SFO,SEA,2235,2253,18,14,2307,130,125,104,679,51,7,45,58,13,Friday,Jan
01/30/2015,EV,5122,N867AS,ATL,MLU,1300,1255,-5,9,1304,97,91,79,448,1323,3,1337,1326,-11,Friday,Jan
01/12/2015,AA,1484,N493AA,DFW,AUS,925,917,-8,18,935,58,64,42,190,1017,4,1023,1021,-2,Monday,Jan
01/05/2015,WN,4918,N355SW,SJC,ONT,1935,2021,46,8,2029,65,66,54,333,2123,4,2040,2127,47,Monday,Jan
01/28/2015,AA,1222,N481AA,TUS,DFW,816,809,-7,16,825,129,130,101,813,1106,13,1125,1119,-6,Wednesday,Jan
01/19/2015,WN,16,N523SW,HOU,DAL,1000,958,-2,8,1006,60,55,45,239,1051,2,1100,1053,-7,Monday,Jan
01/20/2015,WN,484,N206WN,OAK,SLC,1855,1928,33,13,1941,100,106,89,588,2210,4,2135,2214,39,Tuesday,Jan
02/09/2015,WN,1892,N944WN,HOU,ABQ,2010,2004,-6,13,2017,135,126,109,759,2106,4,2125,2110,-15,Monday,Feb
01/05/2015,OO,4966,N730SK,SFO,SUN,1055,1134,39,30,1204,113,117,84,587,1428,3,1348,1431,43,Monday,Jan
02/06/2015,EV,4712,N11127,TYS,EWR,827,952,85,22,1014,117,128,98,631,1152,8,1024,1200,96,Friday,Feb
02/03/2015,NK,612,N605NK,MSP,ORD,615,701,46,15,716,93,107,56,334,812,36,748,848,60,Tuesday,Feb
02/09/2015,EV,5558,N842AS,DTW,RIC,1415,1607,112,21,1628,102,107,80,456,1748,6,1557,1754,117,Monday,Feb
02/08/2015,AA,1650,N4WLAA,RNO,ORD,835,837,2,19,856,240,218,185,1671,1401,14,1435,1415,-20,Sunday,Feb
01/22/2015,AA,1032,N3JGAA,MIA,DTW,1335,1327,-8,13,1340,186,185,160,1145,1620,12,1641,1632,-9,Thursday,Jan
01/08/2015,WN,945,N386SW,SMF,LAX,1115,1125,10,13,1138,80,90,60,373,1238,17,1235,1255,20,Thursday,Jan
02/12/2015,EV,4096,N16541,ORD,CHS,1336,1335,-1,13,1348,133,126,105,760,1633,8,1649,1641,-8,Thursday,Feb
02/01/2015,AA,1297,N3CTAA,LGA,MIA,600,553,-7,15,608,193,177,149,1096,837,13,913,850,-23,Sunday,Feb
01/18/2015,DL,1299,N713TW,LAX,KOA,1725,1720,-5,11,1731,351,337,322,2504,2053,4,2116,2057,-19,Sunday,Jan
01/13/2015,WN,4069,N750SA,BNA,DAL,805,803,-2,20,823,130,121,97,623,1000,4,1015,1004,-11,Tuesday,Jan
01/22/2015,OO,4856,N641CA,LAX,SJC,1440,1459,19,20,1519,77,74,50,308,1609,4,1557,1613,16,Thursday,Jan
01/08/2015,MQ,3397,N942MQ,EYW,MIA,1042,1102,20,6,1108,48,34,24,125,1132,4,1130,1136,6,Thursday,Jan
01/29/2015,DL,1355,N303DQ,ATL,EYW,940,938,-2,10,948,113,94,82,646,1110,2,1133,1112,-21,Thursday,Jan
01/14/2015,UA,1751,N27421,PHL,ORD,1241,1231,-10,10,1241,148,129,101,678,1322,18,1409,1340,-29,Wednesday,Jan
01/21/2015,NK,295,N533NK,ORD,IAH,2020,2014,-6,14,2028,167,179,154,925,2302,11,2307,2313,6,Wednesday,Jan
01/18/2015,UA,1418,N37281,SAT,IAH,817,813,-4,11,824,62,64,36,191,900,17,919,917,-2,Sunday,Jan
01/14/2015,OO,5439,N221SW,SFO,CEC,1200,1237,37,11,1248,97,80,64,304,1352,5,1337,1357,20,Wednesday,Jan
02/02/2015,EV,4598,N26141,CVG,IAH,1152,1144,-8,22,1206,176,186,136,871,1322,28,1348,1350,2,Monday,Feb
02/09/2015,OO,4789,N812SK,LAS,SEA,1255,1255,0,23,1318,164,151,125,867,1523,3,1539,1526,-13,Monday,Feb
02/08/2015,WN,2217,N922WN,BWI,ORF,2210,2215,5,10,2225,55,46,31,159,2256,5,2305,2301,-4,Sunday,Feb
01/12/2015,DL,1274,N3764D,LAX,DFW,1844,1837,-7,13,1850,189,164,145,1235,2315,6,2353,2321,-32,Monday,Jan
01/12/2015,NK,732,N532NK,LAX,ORD,1411,1458,47,8,1506,242,275,217,1744,2043,50,2013,2133,80,Monday,Jan
01/04/2015,DL,2507,N365NB,SAT,SLC,1408,1408,0,11,1419,182,168,149,1087,1548,8,1610,1556,-14,Sunday,Jan
02/06/2015,EV,4191,N13970,EWR,BNA,1929,1926,-3,10,1936,157,123,107,748,2023,6,2106,2029,-37,Friday,Feb
01/07/2015,WN,101,N422WN,LGA,BNA,1330,1338,8,40,1418,155,177,132,764,1530,5,1505,1535,30,Wednesday,Jan
02/08/2015,OO,5328,N927SW,DEN,MKE,1720,1715,-5,15,1730,144,138,118,896,2028,5,2044,2033,-11,Sunday,Feb
01/24/2015,AA,1445,N3EMAA,MIA,LGA,1135,1146,11,17,1203,174,155,134,1096,1417,4,1429,1421,-8,Saturday,Jan
02/02/2015,EV,6091,N14188,FAR,DEN,610,603,-7,19,622,133,120,90,627,652,11,723,703,-20,Monday,Feb
02/06/2015,DL,1259,N967DL,ATL,OKC,2043,2053,10,26,2119,146,141,111,761,2210,4,2209,2214,5,Friday,Feb
02/07/2015,US,473,N585UW,PHX,MSP,1555,1551,-4,18,1609,182,172,146,1276,1935,8,1957,1943,-14,Saturday,Feb
02/03/2015,UA,1667,N79402,ORD,PDX,835,835,0,25,900,277,288,259,1739,1119,4,1112,1123,11,Tuesday,Feb
02/02/2015,EV,3948,N21130,DEN,FSD,957,1108,71,12,1120,97,82,65,483,1325,5,1234,1330,56,Monday,Feb
01/25/2015,DL,1410,N376NW,DEN,DTW,1615,1606,-9,14,1620,165,176,151,1123,2051,11,2100,2102,2,Sunday,Jan
01/26/2015,DL,1338,N920DE,ATL,BHM,835,834,-1,16,850,54,45,25,134,815,4,829,819,-10,Monday,Jan
01/12/2015,WN,1120,N942WN,SNA,PHX,1415,1417,2,6,1423,75,63,52,338,1615,5,1630,1620,-10,Monday,Jan
01/12/2015,OO,6341,N908SW,LAX,SAN,2005,2048,43,15,2103,51,46,27,109,2130,4,2056,2134,38,Monday,Jan
01/21/2015,WN,476,N8640D,MDW,MHT,1320,1317,-3,6,1323,130,114,104,838,1607,4,1630,1611,-19,Wednesday,Jan
01/14/2015,WN,3294,N460WN,ALB,MCO,700,659,-1,22,721,200,197,168,1073,1009,7,1020,1016,-4,Wednesday,Jan
02/12/2015,DL,1212,N592NW,LAX,MSP,654,839,105,24,903,215,218,188,1535,1411,6,1229,1417,108,Thursday,Feb
01/07/2015,WN,1072,N413WN,ABQ,MCI,1150,1240,50,7,1247,115,105,93,718,1520,5,1445,1525,40,Wednesday,Jan
01/12/2015,US,1848,N770UW,PHL,DFW,1140,1136,-4,23,1159,232,232,198,1303,1417,11,1432,1428,-4,Monday,Jan
01/14/2015,AA,148,N3CGAA,MIA,CLT,625,629,4,13,642,129,120,101,650,823,6,834,829,-5,Wednesday,Jan
02/04/2015,US,618,N834AW,OAK,PHX,1229,1257,28,19,1316,111,124,97,646,1553,8,1520,1601,41,Wednesday,Feb
01/04/2015,AA,50,N4XCAA,SLC,DFW,815,825,10,20,845,165,157,124,989,1149,13,1200,1202,2,Sunday,Jan
02/02/2015,OO,4965,N744SK,DEN,JAC,1524,1601,37,17,1618,93,90,70,406,1728,3,1657,1731,34,Monday,Feb
01/30/2015,EV,5973,N29917,ORD,TUL,955,948,-7,11,959,123,114,99,585,1138,4,1158,1142,-16,Friday,Jan
01/06/2015,WN,2256,N764SW,MDW,PHX,1345,1410,25,16,1426,235,233,207,1444,1653,10,1640,1703,23,Tuesday,Jan
01/08/2015,DL,2297,N552NW,JAX,ATL,1545,1543,-2,15,1558,78,70,49,270,1647,6,1703,1653,-10,Thursday,Jan
01/11/2015,OO,6452,N578SW,LAX,SAN,1047,1058,11,40,1138,55,74,30,109,1208,4,1142,1212,30,Sunday,Jan
02/01/2015,DL,2124,N651DL,MSY,ATL,715,714,-1,13,727,89,79,57,425,924,9,944,933,-11,Sunday,Feb
02/11/2015,OO,4608,N611SK,SEA,PDX,705,654,-11,24,718,58,56,27,129,745,5,803,750,-13,Wednesday,Feb
01/12/2015,VX,406,N851VA,LAX,JFK,1055,1104,9,10,1114,325,324,302,2475,1916,12,1920,1928,8,Monday,Jan
01/27/2015,EV,4117,N29917,LRD,IAH,650,639,-11,11,650,73,74,52,301,742,11,803,753,-10,Tuesday,Jan
01/15/2015,DL,1466,N962DL,ATL,GSO,1455,1454,-1,17,1511,74,68,47,306,1558,4,1609,1602,-7,Thursday,Jan
01/17/2015,B6,51,N779JB,BOS,MCO,721,752,31,21,813,206,185,159,1121,1052,5,1047,1057,10,Saturday,Jan
01/16/2015,MQ,3389,N623MQ,XNA,DFW,812,805,-7,18,823,83,99,46,280,909,35,935,944,9,Friday,Jan
02/12/2015,EV,4622,N36915,SAV,IAD,1448,1448,0,19,1507,97,94,69,515,1616,6,1625,1622,-3,Thursday,Feb
02/06/2015,AA,170,N858AA,LAX,LAS,1235,1229,-6,24,1253,75,71,36,236,1329,11,1350,1340,-10,Friday,Feb
01/28/2015,WN,10,N7713A,CRP,HOU,705,702,-3,24,726,50,61,32,187,758,5,755,803,8,Wednesday,Jan
02/07/2015,B6,678,N623JB,JAX,JFK,1105,1110,5,11,1121,128,132,116,828,1317,5,1313,1322,9,Saturday,Feb
01/02/2015,F9,1005,N908FR,MCO,BMI,1316,1316,0,14,1330,154,150,129,936,1439,7,1450,1446,-4,Friday,Jan
01/10/2015,B6,690,N348JB,DCA,BOS,1535,1529,-6,12,1541,85,74,59,399,1640,3,1700,1643,-17,Saturday,Jan
01/25/2015,WN,1051,N7739A,SAT,DEN,1245,1245,0,9,1254,140,150,133,794,1407,8,1405,1415,10,Sunday,Jan
01/24/2015,AA,1521,N3AWAA,MIA,LAS,925,940,15,16,956,343,330,303,2174,1159,11,1208,1210,2,Saturday,Jan
01/13/2015,WN,3138,N617SW,RNO,LAS,1225,1225,0,9,1234,75,70,57,345,1331,4,1340,1335,-5,Tuesday,Jan
01/18/2015,B6,904,N526JB,RSW,BDL,1449,1458,9,16,1514,171,163,142,1180,1736,5,1740,1741,1,Sunday,Jan
02/05/2015,HA,347,N475HA,KOA,HNL,1546,1546,0,14,1600,44,65,42,163,1642,9,1630,1651,21,Thursday,Feb
01/16/2015,DL,1270,N919DE,ATL,PNS,1341,1336,-5,12,1348,73,63,48,271,1336,3,1354,1339,-15,Friday,Jan
01/22/2015,DL,2308,N978DL,SDF,ATL,1403,1407,4,9,1416,92,77,54,321,1510,14,1535,1524,-11,Thursday,Jan
01/08/2015,AA,1535,N4YJAA,DFW,MCI,1705,1712,7,18,1730,92,95,71,460,1841,6,1837,1847,10,Thursday,Jan
01/28/2015,UA,1707,N69806,IAH,PHX,1752,1751,-1,15,1806,174,166,146,1009,1932,5,1946,1937,-9,Wednesday,Jan
01/09/2015,B6,323,N945JB,JFK,LAX,1125,1126,1,71,1237,374,427,345,2475,1522,11,1439,1533,54,Friday,Jan
02/05/2015,WN,4378,N523SW,DAL,AUS,805,805,0,36,841,55,80,39,189,920,5,900,925,25,Thursday,Feb
01/22/2015,B6,735,N809JB,SFO,LGB,600,555,-5,13,608,81,77,60,354,708,4,721,712,-9,Thursday,Jan
01/16/2015,EV,4711,N18102,DCA,EWR,710,722,12,16,738,69,65,42,199,820,7,819,827,8,Friday,Jan
02/10/2015,US,754,N167US,LAX,PHL,835,825,-10,23,848,304,296,264,2402,1612,9,1639,1621,-18,Tuesday,Feb
01/23/2015,AA,1386,N3KPAA,DFW,MCO,2015,2012,-3,12,2024,138,143,125,985,2329,6,2333,2335,2,Friday,Jan
01/21/2015,WN,2699,N703SW,PHX,ONT,1455,1613,78,14,1627,70,74,57,325,1624,3,1505,1627,82,Wednesday,Jan
02/09/2015,EV,2571,N904EV,DFW,MEI,1910,1901,-9,23,1924,87,90,64,485,2028,3,2037,2031,-6,Monday,Feb
01/12/2015,AS,151,N763AS,ANC,OME,1025,1013,-12,8,1021,94,85,73,539,1134,4,1159,1138,-21,Monday,Jan
01/16/2015,WN,262,N228WN,FLL,BWI,740,732,-8,15,747,150,147,129,925,956,3,1010,959,-11,Friday,Jan
02/10/2015,B6,347,N793JB,OAK,LGB,1850,1840,-10,9,1849,77,74,62,353,1951,3,2007,1954,-13,Tuesday,Feb
02/06/2015,AA,1460,N3BHAA,PHX,DFW,1029,1026,-3,17,1043,134,140,109,868,1332,14,1343,1346,3,Friday,Feb
02/07/2015,US,1843,N745VJ,CLT,ATL,1558,1553,-5,8,1601,74,63,41,226,1642,14,1712,1656,-16,Saturday,Feb
01/22/2015,UA,1623,N76288,EWR,MCO,1000,1203,123,19,1222,174,173,143,937,1445,11,1254,1456,122,Thursday,Jan
01/02/2015,UA,624,N809UA,BZN,ORD,1256,1411,75,30,1441,176,182,143,1186,1804,9,1652,1813,81,Friday,Jan
01/06/2015,OO,7401,N560SW,VEL,SLC,658,650,-8,9,659,52,52,41,132,740,2,750,742,-8,Tuesday,Jan
02/03/2015,US,2007,N537UW,PHL,RSW,800,819,19,37,856,187,210,167,993,1143,6,1107,1149,42,Tuesday,Feb
01/03/2015,US,1748,N204UW,PHL,MCO,1330,1332,2,16,1348,149,151,132,861,1600,3,1559,1603,4,Saturday,Jan
02/04/2015,AA,2427,N456AA,DFW,ONT,2210,2208,-2,12,2220,191,171,153,1188,2253,6,2321,2259,-22,Wednesday,Feb
01/13/2015,WN,449,N707SA,MCI,MSP,1045,1039,-6,7,1046,80,73,61,393,1147,5,1205,1152,-13,Tuesday,Jan
02/11/2015,AA,1212,N023AA,DFW,SDF,1145,1143,-2,16,1159,114,111,89,733,1428,6,1439,1434,-5,Wednesday,Feb
01/02/2015,EV,5528,N884AS,DTW,SCE,2130,2124,-6,13,2137,76,58,39,301,2216,6,2246,2222,-24,Friday,Jan
01/16/2015,UA,1233,N18243,IAH,AUS,900,902,2,14,916,58,50,28,140,944,8,958,952,-6,Friday,Jan
01/12/2015,MQ,2921,N638MQ,ORD,MSN,2045,2042,-3,57,2139,47,84,25,108,2204,2,2132,2206,34,Monday,Jan
01/19/2015,AA,68,N5EAAA,SFO,MIA,700,824,84,19,843,319,304,279,2585,1622,6,1519,1628,69,Monday,Jan
01/22/2015,NK,659,N616NK,ORD,MCI,1411,1401,-10,28,1429,90,98,66,403,1535,4,1541,1539,-2,Thursday,Jan
01/09/2015,DL,1978,N921DN,ATL,RIC,2200,2249,49,11,2300,92,75,60,481,2400,4,2332,4,32,Friday,Jan
01/15/2015,MQ,3431,N814MQ,COU,DFW,644,705,21,23,728,126,118,81,489,849,14,850,903,13,Thursday,Jan
01/14/2015,WN,493,N8642E,MSP,MDW,1735,1733,-2,9,1742,100,77,62,349,1844,6,1915,1850,-25,Wednesday,Jan
01/17/2015,UA,1237,N23708,ORD,LGA,1303,1300,-3,12,1312,128,111,95,733,1547,4,1611,1551,-20,Saturday,Jan
01/24/2015,OO,6318,N751SK,ORD,ASE,955,959,4,21,1020,176,158,134,1013,1134,3,1151,1137,-14,Saturday,Jan
01/21/2015,WN,43,N481WN,AMA,DAL,1520,1519,-1,18,1537,65,71,49,323,1626,4,1625,1630,5,Wednesday,Jan
02/07/2015,EV,2567,N903EV,SHV,DFW,749,808,19,11,819,66,63,46,190,905,6,855,911,16,Saturday,Feb
01/30/2015,US,640,N583UW,PHX,LAX,2105,2108,3,24,2132,88,94,57,370,2129,13,2133,2142,9,Friday,Jan
02/04/2015,WN,2228,N8614M,LAS,CMH,1625,1717,52,13,1730,235,224,202,1771,2352,9,2320,1,41,Wednesday,Feb
02/04/2015,AA,180,N793AA,LAX,JFK,1650,1720,30,15,1735,318,303,279,2475,114,9,108,123,15,Wednesday,Feb
02/09/2015,UA,675,N446UA,ORD,DEN,815,828,13,24,852,169,167,136,888,1008,7,1004,1015,11,Monday,Feb
01/23/2015,MQ,3626,N642MQ,DFW,CVG,1100,1113,13,18,1131,128,126,102,812,1413,6,1408,1419,11,Friday,Jan
01/07/2015,WN,3659,N942WN,MCI,STL,910,904,-6,5,909,55,50,40,237,949,5,1005,954,-11,Wednesday,Jan
01/23/2015,UA,1199,N54711,EWR,BOS,829,830,1,25,855,70,73,43,200,938,5,939,943,4,Friday,Jan
01/14/2015,EV,5293,N917EV,ATL,AVL,906,908,2,15,923,52,53,35,164,958,3,958,1001,3,Wednesday,Jan
01/20/2015,DL,2327,N588NW,ATL,FLL,2040,2036,-4,23,2059,110,107,82,581,2221,2,2230,2223,-7,Tuesday,Jan
01/18/2015,B6,822,N566JB,PBI,BOS,1905,2049,104,10,2059,175,171,154,1197,2333,7,2200,2340,100,Sunday,Jan
01/14/2015,WN,227,N658SW,STL,BWI,2115,2109,-6,8,2117,115,114,102,738,2359,4,10,3,-7,Wednesday,Jan
02/02/2015,DL,978,N3756,SAN,SLC,615,610,-5,22,632,118,115,90,626,902,3,913,905,-8,Monday,Feb
01/15/2015,DL,1751,N627DL,MSP,LAS,900,856,-4,16,912,219,183,161,1299,953,6,1039,959,-40,Thursday,Jan
02/03/2015,AA,2394,N3MDAA,SNA,DFW,1750,1743,-7,8,1751,164,172,155,1205,2226,9,2234,2235,1,Tuesday,Feb
02/06/2015,OO,7384,N487CA,SLC,CPR,2156,2146,-10,16,2202,80,65,46,320,2248,3,2316,2251,-25,Friday,Feb
01/01/2015,WN,1453,N8650F,MDW,ALB,2120,2129,9,8,2137,110,107,77,717,2354,22,10,16,6,Thursday,Jan
02/01/2015,DL,1692,N806DN,ATL,SAN,815,816,1,12,828,297,261,246,1892,934,3,1012,937,-35,Sunday,Feb
01/09/2015,DL,2281,N915DN,IND,ATL,1845,1842,-3,14,1856,102,91,71,432,2007,6,2027,2013,-14,Friday,Jan
02/09/2015,AA,189,N202AA,DFW,SJC,1250,1244,-6,16,1300,232,230,211,1438,1431,3,1442,1434,-8,Monday,Feb
02/09/2015,WN,4927,N7733B,BNA,FLL,1805,1826,21,8,1834,130,119,104,793,2118,7,2115,2125,10,Monday,Feb
02/12/2015,OO,5320,N973SW,PUB,DEN,931,913,-18,11,924,48,64,29,109,953,24,1019,1017,-2,Thursday,Feb
01/13/2015,WN,1803,N295WN,OAK,BUR,610,605,-5,55,700,70,106,48,325,748,3,720,751,31,Tuesday,Jan
02/11/2015,WN,476,N8307K,MDW,MHT,1320,1323,3,8,1331,130,114,99,838,1610,7,1630,1617,-13,Wednesday,Feb
02/06/2015,F9,1064,N211FR,ORD,MCO,1610,1615,5,21,1636,155,156,125,1005,1941,10,1945,1951,6,Friday,Feb
01/26/2015,HA,24,N592HA,OGG,OAK,1250,1243,-7,9,1252,300,289,272,2349,1924,8,1950,1932,-18,Monday,Jan
02/06/2015,NK,395,N515NK,PHL,LAS,1931,1926,-5,14,1940,340,323,290,2176,2130,19,2211,2149,-22,Friday,Feb
01/30/2015,DL,2047,N916DN,LGA,ATL,1159,1230,31,44,1314,173,153,104,762,1458,5,1452,1503,11,Friday,Jan
01/09/2015,EV,5137,N741EV,ATL,BTR,1900,1857,-3,17,1914,95,87,67,448,1921,3,1935,1924,-11,Friday,Jan
01/04/2015,DL,523,N522US,ATL,DFW,1340,1401,21,15,1416,150,144,122,731,1518,7,1510,1525,15,Sunday,Jan
01/27/2015,WN,3140,N918WN,BUR,OAK,2010,2006,-4,8,2014,70,62,49,325,2103,5,2120,2108,-12,Tuesday,Jan
01/05/2015,UA,571,N805UA,ATL,IAH,1645,1722,37,27,1749,143,143,109,689,1838,7,1808,1845,37,Monday,Jan
01/18/2015,DL,2348,N317US,SLC,DTW,1351,1349,-2,12,1401,207,201,181,1481,1902,8,1918,1910,-8,Sunday,Jan
01/27/2015,US,698,N151UW,FLL,CLT,1020,1013,-7,9,1022,121,113,97,631,1159,7,1221,1206,-15,Tuesday,Jan
01/01/2015,DL,1521,N910AT,ATL,DAY,1425,1424,-1,14,1438,91,83,64,432,1542,5,1556,1547,-9,Thursday,Jan
02/11/2015,MQ,3680,N624MQ,MSN,ORD,540,535,-5,10,545,55,45,27,108,612,8,635,620,-15,Wednesday,Feb
01/03/2015,NK,362,N506NK,IAH,ATL,1230,1244,14,25,1309,113,125,88,689,1537,12,1523,1549,26,Saturday,Jan
01/05/2015,DL,883,N549US,LAX,MCO,2215,2221,6,19,2240,270,278,255,2218,555,4,545,559,14,Monday,Jan
02/10/2015,AA,152,N3FTAA,PHX,MIA,1429,1431,2,27,1458,245,258,223,1972,2041,8,2034,2049,15,Tuesday,Feb
01/08/2015,EV,4250,N29917,ORD,HPN,1340,1500,80,22,1522,125,120,92,738,1754,6,1645,1800,75,Thursday,Jan
02/01/2015,WN,367,N384SW,MCO,CMH,1945,1942,-3,11,1953,130,130,115,802,2148,4,2155,2152,-3,Sunday,Feb
01/31/2015,US,2102,N740UW,DCA,BOS,630,630,0,11,641,79,80,63,399,744,6,749,750,1,Saturday,Jan
01/10/2015,WN,3598,N358SW,BUF,BWI,1715,1725,10,28,1753,75,80,46,281,1839,6,1830,1845,15,Saturday,Jan
01/08/2015,UA,524,N405UA,MSY,ORD,1422,1411,-11,13,1424,153,214,148,837,1652,53,1655,1745,50,Thursday,Jan
01/23/2015,WN,870,N7718B,PHX,PDX,2050,2047,-3,12,2059,170,170,155,1009,2234,3,2240,2237,-3,Friday,Jan
02/02/2015,F9,116,N929FR,DEN,MSP,2048,2038,-10,11,2049,111,100,83,680,2312,6,2339,2318,-21,Monday,Feb
01/03/2015,US,1846,N828AW,DCA,TPA,1145,1144,-1,8,1152,142,129,117,814,1349,4,1407,1353,-14,Saturday,Jan
01/01/2015,AA,1471,N4UBAA,DFW,DEN,900,900,0,10,910,125,110,92,641,942,8,1005,950,-15,Thursday,Jan
02/04/2015,WN,3302,N7709A,HOU,LAX,1225,1228,3,8,1236,225,204,189,1390,1345,7,1410,1352,-18,Wednesday,Feb
01/05/2015,OO,5324,N585SW,LAX,CLD,1155,1202,7,16,1218,45,46,26,86,1244,4,1240,1248,8,Monday,Jan
01/31/2015,WN,2402,N644SW,DAL,HOU,1800,1756,-4,7,1803,65,53,43,239,1846,3,1905,1849,-16,Saturday,Jan
02/12/2015,EV,4515,N18556,IAH,MAF,1437,1427,-10,13,1440,91,87,70,429,1550,4,1608,1554,-14,Thursday,Feb
01/23/2015,B6,844,N273JB,CHS,DCA,1338,1328,-10,11,1339,78,75,61,444,1440,3,1456,1443,-13,Friday,Jan
02/05/2015,AA,2442,N5DEAA,LAX,DFW,930,924,-6,17,941,173,186,158,1235,1419,11,1423,1430,7,Thursday,Feb
01/23/2015,EV,4564,N18120,EWR,DCA,1750,1748,-2,34,1822,78,91,52,199,1914,5,1908,1919,11,Friday,Jan
02/01/2015,DL,2644,N815DN,SEA,ATL,1220,1220,0,13,1233,281,260,238,2182,1931,9,2001,1940,-21,Sunday,Feb
01/09/2015,DL,2216,N915DE,ATL,ABQ,1655,1653,-2,14,1707,218,196,178,1269,1805,4,1833,1809,-24,Friday,Jan
01/21/2015,UA,723,N466UA,DFW,DEN,1655,1649,-6,20,1709,132,119,95,641,1744,4,1807,1748,-19,Wednesday,Jan
01/06/2015,WN,213,N7709A,PVD,FLL,1440,1546,66,19,1605,205,202,180,1188,1905,3,1805,1908,63,Tuesday,Jan
02/10/2015,DL,1920,N344NB,MSP,BWI,1501,1514,13,20,1534,146,143,114,936,1828,9,1827,1837,10,Tuesday,Feb
01/09/2015,DL,1918,N692DL,SNA,ATL,829,822,-7,12,834,246,243,225,1919,1519,6,1535,1525,-10,Friday,Jan
01/04/2015,OO,6286,N580SW,SBA,SFO,1027,1147,80,11,1158,85,77,62,262,1300,4,1152,1304,72,Sunday,Jan
01/21/2015,OO,6512,N479CA,LAX,COS,1002,1002,0,31,1033,144,149,112,833,1325,6,1326,1331,5,Wednesday,Jan
01/23/2015,US,692,N207UW,PHX,HNL,1135,1128,-7,23,1151,417,401,368,2917,1459,10,1532,1509,-23,Friday,Jan
01/20/2015,WN,598,N749SW,SDF,PHX,900,900,0,20,920,250,252,226,1506,1106,6,1110,1112,2,Tuesday,Jan
01/28/2015,WN,3404,N745SW,MSY,MCO,820,820,0,11,831,100,99,75,551,1046,13,1100,1059,-1,Wednesday,Jan
01/19/2015,DL,888,N587NW,ATL,MSP,1915,1922,7,22,1944,166,160,133,907,2057,5,2101,2102,1,Monday,Jan
01/18/2015,VX,27,N844VA,JFK,SFO,1630,1724,54,24,1748,405,385,355,2586,2043,6,2015,2049,34,Sunday,Jan
01/04/2015,WN,1931,N387SW,TUL,PHX,920,919,-1,6,925,165,152,142,935,1047,4,1105,1051,-14,Sunday,Jan
01/28/2015,WN,372,N494WN,DAL,TPA,1630,1628,-2,9,1637,135,130,115,917,1932,6,1945,1938,-7,Wednesday,Jan
01/06/2015,MQ,3107,N542MQ,ORD,GRR,2110,2155,45,13,2208,44,47,30,137,2338,4,2254,2342,48,Tuesday,Jan
02/06/2015,OO,5600,N728SK,SFO,MFR,2235,2232,-3,18,2250,77,79,58,329,2348,3,2352,2351,-1,Friday,Feb
02/01/2015,OO,5244,N782SK,SFO,JAC,1412,1405,-7,14,1419,127,119,101,737,1700,4,1719,1704,-15,Sunday,Feb
01/18/2015,DL,1585,N959DL,LGA,MCO,1829,1823,-6,24,1847,193,168,141,950,2108,3,2142,2111,-31,Sunday,Jan
02/07/2015,WN,4231,N369SW,SMF,LAS,1445,1442,-3,11,1453,80,71,56,397,1549,4,1605,1553,-12,Saturday,Feb
01/05/2015,WN,561,N267WN,PIT,MDW,1515,1511,-4,9,1520,95,93,78,402,1538,6,1550,1544,-6,Monday,Jan
02/04/2015,WN,1823,N224WN,DEN,EWR,1820,2032,132,9,2041,210,193,179,1605,140,5,2350,145,115,Wednesday,Feb
01/23/2015,US,2160,N953UW,LGA,BOS,1900,1850,-10,18,1908,71,66,43,184,1951,5,2011,1956,-15,Friday,Jan
01/17/2015,WN,3352,N8615E,MDW,CLE,1330,1334,4,13,1347,70,67,47,307,1534,7,1540,1541,1,Saturday,Jan
02/12/2015,WN,4099,N658SW,IND,MCO,1445,1518,33,15,1533,135,139,112,829,1725,12,1700,1737,37,Thursday,Feb
01/29/2015,OO,5269,N710SK,IAH,CVG,1315,1304,-11,36,1340,137,166,114,871,1634,16,1632,1650,18,Thursday,Jan
01/14/2015,EV,5240,N611QX,ATL,GSO,1235,1229,-6,15,1244,73,64,46,306,1330,3,1348,1333,-15,Wednesday,Jan
01/15/2015,AA,2414,N3CXAA,DFW,EWR,1615,1614,-1,10,1624,186,182,166,1372,2010,6,2021,2016,-5,Thursday,Jan
02/10/2015,B6,130,N661JB,RSW,JFK,600,551,-9,16,607,161,168,137,1074,824,15,841,839,-2,Tuesday,Feb
01/30/2015,B6,138,N796JB,MCO,BDL,1658,1801,63,26,1827,155,166,136,1050,2043,4,1933,2047,74,Friday,Jan
02/09/2015,DL,582,N3769L,DTW,BOS,2008,611,603,26,637,121,142,100,632,817,16,2209,833,624,Monday,Feb
01/16/2015,AA,2335,N4WMAA,ORD,DFW,1438,1449,11,11,1500,152,129,111,802,1651,7,1710,1658,-12,Friday,Jan
01/23/2015,HA,214,N480HA,LIH,HNL,1839,1913,34,7,1920,33,62,43,102,2003,12,1912,2015,63,Friday,Jan
02/01/2015,OO,4716,N461SW,ISN,MSP,615,613,-2,54,707,124,156,96,546,843,6,819,849,30,Sunday,Feb
01/02/2015,OO,5188,N784SK,LAX,ASE,1434,1526,52,20,1546,128,132,108,737,1834,4,1742,1838,56,Friday,Jan
01/21/2015,UA,669,N426UA,DEN,MSP,1941,1944,3,24,2008,117,122,95,680,2243,3,2238,2246,8,Wednesday,Jan
02/05/2015,UA,1422,N39728,CLE,EWR,600,557,-3,30,627,99,99,64,404,731,5,739,736,-3,Thursday,Feb
01/05/2015,EV,5527,N872AS,BQK,ATL,1625,1623,-2,12,1635,74,66,48,238,1723,6,1739,1729,-10,Monday,Jan
01/30/2015,AA,1658,N3DNAA,DCA,MIA,1552,1609,17,22,1631,172,153,122,919,1833,9,1844,1842,-2,Friday,Jan
02/12/2015,DL,2343,N935AT,ATL,EWR,735,734,-1,14,748,128,115,96,746,924,5,943,929,-14,Thursday,Feb
01/24/2015,AA,1513,N006AA,DFW,ATL,700,655,-5,14,709,120,126,101,731,950,11,1000,1001,1,Saturday,Jan
02/02/2015,B6,534,N806JB,SFO,BOS,1028,1149,81,40,1229,332,430,311,2704,2040,79,1900,2159,179,Monday,Feb
01/02/2015,EV,5158,N707EV,SAV,LGA,1644,1700,16,13,1713,126,119,97,722,1850,9,1850,1859,9,Friday,Jan
01/03/2015,DL,1460,N347NB,MIA,ATL,745,745,0,18,803,118,123,93,594,936,12,943,948,5,Saturday,Jan
01/27/2015,DL,61,N808DN,SFO,ATL,1209,1204,-5,14,1218,278,265,242,2139,1920,9,1947,1929,-18,Tuesday,Jan
02/03/2015,WN,1800,N8315C,SFO,DEN,1120,1116,-4,20,1136,155,144,117,967,1433,7,1455,1440,-15,Tuesday,Feb
02/02/2015,UA,1728,N73259,IAH,DCA,1031,1102,31,14,1116,175,155,136,1208,1432,5,1426,1437,11,Monday,Feb
02/09/2015,OO,4539,N8932C,TUS,SLC,830,833,3,13,846,120,113,95,601,1021,5,1030,1026,-4,Monday,Feb
01/24/2015,EV,5124,N676CA,ATL,BTR,1730,1748,18,10,1758,94,85,72,448,1810,3,1804,1813,9,Saturday,Jan
01/07/2015,WN,3681,N710SW,SMF,LAX,1905,1903,-2,6,1909,80,72,60,373,2009,6,2025,2015,-10,Wednesday,Jan
01/15/2015,AA,1164,N3GUAA,DFW,LGA,1755,1752,-3,14,1806,189,177,158,1389,2144,5,2204,2149,-15,Thursday,Jan
01/08/2015,DL,1259,N986DL,ATL,OKC,2045,2040,-5,22,2102,146,143,116,761,2158,5,2211,2203,-8,Thursday,Jan
01/14/2015,WN,1172,N619SW,RSW,BWI,1555,1619,24,7,1626,140,130,120,919,1826,3,1815,1829,14,Wednesday,Jan
01/28/2015,WN,556,N904WN,ATL,SAN,1540,1539,-1,9,1548,315,283,268,1892,1716,6,1755,1722,-33,Wednesday,Jan
01/16/2015,DL,1148,N940DL,ATL,CVG,726,725,-1,33,758,84,100,62,373,900,5,850,905,15,Friday,Jan
01/24/2015,AA,2206,N3HBAA,MIA,DCA,1635,1630,-5,17,1647,149,140,120,919,1847,3,1904,1850,-14,Saturday,Jan
01/14/2015,AA,162,N5DKAA,HNL,LAX,1338,1326,-12,15,1341,325,321,295,2556,2036,11,2103,2047,-16,Wednesday,Jan
01/09/2015,UA,525,N852UA,SFO,LAX,1732,1726,-6,12,1738,85,82,55,337,1833,15,1857,1848,-9,Friday,Jan
01/15/2015,US,744,N770UW,CLT,PHL,1310,1302,-8,12,1314,100,83,68,449,1422,3,1450,1425,-25,Thursday,Jan
01/07/2015,OO,4663,N625CA,SUN,SLC,1300,1453,113,11,1504,62,54,36,222,1540,7,1402,1547,105,Wednesday,Jan
02/11/2015,DL,1459,N968AT,CLT,DTW,600,556,-4,29,625,112,126,91,500,756,6,752,802,10,Wednesday,Feb
01/02/2015,DL,1561,N961DL,ATL,PHL,1116,1116,0,24,1140,123,116,88,666,1308,4,1319,1312,-7,Friday,Jan
01/28/2015,DL,2518,N603AT,ATL,VPS,2205,2203,-2,15,2218,71,63,38,250,2156,10,2216,2206,-10,Wednesday,Jan
02/03/2015,US,2064,N548UW,DFW,CLT,700,651,-9,16,707,145,138,109,936,956,13,1025,1009,-16,Tuesday,Feb
01/26/2015,WN,1980,N495WN,MCI,MDW,925,919,-6,10,929,80,86,70,405,1039,6,1045,1045,0,Monday,Jan
01/26/2015,AA,1571,N5DXAA,SJU,MIA,2044,2055,11,11,2106,163,158,143,1045,2229,4,2227,2233,6,Monday,Jan
01/09/2015,DL,2553,N659DL,ATL,SAT,1355,1419,24,15,1434,162,152,132,874,1546,5,1537,1551,14,Friday,Jan
01/10/2015,WN,2659,N398SW,LAX,SFO,655,651,-4,9,700,80,70,57,337,757,4,815,801,-14,Saturday,Jan
02/10/2015,US,1954,N177US,CLT,LGA,2020,2016,-4,12,2028,105,105,80,544,2148,13,2205,2201,-4,Tuesday,Feb
02/09/2015,AA,1310,N486AA,DFW,CLE,855,851,-4,18,909,152,161,136,1021,1225,7,1227,1232,5,Monday,Feb
02/04/2015,EV,5121,N724EV,DTW,CLE,1935,2020,45,39,2059,60,106,28,95,2127,39,2035,2206,91,Wednesday,Feb
01/18/2015,UA,1758,N38451,EWR,MIA,1529,1724,115,17,1741,195,182,156,1085,2017,9,1844,2026,102,Sunday,Jan
01/16/2015,AA,134,N3HUAA,DCA,DFW,1745,1742,-3,16,1758,216,196,169,1192,1947,11,2021,1958,-23,Friday,Jan
01/02/2015,DL,1648,N926AT,ATL,MDW,934,932,-2,14,946,126,104,84,591,1010,6,1040,1016,-24,Friday,Jan
02/05/2015,WN,3479,N606SW,SJC,ONT,1145,1142,-3,13,1155,70,72,54,333,1249,5,1255,1254,-1,Thursday,Feb
01/07/2015,VX,370,N523VA,LAX,BOS,2155,2152,-3,7,2159,315,321,308,2611,607,6,610,613,3,Wednesday,Jan
01/28/2015,EV,4226,N13132,ORD,PVD,1325,1319,-6,14,1333,133,131,112,849,1625,5,1638,1630,-8,Wednesday,Jan
01/19/2015,OO,6532,N679SA,DEN,BUR,1110,1109,-1,11,1120,156,152,138,850,1238,3,1246,1241,-5,Monday,Jan
01/04/2015,DL,1372,N751AT,SLC,SAN,945,949,4,14,1003,117,100,82,626,1025,4,1042,1029,-13,Sunday,Jan
01/17/2015,AA,50,N553AA,SLC,DFW,810,806,-4,33,839,160,157,118,989,1137,6,1150,1143,-7,Saturday,Jan
01/15/2015,AS,504,N615AS,SEA,SNA,615,610,-5,14,624,157,151,132,978,836,5,852,841,-11,Thursday,Jan
01/26/2015,OO,5504,N701BR,MFR,SFO,1344,1403,19,10,1413,75,81,64,329,1517,7,1459,1524,25,Monday,Jan
02/11/2015,EV,5442,N868AS,ATL,AEX,1210,1205,-5,11,1216,108,95,80,500,1236,4,1258,1240,-18,Wednesday,Feb
01/06/2015,AS,65,N795AS,PSG,JNU,1206,1424,138,17,1441,38,48,27,123,1508,4,1244,1512,148,Tuesday,Jan
01/17/2015,AS,558,N433AS,PDX,LAX,640,634,-6,14,648,139,137,108,834,836,15,859,851,-8,Saturday,Jan
01/27/2015,WN,4541,N955WN,AUS,BWI,630,625,-5,9,634,180,184,171,1342,1025,4,1030,1029,-1,Tuesday,Jan
01/19/2015,WN,2242,N8650F,RSW,MDW,1345,1343,-2,13,1356,185,177,159,1105,1535,5,1550,1540,-10,Monday,Jan
02/02/2015,AS,626,N309AS,PDX,LAS,800,754,-6,13,807,121,123,103,763,950,7,1001,957,-4,Monday,Feb
01/28/2015,WN,145,N275WN,LAS,MSY,1850,1842,-8,10,1852,195,181,167,1500,2339,4,5,2343,-22,Wednesday,Jan
01/18/2015,OO,2611,N464SW,LAX,SAN,2104,2112,8,14,2126,47,46,28,109,2154,4,2151,2158,7,Sunday,Jan
01/21/2015,AA,1198,N3KWAA,FLL,DFW,1853,1844,-9,14,1858,202,199,176,1119,2054,9,2115,2103,-12,Wednesday,Jan
02/05/2015,AA,2441,N566AA,LAS,DFW,1639,1638,-1,13,1651,156,155,133,1055,2104,9,2115,2113,-2,Thursday,Feb
01/28/2015,US,1833,N732US,MSP,PHL,1100,1057,-3,13,1110,148,143,121,980,1411,9,1428,1420,-8,Wednesday,Jan
01/02/2015,EV,5066,N758EV,LIT,ATL,1213,1214,1,17,1231,86,91,63,453,1434,11,1439,1445,6,Friday,Jan
01/06/2015,DL,173,N3752,SEA,JFK,1115,1120,5,14,1134,305,380,266,2422,1900,100,1920,2040,80,Tuesday,Jan
01/25/2015,B6,2323,N348JB,DCA,MCO,2015,2003,-12,16,2019,140,143,122,759,2221,5,2235,2226,-9,Sunday,Jan
01/21/2015,WN,569,N708SW,DEN,RDU,1800,1815,15,14,1829,185,167,150,1436,2259,3,2305,2302,-3,Wednesday,Jan
01/17/2015,DL,1923,N347NB,MIA,LGA,1757,1747,-10,31,1818,181,176,138,1096,2036,7,2058,2043,-15,Saturday,Jan
01/30/2015,DL,1204,N917DL,DTW,BDL,1745,1742,-3,11,1753,105,95,78,549,1911,6,1930,1917,-13,Friday,Jan
01/15/2015,B6,487,N828JB,BOS,LAX,1720,1741,21,73,1854,395,424,345,2611,2139,6,2055,2145,50,Thursday,Jan
01/19/2015,DL,2053,N936DL,FNT,ATL,1749,1803,14,6,1809,136,127,102,645,1951,19,2005,2010,5,Monday,Jan
01/16/2015,DL,2515,N727TW,LAX,SLC,730,729,-1,12,741,117,105,81,590,1002,12,1027,1014,-13,Friday,Jan
02/10/2015,AA,382,N439AA,DFW,OKC,1345,1341,-4,14,1355,54,59,38,175,1433,7,1439,1440,1,Tuesday,Feb
01/22/2015,US,658,N572UW,ATL,CLT,550,544,-6,13,557,66,54,35,226,632,6,656,638,-18,Thursday,Jan
01/02/2015,WN,1724,N706SW,PDX,LAS,1105,1102,-3,5,1107,120,115,100,763,1247,10,1305,1257,-8,Friday,Jan
02/07/2015,UA,203,N459UA,IAH,PBI,1301,1256,-5,17,1313,145,138,117,956,1610,4,1626,1614,-12,Saturday,Feb
01/29/2015,AS,404,N588AS,PDX,SJC,2040,2038,-2,10,2048,110,95,82,569,2210,3,2230,2213,-17,Thursday,Jan
01/20/2015,DL,1675,N997DL,ATL,IAH,1206,1200,-6,13,1213,140,124,104,689,1257,7,1326,1304,-22,Tuesday,Jan
01/09/2015,EV,4194,N12552,CVG,IAH,1842,2118,156,10,2128,163,152,135,871,2243,7,2025,2250,145,Friday,Jan
01/09/2015,UA,1666,N12221,CLE,FLL,755,803,8,37,840,184,188,148,1062,1108,3,1059,1111,12,Friday,Jan
01/05/2015,DL,1727,N946DN,PDX,MSP,1500,1453,-7,8,1501,198,200,153,1426,1934,39,2018,2013,-5,Monday,Jan
01/22/2015,EV,4914,N872AS,FSM,ATL,1655,1649,-6,12,1701,101,100,78,579,1919,10,1936,1929,-7,Thursday,Jan
02/09/2015,WN,326,N931WN,MDW,PHL,1330,1358,28,24,1422,115,127,89,668,1651,14,1625,1705,40,Monday,Feb
02/03/2015,OO,4446,N947SW,SLC,COS,1535,1527,-8,11,1538,93,80,63,411,1641,6,1708,1647,-21,Tuesday,Feb
01/06/2015,DL,1626,N594NW,FLL,ATL,1810,1809,-1,16,1825,123,107,84,581,1949,7,2013,1956,-17,Tuesday,Jan
01/15/2015,AA,346,N3CAAA,ORD,LGA,1955,1959,4,12,2011,120,116,96,733,2247,8,2255,2255,0,Thursday,Jan
01/21/2015,EV,6052,N13908,LEX,ORD,600,553,-7,11,604,94,80,60,323,604,9,634,613,-21,Wednesday,Jan
01/03/2015,WN,1627,N298WN,LAS,ELP,1715,1724,9,13,1737,95,90,75,583,1952,2,1950,1954,4,Saturday,Jan
01/13/2015,WN,1341,N275WN,SNA,OAK,1955,1956,1,7,2003,80,75,62,371,2105,6,2115,2111,-4,Tuesday,Jan
01/12/2015,UA,1652,N76502,PBI,EWR,845,840,-5,10,850,162,154,136,1023,1106,8,1127,1114,-13,Monday,Jan
01/30/2015,B6,486,N236JB,JFK,ROC,2242,2242,0,15,2257,77,69,51,264,2348,3,2359,2351,-8,Friday,Jan
01/06/2015,OO,4973,N913SW,DEN,ISN,1400,1404,4,12,1416,111,113,96,576,1652,5,1651,1657,6,Tuesday,Jan
01/13/2015,DL,616,N998DL,MEM,ATL,840,920,40,12,932,84,74,56,332,1128,6,1104,1134,30,Tuesday,Jan
01/07/2015,AS,131,N319AS,PDX,ANC,945,944,-1,10,954,247,226,212,1542,1226,4,1252,1230,-22,Wednesday,Jan
01/03/2015,UA,331,N425UA,TPA,IAH,1902,1950,48,12,2002,142,129,110,787,2052,7,2024,2059,35,Saturday,Jan
01/27/2015,WN,3121,N283WN,MCI,FLL,1345,1342,-3,8,1350,180,155,142,1242,1712,5,1745,1717,-28,Tuesday,Jan
01/26/2015,AA,1463,N3ANAA,ORD,FLL,705,703,-2,11,714,184,180,155,1182,1049,14,1109,1103,-6,Monday,Jan
02/03/2015,AA,72,N852AA,DFW,MCO,600,553,-7,26,619,142,149,119,985,918,4,922,922,0,Tuesday,Feb
01/08/2015,EV,3961,N24128,ORD,TYS,1816,2128,192,18,2146,94,91,64,475,2350,9,2050,2359,189,Thursday,Jan
02/07/2015,WN,2552,N728SW,PHX,DTW,1010,1013,3,19,1032,225,235,207,1671,1559,9,1555,1608,13,Saturday,Feb
02/06/2015,AA,2221,N3HRAA,PBI,DFW,1340,1345,5,13,1358,198,184,167,1102,1545,4,1558,1549,-9,Friday,Feb
02/07/2015,WN,3456,N637SW,OAK,PDX,1335,1356,21,8,1404,100,85,74,543,1518,3,1515,1521,6,Saturday,Feb
01/13/2015,EV,6087,N14991,ORD,ATW,2020,2020,0,18,2038,59,51,29,160,2107,4,2119,2111,-8,Tuesday,Jan
02/05/2015,MQ,3250,N658MQ,CMH,ORD,954,949,-5,12,1001,91,94,53,296,954,29,1025,1023,-2,Thursday,Feb
01/10/2015,DL,2324,N385DN,SLC,ATL,106,101,-5,11,112,211,199,184,1590,616,4,637,620,-17,Saturday,Jan
01/04/2015,MQ,2952,N617MQ,GRB,ORD,550,612,22,40,652,80,88,40,173,732,8,710,740,30,Sunday,Jan
01/28/2015,WN,2711,N960WN,SAN,MCI,1700,1659,-1,10,1709,185,167,154,1334,2143,3,2205,2146,-19,Wednesday,Jan
01/09/2015,OO,4982,N585SW,SAN,LAX,1355,1351,-4,5,1356,50,37,28,109,1424,4,1445,1428,-17,Friday,Jan
02/09/2015,EV,2521,N909EV,TYS,DFW,1640,1658,18,8,1706,149,139,125,772,1811,6,1809,1817,8,Monday,Feb
01/08/2015,DL,1113,N920DE,ORF,ATL,939,932,-7,11,943,117,107,87,516,1110,9,1136,1119,-17,Thursday,Jan
02/05/2015,NK,761,N619NK,ORD,MSP,905,859,-6,24,923,85,94,63,334,1026,7,1030,1033,3,Thursday,Feb
01/11/2015,HA,308,N477HA,HNL,KOA,1902,1901,-1,8,1909,43,37,24,163,1933,5,1945,1938,-7,Sunday,Jan
01/03/2015,EV,4312,N24103,EWR,MEM,1511,1533,22,57,1630,182,227,160,946,1810,10,1713,1820,67,Saturday,Jan
01/16/2015,OO,6205,N779SK,PSP,DEN,1132,1130,-2,17,1147,128,131,106,776,1433,8,1440,1441,1,Friday,Jan
01/25/2015,UA,428,N785UA,IAH,IAD,1150,1145,-5,16,1201,172,158,134,1190,1515,8,1542,1523,-19,Sunday,Jan
02/04/2015,WN,329,N454WN,STL,MDW,1100,1103,3,9,1112,65,93,77,251,1229,7,1205,1236,31,Wednesday,Feb
01/26/2015,EV,2525,N879AS,CRP,DFW,1946,1941,-5,10,1951,79,72,58,354,2049,4,2105,2053,-12,Monday,Jan
01/15/2015,B6,28,N570JB,MCO,EWR,905,858,-7,18,916,150,147,123,937,1119,6,1135,1125,-10,Thursday,Jan
01/10/2015,HA,544,N481HA,HNL,OGG,1700,1659,-1,10,1709,37,37,20,100,1729,7,1737,1736,-1,Saturday,Jan
01/29/2015,AA,1633,N508AA,DFW,MSP,1045,1040,-5,17,1057,143,140,116,852,1253,7,1308,1300,-8,Thursday,Jan
01/02/2015,UA,1229,N68836,DEN,LAS,1115,1133,18,15,1148,118,102,80,628,1208,7,1213,1215,2,Friday,Jan
02/12/2015,AA,1297,N3BKAA,LGA,MIA,600,554,-6,12,606,193,188,156,1096,842,20,913,902,-11,Thursday,Feb
02/11/2015,B6,656,N571JB,MCO,SYR,1615,1606,-9,26,1632,158,173,140,1053,1852,7,1853,1859,6,Wednesday,Feb
01/17/2015,OO,5361,N930SW,ORD,FWA,825,837,12,10,847,64,45,29,157,1016,6,1029,1022,-7,Saturday,Jan
01/25/2015,WN,1108,N7707C,SAN,HOU,1255,1309,14,10,1319,175,179,163,1313,1802,6,1750,1808,18,Sunday,Jan
01/12/2015,WN,355,N291WN,MKE,LAS,1240,1236,-4,9,1245,240,221,208,1524,1413,4,1440,1417,-23,Monday,Jan
01/06/2015,VX,905,N530VA,LAS,SFO,1125,1128,3,16,1144,95,85,63,414,1247,6,1300,1253,-7,Tuesday,Jan
01/19/2015,AA,1466,N565AA,DFW,PIT,1720,1723,3,22,1745,151,153,127,1067,2052,4,2051,2056,5,Monday,Jan
02/07/2015,WN,3508,N8601C,ONT,PHX,705,659,-6,21,720,75,72,46,325,906,5,920,911,-9,Saturday,Feb
01/30/2015,UA,369,N485UA,IAH,EWR,1254,1259,5,25,1324,206,204,172,1400,1716,7,1720,1723,3,Friday,Jan
02/12/2015,UA,210,N451UA,LGA,IAH,845,921,36,30,951,257,239,205,1416,1216,4,1202,1220,18,Thursday,Feb
01/23/2015,MQ,3195,N632MQ,ABI,DFW,1750,1756,6,7,1803,49,45,30,158,1833,8,1839,1841,2,Friday,Jan
01/18/2015,WN,799,N658SW,HOU,ATL,700,710,10,9,719,115,102,89,696,948,4,955,952,-3,Sunday,Jan
01/25/2015,AS,620,N549AS,PDX,LAS,1700,1656,-4,31,1727,125,152,111,763,1918,10,1905,1928,23,Sunday,Jan
02/01/2015,OO,2624,N862AS,ABQ,LAX,600,554,-6,14,608,123,109,89,677,637,6,703,643,-20,Sunday,Feb
01/10/2015,UA,1288,N57863,IAH,DEN,1257,1312,15,9,1321,151,123,108,862,1409,6,1428,1415,-13,Saturday,Jan
01/30/2015,DL,1821,N533US,DTW,PHX,1201,1352,111,29,1421,271,273,239,1671,1620,5,1432,1625,113,Friday,Jan
01/10/2015,AA,55,N3EBAA,ORD,LAS,1845,1945,60,14,1959,236,231,211,1514,2130,6,2041,2136,55,Saturday,Jan
01/20/2015,WN,354,N404WN,TPA,PIT,945,958,13,13,1011,135,135,115,873,1206,7,1200,1213,13,Tuesday,Jan
01/19/2015,B6,161,N547JB,JFK,SMF,1941,1948,7,33,2021,387,380,344,2521,2305,3,2308,2308,0,Monday,Jan
02/01/2015,B6,108,N274JB,JFK,PWM,2250,2348,58,50,38,68,94,41,273,119,3,2358,122,84,Sunday,Feb
01/02/2015,WN,1444,N933WN,BWI,PBI,1320,1331,11,9,1340,150,154,141,883,1601,4,1550,1605,15,Friday,Jan
01/04/2015,US,1846,N814AW,TPA,DCA,1450,1458,8,19,1517,127,128,102,814,1659,7,1657,1706,9,Sunday,Jan
01/08/2015,UA,570,N668UA,IAH,SFO,930,927,-3,19,946,259,245,206,1635,1112,20,1149,1132,-17,Thursday,Jan
01/23/2015,WN,749,N917WN,MDW,BOS,1320,1321,1,11,1332,135,121,103,861,1615,7,1635,1622,-13,Friday,Jan
01/12/2015,OO,4752,N549CA,SLC,EUG,2153,2151,-2,36,2227,126,128,88,618,2255,4,2259,2259,0,Monday,Jan
01/28/2015,WN,39,N7704B,DAL,HOU,1600,1559,-1,8,1607,65,54,42,239,1649,4,1705,1653,-12,Wednesday,Jan
01/04/2015,AS,11,N433AS,EWR,SEA,1720,1834,74,22,1856,385,372,345,2402,2141,5,2045,2146,61,Sunday,Jan
01/18/2015,HA,387,N493HA,KOA,HNL,1920,1920,0,8,1928,43,41,27,163,1955,6,2003,2001,-2,Sunday,Jan
01/11/2015,AA,2490,N3BVAA,MIA,IAH,2120,2117,-3,19,2136,174,167,141,964,2257,7,2314,2304,-10,Sunday,Jan
01/01/2015,AA,1092,N597AA,DFW,PHL,1600,1714,74,14,1728,180,164,143,1303,2051,7,2000,2058,58,Thursday,Jan
02/12/2015,B6,768,N565JB,PSE,MCO,358,358,0,12,410,187,180,160,1179,550,8,605,558,-7,Thursday,Feb
01/27/2015,AS,27,N526AS,PHL,SEA,1740,1726,-14,13,1739,369,350,333,2378,2012,4,2049,2016,-33,Tuesday,Jan
01/25/2015,OO,4468,N440SW,SLC,HLN,1540,1531,-9,19,1550,95,94,71,402,1701,4,1715,1705,-10,Sunday,Jan
01/22/2015,OO,5330,N913SW,EAU,ORD,600,606,6,18,624,79,82,53,268,717,11,719,728,9,Thursday,Jan
01/25/2015,WN,379,N355SW,STL,RSW,915,914,-1,13,927,145,147,128,979,1235,6,1240,1241,1,Sunday,Jan
01/13/2015,UA,1107,N17244,EWR,DEN,1359,1540,101,14,1554,273,252,228,1605,1742,10,1632,1752,80,Tuesday,Jan
01/03/2015,EV,5968,N14991,ORD,GRB,945,951,6,18,1009,57,53,30,173,1039,5,1042,1044,2,Saturday,Jan
01/19/2015,AA,363,N3JKAA,LGA,ORD,1955,2024,29,45,2109,159,172,119,733,2208,8,2134,2216,42,Monday,Jan
01/18/2015,WN,1265,N7702A,PVD,MCO,1910,1902,-8,8,1910,200,171,159,1072,2149,4,2230,2153,-37,Sunday,Jan
01/24/2015,WN,3376,N8326F,DEN,DAL,1055,1056,1,16,1112,115,106,85,651,1337,5,1350,1342,-8,Saturday,Jan
01/26/2015,WN,1451,N7721E,MCI,MKE,1640,1636,-4,7,1643,85,86,74,436,1757,5,1805,1802,-3,Monday,Jan
02/08/2015,WN,411,N779SW,LAS,HOU,1535,1642,67,14,1656,175,174,153,1235,2129,7,2030,2136,66,Sunday,Feb
02/04/2015,US,558,N949UW,PHL,BOS,2245,2237,-8,9,2246,72,65,51,280,2337,5,2357,2342,-15,Wednesday,Feb
01/02/2015,DL,2425,N356NW,SLC,MSY,1730,1737,7,14,1751,194,200,182,1428,2153,4,2144,2157,13,Friday,Jan
01/22/2015,OO,4614,N463SW,GJT,SLC,645,641,-4,26,707,72,78,48,216,755,4,757,759,2,Thursday,Jan
01/02/2015,DL,1569,N956AT,EWR,ATL,630,624,-6,32,656,167,173,124,746,900,17,917,917,0,Friday,Jan
01/25/2015,UA,650,N484UA,PHX,DEN,700,656,-4,10,706,109,104,89,602,835,5,849,840,-9,Sunday,Jan
02/11/2015,WN,3294,N279WN,ALB,MCO,700,652,-8,25,717,200,189,152,1073,949,12,1020,1001,-19,Wednesday,Feb
02/10/2015,OO,2682,N468CA,PHX,GJT,950,942,-8,23,1005,94,89,62,438,1107,4,1124,1111,-13,Tuesday,Feb
01/03/2015,EV,5503,N856AS,ATL,AGS,1056,1052,-4,21,1113,48,51,27,143,1140,3,1144,1143,-1,Saturday,Jan
01/23/2015,B6,1186,N368JB,RDU,JFK,1948,1946,-2,16,2002,91,92,69,427,2111,7,2119,2118,-1,Friday,Jan
02/09/2015,UA,716,N587UA,SFO,JFK,1408,1424,16,37,1501,334,311,265,2586,2226,9,2242,2235,-7,Monday,Feb
01/28/2015,AA,1473,N548AA,ATL,DFW,1343,1344,1,16,1400,152,138,116,731,1456,6,1515,1502,-13,Wednesday,Jan
02/03/2015,B6,822,N634JB,PBI,BOS,1905,2120,135,12,2132,175,179,164,1197,16,3,2200,19,139,Tuesday,Feb
01/01/2015,MQ,3652,N922MQ,DFW,TXK,2155,2240,45,16,2256,48,57,36,181,2332,5,2243,2337,54,Thursday,Jan
02/10/2015,US,495,N165US,PHX,LAX,1115,1126,11,17,1143,93,81,57,370,1140,7,1148,1147,-1,Tuesday,Feb
01/14/2015,WN,1106,N7735A,STL,SFO,1010,1006,-4,7,1013,270,235,218,1735,1151,10,1240,1201,-39,Wednesday,Jan
02/01/2015,DL,425,N3762Y,JFK,SJU,1200,1159,-1,21,1220,227,219,185,1598,1625,13,1647,1638,-9,Sunday,Feb
02/12/2015,OO,5640,N479CA,SBA,SFO,1216,1323,67,16,1339,71,62,42,262,1421,4,1327,1425,58,Thursday,Feb
01/31/2015,OO,5180,N706SK,HDN,LAX,1623,1617,-6,12,1629,137,120,102,763,1711,6,1740,1717,-23,Saturday,Jan
01/11/2015,UA,720,N853UA,DEN,EWR,800,758,-2,9,807,221,205,189,1605,1316,7,1341,1323,-18,Sunday,Jan
02/12/2015,F9,657,N905FR,DEN,SFO,800,754,-6,10,804,159,141,122,967,906,9,939,915,-24,Thursday,Feb
01/31/2015,WN,4303,N493WN,TPA,RDU,900,855,-5,16,911,100,102,83,587,1034,3,1040,1037,-3,Saturday,Jan
01/13/2015,DL,1843,N3750D,SLC,BOS,1720,1720,0,24,1744,266,287,255,2105,2359,8,2346,7,21,Tuesday,Jan
01/29/2015,AS,860,N536AS,HNL,SEA,830,824,-6,26,850,345,316,286,2677,1536,4,1615,1540,-35,Thursday,Jan
02/06/2015,UA,473,N808UA,BWI,ORD,1807,1800,-7,15,1815,136,117,98,622,1853,4,1923,1857,-26,Friday,Feb
01/21/2015,B6,1472,N597JB,FLL,LGA,2015,2012,-3,16,2028,165,158,139,1076,2247,3,2300,2250,-10,Wednesday,Jan
01/09/2015,OO,5219,N679SA,ORD,MEM,1603,1648,45,19,1707,114,112,83,491,1830,10,1757,1840,43,Friday,Jan
01/13/2015,US,683,N838AW,SJC,PHX,1235,1226,-9,19,1245,107,115,86,621,1511,10,1522,1521,-1,Tuesday,Jan
02/11/2015,UA,453,N423UA,DEN,BOI,1901,1931,30,13,1944,128,108,92,649,2116,3,2109,2119,10,Wednesday,Feb
02/11/2015,DL,2439,N930DL,ATL,DAB,1540,1541,1,14,1555,79,68,52,366,1647,2,1659,1649,-10,Wednesday,Feb
01/28/2015,DL,1277,N942DL,MSY,ATL,1745,1742,-3,14,1756,92,86,65,425,2001,7,2017,2008,-9,Wednesday,Jan
01/28/2015,AA,2265,N3DCAA,DFW,SFO,1600,1554,-6,18,1612,234,238,217,1464,1749,3,1754,1752,-2,Wednesday,Jan
01/17/2015,F9,685,N935FR,MCO,DEN,2130,2217,47,10,2227,251,248,231,1546,18,7,2341,25,44,Saturday,Jan
02/03/2015,MQ,2997,N518MQ,ORD,BNA,1905,1956,51,46,2042,87,106,56,409,2138,4,2032,2142,70,Tuesday,Feb
01/27/2015,WN,2605,N424WN,SFO,SNA,1335,1331,-4,8,1339,85,79,66,372,1445,5,1500,1450,-10,Tuesday,Jan
02/08/2015,WN,2049,N8648A,BUF,LAS,705,703,-2,14,717,320,298,280,1986,857,4,925,901,-24,Sunday,Feb
02/06/2015,OO,4582,N629BR,FSD,MSP,1110,1100,-10,21,1121,67,64,36,196,1157,7,1217,1204,-13,Friday,Feb
02/12/2015,DL,1828,N937AT,ATL,SAV,835,832,-3,14,846,62,59,41,214,927,4,937,931,-6,Thursday,Feb
01/14/2015,AA,1053,N474AA,DFW,RNO,1750,1748,-2,12,1800,217,195,179,1345,1859,4,1927,1903,-24,Wednesday,Jan
01/04/2015,WN,3049,N794SW,BUR,LAS,2105,2131,26,5,2136,60,53,41,223,2217,7,2205,2224,19,Sunday,Jan
02/04/2015,UA,1237,N14731,DFW,ORD,1000,959,-1,15,1014,135,147,112,802,1206,20,1215,1226,11,Wednesday,Feb
01/02/2015,VX,748,N626VA,SFO,SEA,2045,2046,1,9,2055,125,151,131,679,2306,11,2250,2317,27,Friday,Jan
01/22/2015,EV,2518,N907EV,DFW,BTR,1915,1924,9,24,1948,76,93,66,383,2054,3,2031,2057,26,Thursday,Jan
01/27/2015,MQ,3183,N609MQ,DFW,MSN,1440,1434,-6,13,1447,131,139,122,821,1649,4,1651,1653,2,Tuesday,Jan
02/08/2015,DL,1345,N6702,ATL,DTW,2047,2051,4,30,2121,118,116,78,594,2239,8,2245,2247,2,Sunday,Feb
01/03/2015,WN,527,N716SW,BWI,MSY,1650,1741,51,7,1748,180,179,168,998,1936,4,1850,1940,50,Saturday,Jan
01/05/2015,DL,1759,N822DN,IND,ATL,805,803,-2,10,813,109,80,65,432,918,5,954,923,-31,Monday,Jan
01/24/2015,US,2042,N197UW,CLT,JFK,734,728,-6,12,740,105,127,77,541,857,38,919,935,16,Saturday,Jan
01/22/2015,AA,1300,N3KUAA,SNA,DFW,645,645,0,30,715,183,185,148,1205,1143,7,1148,1150,2,Thursday,Jan
01/02/2015,HA,248,N481HA,HNL,KOA,1746,1826,40,10,1836,43,43,29,163,1905,4,1829,1909,40,Friday,Jan
01/31/2015,B6,1070,N809JB,FLL,BOS,1725,1721,-4,10,1731,184,188,172,1237,2023,6,2029,2029,0,Saturday,Jan
02/07/2015,US,413,N173US,ATL,PHX,1140,1134,-6,10,1144,255,236,221,1587,1325,5,1355,1330,-25,Saturday,Feb
01/30/2015,NK,245,N516NK,ORD,LAS,1540,1541,1,9,1550,238,243,228,1514,1738,6,1738,1744,6,Friday,Jan
01/31/2015,EV,5932,N12540,ORD,CAK,1647,1635,-12,17,1652,81,75,52,343,1844,6,1908,1850,-18,Saturday,Jan
01/14/2015,OO,6351,N472CA,DEN,RDM,1846,1956,70,58,2054,155,183,121,898,2155,4,2021,2159,98,Wednesday,Jan
01/20/2015,AA,1137,N022AA,MIA,IAD,1410,1403,-7,19,1422,149,147,121,921,1623,7,1639,1630,-9,Tuesday,Jan
01/24/2015,DL,839,N934DN,DCA,ATL,600,600,0,12,612,116,112,95,547,747,5,756,752,-4,Saturday,Jan
02/09/2015,OO,5609,N580SW,MRY,SFO,1722,1717,-5,13,1730,43,38,22,77,1752,3,1805,1755,-10,Monday,Feb
01/27/2015,WN,4107,N608SW,ATL,STL,1345,1340,-5,12,1352,105,103,88,484,1420,3,1430,1423,-7,Tuesday,Jan
02/03/2015,DL,1438,N944DN,ATL,DCA,2145,2141,-4,11,2152,99,90,75,547,2307,4,2324,2311,-13,Tuesday,Feb
02/10/2015,EV,5469,N974EV,HPN,DTW,600,559,-1,46,645,122,136,80,505,805,10,802,815,13,Tuesday,Feb
01/26/2015,HA,148,N480HA,HNL,KOA,1320,1314,-6,18,1332,44,52,29,163,1401,5,1404,1406,2,Monday,Jan
01/17/2015,US,419,N677AW,PHL,LAS,2030,2027,-3,14,2041,332,307,288,2176,2229,5,2302,2234,-28,Saturday,Jan
01/22/2015,AS,693,N512AS,GEG,SEA,1405,1402,-3,19,1421,60,71,44,224,1505,8,1505,1513,8,Thursday,Jan
01/09/2015,AA,1182,N3FSAA,MIA,ORD,1820,1935,75,8,1943,203,179,163,1197,2126,8,2043,2134,51,Friday,Jan
01/09/2015,DL,1856,N968DL,ATL,MLB,908,925,17,13,938,88,82,63,442,1041,6,1036,1047,11,Friday,Jan
01/28/2015,DL,1861,N918DE,ATL,LIT,1420,1416,-4,7,1423,103,83,71,453,1434,5,1503,1439,-24,Wednesday,Jan
01/22/2015,UA,1038,N27239,SFO,DEN,1742,1740,-2,14,1754,149,147,125,967,2059,8,2111,2107,-4,Thursday,Jan
01/26/2015,UA,1205,N33292,KOA,LAX,1517,1508,-9,9,1517,324,315,300,2504,2217,6,2241,2223,-18,Monday,Jan
01/15/2015,DL,1073,N918DH,MSP,PDX,1150,1200,10,7,1207,236,220,209,1426,1336,4,1346,1340,-6,Thursday,Jan
01/20/2015,B6,205,N520JB,EWR,FLL,1335,1331,-4,16,1347,184,184,161,1065,1628,7,1639,1635,-4,Tuesday,Jan
01/17/2015,EV,4215,N14558,ORD,ORF,905,914,9,17,931,123,127,107,717,1218,3,1208,1221,13,Saturday,Jan
02/04/2015,WN,745,N790SW,MDW,MCI,1705,1715,10,12,1727,90,91,71,405,1838,8,1835,1846,11,Wednesday,Feb
02/08/2015,EV,5317,N931EV,LEX,ATL,1402,1359,-3,23,1422,88,89,60,304,1522,6,1530,1528,-2,Sunday,Feb
01/05/2015,US,562,N839AW,PHX,BOS,1605,1600,-5,13,1613,281,277,251,2300,2224,13,2246,2237,-9,Monday,Jan
01/23/2015,B6,698,N643JB,MCO,LGA,1922,1931,9,25,1956,151,165,129,950,2205,11,2153,2216,23,Friday,Jan
01/07/2015,DL,2451,N315NB,MSP,MEM,1345,1341,-4,7,1348,123,95,85,700,1513,3,1548,1516,-32,Wednesday,Jan
02/02/2015,AA,2427,N496AA,DFW,ONT,2210,2256,46,11,2307,191,178,160,1188,2347,7,2321,2354,33,Monday,Feb
01/23/2015,DL,2465,N939DL,BDL,ATL,1528,1525,-3,17,1542,166,175,147,859,1809,11,1814,1820,6,Friday,Jan
01/29/2015,WN,3206,N7701B,PHX,SMF,1940,1941,1,8,1949,120,110,96,647,2025,6,2040,2031,-9,Thursday,Jan
01/15/2015,AA,1573,N4YRAA,TPA,DFW,600,555,-5,12,607,173,192,170,929,757,10,753,807,14,Thursday,Jan
01/02/2015,UA,1682,N37263,EWR,FLL,2110,2110,0,10,2120,189,176,157,1065,2357,9,19,6,-13,Friday,Jan
02/01/2015,DL,925,N686DA,ATL,STT,1210,1214,4,12,1226,213,191,175,1599,1621,4,1643,1625,-18,Sunday,Feb
01/13/2015,WN,2343,N364SW,CMH,FLL,600,554,-6,11,605,185,157,141,973,826,5,905,831,-34,Tuesday,Jan
01/29/2015,MQ,3621,N647MQ,DFW,MAF,1820,1816,-4,16,1832,71,79,57,309,1929,6,1931,1935,4,Thursday,Jan
02/09/2015,US,1910,N188US,CLT,LGA,1000,1115,75,20,1135,114,102,74,544,1249,8,1154,1257,63,Monday,Feb
01/15/2015,US,782,N150UW,PHL,LAX,1800,1805,5,14,1819,374,329,305,2402,2024,10,2114,2034,-40,Thursday,Jan
01/05/2015,US,1782,N556UW,SEA,CLT,1320,1334,14,14,1348,293,263,239,2279,2047,10,2113,2057,-16,Monday,Jan
01/09/2015,AA,2357,N3EKAA,DFW,SAN,900,858,-2,22,920,189,173,148,1171,948,3,1009,951,-18,Friday,Jan
02/10/2015,MQ,3075,N606MQ,GRB,ORD,1158,1154,-4,5,1159,73,67,45,173,1244,17,1311,1301,-10,Tuesday,Feb
01/07/2015,MQ,3449,N667MQ,DFW,DRO,1000,955,-5,14,1009,126,113,94,674,1043,5,1106,1048,-18,Wednesday,Jan
01/30/2015,WN,1058,N934WN,DEN,MDW,600,554,-6,9,603,145,129,113,895,856,7,925,903,-22,Friday,Jan
01/04/2015,DL,1803,N920DN,RDU,ATL,1330,1327,-3,28,1355,91,96,66,356,1501,2,1501,1503,2,Sunday,Jan
01/05/2015,EV,5613,N761ND,ATL,PVD,1506,1459,-7,20,1519,136,128,98,903,1657,10,1722,1707,-15,Monday,Jan
01/12/2015,UA,248,N487UA,IAH,SNA,2055,2115,20,21,2136,215,204,178,1346,2234,5,2230,2239,9,Monday,Jan
01/28/2015,AA,1525,N3CCAA,MIA,RDU,1525,1525,0,8,1533,130,123,111,700,1724,4,1735,1728,-7,Wednesday,Jan
01/26/2015,AA,1466,N558AA,DFW,PIT,1720,1727,7,20,1747,151,166,140,1067,2107,6,2051,2113,22,Monday,Jan
02/03/2015,WN,1621,N234WN,SDF,TPA,1320,1402,42,8,1410,125,117,104,727,1554,5,1525,1559,34,Tuesday,Feb
02/04/2015,WN,3839,N650SW,PVD,BWI,2155,6,131,7,13,85,68,58,327,111,3,2320,114,114,Wednesday,Feb
01/11/2015,WN,1821,N8641B,LAS,MDW,1420,1438,18,15,1453,215,213,188,1521,2001,10,1955,2011,16,Sunday,Jan
01/17/2015,US,545,N673AW,SNA,PHX,1930,1922,-8,10,1932,75,73,52,338,2124,11,2145,2135,-10,Saturday,Jan
02/09/2015,UA,1273,N77525,DEN,SAT,955,958,3,19,1017,127,117,95,794,1252,3,1302,1255,-7,Monday,Feb
01/10/2015,EV,6166,N11547,ORD,MLI,1450,1501,11,20,1521,56,53,28,139,1549,5,1546,1554,8,Saturday,Jan
01/15/2015,AA,1309,N4YRAA,TUS,DFW,1157,1159,2,11,1210,128,119,99,813,1449,9,1505,1458,-7,Thursday,Jan
02/03/2015,EV,5968,N31131,ELP,DEN,1231,1221,-10,12,1233,115,118,99,563,1412,7,1426,1419,-7,Tuesday,Feb
02/07/2015,UA,706,N498UA,SEA,SFO,545,706,81,22,728,137,132,107,679,915,3,802,918,76,Saturday,Feb
01/21/2015,UA,1118,N53441,SFO,PDX,2245,2242,-3,20,2302,112,98,74,550,16,4,37,20,-17,Wednesday,Jan
02/05/2015,B6,49,N274JB,BOS,SAV,838,832,-6,40,912,166,212,168,901,1200,4,1124,1204,40,Thursday,Feb
01/24/2015,MQ,3407,N512MQ,CMH,LGA,1115,1140,25,17,1157,96,93,66,479,1303,10,1251,1313,22,Saturday,Jan
01/08/2015,B6,599,N324JB,BDL,DCA,1720,1713,-7,11,1724,92,91,77,313,1841,3,1852,1844,-8,Thursday,Jan
01/20/2015,EV,4554,N15574,IAH,TYS,1925,1919,-6,30,1949,122,141,108,771,2237,3,2227,2240,13,Tuesday,Jan
01/02/2015,EV,4484,N13988,ORD,IAD,2105,2144,39,14,2158,108,101,74,589,12,13,2353,25,32,Friday,Jan
01/15/2015,MQ,3360,N827MQ,DBQ,ORD,625,620,-5,8,628,63,63,31,147,659,24,728,723,-5,Thursday,Jan
01/16/2015,DL,2400,N587NW,MCO,ATL,1730,1731,1,27,1758,102,98,63,404,1901,8,1912,1909,-3,Friday,Jan
01/15/2015,DL,791,N965DN,ATL,STL,1959,2005,6,14,2019,105,91,73,484,2032,4,2044,2036,-8,Thursday,Jan
01/02/2015,VX,420,N627VA,LAX,JFK,2305,2304,-1,21,2325,315,323,291,2475,716,11,720,727,7,Friday,Jan
02/05/2015,B6,341,N197JB,STX,SJU,1648,1726,38,14,1740,42,41,24,94,1804,3,1730,1807,37,Thursday,Feb
01/11/2015,EV,4603,N16976,EWR,ROC,1710,1701,-9,16,1717,78,71,47,246,1804,8,1828,1812,-16,Sunday,Jan
01/23/2015,US,543,N117UW,PHL,DFW,930,941,11,43,1024,231,254,202,1303,1246,9,1221,1255,34,Friday,Jan
01/29/2015,B6,1526,N249JB,BWI,BOS,1752,1744,-8,31,1815,82,107,71,369,1926,5,1914,1931,17,Thursday,Jan
01/03/2015,AA,1144,N3ARAA,DFW,LGA,1335,1333,-2,12,1345,195,190,173,1389,1738,5,1750,1743,-7,Saturday,Jan
01/04/2015,AS,730,N419AS,SEA,IAH,1030,1031,1,34,1105,252,256,216,1874,1641,6,1642,1647,5,Sunday,Jan
01/21/2015,MQ,3399,N643MQ,FSM,DFW,1850,1840,-10,9,1849,69,76,48,227,1937,19,1959,1956,-3,Wednesday,Jan
01/23/2015,AA,1377,N478AA,ABQ,DFW,1215,1203,-12,9,1212,99,102,83,569,1435,10,1454,1445,-9,Friday,Jan
01/21/2015,AA,392,N3JJAA,ORD,LGA,730,730,0,25,755,120,126,94,733,1029,7,1030,1036,6,Wednesday,Jan
01/18/2015,DL,1443,N933DL,IAH,ATL,1120,1115,-5,8,1123,118,107,91,689,1354,8,1418,1402,-16,Sunday,Jan
01/25/2015,UA,437,N496UA,SFO,LAS,1250,1242,-8,18,1300,99,106,78,414,1418,10,1429,1428,-1,Sunday,Jan
01/01/2015,WN,371,N7813P,BWI,ROC,1010,1005,-5,7,1012,75,59,50,277,1102,2,1125,1104,-21,Thursday,Jan
02/06/2015,DL,1897,N345NW,ATL,BWI,1905,1907,2,15,1922,108,105,82,577,2044,8,2053,2052,-1,Friday,Feb
01/05/2015,MQ,3586,N806MQ,CMH,LGA,815,1007,112,44,1051,105,127,74,479,1205,9,1000,1214,134,Monday,Jan
01/21/2015,HA,308,N485HA,HNL,KOA,1902,1853,-9,8,1901,43,44,31,163,1932,5,1945,1937,-8,Wednesday,Jan
01/31/2015,DL,2294,N533US,DTW,FLL,725,722,-3,11,733,196,152,135,1127,948,6,1041,954,-47,Saturday,Jan
01/28/2015,AA,1073,N3HRAA,MIA,PHL,1635,1634,-1,9,1643,166,169,156,1013,1919,4,1921,1923,2,Wednesday,Jan
01/30/2015,B6,365,N586JB,SMF,LGB,856,846,-10,14,900,78,76,58,387,958,4,1014,1002,-12,Friday,Jan
01/26/2015,AA,2333,N3CBAA,TPA,DFW,1057,1103,6,15,1118,168,176,154,929,1252,7,1245,1259,14,Monday,Jan
01/28/2015,EV,2563,N901EV,CRP,DFW,915,1158,163,37,1235,79,105,62,354,1337,6,1034,1343,189,Wednesday,Jan
02/03/2015,B6,1294,N317JB,MCO,HPN,2030,2202,92,12,2214,151,142,124,972,18,6,2301,24,83,Tuesday,Feb
01/24/2015,EV,5142,N614QX,SAT,MSP,730,726,-4,11,737,169,166,148,1097,1005,7,1019,1012,-7,Saturday,Jan
01/12/2015,AA,117,N788AA,JFK,LAX,1445,1541,56,27,1608,399,367,334,2475,1842,6,1824,1848,24,Monday,Jan
01/30/2015,DL,1894,N368NW,SFO,CVG,2200,2152,-8,14,2206,263,248,229,2036,455,5,523,500,-23,Friday,Jan
01/08/2015,AA,2207,N3GYAA,MIA,LAS,1405,1358,-7,14,1412,341,302,280,2174,1552,8,1646,1600,-46,Thursday,Jan
02/10/2015,UA,1760,N24202,TPA,CLE,1125,1119,-6,13,1132,151,149,131,927,1343,5,1356,1348,-8,Tuesday,Feb
01/08/2015,B6,1553,N537JB,FLL,SJU,1644,1653,9,12,1705,149,144,128,1046,2013,4,2013,2017,4,Thursday,Jan
01/04/2015,WN,4703,N7707C,SMF,SAN,1225,1224,-1,9,1233,85,77,64,480,1337,4,1350,1341,-9,Sunday,Jan
02/10/2015,UA,1653,N38454,IAD,SAN,826,826,0,25,851,350,336,308,2253,1059,3,1116,1102,-14,Tuesday,Feb
02/07/2015,MQ,3054,N663MQ,CVG,JFK,1250,1245,-5,8,1253,121,103,91,589,1424,4,1451,1428,-23,Saturday,Feb
01/10/2015,WN,2743,N7720F,MDW,SAT,1025,1024,-1,8,1032,175,164,151,1036,1303,5,1320,1308,-12,Saturday,Jan
01/14/2015,EV,2542,N877AS,DFW,CRW,1255,1657,242,21,1718,129,145,120,946,2018,4,1604,2022,258,Wednesday,Jan
01/07/2015,WN,505,N784SW,PIT,HOU,1645,1722,37,7,1729,205,184,169,1131,1918,8,1910,1926,16,Wednesday,Jan
01/08/2015,UA,1230,N69835,IAH,MCO,1022,1023,1,12,1035,136,125,109,854,1324,4,1338,1328,-10,Thursday,Jan
02/11/2015,WN,2672,N949WN,DCA,IND,1730,1720,-10,22,1742,105,114,86,500,1908,6,1915,1914,-1,Wednesday,Feb
02/12/2015,WN,1031,N625SW,MCO,DAL,1240,1248,8,11,1259,180,170,155,973,1434,4,1440,1438,-2,Thursday,Feb
02/08/2015,WN,1600,N7723E,ELP,PHX,1005,1000,-5,11,1011,80,74,58,347,1109,5,1125,1114,-11,Sunday,Feb
01/19/2015,WN,818,N218WN,LAX,SMF,645,640,-5,4,644,90,78,69,373,753,5,815,758,-17,Monday,Jan
02/07/2015,AA,1462,N469AA,ONT,DFW,600,552,-8,18,610,179,174,143,1188,1033,13,1059,1046,-13,Saturday,Feb
02/04/2015,DL,871,N968DL,JAN,ATL,715,731,16,17,748,91,77,50,341,938,10,946,948,2,Wednesday,Feb
02/11/2015,EV,2552,N877AS,DFW,BPT,2120,2115,-5,13,2128,66,58,42,270,2210,3,2226,2213,-13,Wednesday,Feb
01/21/2015,EV,5149,N936EV,ATL,XNA,1643,1641,-2,12,1653,120,115,98,589,1731,5,1743,1736,-7,Wednesday,Jan
01/25/2015,DL,1163,N959AT,ATL,JAN,1049,1043,-6,9,1052,86,70,57,341,1049,4,1115,1053,-22,Sunday,Jan
01/22/2015,WN,484,N265WN,SLC,PHX,2205,2206,1,16,2222,95,91,72,507,2334,3,2340,2337,-3,Thursday,Jan
01/16/2015,DL,2092,N555NW,ATL,PBI,1100,1059,-1,26,1125,112,109,80,545,1245,3,1252,1248,-4,Friday,Jan
01/21/2015,UA,1038,N12225,DEN,EWR,1730,1803,33,18,1821,218,203,178,1605,2319,7,2308,2326,18,Wednesday,Jan
01/11/2015,DL,1642,N999DN,CAK,ATL,1740,1736,-4,10,1746,119,110,91,528,1917,9,1939,1926,-13,Sunday,Jan
01/30/2015,DL,2206,N957DN,ATL,ORF,1414,1411,-3,18,1429,93,90,69,516,1538,3,1547,1541,-6,Friday,Jan
01/07/2015,OO,6240,N105SY,TUS,SFO,830,831,1,15,846,148,127,104,751,930,8,958,938,-20,Wednesday,Jan
01/27/2015,AA,2494,N3CEAA,MIA,SJU,1105,1125,20,13,1138,161,142,124,1045,1442,5,1446,1447,1,Tuesday,Jan
01/06/2015,DL,1977,N983DL,ORD,ATL,1800,1832,32,18,1850,122,102,78,606,2108,6,2102,2114,12,Tuesday,Jan
02/01/2015,WN,1929,N481WN,ATL,BWI,1255,1255,0,8,1303,105,88,75,577,1418,5,1440,1423,-17,Sunday,Feb
02/02/2015,WN,687,N771SA,HOU,BNA,1950,2000,10,16,2016,100,101,81,670,2137,4,2130,2141,11,Monday,Feb
01/25/2015,EV,5087,N860AS,MLU,ATL,1133,1127,-6,10,1137,87,77,60,448,1337,7,1400,1344,-16,Sunday,Jan
01/25/2015,DL,2476,N825DN,ATL,MSY,1935,1934,-1,25,1959,101,105,76,425,2015,4,2016,2019,3,Sunday,Jan
01/18/2015,WN,676,N251WN,PDX,SMF,1855,1854,-1,9,1903,85,82,69,479,2012,4,2020,2016,-4,Sunday,Jan
01/20/2015,WN,1172,N669SW,BWI,BDL,1845,1859,14,10,1909,65,67,51,283,2000,6,1950,2006,16,Tuesday,Jan
01/07/2015,US,1772,N912UY,LAS,CLT,59,56,-3,16,112,243,232,210,1916,742,6,802,748,-14,Wednesday,Jan
02/05/2015,WN,882,N745SW,LAS,DEN,750,802,12,15,817,110,107,84,628,1041,8,1040,1049,9,Thursday,Feb
01/07/2015,EV,6035,N23139,DEN,DRO,1419,1629,130,11,1640,67,59,45,251,1725,3,1526,1728,122,Wednesday,Jan
01/16/2015,WN,4552,N616SW,BNA,MDW,1955,1948,-7,9,1957,95,94,63,395,2100,22,2130,2122,-8,Friday,Jan
01/18/2015,OO,5613,N980SW,SAN,SFO,615,608,-7,22,630,102,100,70,447,740,8,757,748,-9,Sunday,Jan
01/04/2015,UA,1298,N69838,DFW,DEN,2012,2348,216,10,2358,132,115,90,641,28,15,2124,43,199,Sunday,Jan
01/02/2015,WN,1155,N7726A,MDW,DEN,745,743,-2,16,759,165,171,145,895,924,10,930,934,4,Friday,Jan
02/08/2015,WN,50,N521SW,HOU,DAL,1830,1825,-5,10,1835,60,57,43,239,1918,4,1930,1922,-8,Sunday,Feb
01/24/2015,VX,936,N361VA,SFO,LAX,1620,1616,-4,9,1625,80,72,54,337,1719,9,1740,1728,-12,Saturday,Jan
01/08/2015,B6,1446,N354JB,CLT,BOS,1832,1824,-8,9,1833,122,112,97,728,2010,6,2034,2016,-18,Thursday,Jan
01/15/2015,US,1923,N803AW,MEM,CLT,735,729,-6,9,738,99,89,72,511,950,8,1014,958,-16,Thursday,Jan
01/30/2015,AA,1255,N4XFAA,DFW,SJC,1020,1021,1,15,1036,229,212,194,1438,1150,3,1209,1153,-16,Friday,Jan
01/31/2015,EV,4730,N12195,ORD,DAY,1310,1310,0,19,1329,77,70,42,240,1511,9,1527,1520,-7,Saturday,Jan
01/30/2015,DL,2232,N917DE,CMH,ATL,1820,1821,1,16,1837,105,87,62,447,1939,9,2005,1948,-17,Friday,Jan
01/03/2015,B6,760,N228JB,PHL,BOS,2035,2243,128,13,2256,78,72,49,280,2345,10,2153,2355,122,Saturday,Jan
01/28/2015,AA,1331,N4XVAA,ORD,STL,2020,2100,40,17,2117,68,68,48,258,2205,3,2128,2208,40,Wednesday,Jan
01/01/2015,AA,70,N5BTAA,SAN,DFW,705,659,-6,22,721,180,171,137,1171,1138,12,1205,1150,-15,Thursday,Jan
02/05/2015,OO,2615,N866AS,LAX,TUS,1950,2124,94,19,2143,80,88,64,451,2347,5,2210,2352,102,Thursday,Feb
01/09/2015,MQ,3095,N622MQ,DFW,ROW,1725,1807,42,9,1816,90,75,62,435,1818,4,1755,1822,27,Friday,Jan
02/02/2015,AA,1170,N3AMAA,DFW,LGA,1850,1952,62,15,2007,186,199,161,1389,2348,23,2256,11,75,Monday,Feb
01/09/2015,OO,5375,N585SW,LAX,SBP,2257,2247,-10,13,2300,60,48,32,156,2332,3,2357,2335,-22,Friday,Jan
02/11/2015,MQ,3653,N611MQ,GSO,DFW,727,722,-5,23,745,203,196,168,999,933,5,950,938,-12,Wednesday,Feb
01/25/2015,MQ,2967,N690MQ,SAV,DFW,1205,1201,-4,11,1212,185,198,172,925,1404,15,1410,1419,9,Sunday,Jan
01/08/2015,DL,2266,N923DN,ATL,DEN,1815,1848,33,9,1857,214,194,175,1199,1952,10,1949,2002,13,Thursday,Jan
01/27/2015,US,536,N817AW,GEG,PHX,845,834,-11,24,858,159,170,142,1020,1220,4,1224,1224,0,Tuesday,Jan
01/20/2015,EV,2526,N902EV,DFW,LAW,2145,2138,-7,13,2151,45,42,27,140,2218,2,2230,2220,-10,Tuesday,Jan
01/06/2015,MQ,3141,N655MQ,FWA,ORD,602,1027,265,9,1036,68,57,34,157,1010,14,610,1024,254,Tuesday,Jan
02/09/2015,US,821,N112US,DTW,CLT,815,810,-5,38,848,119,133,75,500,1003,20,1014,1023,9,Monday,Feb
02/01/2015,NK,511,N510NK,DTW,LAS,1117,1120,3,54,1214,269,293,233,1749,1307,6,1246,1313,27,Sunday,Feb
02/11/2015,WN,260,N774SW,TPA,STL,1635,1630,-5,13,1643,150,139,122,869,1745,4,1805,1749,-16,Wednesday,Feb
01/23/2015,WN,529,N8643A,DCA,RSW,1105,1102,-3,11,1113,170,154,137,892,1330,6,1355,1336,-19,Friday,Jan
01/17/2015,MQ,3500,N523MQ,SYR,ORD,1123,1121,-2,9,1130,136,118,99,607,1209,10,1239,1219,-20,Saturday,Jan
01/13/2015,B6,108,N203JB,JFK,PWM,2250,2246,-4,14,2300,68,64,48,273,2348,2,2358,2350,-8,Tuesday,Jan
02/09/2015,WN,23,N438WN,HOU,EWR,1340,1353,13,12,1405,195,216,193,1411,1818,11,1755,1829,34,Monday,Feb
01/31/2015,WN,3127,N7706A,AUS,PHX,1730,1731,1,8,1739,155,141,129,872,1848,4,1905,1852,-13,Saturday,Jan
01/24/2015,UA,741,N453UA,ORD,SFO,949,948,-1,14,1002,287,258,238,1846,1200,6,1236,1206,-30,Saturday,Jan
01/01/2015,AS,671,N461AS,AUS,SEA,1835,1834,-1,24,1858,270,255,227,1770,2045,4,2105,2049,-16,Thursday,Jan
01/28/2015,EV,6023,N13118,ORD,OMA,945,941,-4,12,953,95,79,64,416,1057,3,1120,1100,-20,Wednesday,Jan
02/02/2015,AS,679,N402AS,DEN,SEA,800,755,-5,18,813,185,191,164,1024,957,9,1005,1006,1,Monday,Feb
02/05/2015,WN,346,N227WN,BDL,ATL,545,539,-6,22,601,175,172,141,859,822,9,840,831,-9,Thursday,Feb
02/05/2015,US,558,N947UW,RDU,PHL,2030,2023,-7,9,2032,80,70,57,337,2129,4,2150,2133,-17,Thursday,Feb
02/02/2015,AA,1661,N631AA,MIA,DFW,1055,1051,-4,13,1104,202,192,173,1121,1257,6,1317,1303,-14,Monday,Feb
02/06/2015,US,1763,N722US,BNA,CLT,745,738,-7,31,809,82,96,49,328,958,16,1007,1014,7,Friday,Feb
01/03/2015,US,2061,N817AW,CLT,IAH,740,734,-6,29,803,167,235,197,912,1020,9,927,1029,62,Saturday,Jan
02/12/2015,HA,341,N477HA,ITO,HNL,927,927,0,10,937,51,54,38,216,1015,6,1018,1021,3,Thursday,Feb
01/14/2015,NK,212,N510NK,STT,FLL,1715,1731,16,13,1744,184,174,156,1107,1920,5,1919,1925,6,Wednesday,Jan
01/19/2015,WN,334,N913WN,OAK,DEN,1900,1859,-1,7,1906,140,124,111,957,2157,6,2220,2203,-17,Monday,Jan
02/12/2015,US,683,N669AW,SJC,PHX,1235,1225,-10,13,1238,107,108,91,621,1509,4,1522,1513,-9,Thursday,Feb
01/15/2015,UA,776,N522UA,ORD,MCO,1109,1104,-5,18,1122,163,152,128,1005,1430,6,1452,1436,-16,Thursday,Jan
01/15/2015,DL,1375,N922DL,ATL,GSP,1238,1233,-5,28,1301,58,68,35,153,1336,5,1336,1341,5,Thursday,Jan
01/04/2015,DL,1283,N3740C,DEN,SLC,1920,1914,-6,15,1929,95,83,61,391,2030,7,2055,2037,-18,Sunday,Jan
01/13/2015,EV,5477,N612QX,DTW,ELM,1000,958,-2,12,1010,71,60,45,332,1055,3,1111,1058,-13,Tuesday,Jan
01/19/2015,WN,486,N716SW,DEN,SJC,700,656,-4,10,706,165,161,147,948,833,4,845,837,-8,Monday,Jan
01/12/2015,F9,1068,N220FR,DEN,ORD,920,948,28,23,1011,140,147,119,888,1310,5,1240,1315,35,Monday,Jan
02/03/2015,WN,775,N8303R,PHX,TPA,1005,1006,1,22,1028,235,225,199,1788,1547,4,1600,1551,-9,Tuesday,Feb
02/03/2015,EV,4137,N18114,IAH,TUL,1620,1650,30,13,1703,90,78,62,429,1805,3,1750,1808,18,Tuesday,Feb
01/14/2015,OO,2629,N466SW,ELP,LAX,1208,1159,-9,9,1208,132,124,108,715,1256,7,1320,1303,-17,Wednesday,Jan
01/04/2015,AA,1360,N3HVAA,LAX,BNA,2325,2320,-5,16,2336,225,224,204,1797,500,4,510,504,-6,Sunday,Jan
01/12/2015,WN,4631,N7746C,ATL,LGA,1900,2006,66,21,2027,125,125,93,762,2200,11,2105,2211,66,Monday,Jan
02/09/2015,WN,2295,N733SA,DEN,BWI,1925,1925,0,11,1936,195,181,166,1491,22,4,40,26,-14,Monday,Feb
01/14/2015,OO,4548,N913EV,GRR,DTW,1734,1725,-9,13,1738,64,46,26,120,1804,7,1838,1811,-27,Wednesday,Jan
01/02/2015,WN,109,N8607M,CHS,BWI,715,713,-2,7,720,110,83,63,472,823,13,905,836,-29,Friday,Jan
01/15/2015,DL,2044,N934AT,IND,DTW,1158,1152,-6,11,1203,71,72,52,231,1255,9,1309,1304,-5,Thursday,Jan
02/08/2015,EV,4248,N22971,IAH,LFT,2112,2108,-4,16,2124,56,57,37,201,2201,4,2208,2205,-3,Sunday,Feb
02/10/2015,WN,1572,N483WN,LAX,SJC,610,602,-8,26,628,75,79,49,308,717,4,725,721,-4,Tuesday,Feb
01/18/2015,NK,624,N523NK,DEN,ORD,600,553,-7,11,604,146,145,121,888,905,13,926,918,-8,Sunday,Jan
01/25/2015,WN,4387,N355SW,LAX,OAK,2115,2109,-6,9,2118,75,64,50,337,2208,5,2230,2213,-17,Sunday,Jan
01/29/2015,US,1844,N170US,PHX,PHL,955,1025,30,15,1040,270,242,220,2075,1620,7,1625,1627,2,Thursday,Jan
01/02/2015,AA,140,N631AA,SJU,MIA,1129,1125,-4,11,1136,166,158,140,1045,1256,7,1315,1303,-12,Friday,Jan
01/01/2015,UA,1704,N26226,IAH,MIA,1923,2154,151,14,2208,140,127,109,964,57,4,2243,101,138,Thursday,Jan
02/02/2015,DL,2044,N958AT,IND,DTW,1158,1444,166,9,1453,71,63,38,231,1531,16,1309,1547,158,Monday,Feb
02/11/2015,EV,5404,N861AS,ATL,BTR,1611,1605,-6,12,1617,102,89,73,448,1630,4,1653,1634,-19,Wednesday,Feb
02/09/2015,OO,7393,N494CA,SGU,SLC,918,920,2,12,932,68,70,47,272,1019,11,1026,1030,4,Monday,Feb
01/28/2015,MQ,3613,N521MQ,ORD,ATL,1000,1234,154,13,1247,109,95,76,606,1503,6,1249,1509,140,Wednesday,Jan
01/02/2015,MQ,3155,N670MQ,ORD,CMI,1310,1357,47,14,1411,43,41,24,135,1435,3,1353,1438,45,Friday,Jan
01/03/2015,AS,12,N594AS,SEA,BOS,920,916,-4,23,939,319,317,283,2496,1722,11,1739,1733,-6,Saturday,Jan
01/11/2015,WN,887,N625SW,RDU,BWI,1845,1900,15,8,1908,65,53,41,255,1949,4,1950,1953,3,Sunday,Jan
01/10/2015,F9,300,N213FR,DEN,TPA,2359,2354,-5,13,7,192,213,192,1506,519,8,511,527,16,Saturday,Jan
01/27/2015,B6,916,N942JB,SFO,JFK,2125,2128,3,14,2142,321,320,298,2586,540,8,546,548,2,Tuesday,Jan
02/07/2015,AA,128,N3HLAA,DFW,IAD,2020,2015,-5,13,2028,153,162,144,1172,2352,5,2353,2357,4,Saturday,Feb
01/08/2015,UA,337,N840UA,EWR,BOS,630,629,-1,9,638,72,69,54,200,732,6,742,738,-4,Thursday,Jan
01/05/2015,WN,586,N207WN,LAS,ELP,1725,1812,47,10,1822,95,95,82,583,2044,3,2000,2047,47,Monday,Jan
01/28/2015,US,1766,N723UW,CLT,DCA,1455,1451,-4,23,1514,80,90,64,331,1618,3,1615,1621,6,Wednesday,Jan
01/07/2015,UA,324,N464UA,LAX,IAD,1115,1130,15,24,1154,292,291,260,2288,1914,7,1907,1921,14,Wednesday,Jan
01/04/2015,WN,1747,N460WN,LAS,SJC,1305,1301,-4,9,1310,85,75,63,386,1413,3,1430,1416,-14,Sunday,Jan
01/20/2015,EV,5154,N744EV,MSP,PHL,708,704,-4,13,717,161,147,131,980,1028,3,1049,1031,-18,Tuesday,Jan
01/21/2015,AA,1239,N556AA,DFW,SAT,2151,2158,7,30,2228,64,85,50,247,2318,5,2255,2323,28,Wednesday,Jan
02/05/2015,OO,3495,N699BR,FAT,SEA,1125,1211,46,23,1234,135,129,101,748,1415,5,1340,1420,40,Thursday,Feb
02/08/2015,HA,328,N487HA,HNL,OGG,1119,1113,-6,11,1124,39,38,21,100,1145,6,1158,1151,-7,Sunday,Feb
01/05/2015,WN,544,N796SW,LAS,ATL,925,1007,42,14,1021,225,244,223,1747,1704,7,1610,1711,61,Monday,Jan
02/01/2015,DL,2259,N317US,MSP,SLC,1120,1121,1,7,1128,171,155,141,991,1249,7,1311,1256,-15,Sunday,Feb
01/06/2015,MQ,3027,N617MQ,MSN,ORD,857,943,46,8,951,63,50,29,108,1020,13,1000,1033,33,Tuesday,Jan
02/01/2015,EV,5292,N867AS,ATL,AVL,2201,2159,-2,12,2211,52,49,34,164,2245,3,2253,2248,-5,Sunday,Feb
01/08/2015,AS,345,N524AS,OAK,SEA,610,607,-3,24,631,119,127,91,671,802,12,809,814,5,Thursday,Jan
02/04/2015,AS,64,N764AS,KTN,SEA,1743,1736,-7,10,1746,102,111,96,680,2022,5,2025,2027,2,Wednesday,Feb
01/16/2015,AA,1179,N3HNAA,MIA,DCA,1115,1119,4,19,1138,152,151,128,919,1346,4,1347,1350,3,Friday,Jan
01/04/2015,UA,1084,N38727,CLE,DEN,1641,1652,11,9,1701,214,204,183,1201,1804,12,1815,1816,1,Sunday,Jan
02/05/2015,US,1844,N971UY,PHX,PHL,955,1000,5,28,1028,270,286,252,2075,1640,6,1625,1646,21,Thursday,Feb
02/09/2015,DL,1741,N3741S,SLC,PDX,1135,1133,-2,13,1146,123,116,96,630,1222,7,1238,1229,-9,Monday,Feb
01/01/2015,WN,554,N492WN,HOU,MSY,1755,1801,6,7,1808,60,54,44,302,1852,3,1855,1855,0,Thursday,Jan
01/14/2015,WN,479,N751SW,SMF,SAN,1240,1250,10,8,1258,85,81,69,480,1407,4,1405,1411,6,Wednesday,Jan
02/10/2015,VX,407,N637VA,JFK,LAX,920,924,4,23,947,390,381,345,2475,1232,13,1250,1245,-5,Tuesday,Feb
02/01/2015,DL,1738,N3731T,MSP,JFK,1114,1111,-3,12,1123,157,144,120,1029,1423,12,1451,1435,-16,Sunday,Feb
01/26/2015,AA,1171,N3EGAA,MIA,ORD,1316,1401,45,21,1422,204,207,178,1197,1620,8,1540,1628,48,Monday,Jan
01/15/2015,AA,179,N794AA,JFK,SFO,1030,1024,-6,11,1035,397,360,337,2586,1312,12,1407,1324,-43,Thursday,Jan
02/03/2015,NK,675,N614NK,MCO,FLL,837,830,-7,17,847,71,71,47,177,934,7,948,941,-7,Tuesday,Feb
01/07/2015,DL,1187,N908DA,MSP,DCA,1735,1739,4,16,1755,147,137,119,931,2054,2,2102,2056,-6,Wednesday,Jan
01/02/2015,NK,316,N632NK,DTW,LGA,600,557,-3,12,609,98,84,63,502,712,9,738,721,-17,Friday,Jan
01/23/2015,DL,830,N543US,ATL,JAX,1915,1928,13,14,1942,72,64,43,270,2025,7,2027,2032,5,Friday,Jan
01/14/2015,B6,499,N608JB,LGA,MCO,2100,2112,12,14,2126,169,160,137,950,2343,9,2349,2352,3,Wednesday,Jan
01/25/2015,AA,66,N5DVAA,SJU,JFK,1151,1149,-2,12,1201,244,230,215,1598,1436,3,1455,1439,-16,Sunday,Jan
01/30/2015,EV,5218,N920EV,ATL,PHF,2101,2103,2,18,2121,94,94,72,508,2233,4,2235,2237,2,Friday,Jan
02/07/2015,OO,4465,N432SW,ATL,SBN,1004,1000,-4,21,1021,109,107,83,566,1144,3,1153,1147,-6,Saturday,Feb
01/24/2015,DL,769,N967DL,ATL,MKE,2210,2218,8,11,2229,123,112,96,669,2305,5,2313,2310,-3,Saturday,Jan
01/24/2015,WN,3569,N751SW,ATL,DCA,1700,1702,2,9,1711,100,94,80,547,1831,5,1840,1836,-4,Saturday,Jan
01/22/2015,B6,1512,N510JB,RSW,EWR,1234,1219,-15,15,1234,172,153,130,1068,1444,8,1526,1452,-34,Thursday,Jan
02/05/2015,DL,2599,N357NB,STL,MSP,914,908,-6,10,918,97,89,74,448,1032,5,1051,1037,-14,Thursday,Feb
01/29/2015,MQ,3024,N692MQ,GJT,DFW,700,651,-9,9,700,140,114,99,773,939,6,1020,945,-35,Thursday,Jan
01/29/2015,DL,1842,N331NW,GRR,MSP,720,734,14,63,837,110,128,62,408,839,3,810,842,32,Thursday,Jan
02/10/2015,WN,1122,N254WN,BNA,MDW,1715,1712,-3,10,1722,95,86,72,395,1834,4,1850,1838,-12,Tuesday,Feb
01/18/2015,HA,2,N385HA,HNL,LAX,1440,1433,-7,14,1447,325,295,272,2556,2119,9,2205,2128,-37,Sunday,Jan
01/21/2015,US,1759,N952UW,PHL,RDU,2030,2025,-5,75,2140,82,142,62,337,2242,5,2152,2247,55,Wednesday,Jan
01/31/2015,EV,4328,N11137,MSY,EWR,1751,1741,-10,7,1748,175,162,143,1167,2111,12,2146,2123,-23,Saturday,Jan
01/27/2015,DL,2085,N343NW,GEG,SLC,600,554,-6,39,633,112,129,77,546,850,13,852,903,11,Tuesday,Jan
01/31/2015,AA,1033,N852AA,BOS,MIA,1355,1400,5,15,1415,221,199,177,1258,1712,7,1736,1719,-17,Saturday,Jan
01/31/2015,WN,3393,N716SW,OAK,BUR,920,913,-7,8,921,65,61,51,325,1012,2,1025,1014,-11,Saturday,Jan
01/12/2015,US,473,N550UW,PHX,MSP,1555,1551,-4,12,1603,182,189,166,1276,1949,11,1957,2000,3,Monday,Jan
01/14/2015,DL,1336,N956DN,ATL,TPA,1935,1935,0,16,1951,86,79,60,406,2051,3,2101,2054,-7,Wednesday,Jan
02/03/2015,EV,5152,N974EV,ATL,MOB,1725,1722,-3,16,1738,78,72,52,302,1730,4,1743,1734,-9,Tuesday,Feb
01/08/2015,OO,4439,N800SK,LAS,SEA,720,719,-1,12,731,164,140,124,867,935,4,1004,939,-25,Thursday,Jan
01/09/2015,US,1820,N549UW,CLT,RSW,2210,2313,63,13,2326,109,100,83,600,49,4,2359,53,54,Friday,Jan
02/08/2015,HA,207,N481HA,KOA,HNL,1051,1043,-8,11,1054,44,44,28,163,1122,5,1135,1127,-8,Sunday,Feb
02/07/2015,WN,2638,N8617E,IND,ATL,1635,1634,-1,9,1643,95,79,63,432,1746,7,1810,1753,-17,Saturday,Feb
01/12/2015,WN,2080,N8645A,MCO,BUF,2040,2056,16,10,2106,150,141,117,1011,2303,14,2310,2317,7,Monday,Jan
01/18/2015,DL,1932,N703TW,ATL,SLC,1035,1031,-4,18,1049,258,263,238,1590,1247,7,1253,1254,1,Sunday,Jan
01/06/2015,US,1899,N941UW,CLT,MCO,1635,1647,12,18,1705,100,96,68,468,1813,10,1815,1823,8,Tuesday,Jan
01/15/2015,US,1725,N939UW,CLT,MCO,745,748,3,56,844,103,135,67,468,951,12,928,1003,35,Thursday,Jan
01/07/2015,WN,19,N526SW,DAL,HOU,1100,1058,-2,13,1111,65,60,44,239,1155,3,1205,1158,-7,Wednesday,Jan
02/06/2015,DL,853,N828DN,DTW,RSW,1200,1210,10,18,1228,184,156,133,1084,1441,5,1504,1446,-18,Friday,Feb
01/29/2015,AA,1079,N002AA,ELP,DFW,1320,1319,-1,22,1341,103,102,72,551,1553,8,1603,1601,-2,Thursday,Jan
01/11/2015,WN,1778,N8317M,LAX,PHX,940,941,1,8,949,70,69,55,370,1144,6,1150,1150,0,Sunday,Jan
01/14/2015,UA,1647,N37471,ORD,IAH,1847,1847,0,14,1901,175,156,136,925,2117,6,2142,2123,-19,Wednesday,Jan
02/02/2015,AS,16,N556AS,SEA,MCO,805,808,3,17,825,320,301,278,2554,1603,6,1625,1609,-16,Monday,Feb
01/21/2015,VX,413,N623VA,JFK,LAX,1655,1649,-6,13,1702,390,342,321,2475,1923,8,2025,1931,-54,Wednesday,Jan
01/26/2015,DL,2242,N915AT,ATL,CAE,1025,1025,0,11,1036,60,49,35,192,1111,3,1125,1114,-11,Monday,Jan
01/13/2015,US,2041,N196UW,CLT,ATL,1759,1758,-1,32,1830,76,97,51,226,1921,14,1915,1935,20,Tuesday,Jan
01/05/2015,WN,2674,N635SW,LAX,OAK,705,724,19,6,730,75,65,53,337,823,6,820,829,9,Monday,Jan
02/08/2015,OO,6457,N290SW,SMX,LAX,600,555,-5,23,618,65,74,39,134,657,12,705,709,4,Sunday,Feb
01/07/2015,MQ,3217,N648MQ,ORF,JFK,1323,1323,0,18,1341,87,75,50,290,1431,7,1450,1438,-12,Wednesday,Jan
01/23/2015,MQ,3543,N617MQ,DFW,MHK,950,947,-3,15,1002,84,80,62,431,1104,3,1114,1107,-7,Friday,Jan
01/01/2015,UA,296,N424UA,DEN,RNO,1124,1234,70,10,1244,140,112,97,804,1321,5,1244,1326,42,Thursday,Jan
01/10/2015,UA,1577,N37255,DEN,LGA,1005,1025,20,19,1044,224,201,175,1620,1539,7,1549,1546,-3,Saturday,Jan
01/05/2015,AA,1419,N3ARAA,MIA,BDL,1955,1955,0,26,2021,181,176,146,1194,2247,4,2256,2251,-5,Monday,Jan
01/26/2015,AA,131,N855AA,DFW,PHX,1150,1146,-4,17,1203,159,142,119,868,1302,6,1329,1308,-21,Monday,Jan
02/01/2015,OO,5294,N569SW,CLD,LAX,1650,1642,-8,13,1655,43,40,23,86,1718,4,1733,1722,-11,Sunday,Feb
02/12/2015,OO,4448,N170PQ,SLC,LAX,714,712,-2,18,730,131,112,79,590,749,15,825,804,-21,Thursday,Feb
01/08/2015,EV,4588,N12922,GPT,IAH,635,631,-4,13,644,90,83,62,376,746,8,805,754,-11,Thursday,Jan
01/09/2015,WN,489,N652SW,BWI,JAX,835,835,0,17,852,130,130,106,663,1038,7,1045,1045,0,Friday,Jan
01/03/2015,US,719,N178US,PHL,SFO,1800,2125,205,15,2140,386,357,335,2521,15,7,2126,22,176,Saturday,Jan
02/03/2015,MQ,2912,N509MQ,STL,LGA,810,805,-5,10,815,141,135,112,888,1107,13,1131,1120,-11,Tuesday,Feb
02/02/2015,WN,2958,N8654B,SLC,PHX,1720,1808,48,10,1818,95,85,68,507,1926,7,1855,1933,38,Monday,Feb
02/01/2015,VX,736,N522VA,DAL,DCA,1410,1410,0,9,1419,155,142,129,1184,1728,4,1745,1732,-13,Sunday,Feb
01/12/2015,DL,1250,N353NW,ATL,MCI,1205,1235,30,18,1253,134,124,102,692,1335,4,1319,1339,20,Monday,Jan
01/19/2015,EV,4212,N15973,EWR,RDU,1135,1131,-4,13,1144,103,88,66,416,1250,9,1318,1259,-19,Monday,Jan
01/29/2015,DL,2081,N697DL,RSW,DTW,800,754,-6,10,804,174,158,143,1084,1027,5,1054,1032,-22,Thursday,Jan
02/06/2015,EV,5900,N14542,SGF,ORD,601,555,-6,25,620,101,107,70,438,730,12,742,742,0,Friday,Feb
01/02/2015,WN,1658,N422WN,SEA,DEN,550,547,-3,15,602,155,154,133,1024,915,6,925,921,-4,Friday,Jan
01/23/2015,AA,2348,N483AA,DFW,SLC,1150,1210,20,18,1228,171,159,136,989,1344,5,1341,1349,8,Friday,Jan
01/10/2015,US,1976,N667AW,CLT,EWR,2020,2020,0,14,2034,105,91,72,529,2146,5,2205,2151,-14,Saturday,Jan
01/31/2015,WN,3953,N242WN,MCO,PVD,735,731,-4,14,745,155,162,144,1072,1009,4,1010,1013,3,Saturday,Jan
01/24/2015,UA,1698,N35204,DEN,IAH,1554,1549,-5,9,1558,135,132,107,862,1845,16,1909,1901,-8,Saturday,Jan
01/22/2015,NK,146,N615NK,ATL,DFW,1731,1734,3,14,1748,149,147,124,731,1852,9,1900,1901,1,Thursday,Jan
01/08/2015,EV,5393,N718EV,LGA,RDU,830,821,-9,23,844,120,94,66,431,950,5,1030,955,-35,Thursday,Jan
02/02/2015,OO,6352,N912SW,BOI,SFO,1745,1740,-5,17,1757,110,112,92,522,1829,3,1835,1832,-3,Monday,Feb
01/25/2015,WN,391,N508SW,AUS,DAL,1630,1625,-5,9,1634,55,52,39,189,1713,4,1725,1717,-8,Sunday,Jan
01/29/2015,DL,2245,N801DZ,RSW,MSP,1413,1407,-6,12,1419,222,220,202,1416,1641,6,1655,1647,-8,Thursday,Jan
02/05/2015,WN,4290,N8609A,LAS,MCO,1140,1144,4,11,1155,255,257,236,2039,1851,10,1855,1901,6,Thursday,Feb
01/02/2015,VX,182,N846VA,SFO,EWR,2140,2134,-6,10,2144,320,310,290,2565,534,10,600,544,-16,Friday,Jan
01/12/2015,NK,711,N508NK,LGA,DTW,1645,1729,44,11,1740,129,116,92,502,1912,13,1854,1925,31,Monday,Jan
01/22/2015,DL,1458,N525US,RSW,ATL,1340,1337,-3,15,1352,113,106,79,515,1511,12,1533,1523,-10,Thursday,Jan
01/18/2015,AA,1431,N504AA,DFW,IAH,1030,1026,-4,9,1035,66,59,42,224,1117,8,1136,1125,-11,Sunday,Jan
01/21/2015,AA,1124,N3ANAA,DFW,BOS,1230,1228,-2,21,1249,207,197,169,1562,1638,7,1657,1645,-12,Wednesday,Jan
01/11/2015,US,449,N805AW,PHX,BOI,2109,2135,26,12,2147,132,127,109,735,2336,6,2321,2342,21,Sunday,Jan
01/28/2015,OO,4757,N418SW,MSP,CID,2149,2146,-3,32,2218,73,73,37,220,2255,4,2302,2259,-3,Wednesday,Jan
01/20/2015,DL,2006,N326NB,LGA,MSY,805,801,-4,18,819,225,204,181,1183,1020,5,1050,1025,-25,Tuesday,Jan
01/29/2015,AA,1688,N3HVAA,DFW,DCA,750,746,-4,20,806,161,168,144,1192,1130,4,1131,1134,3,Thursday,Jan
01/13/2015,EV,5570,N133EV,ATL,BTR,1350,1351,1,22,1413,94,97,72,448,1425,3,1424,1428,4,Tuesday,Jan
01/13/2015,WN,402,N632SW,DEN,OAK,1745,1739,-6,18,1757,160,136,113,957,1850,5,1925,1855,-30,Tuesday,Jan
01/22/2015,DL,2440,N6701,SEA,MSP,55,53,-2,16,109,191,196,177,1399,606,3,606,609,3,Thursday,Jan
02/07/2015,B6,1733,N238JB,BTV,JFK,1833,1817,-16,30,1847,87,87,49,266,1936,8,2000,1944,-16,Saturday,Feb
01/08/2015,WN,4879,N229WN,FLL,LAS,600,559,-1,17,616,350,323,288,2173,804,18,850,822,-28,Thursday,Jan
02/06/2015,WN,2289,N7706A,MDW,LAS,1555,1553,-2,8,1601,240,220,207,1521,1728,5,1755,1733,-22,Friday,Feb
01/29/2015,UA,366,N806UA,MDT,ORD,1637,1633,-4,25,1658,132,121,90,594,1728,6,1749,1734,-15,Thursday,Jan
01/20/2015,OO,5444,N562SW,RDD,SFO,2009,2000,-9,13,2013,78,68,48,199,2101,7,2127,2108,-19,Tuesday,Jan
01/06/2015,DL,1378,N936DN,ORF,ATL,1759,1757,-2,12,1809,121,108,84,516,1933,12,2000,1945,-15,Tuesday,Jan
01/28/2015,WN,2352,N395SW,DTW,MDW,1310,1315,5,10,1325,70,58,43,228,1308,5,1320,1313,-7,Wednesday,Jan
01/19/2015,UA,1416,N77530,IAH,TPA,1540,1539,-1,20,1559,120,120,93,787,1832,7,1840,1839,-1,Monday,Jan
01/10/2015,WN,2636,N295WN,BWI,PWM,1215,1301,46,12,1313,85,80,63,452,1416,5,1340,1421,41,Saturday,Jan
01/18/2015,MQ,3465,N818MQ,RDU,JFK,1025,1035,10,16,1051,87,95,72,427,1203,7,1152,1210,18,Sunday,Jan
02/06/2015,WN,962,N632SW,BNA,RSW,900,856,-4,11,907,120,110,93,722,1140,6,1200,1146,-14,Friday,Feb
01/20/2015,DL,1899,N327NB,MSP,PSP,900,900,0,23,923,235,228,201,1454,1044,4,1055,1048,-7,Tuesday,Jan
02/06/2015,US,1735,N585UW,PVD,CLT,800,753,-7,44,837,148,154,99,683,1016,11,1028,1027,-1,Friday,Feb
02/03/2015,B6,687,N806JB,BOS,LAX,1923,2138,135,22,2200,395,404,380,2611,120,2,2258,122,144,Tuesday,Feb
02/11/2015,WN,2771,N422WN,LGA,MKE,2025,2027,2,34,2101,155,148,110,738,2151,4,2200,2155,-5,Wednesday,Feb
02/04/2015,MQ,3481,N630MQ,ORD,FWA,835,856,21,13,909,53,48,29,157,1038,6,1028,1044,16,Wednesday,Feb
01/16/2015,WN,3220,N8328A,PHX,MSY,1010,1010,0,26,1036,185,180,140,1300,1356,14,1415,1410,-5,Friday,Jan
01/30/2015,EV,5998,N13958,ORD,LIT,1635,1649,14,17,1706,116,106,84,552,1830,5,1831,1835,4,Friday,Jan
02/10/2015,DL,1916,N692DL,ATL,DEN,1110,1107,-3,17,1124,208,202,179,1199,1223,6,1238,1229,-9,Tuesday,Feb
01/25/2015,UA,1732,N69834,IAH,SEA,1130,1131,1,18,1149,296,283,256,1874,1405,9,1426,1414,-12,Sunday,Jan
01/10/2015,EV,5713,N832AS,PVD,IAD,1427,1422,-5,19,1441,98,102,79,372,1600,4,1605,1604,-1,Saturday,Jan
02/08/2015,DL,1895,N936DN,ATL,PHL,1000,957,-3,23,1020,123,122,91,666,1151,8,1203,1159,-4,Sunday,Feb
02/05/2015,B6,833,N536JB,BOS,SFO,2000,1956,-4,51,2047,406,421,363,2704,2350,7,2346,2357,11,Thursday,Feb
01/02/2015,B6,1717,N789JB,LGA,TPA,729,721,-8,17,738,185,182,159,1010,1017,6,1034,1023,-11,Friday,Jan
01/26/2015,AA,338,N3JAAA,LAX,SFO,650,649,-1,15,704,83,71,53,337,757,3,813,800,-13,Monday,Jan
01/22/2015,B6,7,N503JB,FLL,LAS,1825,1822,-3,18,1840,335,308,285,2173,2025,5,2100,2030,-30,Thursday,Jan
02/01/2015,OO,5537,N563SW,FAT,LAX,1431,1427,-4,6,1433,70,60,46,209,1519,8,1541,1527,-14,Sunday,Feb
01/29/2015,AS,341,N796AS,PSP,SFO,1720,1705,-15,20,1725,90,97,69,421,1834,8,1850,1842,-8,Thursday,Jan
02/06/2015,EV,5287,N754EV,MSP,RIC,1918,1916,-2,16,1932,147,142,121,970,2233,5,2245,2238,-7,Friday,Feb
02/03/2015,WN,3839,N370SW,FLL,PVD,1820,1826,6,12,1838,185,175,156,1188,2114,7,2125,2121,-4,Tuesday,Feb
02/06/2015,NK,761,N604NK,ORD,MSP,905,904,-1,11,915,85,80,63,334,1018,6,1030,1024,-6,Friday,Feb
01/07/2015,DL,2095,N951DN,ATL,ORF,2200,2157,-3,21,2218,95,87,63,516,2321,3,2335,2324,-11,Wednesday,Jan
02/09/2015,OO,4687,N783CA,IDA,SLC,1730,1723,-7,7,1730,63,47,32,188,1802,8,1833,1810,-23,Monday,Feb
01/07/2015,US,2168,N953UW,DCA,LGA,700,745,45,28,813,77,79,46,214,859,5,817,904,47,Wednesday,Jan
01/13/2015,WN,2426,N256WN,MCI,MDW,1505,1525,20,9,1534,80,75,62,405,1636,4,1625,1640,15,Tuesday,Jan
02/01/2015,OO,7396,N781CA,TWF,SLC,745,737,-8,14,751,52,50,31,175,822,5,837,827,-10,Sunday,Feb
01/08/2015,WN,173,N432WN,DAL,ABQ,1330,1330,0,11,1341,110,101,86,580,1407,4,1420,1411,-9,Thursday,Jan
01/16/2015,UA,1185,N66828,IAH,SAN,1430,1439,9,14,1453,215,203,185,1303,1558,4,1605,1602,-3,Friday,Jan
01/16/2015,WN,508,N749SW,ATL,DEN,925,925,0,19,944,210,204,178,1199,1042,7,1055,1049,-6,Friday,Jan
01/06/2015,WN,329,N7738A,STL,MDW,1100,1114,14,6,1120,65,59,46,251,1206,7,1205,1213,8,Tuesday,Jan
01/09/2015,DL,2586,N938DN,MIA,MSP,1330,1325,-5,15,1340,244,226,204,1501,1604,7,1634,1611,-23,Friday,Jan
01/20/2015,OO,5320,N932EV,DEN,MAF,1410,1417,7,19,1436,100,100,76,563,1652,5,1650,1657,7,Tuesday,Jan
01/23/2015,US,1983,N820AW,CLT,PBI,1119,1119,0,17,1136,107,117,95,590,1311,5,1306,1316,10,Friday,Jan
02/10/2015,AS,60,N778AS,KTN,SEA,910,857,-13,11,908,110,108,89,680,1137,8,1200,1145,-15,Tuesday,Feb
02/08/2015,US,649,N544UW,PHX,DFW,954,1010,16,26,1036,146,141,102,868,1318,13,1320,1331,11,Sunday,Feb
01/20/2015,WN,514,N8638A,DEN,LAS,1205,1155,-10,12,1207,115,111,94,628,1241,5,1300,1246,-14,Tuesday,Jan
02/08/2015,WN,4502,N353SW,ISP,BWI,1750,1756,6,7,1803,75,65,55,220,1858,3,1905,1901,-4,Sunday,Feb
02/02/2015,B6,745,N629JB,JFK,PSE,2359,22,23,18,40,227,220,198,1617,458,4,446,502,16,Monday,Feb
01/02/2015,WN,760,N949WN,OKC,MDW,730,727,-3,17,744,125,114,84,691,908,13,935,921,-14,Friday,Jan
01/27/2015,OO,6237,N796SK,DEN,FSD,957,952,-5,15,1007,95,97,76,483,1223,6,1232,1229,-3,Tuesday,Jan
01/01/2015,WN,4122,N486WN,MEM,MCO,1035,1035,0,16,1051,110,112,89,684,1320,7,1325,1327,2,Thursday,Jan
02/04/2015,OO,4732,N8933B,SBN,ATL,1220,1218,-2,46,1304,116,145,85,566,1429,14,1416,1443,27,Wednesday,Feb
01/11/2015,MQ,3238,N504MQ,DFW,CID,900,853,-7,28,921,115,123,90,685,1051,5,1055,1056,1,Sunday,Jan
02/01/2015,UA,342,N818UA,SFO,LAX,1210,1209,-1,14,1223,92,74,50,337,1313,10,1342,1323,-19,Sunday,Feb
01/16/2015,WN,4641,N272WN,SNA,SJC,1005,1041,36,8,1049,75,70,57,342,1146,5,1120,1151,31,Friday,Jan
01/14/2015,B6,1146,N266JB,FLL,RIC,2040,2051,11,15,2106,128,127,109,805,2255,3,2248,2258,10,Wednesday,Jan
02/01/2015,WN,2352,N250WN,BHM,MCO,1610,1604,-6,7,1611,90,77,64,479,1815,6,1840,1821,-19,Sunday,Feb
02/05/2015,OO,2579,N466SW,SAN,LAX,1714,2002,168,9,2011,46,40,23,109,2034,8,1800,2042,162,Thursday,Feb
02/07/2015,AA,1359,N508AA,DFW,FAT,2040,2042,2,11,2053,215,207,192,1313,2205,4,2215,2209,-6,Saturday,Feb
01/23/2015,AA,2406,N3KLAA,LAX,DFW,110,105,-5,16,121,166,171,151,1235,552,4,556,556,0,Friday,Jan
01/19/2015,US,623,N584UW,PHX,SAN,1120,1115,-5,24,1139,79,82,52,304,1131,6,1139,1137,-2,Monday,Jan
01/27/2015,US,649,N562UW,LAX,PHX,625,616,-9,21,637,84,87,56,370,833,10,849,843,-6,Tuesday,Jan
01/23/2015,WN,122,N495WN,AUS,TPA,955,1003,8,14,1017,130,139,120,928,1317,5,1305,1322,17,Friday,Jan
01/05/2015,AA,1423,N3CLAA,PBI,DFW,735,725,-10,14,739,195,188,165,1102,924,9,950,933,-17,Monday,Jan
01/20/2015,DL,2071,N3736C,SLC,PHX,1130,1121,-9,17,1138,94,92,72,507,1250,3,1304,1253,-11,Tuesday,Jan
02/08/2015,OO,4623,N616QX,PDX,SEA,1125,1119,-6,14,1133,49,58,35,129,1208,9,1214,1217,3,Sunday,Feb
01/04/2015,OO,4587,N8884E,ISN,MSP,1142,1148,6,22,1210,116,105,75,546,1325,8,1338,1333,-5,Sunday,Jan
01/29/2015,AS,25,N517AS,BOS,SEA,735,727,-8,27,754,392,364,329,2496,1023,8,1107,1031,-36,Thursday,Jan
01/25/2015,DL,1864,N326US,SAN,MSP,625,624,-1,19,643,227,229,208,1532,1211,2,1212,1213,1,Sunday,Jan
02/03/2015,WN,1044,N726SW,BUR,DEN,1410,1410,0,8,1418,130,123,110,850,1708,5,1720,1713,-7,Tuesday,Feb
02/04/2015,US,1849,N732US,FLL,DCA,700,658,-2,15,713,146,141,121,899,914,5,926,919,-7,Wednesday,Feb
02/07/2015,UA,1018,N69819,MSY,SFO,900,856,-4,11,907,301,277,262,1911,1129,4,1201,1133,-28,Saturday,Feb
01/14/2015,DL,1634,N388DA,SEA,SLC,600,558,-2,14,612,119,110,92,689,844,4,859,848,-11,Wednesday,Jan
02/03/2015,NK,316,N627NK,DTW,LGA,600,600,0,17,617,98,93,66,502,723,10,738,733,-5,Tuesday,Feb
01/26/2015,EV,5460,N135EV,BMI,ATL,1655,1932,157,31,2003,90,100,62,533,2205,7,1925,2212,167,Monday,Jan
01/06/2015,AA,1562,N595AA,RIC,DFW,650,650,0,14,704,220,199,180,1158,904,5,930,909,-21,Tuesday,Jan
01/20/2015,UA,465,N433UA,DEN,PHX,1518,1522,4,13,1535,115,121,103,602,1718,5,1713,1723,10,Tuesday,Jan
01/20/2015,DL,1593,N325NB,MKE,MSP,1700,1657,-3,11,1708,88,84,58,297,1806,15,1828,1821,-7,Tuesday,Jan
02/05/2015,WN,4899,N396SW,BWI,PBI,835,843,8,20,903,160,205,181,883,1204,4,1115,1208,53,Thursday,Feb
01/05/2015,DL,1819,N949DN,LGA,MSP,1433,1456,23,36,1532,197,219,178,1020,1730,5,1650,1735,45,Monday,Jan
01/21/2015,UA,1528,N14115,ORD,IAD,1618,1643,25,19,1702,110,109,81,589,1923,9,1908,1932,24,Wednesday,Jan
01/05/2015,AA,1104,N3CMAA,LGA,DFW,1150,1149,-1,25,1214,250,270,235,1389,1509,10,1500,1519,19,Monday,Jan
01/15/2015,DL,1192,N995AT,TPA,JFK,1859,1855,-4,18,1913,161,169,127,1005,2120,24,2140,2144,4,Thursday,Jan
01/02/2015,UA,1289,N73406,EWR,SJU,2359,2358,-1,13,11,234,212,187,1608,418,12,453,430,-23,Friday,Jan
02/10/2015,MQ,3234,N918MQ,DFW,CHA,1450,1448,-2,13,1501,110,106,90,695,1731,3,1740,1734,-6,Tuesday,Feb
02/11/2015,MQ,3086,N507MQ,BNA,LGA,1030,1033,3,14,1047,121,116,99,764,1326,3,1331,1329,-2,Wednesday,Feb
02/07/2015,US,654,N547UW,PHX,SAN,1810,1803,-7,15,1818,69,67,49,304,1807,3,1819,1810,-9,Saturday,Feb
01/12/2015,DL,2658,N3734B,LAS,JFK,1150,1145,-5,13,1158,289,299,262,2248,1920,24,1939,1944,5,Monday,Jan
02/04/2015,DL,1172,N672DL,ATL,EGE,1015,1015,0,15,1030,222,210,191,1312,1141,4,1157,1145,-12,Wednesday,Feb
01/31/2015,WN,3520,N617SW,BWI,CLE,740,735,-5,11,746,80,76,59,314,845,6,900,851,-9,Saturday,Jan
01/24/2015,NK,469,N514NK,DFW,LAS,1005,1006,1,11,1017,180,157,139,1055,1036,7,1105,1043,-22,Saturday,Jan
01/03/2015,OO,4610,N8982A,DTW,CVG,1015,1039,24,25,1104,74,85,51,229,1155,9,1129,1204,35,Saturday,Jan
01/27/2015,WN,275,N759GS,CMH,BNA,715,712,-3,22,734,90,81,53,337,727,6,745,733,-12,Tuesday,Jan
01/31/2015,OO,5233,N768SK,ORD,ASE,1810,1941,91,18,1959,176,173,150,1013,2129,5,2006,2134,88,Saturday,Jan
02/01/2015,UA,1045,N16234,AUS,IAH,825,821,-4,13,834,62,54,29,140,903,12,927,915,-12,Sunday,Feb
01/31/2015,EV,2523,N879AS,DFW,SHV,1100,1053,-7,14,1107,52,51,33,190,1140,4,1152,1144,-8,Saturday,Jan
01/10/2015,EV,5167,N186PQ,MSP,IAH,1540,1544,4,22,1606,180,171,144,1034,1830,5,1840,1835,-5,Saturday,Jan
01/14/2015,EV,4521,N22909,EWR,PIT,1300,1300,0,17,1317,91,81,57,319,1414,7,1431,1421,-10,Wednesday,Jan
01/09/2015,OO,6271,N976SW,DEN,TUS,1510,1509,-1,12,1521,124,114,97,639,1658,5,1714,1703,-11,Friday,Jan
02/12/2015,WN,249,N697SW,GSP,HOU,700,654,-6,14,708,160,173,155,845,843,4,840,847,7,Thursday,Feb
01/07/2015,UA,251,N471UA,PHX,SFO,1758,1803,5,12,1815,127,117,102,651,1857,3,1905,1900,-5,Wednesday,Jan
01/09/2015,WN,3236,N771SA,LAS,AUS,1430,1427,-3,11,1438,155,157,142,1090,1900,4,1905,1904,-1,Friday,Jan
01/24/2015,WN,4587,N207WN,MDW,DCA,2110,2103,-7,7,2110,105,88,76,601,2326,5,2355,2331,-24,Saturday,Jan
01/16/2015,MQ,3418,N531MQ,BNA,LGA,1411,1443,32,52,1535,125,163,107,764,1822,4,1716,1826,70,Friday,Jan
01/26/2015,EV,5167,N924EV,ATL,LEX,815,809,-6,22,831,73,75,50,304,921,3,928,924,-4,Monday,Jan
01/21/2015,UA,496,N408UA,ORD,EWR,653,650,-3,16,706,126,113,91,719,937,6,959,943,-16,Wednesday,Jan
02/05/2015,EV,4628,N13995,EWR,ORF,2223,2303,40,10,2313,79,62,47,284,2400,5,2342,5,23,Thursday,Feb
01/08/2015,MQ,3159,N932MQ,LFT,DFW,1010,1019,9,16,1035,88,89,60,351,1135,13,1138,1148,10,Thursday,Jan
01/13/2015,DL,1334,N922DX,ATL,RIC,725,726,1,20,746,92,91,65,481,851,6,857,857,0,Tuesday,Jan
01/09/2015,MQ,2968,N505MQ,STL,ORD,1600,2014,254,15,2029,95,69,47,258,2116,7,1735,2123,228,Friday,Jan
01/06/2015,DL,1667,N337NB,ATL,MYR,2102,2101,-1,17,2118,67,64,42,317,2200,5,2209,2205,-4,Tuesday,Jan
01/08/2015,WN,4914,N7746C,STL,DCA,1535,1528,-7,8,1536,110,100,87,719,1803,5,1825,1808,-17,Thursday,Jan
01/16/2015,AS,580,N536AS,PDX,SNA,1135,1129,-6,13,1142,137,133,114,859,1336,6,1352,1342,-10,Friday,Jan
01/29/2015,WN,1716,N427WN,LAS,SAN,1000,1001,1,11,1012,65,61,47,258,1059,3,1105,1102,-3,Thursday,Jan
02/01/2015,DL,2255,N908DE,ATL,BHM,1900,1856,-4,15,1911,58,52,33,134,1844,4,1858,1848,-10,Sunday,Feb
01/06/2015,UA,500,N828UA,IND,SFO,745,747,2,57,844,312,327,260,1943,1004,10,957,1014,17,Tuesday,Jan
01/08/2015,US,642,N679AW,ONT,PHX,1240,1234,-6,10,1244,73,64,51,325,1435,3,1453,1438,-15,Thursday,Jan
01/04/2015,OO,6360,N946SW,DEN,MTJ,809,821,12,16,837,60,61,41,196,918,4,909,922,13,Sunday,Jan
01/13/2015,WN,1700,N237WN,BOS,HOU,705,658,-7,12,710,295,264,250,1609,1020,2,1100,1022,-38,Tuesday,Jan
01/14/2015,DL,2448,N667DN,PBI,ATL,1745,1744,-1,14,1758,117,111,80,545,1918,17,1942,1935,-7,Wednesday,Jan
01/30/2015,AS,12,N548AS,SEA,BOS,920,948,28,11,959,320,305,285,2496,1744,9,1740,1753,13,Friday,Jan
01/29/2015,US,793,N753US,JAX,CLT,1755,1748,-7,28,1816,81,98,63,328,1919,7,1916,1926,10,Thursday,Jan
02/08/2015,EV,4398,N13964,CLE,DCA,2037,2046,9,10,2056,82,69,48,310,2144,11,2159,2155,-4,Sunday,Feb
01/16/2015,AA,1375,N3KPAA,RSW,ORD,1503,1454,-9,13,1507,187,212,188,1120,1715,11,1710,1726,16,Friday,Jan
02/11/2015,EV,3926,N36915,IAH,MFE,727,722,-5,16,738,79,88,66,316,844,6,846,850,4,Wednesday,Feb
01/16/2015,AS,108,N526AS,ANC,SEA,45,46,1,16,102,199,200,180,1448,502,4,504,506,2,Friday,Jan
02/12/2015,UA,468,N446UA,IAH,MIA,1034,1040,6,26,1106,141,152,119,964,1405,7,1355,1412,17,Thursday,Feb
01/01/2015,WN,2959,N477WN,SJC,LAS,1920,1920,0,8,1928,80,72,60,386,2028,4,2040,2032,-8,Thursday,Jan
01/29/2015,F9,720,N939FR,DEN,DCA,1650,1646,-4,10,1656,187,180,164,1476,2140,6,2157,2146,-11,Thursday,Jan
02/06/2015,AA,1315,N4XVAA,BNA,DFW,609,601,-8,33,634,136,140,92,631,806,15,825,821,-4,Friday,Feb
01/25/2015,WN,1890,N253WN,BWI,DAY,2215,2244,29,8,2252,90,83,69,406,1,6,2345,7,22,Sunday,Jan
01/27/2015,AA,1484,N455AA,DFW,AUS,925,920,-5,14,934,58,53,34,190,1008,5,1023,1013,-10,Tuesday,Jan
01/22/2015,OO,5436,N913SW,MBS,ORD,1250,1239,-11,18,1257,75,66,41,222,1238,7,1305,1245,-20,Thursday,Jan
02/01/2015,WN,3676,N616SW,PWM,BWI,1230,1229,-1,6,1235,105,99,76,452,1351,17,1415,1408,-7,Sunday,Feb
01/05/2015,DL,2243,N988DL,ATL,IAH,1455,1450,-5,23,1513,140,130,102,689,1555,5,1615,1600,-15,Monday,Jan
01/04/2015,DL,2313,N973DL,PIT,ATL,1845,1856,11,14,1910,114,117,97,526,2047,6,2039,2053,14,Sunday,Jan
01/31/2015,EV,4261,N24103,MKE,EWR,714,708,-6,24,732,130,134,100,725,1012,10,1024,1022,-2,Saturday,Jan
01/02/2015,EV,3259,N15986,HPN,ORD,730,728,-2,16,744,154,156,132,738,856,8,904,904,0,Friday,Jan
01/20/2015,OO,4545,N431SW,SLC,TUS,2052,2050,-2,44,2134,113,136,87,601,2301,5,2245,2306,21,Tuesday,Jan
02/06/2015,WN,2290,N798SW,EWR,MDW,1825,1833,8,35,1908,155,156,112,711,2000,9,2000,2009,9,Friday,Feb
02/11/2015,WN,4371,N902WN,HOU,DCA,1940,1943,3,10,1953,165,156,143,1218,2316,3,2325,2319,-6,Wednesday,Feb
02/02/2015,OO,6223,N745SK,SUN,SFO,1416,1405,-11,24,1429,118,130,103,587,1512,3,1514,1515,1,Monday,Feb
02/12/2015,WN,508,N7725A,ATL,DEN,925,930,5,11,941,210,188,172,1199,1033,5,1055,1038,-17,Thursday,Feb
01/04/2015,DL,1160,N916DN,PHL,ATL,1915,2121,126,24,2145,144,145,116,666,2341,5,2139,2346,127,Sunday,Jan
01/07/2015,US,661,N195UW,LAX,PHL,625,620,-5,15,635,302,301,282,2402,1417,4,1427,1421,-6,Wednesday,Jan
02/10/2015,WN,394,N619SW,ATL,HOU,855,848,-7,22,910,145,132,105,696,955,5,1020,1000,-20,Tuesday,Feb
01/16/2015,US,814,N944UW,PHL,RDU,1815,1818,3,25,1843,94,83,54,337,1937,4,1949,1941,-8,Friday,Jan
01/30/2015,OO,4688,N805SK,STL,MSP,1926,1918,-8,11,1929,94,97,82,448,2051,4,2100,2055,-5,Friday,Jan
01/07/2015,US,1977,N755US,DTW,CLT,645,738,53,27,805,118,104,72,500,917,5,843,922,39,Wednesday,Jan
01/24/2015,DL,1169,N3749D,MIA,LAX,802,757,-5,20,817,363,348,315,2342,1032,13,1105,1045,-20,Saturday,Jan
01/15/2015,DL,1696,N968DL,BDL,ATL,1248,1246,-2,16,1302,167,163,139,859,1521,8,1535,1529,-6,Thursday,Jan
02/09/2015,OO,4628,N461SW,CVG,STL,1159,1307,68,47,1354,81,104,52,308,1346,5,1220,1351,91,Monday,Feb
01/28/2015,MQ,3087,N3AEMQ,XNA,ORD,1720,1750,30,11,1801,109,99,77,522,1918,11,1909,1929,20,Wednesday,Jan
01/24/2015,DL,810,N905DL,IAH,ATL,710,705,-5,12,717,123,122,99,689,956,11,1013,1007,-6,Saturday,Jan
01/18/2015,AA,2384,N3KTAA,LAS,LAX,1555,1549,-6,16,1605,67,64,41,236,1646,7,1702,1653,-9,Sunday,Jan
01/10/2015,WN,2942,N401WN,DAL,LBB,840,838,-2,7,845,70,58,47,293,932,4,950,936,-14,Saturday,Jan
01/01/2015,WN,692,N221WN,CAK,MCO,640,636,-4,9,645,150,138,122,861,847,7,910,854,-16,Thursday,Jan
01/11/2015,DL,2455,N917DE,CVG,ATL,1816,1812,-4,30,1842,104,112,68,373,1950,14,2000,2004,4,Sunday,Jan
01/07/2015,B6,280,N646JB,LGB,LAS,1100,1057,-3,30,1127,67,78,40,231,1207,8,1207,1215,8,Wednesday,Jan
01/17/2015,WN,4462,N401WN,IND,RSW,600,556,-4,21,617,160,147,121,945,818,5,840,823,-17,Saturday,Jan
01/28/2015,US,1800,N601AW,SEA,PHL,835,830,-5,19,849,304,299,276,2378,1625,4,1639,1629,-10,Wednesday,Jan
01/05/2015,UA,373,N448UA,CLE,MCO,1048,1049,1,9,1058,154,136,121,895,1259,6,1322,1305,-17,Monday,Jan
01/15/2015,WN,3120,N265WN,BUR,SMF,715,708,-7,12,720,80,120,102,358,902,6,835,908,33,Thursday,Jan
02/06/2015,UA,1723,N66837,SFO,KOA,1722,2045,203,17,2102,336,373,353,2367,55,3,2058,58,240,Friday,Feb
02/08/2015,WN,51,N525SW,LBB,DAL,1710,1708,-2,7,1715,65,58,47,293,1802,4,1815,1806,-9,Sunday,Feb
01/13/2015,UA,256,N493UA,MIA,IAH,1141,1213,32,14,1227,178,161,141,964,1348,6,1339,1354,15,Tuesday,Jan
01/01/2015,OO,5463,N567SW,SMF,SFO,1735,1725,-10,5,1730,51,36,28,86,1758,3,1826,1801,-25,Thursday,Jan
01/08/2015,VX,351,N835VA,BOS,SFO,900,856,-4,17,913,405,395,373,2704,1226,5,1245,1231,-14,Thursday,Jan
01/02/2015,UA,1693,N69816,DEN,SEA,2213,2235,22,13,2248,180,177,159,1024,27,5,13,32,19,Friday,Jan
02/08/2015,DL,1173,N3758Y,MSP,MSY,1005,1001,-4,9,1010,174,130,117,1039,1207,4,1259,1211,-48,Sunday,Feb
01/30/2015,AA,2285,N3FUAA,JFK,MCO,1459,1616,77,41,1657,183,181,135,944,1912,5,1802,1917,75,Friday,Jan
01/27/2015,DL,953,N6716C,ATL,SAT,1859,1857,-2,24,1921,162,149,120,874,2021,5,2041,2026,-15,Tuesday,Jan
02/01/2015,WN,1272,N785SW,DAL,LAX,1025,1026,1,13,1039,205,198,176,1246,1135,9,1150,1144,-6,Sunday,Feb
01/28/2015,WN,154,N607SW,SMF,SAN,1455,1451,-4,10,1501,80,92,79,480,1620,3,1615,1623,8,Wednesday,Jan
01/12/2015,OO,2684,N907SW,PSP,PHX,1805,1805,0,14,1819,69,67,44,261,2003,9,2014,2012,-2,Monday,Jan
02/07/2015,OO,6211,N783SK,SAT,LAX,1806,1803,-3,16,1819,204,187,161,1211,1900,10,1930,1910,-20,Saturday,Feb
01/12/2015,AA,1387,N3BFAA,DFW,IAD,840,838,-2,32,910,156,172,137,1172,1227,3,1216,1230,14,Monday,Jan
02/02/2015,DL,498,N339NB,JFK,AUS,1735,1834,59,72,1946,268,318,242,1521,2248,4,2103,2252,109,Monday,Feb
01/23/2015,MQ,3170,N815MQ,CMI,ORD,730,719,-11,7,726,75,87,40,135,806,40,845,846,1,Friday,Jan
01/02/2015,US,719,N675AW,PHL,SFO,1800,1756,-4,34,1830,386,405,362,2521,2132,9,2126,2141,15,Friday,Jan
01/25/2015,DL,1886,N948DN,ATL,LGA,1645,1643,-2,20,1703,134,119,92,762,1835,7,1859,1842,-17,Sunday,Jan
02/02/2015,UA,457,N829UA,SEA,DEN,1530,1522,-8,17,1539,157,139,117,1024,1836,5,1907,1841,-26,Monday,Feb
01/28/2015,MQ,3645,N611MQ,JAN,DFW,1643,1641,-2,8,1649,97,85,68,408,1757,9,1820,1806,-14,Wednesday,Jan
01/23/2015,WN,4535,N363SW,LAX,ELP,1240,1237,-3,14,1251,110,113,96,715,1527,3,1530,1530,0,Friday,Jan
01/23/2015,DL,2631,N338NB,MSY,JFK,1130,1158,28,13,1211,171,168,138,1182,1529,17,1521,1546,25,Friday,Jan
01/16/2015,WN,1803,N437WN,OAK,BUR,610,607,-3,14,621,70,67,50,325,711,3,720,714,-6,Friday,Jan
01/08/2015,WN,900,N218WN,MKE,LAX,1025,1021,-4,10,1031,275,257,238,1756,1229,9,1300,1238,-22,Thursday,Jan
01/16/2015,WN,3676,N621SW,BWI,RDU,1445,1444,-1,7,1451,70,55,45,255,1536,3,1555,1539,-16,Friday,Jan
01/25/2015,WN,7,N7708E,DAL,HOU,830,825,-5,6,831,65,54,43,239,914,5,935,919,-16,Sunday,Jan
01/14/2015,WN,650,N442WN,BWI,LAS,640,638,-2,17,655,335,300,279,2106,834,4,915,838,-37,Wednesday,Jan
01/26/2015,DL,1905,N590NW,DTW,MCO,1407,1403,-4,15,1418,174,146,120,957,1618,11,1701,1629,-32,Monday,Jan
01/29/2015,AA,2426,N3JXAA,LAX,DFW,726,719,-7,13,732,179,169,147,1235,1159,9,1225,1208,-17,Thursday,Jan
01/20/2015,EV,2513,N879AS,DFW,MLU,1440,1434,-6,13,1447,63,62,47,293,1534,2,1543,1536,-7,Tuesday,Jan
01/28/2015,UA,1027,N77518,IAH,LGA,1545,1543,-2,19,1602,199,209,187,1416,2009,3,2004,2012,8,Wednesday,Jan
01/27/2015,UA,1285,N13718,SFO,ORD,2310,2303,-7,14,2317,248,233,211,1846,448,8,518,456,-22,Tuesday,Jan
01/28/2015,UA,244,N445UA,ORD,SEA,805,803,-2,18,821,275,264,239,1721,1020,7,1040,1027,-13,Wednesday,Jan
01/03/2015,OO,6287,N566SW,SFO,SBA,1300,1302,2,16,1318,83,78,58,262,1416,4,1423,1420,-3,Saturday,Jan
01/29/2015,EV,4450,N12921,GPT,IAH,1854,1836,-18,12,1848,91,86,66,376,1954,8,2025,2002,-23,Thursday,Jan
01/14/2015,EV,2507,N907EV,DFW,SHV,2045,2113,28,17,2130,54,52,29,190,2159,6,2139,2205,26,Wednesday,Jan
01/27/2015,OO,4995,N926SW,CVG,ORD,1057,1111,14,18,1129,78,90,59,265,1128,13,1115,1141,26,Tuesday,Jan
02/06/2015,NK,303,N631NK,ACY,MCO,1808,1809,1,8,1817,149,138,120,852,2017,10,2037,2027,-10,Friday,Feb
01/13/2015,DL,1237,N817DN,DTW,RSW,1001,1000,-1,23,1023,197,196,162,1084,1305,11,1318,1316,-2,Tuesday,Jan
01/06/2015,EV,4240,N14904,ORD,CAK,1605,1601,-4,15,1616,81,71,51,343,1807,5,1826,1812,-14,Tuesday,Jan
02/05/2015,OO,4973,N979SW,DEN,ISN,1421,1416,-5,18,1434,111,112,90,576,1704,4,1712,1708,-4,Thursday,Feb
01/02/2015,UA,445,N589UA,JFK,LAX,1953,2008,15,21,2029,385,379,350,2475,2319,8,2318,2327,9,Friday,Jan
01/30/2015,EV,5555,N882AS,CAE,ATL,815,810,-5,12,822,66,66,41,192,903,13,921,916,-5,Friday,Jan
01/16/2015,DL,1760,N388DA,SEA,ANC,2057,2052,-5,20,2112,220,209,186,1448,2318,3,2337,2321,-16,Friday,Jan
01/04/2015,WN,877,N242WN,DEN,SAT,1100,1101,1,13,1114,125,123,104,794,1358,6,1405,1404,-1,Sunday,Jan
01/03/2015,AA,2218,N541AA,COS,DFW,1450,1529,39,24,1553,110,158,77,592,1810,57,1740,1907,87,Saturday,Jan
02/02/2015,EV,5051,N868AS,CID,DTW,1020,1240,140,7,1247,93,102,82,430,1509,13,1253,1522,149,Monday,Feb
01/20/2015,MQ,3055,N814MQ,HSV,DFW,1447,1512,25,9,1521,133,125,106,603,1707,10,1700,1717,17,Tuesday,Jan
02/02/2015,HA,172,N489HA,LIH,HNL,1458,1451,-7,6,1457,34,58,40,102,1537,12,1532,1549,17,Monday,Feb
02/10/2015,DL,998,N935AT,DTW,GRR,1402,1359,-3,16,1415,56,47,28,120,1443,3,1458,1446,-12,Tuesday,Feb
01/05/2015,UA,1450,N66814,RSW,ORD,750,744,-6,10,754,187,181,158,1120,932,13,957,945,-12,Monday,Jan
01/17/2015,EV,6101,N14907,ORF,IAD,1354,1349,-5,7,1356,63,60,36,157,1432,17,1457,1449,-8,Saturday,Jan
01/22/2015,WN,2589,N520SW,HOU,SAT,925,924,-1,11,935,60,58,43,192,1018,4,1025,1022,-3,Thursday,Jan
01/27/2015,WN,4304,N669SW,MCI,LAX,845,908,23,9,917,225,200,185,1363,1022,6,1030,1028,-2,Tuesday,Jan
02/08/2015,US,785,N580UW,PHL,TPA,1550,1548,-2,19,1607,167,153,131,920,1818,3,1837,1821,-16,Sunday,Feb
01/25/2015,NK,348,N612NK,TPA,ACY,1700,1657,-3,11,1708,133,127,111,913,1859,5,1913,1904,-9,Sunday,Jan
01/06/2015,US,1976,N126UW,FLL,CLT,1720,1720,0,11,1731,121,115,92,631,1903,12,1921,1915,-6,Tuesday,Jan
02/04/2015,EV,5031,N922EV,TVC,DTW,1338,1513,95,21,1534,72,80,42,207,1616,17,1450,1633,103,Wednesday,Feb
02/09/2015,DL,43,N3756,JFK,SJU,1530,1527,-3,22,1549,242,223,196,1598,2005,5,2032,2010,-22,Monday,Feb
01/25/2015,WN,1119,N710SW,SAN,SAT,1425,1419,-6,9,1428,150,155,141,1129,1849,5,1855,1854,-1,Sunday,Jan
02/09/2015,WN,496,N623SW,DAL,BNA,1605,1604,-1,11,1615,100,102,84,623,1739,7,1745,1746,1,Monday,Feb
01/31/2015,WN,2442,N706SW,AUS,LAS,655,651,-4,10,701,180,158,144,1090,725,4,755,729,-26,Saturday,Jan
01/07/2015,WN,336,N659SW,DAL,MAF,1750,1811,21,19,1830,70,72,49,319,1919,4,1900,1923,23,Wednesday,Jan
01/21/2015,EV,4188,N27962,EWR,RIC,1930,1945,15,30,2015,87,94,58,277,2113,6,2057,2119,22,Wednesday,Jan
02/12/2015,WN,560,N641SW,PHX,ABQ,815,813,-2,9,822,65,68,54,328,916,5,920,921,1,Thursday,Feb
01/05/2015,AA,2321,N566AA,ORD,DFW,1220,1541,201,12,1553,155,139,121,802,1754,6,1455,1800,185,Monday,Jan
02/04/2015,VX,475,N837VA,LAS,LAX,1530,1527,-3,14,1541,70,65,43,236,1624,8,1640,1632,-8,Wednesday,Feb
02/07/2015,WN,2511,N7731A,MCO,IND,1910,1905,-5,8,1913,150,135,120,829,2113,7,2140,2120,-20,Saturday,Feb
02/10/2015,WN,101,N792SW,RDU,HOU,1830,1827,-3,11,1838,190,171,155,1050,2013,5,2040,2018,-22,Tuesday,Feb
02/11/2015,DL,1178,N958DN,RIC,ATL,1639,1641,2,15,1656,111,102,80,481,1816,7,1830,1823,-7,Wednesday,Feb
01/01/2015,EV,2534,N880AS,CRP,DFW,1950,2139,109,6,2145,75,64,51,354,2236,7,2105,2243,98,Thursday,Jan
01/28/2015,B6,842,N586JB,SAV,JFK,1101,1055,-6,11,1106,118,120,102,718,1248,7,1259,1255,-4,Wednesday,Jan
02/04/2015,WN,529,N8644C,DAL,DCA,625,620,-5,10,630,165,142,129,1184,939,3,1010,942,-28,Wednesday,Feb
01/23/2015,AA,2208,N455AA,DFW,CLE,1415,1413,-2,27,1440,156,161,123,1021,1743,11,1751,1754,3,Friday,Jan
01/02/2015,WN,714,N291WN,TPA,SJU,1805,1938,93,9,1947,170,161,148,1237,2315,4,2155,2319,84,Friday,Jan
01/29/2015,B6,2191,N571JB,BOS,TPA,700,657,-3,28,725,214,199,164,1185,1009,7,1034,1016,-18,Thursday,Jan
01/15/2015,DL,2022,N690DL,MCI,ATL,700,656,-4,21,717,123,125,93,692,950,11,1003,1001,-2,Thursday,Jan
01/14/2015,WN,490,N202WN,SJC,BUR,840,837,-3,7,844,60,58,49,296,933,2,940,935,-5,Wednesday,Jan
01/16/2015,OO,4976,N106SY,SFO,STL,1610,1717,67,21,1738,228,224,199,1735,2257,4,2158,2301,63,Friday,Jan
02/08/2015,OO,7393,N494CA,SGU,SLC,1512,1508,-4,8,1516,68,52,39,272,1555,5,1620,1600,-20,Sunday,Feb
01/15/2015,WN,162,N437WN,BNA,HOU,1715,1713,-2,11,1724,135,128,112,670,1916,5,1930,1921,-9,Thursday,Jan
01/23/2015,OO,2634,N423SW,ORD,MKE,810,804,-6,20,824,53,55,26,67,850,9,903,859,-4,Friday,Jan
02/11/2015,MQ,3616,N521MQ,RDU,LGA,756,757,1,34,831,94,111,68,431,939,9,930,948,18,Wednesday,Feb
02/10/2015,WN,3415,N553WN,DEN,LGA,1755,1800,5,14,1814,210,211,184,1620,2318,13,2325,2331,6,Tuesday,Feb
01/18/2015,OO,4570,N802SK,SJC,LAX,1430,1430,0,13,1443,80,73,49,308,1532,11,1550,1543,-7,Sunday,Jan
02/04/2015,WN,1145,N429WN,DAL,ABQ,710,709,-1,8,717,110,102,90,580,747,4,800,751,-9,Wednesday,Feb
01/28/2015,EV,4103,N11106,BHM,DEN,1225,1215,-10,23,1238,195,207,172,1083,1430,12,1440,1442,2,Wednesday,Jan
01/03/2015,EV,2520,N906EV,DFW,CRP,900,1344,284,15,1359,75,87,69,354,1508,3,1015,1511,296,Saturday,Jan
01/15/2015,UA,462,N469UA,SFO,MSY,1310,1308,-2,24,1332,247,249,219,1911,1911,6,1917,1917,0,Thursday,Jan
01/11/2015,EV,4666,N13914,IAH,AMA,1753,1943,110,11,1954,107,94,79,517,2113,4,1940,2117,97,Sunday,Jan
01/06/2015,WN,139,N7747C,MDW,ATL,1135,1134,-1,14,1148,110,104,83,591,1411,7,1425,1418,-7,Tuesday,Jan
01/17/2015,MQ,3638,N507MQ,COU,ORD,1243,1231,-12,10,1241,80,84,48,315,1329,26,1403,1355,-8,Saturday,Jan
01/04/2015,EV,5187,N936EV,GTR,ATL,640,638,-2,9,647,68,64,43,241,830,12,848,842,-6,Sunday,Jan
01/17/2015,AS,718,N569AS,SLC,SAN,835,832,-3,28,900,125,116,85,626,925,3,940,928,-12,Saturday,Jan
01/01/2015,WN,3837,N7711N,HOU,MSY,1150,1156,6,7,1203,60,52,42,302,1245,3,1250,1248,-2,Thursday,Jan
01/27/2015,DL,993,N343NB,ATL,CRW,2044,2042,-2,24,2106,76,93,67,363,2213,2,2200,2215,15,Tuesday,Jan
01/29/2015,OO,7399,N915EV,MSP,HIB,1115,1107,-8,14,1121,62,57,38,174,1159,5,1217,1204,-13,Thursday,Jan
01/09/2015,AA,1694,N3EDAA,SAN,DFW,1538,1530,-8,8,1538,172,172,154,1171,2012,10,2030,2022,-8,Friday,Jan
02/10/2015,AA,1236,N496AA,DFW,BWI,1445,1438,-7,13,1451,166,163,146,1217,1817,4,1831,1821,-10,Tuesday,Feb
01/19/2015,F9,141,N941FR,DEN,SEA,1712,1712,0,10,1722,173,169,155,1024,1857,4,1905,1901,-4,Monday,Jan
01/19/2015,OO,7376,N487CA,BTM,SLC,635,625,-10,22,647,82,87,60,358,747,5,757,752,-5,Monday,Jan
01/06/2015,WN,830,N418WN,SMF,LAS,830,846,16,13,859,80,85,64,397,1003,8,950,1011,21,Tuesday,Jan
01/27/2015,WN,4661,N481WN,BHM,DAL,1205,1201,-4,8,1209,115,103,92,587,1341,3,1400,1344,-16,Tuesday,Jan
01/16/2015,OO,5646,N291SW,SFO,SBA,1040,1139,59,15,1154,83,74,55,262,1249,4,1203,1253,50,Friday,Jan
01/27/2015,DL,2466,N310NW,OMA,MSP,1714,1709,-5,12,1721,68,69,52,282,1813,5,1822,1818,-4,Tuesday,Jan
02/04/2015,F9,1073,N922FR,ORD,DEN,1850,1944,54,20,2004,160,157,130,888,2114,7,2030,2121,51,Wednesday,Feb
02/05/2015,AA,292,N785AA,LAX,JFK,600,555,-5,21,616,316,333,307,2475,1423,5,1416,1428,12,Thursday,Feb
01/10/2015,WN,4131,N709SW,MDW,DTW,1330,1337,7,13,1350,70,67,44,228,1534,10,1540,1544,4,Saturday,Jan
02/06/2015,EV,5334,N852AS,ATL,ABY,1028,1019,-9,11,1030,53,43,29,145,1059,3,1121,1102,-19,Friday,Feb
01/14/2015,DL,2124,N813DN,MSY,ATL,715,709,-6,11,720,89,81,64,425,924,6,944,930,-14,Wednesday,Jan
02/01/2015,F9,1253,N938FR,LGA,MIA,945,1017,32,21,1038,200,177,150,1096,1308,6,1305,1314,9,Sunday,Feb
01/30/2015,AA,1053,N550AA,DFW,RNO,1750,1747,-3,14,1801,217,190,172,1345,1853,4,1927,1857,-30,Friday,Jan
01/30/2015,WN,4546,N559WN,DAL,DCA,2010,2012,2,12,2024,165,157,139,1184,2343,6,2355,2349,-6,Friday,Jan
02/01/2015,EV,4092,N23139,IAH,ABQ,1449,1443,-6,24,1507,141,144,116,744,1603,4,1610,1607,-3,Sunday,Feb
01/01/2015,US,1954,N156UW,CLT,LGA,2020,2014,-6,12,2026,105,93,74,544,2140,7,2205,2147,-18,Thursday,Jan
01/12/2015,MQ,3388,N535MQ,JAX,ORD,1225,1618,233,9,1627,169,144,123,864,1730,12,1414,1742,208,Monday,Jan
01/26/2015,WN,2070,N355SW,BUR,PHX,820,822,2,11,833,80,83,64,369,1037,8,1040,1045,5,Monday,Jan
01/13/2015,AS,40,N713AS,ADQ,ANC,1725,1736,11,3,1739,50,48,42,253,1821,3,1815,1824,9,Tuesday,Jan
01/20/2015,DL,833,N822DN,SAN,DTW,710,707,-3,18,725,263,239,215,1956,1400,6,1433,1406,-27,Tuesday,Jan
02/06/2015,WN,214,N936WN,BWI,BNA,2005,2037,32,8,2045,125,95,81,587,2106,6,2110,2112,2,Friday,Feb
02/02/2015,AA,334,N585AA,MFE,DFW,1132,1125,-7,9,1134,98,86,72,469,1246,5,1310,1251,-19,Monday,Feb
02/09/2015,EV,6077,N14179,TYS,DEN,845,955,70,10,1005,222,189,173,1162,1058,6,1027,1104,37,Monday,Feb
01/19/2015,EV,4928,N924EV,PIA,ATL,600,601,1,25,626,118,111,80,565,846,6,858,852,-6,Monday,Jan
01/18/2015,MQ,3378,N9EAMQ,JFK,DCA,1305,1259,-6,24,1323,78,80,44,213,1407,12,1423,1419,-4,Sunday,Jan
01/27/2015,EV,5197,N612QX,DTW,CAK,1605,1554,-11,13,1607,62,49,32,133,1639,4,1707,1643,-24,Tuesday,Jan
01/06/2015,AS,558,N756AS,PDX,LAX,640,733,53,15,748,144,153,118,834,946,20,904,1006,62,Tuesday,Jan
01/30/2015,DL,2046,N699DL,ATL,PHX,1336,1454,78,23,1517,257,252,223,1587,1700,6,1553,1706,73,Friday,Jan
01/07/2015,WN,486,N7723E,SJC,SNA,915,908,-7,7,915,75,76,65,342,1020,4,1030,1024,-6,Wednesday,Jan
01/05/2015,UA,1018,N15712,ORD,LGA,600,609,9,14,623,129,115,96,733,859,5,909,904,-5,Monday,Jan
01/16/2015,MQ,3288,N614MQ,SPS,DFW,606,559,-7,28,627,44,65,24,113,651,13,650,704,14,Friday,Jan
01/12/2015,UA,1740,N37456,PDX,DEN,810,810,0,11,821,155,165,135,991,1136,19,1145,1155,10,Monday,Jan
01/31/2015,DL,1597,N997DL,PHL,MSP,1650,1712,22,11,1723,184,177,162,980,1905,4,1854,1909,15,Saturday,Jan
01/15/2015,EV,4863,N13908,IAH,CRP,1431,1521,50,14,1535,63,63,44,201,1619,5,1534,1624,50,Thursday,Jan
02/11/2015,AA,2413,N395AA,DFW,LAX,800,756,-4,14,810,209,193,160,1235,850,19,929,909,-20,Wednesday,Feb
01/07/2015,OO,6336,N702SK,SFO,RNO,801,755,-6,15,810,58,52,33,192,843,4,859,847,-12,Wednesday,Jan
02/03/2015,WN,423,N211WN,BDL,MCO,1310,1330,20,9,1339,195,181,163,1050,1622,9,1625,1631,6,Tuesday,Feb
01/30/2015,MQ,3357,N905MQ,TUL,ORD,1714,1711,-3,20,1731,116,156,87,585,1858,49,1910,1947,37,Friday,Jan
02/05/2015,US,1910,N568UW,ORD,CLT,550,539,-11,13,552,121,117,94,599,826,10,851,836,-15,Thursday,Feb
01/22/2015,DL,1978,N940DN,ATL,RIC,2200,2157,-3,25,2222,92,88,59,481,2321,4,2332,2325,-7,Thursday,Jan
02/09/2015,NK,209,N615NK,ORD,OAK,1550,1545,-5,12,1557,285,296,276,1836,1833,8,1835,1841,6,Monday,Feb
01/27/2015,WN,608,N912WN,JAX,ATL,1850,1843,-7,18,1901,70,79,54,270,1955,7,2000,2002,2,Tuesday,Jan
01/18/2015,AA,1692,N013AA,MIA,ATL,2000,2002,2,13,2015,122,112,88,594,2143,11,2202,2154,-8,Sunday,Jan
01/22/2015,AS,60,N549AS,JNU,KTN,720,717,-3,11,728,68,56,41,234,809,4,828,813,-15,Thursday,Jan
01/03/2015,AA,1543,N455AA,PIT,DFW,635,933,178,37,1010,200,222,172,1067,1202,13,855,1215,200,Saturday,Jan
02/04/2015,US,2160,N953UW,LGA,BOS,1900,1947,47,31,2018,71,81,43,184,2101,7,2011,2108,57,Wednesday,Feb
01/10/2015,WN,4060,N430WN,TPA,BDL,835,831,-4,18,849,160,160,137,1111,1106,5,1115,1111,-4,Saturday,Jan
02/09/2015,EV,5332,N695CA,GPT,ATL,932,927,-5,11,938,74,84,60,352,1138,13,1146,1151,5,Monday,Feb
01/14/2015,WN,2790,N647SW,PDX,OAK,1300,1250,-10,11,1301,100,102,86,543,1427,5,1440,1432,-8,Wednesday,Jan
01/01/2015,DL,478,N723TW,ATL,JFK,1615,1623,8,18,1641,140,139,106,760,1827,15,1835,1842,7,Thursday,Jan
01/07/2015,AA,1429,N369AA,MIA,MCO,1230,1227,-3,12,1239,69,56,36,192,1315,8,1339,1323,-16,Wednesday,Jan
02/02/2015,DL,1052,N915DE,ATL,MKE,1223,1220,-3,12,1232,121,120,101,669,1313,7,1324,1320,-4,Monday,Feb
01/07/2015,OO,4855,N912EV,CVG,MEM,1600,1554,-6,19,1613,95,95,72,403,1625,4,1635,1629,-6,Wednesday,Jan
01/07/2015,UA,1547,N24702,ORD,BOS,1011,1055,44,24,1119,130,142,113,867,1412,5,1321,1417,56,Wednesday,Jan
01/02/2015,B6,2006,N510JB,FLL,EWR,615,605,-10,11,616,165,157,141,1065,837,5,900,842,-18,Friday,Jan
01/25/2015,DL,1895,N917DN,ATL,PHL,1000,957,-3,19,1016,123,113,90,666,1146,4,1203,1150,-13,Sunday,Jan
02/09/2015,EV,4362,N11184,IAH,MSP,1304,1314,10,15,1329,170,177,153,1034,1602,9,1554,1611,17,Monday,Feb
02/12/2015,EV,4617,N14974,BNA,IAH,1118,1115,-3,31,1146,142,154,114,657,1340,9,1340,1349,9,Thursday,Feb
02/05/2015,WN,506,N758SW,DCA,MDW,640,633,-7,12,645,135,117,96,601,721,9,755,730,-25,Thursday,Feb
01/25/2015,OO,6379,N122SY,ORD,AUS,1300,1301,1,39,1340,179,179,135,978,1555,5,1559,1600,1,Sunday,Jan
01/03/2015,AS,140,N453AS,ANC,PDX,1145,1209,24,10,1219,210,198,182,1542,1621,6,1615,1627,12,Saturday,Jan
01/21/2015,OO,5160,N982SW,GJT,DEN,927,956,29,22,1018,68,69,40,212,1058,7,1035,1105,30,Wednesday,Jan
01/22/2015,US,2065,N161UW,ATL,CLT,850,843,-7,16,859,78,64,39,226,938,9,1008,947,-21,Thursday,Jan
02/04/2015,MQ,3645,N616MQ,DFW,JAN,1500,1457,-3,16,1513,76,78,59,408,1612,3,1616,1615,-1,Wednesday,Feb
01/14/2015,DL,1353,N997DL,PNS,ATL,1202,1202,0,17,1219,78,78,55,271,1414,6,1420,1420,0,Wednesday,Jan
01/03/2015,AA,33,N794AA,JFK,LAX,800,800,0,57,857,385,429,350,2475,1147,22,1125,1209,44,Saturday,Jan
02/01/2015,EV,4146,N12924,IAH,HSV,1910,1907,-3,22,1929,105,107,79,595,2048,6,2055,2054,-1,Sunday,Feb
01/13/2015,EV,5924,N29906,ORD,TYS,1440,1437,-3,21,1458,94,102,75,475,1713,6,1714,1719,5,Tuesday,Jan
02/12/2015,UA,1255,N73291,LGA,ORD,800,850,50,41,931,160,174,110,733,1021,23,940,1044,64,Thursday,Feb
01/09/2015,DL,1054,N917DL,BDL,ATL,720,731,11,32,803,171,177,137,859,1020,8,1011,1028,17,Friday,Jan
02/03/2015,OO,6493,N980SW,SFO,MFR,2011,2005,-6,13,2018,77,78,62,329,2120,3,2128,2123,-5,Tuesday,Feb
02/04/2015,UA,1754,N76526,IAH,TPA,739,737,-2,19,756,120,120,97,787,1033,4,1039,1037,-2,Wednesday,Feb
01/05/2015,EV,4264,N13908,STL,IAH,1423,1524,61,8,1532,134,117,101,667,1713,8,1637,1721,44,Monday,Jan
01/04/2015,B6,938,N644JB,BQN,JFK,1108,1105,-3,13,1118,231,235,217,1576,1355,5,1359,1400,1,Sunday,Jan
01/28/2015,AA,1003,N4YMAA,DFW,PSP,1000,958,-2,17,1015,187,186,162,1126,1057,7,1107,1104,-3,Wednesday,Jan
01/12/2015,OO,6369,N760SK,TUS,SFO,600,552,-8,10,602,143,124,111,751,653,3,723,656,-27,Monday,Jan
01/13/2015,EV,5288,N605QX,RIC,MSP,852,844,-8,10,854,173,157,138,970,1012,9,1045,1021,-24,Tuesday,Jan
01/12/2015,DL,1081,N557NW,ATL,PBI,2056,2234,98,16,2250,109,104,82,545,12,6,2245,18,93,Monday,Jan
01/03/2015,OO,2620,N864AS,LAX,SAN,1425,1419,-6,15,1434,45,49,30,109,1504,4,1510,1508,-2,Saturday,Jan
01/09/2015,WN,1717,N909WN,ATL,MSP,1655,1702,7,19,1721,170,166,141,907,1842,6,1845,1848,3,Friday,Jan
02/04/2015,WN,4378,N521SW,DAL,AUS,805,802,-3,9,811,55,46,32,189,843,5,900,848,-12,Wednesday,Feb
02/08/2015,OO,4491,N813SK,SEA,PDX,1549,1545,-4,13,1558,49,45,27,129,1625,5,1638,1630,-8,Sunday,Feb
02/10/2015,AA,1576,N3KTAA,SNA,PHX,1625,1636,11,20,1656,79,90,61,338,1857,9,1844,1906,22,Tuesday,Feb
02/02/2015,DL,1499,N583NW,DTW,RSW,1745,1751,6,20,1811,180,157,133,1084,2024,4,2045,2028,-17,Monday,Feb
01/18/2015,EV,6105,N16911,IAH,BRO,907,853,-14,11,904,76,71,49,308,953,11,1023,1004,-19,Sunday,Jan
01/25/2015,DL,1134,N956DN,PBI,ATL,1100,1054,-6,22,1116,112,113,80,545,1236,11,1252,1247,-5,Sunday,Jan
01/29/2015,US,555,N128UW,PHL,SLC,1810,1832,22,69,1941,313,352,280,1927,2221,3,2123,2224,61,Thursday,Jan
02/06/2015,AA,1617,N3LDAA,ORD,LAX,1915,1913,-2,13,1926,275,247,226,1744,2112,8,2150,2120,-30,Friday,Feb
01/11/2015,EV,5698,N834AS,BDL,IAD,555,545,-10,16,601,88,84,63,326,704,5,723,709,-14,Sunday,Jan
01/18/2015,WN,4835,N553WN,SNA,HOU,1255,1300,5,11,1311,175,175,158,1357,1749,6,1750,1755,5,Sunday,Jan
01/20/2015,EV,4357,N14204,EWR,CMH,1650,1647,-3,10,1657,115,98,78,463,1815,10,1845,1825,-20,Tuesday,Jan
02/11/2015,MQ,3061,N856MQ,AZO,ORD,1630,1623,-7,23,1646,63,70,35,122,1621,12,1633,1633,0,Wednesday,Feb
01/22/2015,DL,845,N945DN,ATL,PBI,957,956,-1,25,1021,111,109,80,545,1141,4,1148,1145,-3,Thursday,Jan
01/29/2015,UA,1641,N37465,EWR,MCO,1300,1256,-4,9,1305,173,146,131,937,1516,6,1553,1522,-31,Thursday,Jan
01/07/2015,DL,1742,N989DL,ATL,FAY,1912,1916,4,21,1937,77,69,42,331,2019,6,2029,2025,-4,Wednesday,Jan
01/01/2015,DL,1136,N830DN,RSW,ATL,1700,1656,-4,9,1705,109,95,80,515,1825,6,1849,1831,-18,Thursday,Jan
02/04/2015,WN,1011,N287WN,DEN,OKC,1525,1530,5,12,1542,95,86,70,495,1752,4,1800,1756,-4,Wednesday,Feb
01/14/2015,B6,1038,N358JB,AUS,BOS,1845,1930,45,14,1944,214,219,196,1698,2400,9,2319,9,50,Wednesday,Jan
01/26/2015,OO,5438,N564SW,PUB,DEN,1704,1648,-16,5,1653,48,36,26,109,1719,5,1752,1724,-28,Monday,Jan
01/17/2015,WN,3172,N759GS,ATL,RIC,1050,1043,-7,11,1054,100,78,64,481,1158,3,1230,1201,-29,Saturday,Jan
01/20/2015,US,459,N181UW,PHX,DEN,940,951,11,25,1016,112,109,78,602,1134,6,1132,1140,8,Tuesday,Jan
02/05/2015,HA,364,N486HA,HNL,OGG,1233,1240,7,27,1307,39,53,20,100,1327,6,1312,1333,21,Thursday,Feb
01/13/2015,MQ,3316,N524MQ,DFW,CID,1135,1155,20,16,1211,114,131,86,685,1337,29,1329,1406,37,Tuesday,Jan
01/15/2015,VX,29,N839VA,JFK,SFO,1850,1907,17,27,1934,410,375,343,2586,2217,5,2240,2222,-18,Thursday,Jan
01/11/2015,OO,7429,N431SW,PIH,SLC,1230,1234,4,10,1244,45,46,30,150,1314,6,1315,1320,5,Sunday,Jan
02/03/2015,DL,1375,N361NB,ATL,GSP,1238,1233,-5,15,1248,58,49,31,153,1319,3,1336,1322,-14,Tuesday,Feb
02/12/2015,DL,1479,N6711M,DTW,TPA,1200,1158,-2,17,1215,170,153,132,983,1427,4,1450,1431,-19,Thursday,Feb
01/12/2015,AA,1626,N3KTAA,MSP,ORD,1201,1216,15,23,1239,88,94,52,334,1331,19,1329,1350,21,Monday,Jan
01/14/2015,MQ,3189,N523MQ,CID,DFW,559,558,-1,8,606,141,155,104,685,750,43,820,833,13,Wednesday,Jan
02/10/2015,UA,1012,N24202,DFW,IAH,530,529,-1,14,543,68,62,36,224,619,12,638,631,-7,Tuesday,Feb
01/14/2015,UA,580,N837UA,IAH,SFO,1502,1524,22,15,1539,261,259,236,1635,1735,8,1723,1743,20,Wednesday,Jan
01/21/2015,AS,67,N531AS,JNU,ANC,1955,1949,-6,9,1958,105,96,83,571,2121,4,2140,2125,-15,Wednesday,Jan
02/06/2015,AA,384,N3DYAA,LAX,MIA,2345,2344,-1,20,4,284,287,258,2342,722,9,729,731,2,Friday,Feb
01/23/2015,AA,1653,N3KJAA,JFK,CLT,820,817,-3,20,837,132,132,101,541,1018,11,1032,1029,-3,Friday,Jan
02/02/2015,UA,1662,N76514,DCA,SFO,830,836,6,12,848,380,348,328,2442,1116,8,1150,1124,-26,Monday,Feb
01/25/2015,VX,769,N839VA,LGA,DAL,1830,1828,-2,38,1906,250,226,185,1381,2111,3,2140,2114,-26,Sunday,Jan
01/23/2015,US,1960,N102UW,CLT,BWI,945,938,-7,11,949,85,71,54,361,1043,6,1110,1049,-21,Friday,Jan
02/08/2015,OO,6492,N913SW,DEN,COD,1845,1840,-5,21,1901,91,90,65,391,2006,4,2016,2010,-6,Sunday,Feb
01/05/2015,WN,41,N937WN,HOU,LGA,1810,1912,62,14,1926,195,251,157,1428,2303,80,2225,23,118,Monday,Jan
01/07/2015,MQ,2996,N935MQ,DFW,VPS,1055,1056,1,20,1116,109,106,81,641,1237,5,1244,1242,-2,Wednesday,Jan
01/30/2015,MQ,3141,N900MQ,FWA,ORD,602,555,-7,21,616,68,59,32,157,548,6,610,554,-16,Friday,Jan
02/01/2015,AA,245,N3MCAA,DCA,LAX,1710,1706,-4,13,1719,357,340,312,2311,1931,15,2007,1946,-21,Sunday,Feb
01/01/2015,EV,4602,N14198,XNA,EWR,1648,1704,16,26,1730,171,169,134,1131,2044,9,2039,2053,14,Thursday,Jan
02/08/2015,F9,1105,N223FR,FLL,CLE,940,940,0,14,954,170,164,141,1062,1215,9,1230,1224,-6,Sunday,Feb
01/12/2015,EV,4762,N14977,GRR,EWR,935,931,-4,12,943,110,100,79,605,1102,9,1125,1111,-14,Monday,Jan
02/09/2015,VX,918,N529VA,SFO,LAS,1800,1800,0,11,1811,90,84,65,414,1916,8,1930,1924,-6,Monday,Feb
01/26/2015,OO,4681,N812SK,EUG,SLC,600,552,-8,12,604,115,99,83,618,827,4,855,831,-24,Monday,Jan
01/07/2015,WN,157,N609SW,PHX,ELP,700,656,-4,9,705,65,66,51,347,756,6,805,802,-3,Wednesday,Jan
01/19/2015,DL,1159,N919DE,BUF,ATL,1611,1606,-5,24,1630,146,129,100,712,1810,5,1837,1815,-22,Monday,Jan
01/06/2015,MQ,3380,N670MQ,LFT,DFW,1809,1815,6,11,1826,86,82,62,351,1928,9,1935,1937,2,Tuesday,Jan
01/17/2015,EV,5319,N751EV,PIT,LGA,700,655,-5,29,724,104,84,50,335,814,5,844,819,-25,Saturday,Jan
01/29/2015,WN,2163,N8609A,LAS,MDW,1210,1211,1,14,1225,210,194,174,1521,1719,6,1740,1725,-15,Thursday,Jan
01/12/2015,US,1880,N751UW,MCO,DCA,1308,1300,-8,17,1317,126,126,99,759,1456,10,1514,1506,-8,Monday,Jan
01/11/2015,WN,1982,N524SW,OKC,DAL,1345,1344,-1,8,1352,55,49,37,181,1429,4,1440,1433,-7,Sunday,Jan
01/23/2015,DL,1263,N975DL,PVD,ATL,640,638,-2,13,651,184,180,159,903,930,8,944,938,-6,Friday,Jan
01/05/2015,DL,2126,N909DL,PIT,ATL,824,825,1,42,907,127,135,86,526,1033,7,1031,1040,9,Monday,Jan
01/07/2015,DL,2303,N970AT,BHM,ATL,905,859,-6,13,912,65,51,29,134,1041,9,1110,1050,-20,Wednesday,Jan
01/20/2015,NK,342,N606NK,PHX,MSP,1515,1706,111,10,1716,186,170,152,1276,2048,8,1921,2056,95,Tuesday,Jan
01/01/2015,AS,320,N622AS,SEA,SFO,605,602,-3,21,623,125,125,97,679,800,7,810,807,-3,Thursday,Jan
02/07/2015,OO,4743,N809SK,SNA,SLC,1635,1633,-2,13,1646,110,97,80,588,1906,4,1925,1910,-15,Saturday,Feb
01/25/2015,EV,4957,N146PQ,IAH,ATL,600,555,-5,11,606,113,109,84,689,830,14,853,844,-9,Sunday,Jan
01/02/2015,EV,4192,N13978,IAH,ELP,1125,1121,-4,18,1139,123,119,99,667,1218,2,1228,1220,-8,Friday,Jan
01/14/2015,HA,239,N493HA,HNL,LIH,1723,1731,8,12,1743,37,39,23,102,1806,4,1800,1810,10,Wednesday,Jan
01/07/2015,WN,2242,N8325D,MDW,BWI,1635,1727,52,14,1741,105,105,85,611,2006,6,1920,2012,52,Wednesday,Jan
01/27/2015,MQ,3442,N606MQ,ORD,CMI,2125,2132,7,40,2212,49,66,24,135,2236,2,2214,2238,24,Tuesday,Jan
02/12/2015,WN,4386,N388SW,ROC,BWI,630,730,60,13,743,85,74,55,277,838,6,755,844,49,Thursday,Feb
02/01/2015,DL,2386,N136DL,LAS,ATL,1129,1124,-5,33,1157,229,234,191,1747,1808,10,1818,1818,0,Sunday,Feb
01/25/2015,UA,1286,N16703,SRQ,ORD,1408,1802,234,10,1812,180,176,156,1050,1948,10,1608,1958,230,Sunday,Jan
02/03/2015,WN,2429,N921WN,SMF,SNA,1505,1515,10,7,1522,80,73,63,404,1625,3,1625,1628,3,Tuesday,Feb
01/03/2015,HA,20,N580HA,HNL,SMF,1455,1517,22,54,1611,315,342,280,2462,2251,8,2210,2259,49,Saturday,Jan
02/11/2015,AS,349,N791AS,OAK,SEA,1855,1848,-7,14,1902,115,114,95,671,2037,5,2050,2042,-8,Wednesday,Feb
01/31/2015,UA,1266,N76269,LAX,SFO,1310,1425,75,17,1442,91,78,56,337,1538,5,1441,1543,62,Saturday,Jan
02/01/2015,DL,1978,N915DN,ATL,RIC,2200,2228,28,12,2240,92,75,58,481,2338,5,2332,2343,11,Sunday,Feb
01/02/2015,F9,704,N204FR,DEN,MSY,1428,1519,51,14,1533,145,154,135,1062,1848,5,1753,1853,60,Friday,Jan
02/05/2015,DL,2162,N342NW,DTW,PHL,1741,1815,34,32,1847,113,107,71,453,1958,4,1934,2002,28,Thursday,Feb
01/26/2015,OO,5640,N295SW,SFO,SBA,830,836,6,15,851,85,88,71,262,1002,2,955,1004,9,Monday,Jan
01/06/2015,EV,5356,N926EV,ATL,PHF,1352,1348,-4,20,1408,93,104,82,508,1530,2,1525,1532,7,Tuesday,Jan
02/11/2015,WN,891,N259WN,ABQ,DAL,600,555,-5,19,614,100,101,78,580,832,4,840,836,-4,Wednesday,Feb
01/23/2015,US,2043,N806AW,CLT,PBI,2015,2014,-1,20,2034,112,118,91,590,2205,7,2207,2212,5,Friday,Jan
01/17/2015,EV,3950,N13979,TVC,ORD,1559,1551,-8,12,1603,76,70,45,224,1548,13,1615,1601,-14,Saturday,Jan
02/09/2015,UA,223,N412UA,EWR,MIA,1401,1700,179,13,1713,194,187,166,1085,1959,8,1715,2007,172,Monday,Feb
01/30/2015,DL,2128,N136DL,DTW,MCO,1005,1003,-2,15,1018,180,147,121,957,1219,11,1305,1230,-35,Friday,Jan
01/13/2015,MQ,3207,N918MQ,DFW,GRR,1435,1445,10,19,1504,145,147,121,931,1805,7,1800,1812,12,Tuesday,Jan
01/18/2015,WN,20,N508SW,HOU,DAL,1100,1058,-2,11,1109,60,59,44,239,1153,4,1200,1157,-3,Sunday,Jan
02/07/2015,AS,324,N703AS,SEA,SJC,1210,1208,-2,26,1234,123,144,114,697,1428,4,1413,1432,19,Saturday,Feb
01/15/2015,OO,6287,N929EV,SFO,SBA,1350,1527,97,26,1553,71,78,48,262,1641,4,1501,1645,104,Thursday,Jan
01/12/2015,AA,1143,N016AA,DFW,GUC,1300,1256,-4,17,1313,128,125,105,678,1358,3,1408,1401,-7,Monday,Jan
02/09/2015,WN,2589,N670SW,SAT,DAL,1055,1051,-4,8,1059,60,58,44,248,1143,6,1155,1149,-6,Monday,Feb
01/18/2015,EV,5034,N916EV,VLD,ATL,1106,1104,-2,8,1112,60,66,53,208,1205,5,1206,1210,4,Sunday,Jan
02/04/2015,EV,4386,N14902,ELP,IAH,1140,1134,-6,15,1149,113,132,105,667,1434,12,1433,1446,13,Wednesday,Feb
02/03/2015,DL,2324,N3737C,SLC,ATL,106,103,-3,16,119,212,192,171,1590,610,5,638,615,-23,Tuesday,Feb
01/31/2015,UA,370,N544UA,SFO,OGG,838,830,-8,14,844,335,314,296,2338,1140,4,1213,1144,-29,Saturday,Jan
01/02/2015,UA,1602,N75433,PDX,EWR,2330,2338,8,10,2348,296,277,259,2434,707,8,726,715,-11,Friday,Jan
01/26/2015,WN,1271,N636WN,ATL,TPA,1855,1948,53,20,2008,85,79,56,406,2104,3,2020,2107,47,Monday,Jan
01/13/2015,WN,3925,N7744A,BOS,MDW,1235,1234,-1,15,1249,180,160,140,861,1409,5,1435,1414,-21,Tuesday,Jan
02/04/2015,EV,5470,N707EV,BUF,LGA,1859,1857,-2,32,1929,91,130,87,292,2056,11,2030,2107,37,Wednesday,Feb
01/03/2015,OO,6336,N973SW,SFO,RNO,830,828,-2,13,841,61,55,37,192,918,5,931,923,-8,Saturday,Jan
01/08/2015,DL,2595,N974DL,ATL,ORF,1733,1819,46,11,1830,93,78,64,516,1934,3,1906,1937,31,Thursday,Jan
01/11/2015,DL,2077,N925AT,VPS,ATL,1433,1433,0,32,1505,75,80,40,250,1645,8,1648,1653,5,Sunday,Jan
01/27/2015,UA,1181,N29717,IAD,PHX,1740,1750,10,14,1804,316,290,267,1956,2031,9,2056,2040,-16,Tuesday,Jan
01/13/2015,AA,267,N5DFAA,LAX,HNL,1850,1903,13,17,1920,368,353,333,2556,2253,3,2258,2256,-2,Tuesday,Jan
01/24/2015,OO,5200,N507CA,SFO,PSP,1703,1657,-6,14,1711,88,90,70,421,1821,6,1831,1827,-4,Saturday,Jan
01/20/2015,DL,15,N751AT,ATL,SLC,1630,1631,1,16,1647,261,248,226,1590,1833,6,1851,1839,-12,Tuesday,Jan
01/27/2015,AA,1613,N3DFAA,SJU,MIA,1701,1654,-7,11,1705,179,175,150,1045,1835,14,1900,1849,-11,Tuesday,Jan
01/13/2015,WN,188,N294WN,BNA,MCI,1645,1645,0,23,1708,100,110,78,491,1826,9,1825,1835,10,Tuesday,Jan
01/05/2015,AA,17,N012AA,ATL,MIA,700,655,-5,16,711,112,106,84,594,835,6,852,841,-11,Monday,Jan
02/08/2015,UA,1617,N24224,ORD,MSP,1935,1938,3,10,1948,90,70,54,334,2042,6,2105,2048,-17,Sunday,Feb
01/19/2015,WN,896,N400WN,BUR,SJC,1625,1640,15,13,1653,65,72,55,296,1748,4,1730,1752,22,Monday,Jan
01/31/2015,AA,1697,N001AA,STL,MIA,1640,1635,-5,10,1645,165,158,137,1068,2002,11,2025,2013,-12,Saturday,Jan
01/04/2015,DL,1421,N682DA,SEA,ATL,2230,2228,-2,15,2243,273,247,227,2182,530,5,603,535,-28,Sunday,Jan
01/05/2015,UA,1718,N81449,DEN,LAX,1125,1227,62,15,1242,153,130,108,862,1330,7,1258,1337,39,Monday,Jan
01/04/2015,DL,1451,N124DE,MSP,LAS,1750,1805,15,17,1822,214,198,174,1299,1916,7,1924,1923,-1,Sunday,Jan
02/06/2015,OO,5346,N291SW,CLD,LAX,1304,1304,0,11,1315,46,48,23,86,1338,14,1350,1352,2,Friday,Feb
01/10/2015,WN,4420,N8609A,LAS,BNA,1640,1658,18,8,1706,205,202,189,1587,2215,5,2205,2220,15,Saturday,Jan
02/08/2015,B6,1522,N537JB,LGB,PDX,1005,959,-6,10,1009,145,123,108,846,1157,5,1230,1202,-28,Sunday,Feb
01/05/2015,WN,182,N7702A,OAK,PDX,1120,1118,-2,6,1124,100,90,80,543,1244,4,1300,1248,-12,Monday,Jan
02/01/2015,UA,1615,N37267,EWR,AUS,2015,2014,-1,10,2024,255,244,230,1504,2314,4,2330,2318,-12,Sunday,Feb
01/08/2015,AA,1542,N504AA,PHL,DFW,1656,1713,17,20,1733,239,236,201,1303,1954,15,1955,2009,14,Thursday,Jan
01/09/2015,WN,3758,N408WN,MDW,LAX,610,611,1,9,620,280,251,235,1750,815,7,850,822,-28,Friday,Jan
01/24/2015,DL,1494,N948DN,PHL,ATL,1130,1201,31,13,1214,139,125,99,666,1353,13,1349,1406,17,Saturday,Jan
01/18/2015,OO,5256,N745SK,IAH,SAT,1255,1245,-10,10,1255,64,50,37,191,1332,3,1359,1335,-24,Sunday,Jan
01/02/2015,DL,1580,N140LL,ATL,LAS,1750,1748,-2,11,1759,280,255,238,1747,1857,6,1930,1903,-27,Friday,Jan
01/27/2015,US,1929,N825AW,IND,CLT,1205,1156,-9,17,1213,98,94,64,427,1317,13,1343,1330,-13,Tuesday,Jan
01/19/2015,WN,2699,N904WN,BNA,STL,855,851,-4,8,859,70,62,51,272,950,3,1005,953,-12,Monday,Jan
02/08/2015,DL,2003,N969AT,LGA,MIA,700,657,-3,20,717,205,174,150,1096,947,4,1025,951,-34,Sunday,Feb
01/20/2015,WN,3310,N553WN,LGA,STL,655,653,-2,20,713,180,164,138,888,831,6,855,837,-18,Tuesday,Jan
01/25/2015,UA,1609,N53442,ORD,LAS,1150,1149,-1,19,1208,244,213,184,1514,1312,10,1354,1322,-32,Sunday,Jan
01/02/2015,WN,4466,N489WN,BUR,SJC,800,808,8,14,822,65,68,51,296,913,3,905,916,11,Friday,Jan
01/05/2015,AA,1049,N3FPAA,DFW,RDU,1740,1824,44,15,1839,145,140,121,1061,2140,4,2105,2144,39,Monday,Jan
01/06/2015,EV,5960,N12145,DEN,LBB,1946,1958,12,17,2015,90,87,63,456,2218,7,2216,2225,9,Tuesday,Jan
01/19/2015,WN,581,N412WN,ATL,RIC,1035,1027,-8,14,1041,95,88,68,481,1149,6,1210,1155,-15,Monday,Jan
01/19/2015,EV,5073,N740EV,MSP,BIS,2140,2137,-3,12,2149,90,76,61,386,2250,3,2310,2253,-17,Monday,Jan
01/07/2015,HA,121,N487HA,ITO,HNL,840,851,11,7,858,50,48,36,216,934,5,930,939,9,Wednesday,Jan
02/05/2015,EV,4131,N21130,EWR,OMA,700,650,-10,15,705,205,202,182,1134,907,5,925,912,-13,Thursday,Feb
01/06/2015,OO,4691,N437SW,MSP,LAN,1952,1951,-1,28,2019,96,92,60,455,2219,4,2228,2223,-5,Tuesday,Jan
02/08/2015,AA,1513,N022AA,DFW,ATL,700,654,-6,10,704,120,125,105,731,949,10,1000,959,-1,Sunday,Feb
01/19/2015,WN,3473,N7738A,DEN,DTW,1930,1928,-2,16,1944,160,161,134,1123,2358,11,10,9,-1,Monday,Jan
02/09/2015,B6,918,N329JB,JFK,BOS,1645,1706,21,19,1725,74,80,34,187,1759,27,1759,1826,27,Monday,Feb
01/31/2015,UA,1094,N68452,IAD,MCO,1703,1705,2,12,1717,142,125,105,758,1902,8,1925,1910,-15,Saturday,Jan
01/03/2015,AA,1624,N403AA,PHX,DFW,710,705,-5,20,725,140,149,108,868,1013,21,1030,1034,4,Saturday,Jan
01/04/2015,MQ,3036,N660MQ,DFW,XNA,1125,1136,11,19,1155,63,72,46,280,1241,7,1228,1248,20,Sunday,Jan
02/07/2015,EV,5334,N848AS,ABY,ATL,1408,1402,-6,10,1412,56,50,33,145,1445,7,1504,1452,-12,Saturday,Feb
01/06/2015,DL,2570,N827DN,MSP,SAN,1935,1943,8,15,1958,239,218,197,1532,2115,6,2134,2121,-13,Tuesday,Jan
01/10/2015,MQ,3361,N814MQ,JFK,RDU,1240,1232,-8,20,1252,101,99,75,427,1407,4,1421,1411,-10,Saturday,Jan
02/02/2015,DL,2357,N974DL,DTW,MKE,1215,1729,314,18,1747,77,70,45,237,1732,7,1232,1739,307,Monday,Feb
02/05/2015,WN,449,N741SA,MCI,MSP,1045,1041,-4,11,1052,80,86,71,393,1203,4,1205,1207,2,Thursday,Feb
02/05/2015,OO,5175,N760SK,IAH,ONT,1735,1734,-1,12,1746,216,189,174,1334,1840,3,1911,1843,-28,Thursday,Feb
01/20/2015,DL,1730,N932DL,ATL,CHS,1210,1209,-1,10,1219,69,53,39,259,1258,4,1319,1302,-17,Tuesday,Jan
01/05/2015,OO,4832,N633SK,LAX,SJC,625,628,3,21,649,78,74,50,308,739,3,743,742,-1,Monday,Jan
02/01/2015,WN,1740,N258WN,DEN,CAK,1055,1056,1,24,1120,165,168,139,1224,1539,5,1540,1544,4,Sunday,Feb
01/14/2015,HA,114,N492HA,HNL,OGG,632,625,-7,16,641,36,44,21,100,702,7,708,709,1,Wednesday,Jan
01/18/2015,AA,1292,N476AA,DFW,TUL,1045,1147,62,12,1159,59,63,47,237,1246,4,1144,1250,66,Sunday,Jan
01/22/2015,OO,5472,N963SW,SPI,ORD,1818,1811,-7,9,1820,64,66,46,174,1906,11,1922,1917,-5,Thursday,Jan
01/31/2015,WN,316,N935WN,PHX,LAS,1500,1508,8,19,1527,65,78,50,255,1517,9,1505,1526,21,Saturday,Jan
01/11/2015,MQ,3327,N6EAMQ,DFW,CRP,1620,1624,4,9,1633,75,73,60,354,1733,4,1735,1737,2,Sunday,Jan
01/30/2015,OO,5431,N905SW,MKE,ORD,1315,1308,-7,11,1319,53,42,21,67,1340,10,1408,1350,-18,Friday,Jan
01/28/2015,WN,1613,N424WN,SLC,PHX,1150,1148,-2,9,1157,100,90,76,507,1313,5,1330,1318,-12,Wednesday,Jan
01/24/2015,WN,3382,N8650F,PHX,MDW,1120,1117,-3,10,1127,210,203,187,1444,1534,6,1550,1540,-10,Saturday,Jan
01/31/2015,WN,2658,N494WN,LAS,BUR,2030,2019,-11,10,2029,65,55,42,223,2111,3,2135,2114,-21,Saturday,Jan
01/06/2015,WN,4212,N407WN,MDW,PHL,1005,1050,45,9,1059,110,97,83,668,1322,5,1255,1327,32,Tuesday,Jan
01/03/2015,B6,315,N309JB,SYR,JFK,1140,1129,-11,18,1147,70,66,42,209,1229,6,1250,1235,-15,Saturday,Jan
02/06/2015,WN,4529,N356SW,MCO,ISP,1600,1602,2,10,1612,145,152,138,971,1830,4,1825,1834,9,Friday,Feb
02/03/2015,OO,5479,N943SW,ORD,MBS,1010,1107,57,21,1128,70,63,38,222,1306,4,1220,1310,50,Tuesday,Feb
01/31/2015,DL,1058,N553NW,MCO,ATL,1630,1628,-2,11,1639,102,79,59,404,1738,9,1812,1747,-25,Saturday,Jan
02/10/2015,B6,1485,N374JB,BOS,PIT,830,903,33,35,938,115,121,81,496,1059,5,1025,1104,39,Tuesday,Feb
01/07/2015,AS,601,N526AS,LAS,SEA,2158,2148,-10,18,2206,151,145,123,867,9,4,29,13,-16,Wednesday,Jan
02/07/2015,EV,6050,N27152,ORD,SBN,1018,1012,-6,17,1029,48,43,22,84,1151,4,1206,1155,-11,Saturday,Feb
01/30/2015,DL,2668,N924AT,LGA,BOS,659,733,34,64,837,78,115,44,184,921,7,817,928,71,Friday,Jan
01/21/2015,WN,46,N526SW,DAL,ELP,1905,1906,1,12,1918,105,112,97,562,1955,3,1950,1958,8,Wednesday,Jan
01/16/2015,DL,743,N962DL,ATL,RDU,1740,1755,15,17,1812,82,77,56,356,1908,4,1902,1912,10,Friday,Jan
01/30/2015,UA,1598,N57855,SFO,MCO,905,914,9,22,936,303,300,271,2446,1707,7,1708,1714,6,Friday,Jan
01/25/2015,MQ,3450,N806MQ,DFW,MAF,1255,1302,7,12,1314,72,69,52,309,1406,5,1407,1411,4,Sunday,Jan
02/01/2015,WN,2266,N450WN,CLT,BWI,1950,1958,8,15,2013,85,73,54,361,2107,4,2115,2111,-4,Sunday,Feb
01/31/2015,US,686,N156UW,PHX,SFO,1759,1758,-1,21,1819,125,122,95,651,1854,6,1904,1900,-4,Saturday,Jan
02/03/2015,WN,4569,N7812G,BNA,JAX,1800,1803,3,7,1810,85,82,63,483,2013,12,2025,2025,0,Tuesday,Feb
01/02/2015,WN,2058,N268WN,PHX,ONT,815,841,26,11,852,70,63,48,325,840,4,825,844,19,Friday,Jan
01/17/2015,UA,706,N410UA,SEA,SFO,545,540,-5,15,555,137,121,103,679,738,3,802,741,-21,Saturday,Jan
01/09/2015,WN,1987,N511SW,HOU,CRP,1435,1445,10,8,1453,50,52,40,187,1533,4,1525,1537,12,Friday,Jan
01/03/2015,OO,5204,N701SK,ORD,MSY,1834,2014,100,42,2056,146,199,153,837,2329,4,2100,2333,153,Saturday,Jan
02/10/2015,DL,1323,N911DL,ATL,JAX,2030,2030,0,13,2043,68,58,41,270,2124,4,2138,2128,-10,Tuesday,Feb
01/14/2015,OO,4615,N161PQ,SLC,ABQ,2057,2055,-2,12,2107,93,87,67,493,2214,8,2230,2222,-8,Wednesday,Jan
02/04/2015,AA,2304,N492AA,TUS,DFW,1453,1449,-4,10,1459,132,125,109,813,1748,6,1805,1754,-11,Wednesday,Feb
02/01/2015,US,809,N947UW,DFW,PHL,1755,1756,1,9,1805,179,157,141,1303,2126,7,2154,2133,-21,Sunday,Feb
02/11/2015,OO,2626,N866AS,LAX,SAN,1025,1020,-5,12,1032,45,45,30,109,1102,3,1110,1105,-5,Wednesday,Feb
01/28/2015,WN,3681,N7732A,SMF,LAX,1905,1858,-7,10,1908,80,80,63,373,2011,7,2025,2018,-7,Wednesday,Jan
02/08/2015,WN,1199,N205WN,OAK,BUR,905,859,-6,16,915,65,67,49,325,1004,2,1010,1006,-4,Sunday,Feb
01/18/2015,US,602,N587UW,ORD,PHX,500,455,-5,15,510,231,212,192,1440,722,5,751,727,-24,Sunday,Jan
01/10/2015,US,1846,N835AW,TPA,DCA,1450,1442,-8,8,1450,129,114,102,814,1632,4,1659,1636,-23,Saturday,Jan
02/02/2015,DL,1365,N933DL,ATL,PIT,1705,1701,-4,18,1719,98,103,76,526,1835,9,1843,1844,1,Monday,Feb
01/07/2015,MQ,3666,N696MQ,LSE,ORD,1003,1423,260,5,1428,72,93,40,215,1508,48,1115,1556,281,Wednesday,Jan
01/06/2015,EV,3273,N31131,IAH,GRK,950,949,-1,10,959,58,49,33,166,1032,6,1048,1038,-10,Tuesday,Jan
01/24/2015,MQ,3620,N522MQ,LGA,STL,1440,1437,-3,22,1459,174,145,120,888,1559,3,1634,1602,-32,Saturday,Jan
01/16/2015,DL,1284,N332NB,MKE,DTW,1632,1628,-4,10,1638,82,59,42,237,1820,7,1854,1827,-27,Friday,Jan
01/01/2015,DL,1804,N552NW,FLL,DTW,1140,1138,-2,17,1155,190,180,156,1127,1431,7,1450,1438,-12,Thursday,Jan
02/02/2015,WN,600,N739GB,SLC,OAK,1200,1206,6,11,1217,115,101,85,588,1242,5,1255,1247,-8,Monday,Feb
01/13/2015,AA,2471,N3HEAA,FLL,DFW,744,740,-4,17,757,201,194,171,1119,948,6,1005,954,-11,Tuesday,Jan
01/26/2015,UA,156,N14237,SFO,SNA,2003,1956,-7,13,2009,85,83,66,372,2115,4,2128,2119,-9,Monday,Jan
02/05/2015,MQ,3016,N692MQ,DFW,PNS,740,738,-2,98,916,100,179,79,604,1035,2,920,1037,77,Thursday,Feb
01/19/2015,AA,1077,N4WMAA,BWI,DFW,831,822,-9,11,833,224,201,184,1217,1037,6,1115,1043,-32,Monday,Jan
01/27/2015,HA,334,N487HA,HNL,OGG,1522,1520,-2,17,1537,37,43,21,100,1558,5,1559,1603,4,Tuesday,Jan
01/07/2015,UA,1587,N78511,RSW,EWR,1459,1526,27,18,1544,165,161,133,1068,1757,10,1744,1807,23,Wednesday,Jan
01/23/2015,DL,1866,N828DN,SFO,ATL,625,621,-4,15,636,274,277,253,2139,1349,9,1359,1358,-1,Friday,Jan
01/21/2015,VX,710,N855VA,SFO,DAL,720,718,-2,16,734,195,200,179,1476,1233,5,1235,1238,3,Wednesday,Jan
02/04/2015,UA,1677,N26123,DEN,EWR,1015,1036,21,45,1121,218,235,178,1605,1619,12,1553,1631,38,Wednesday,Feb
01/14/2015,WN,1038,N654SW,PVD,MCO,1215,1217,2,18,1235,190,186,162,1072,1517,6,1525,1523,-2,Wednesday,Jan
02/10/2015,EV,6114,N17115,ICT,ORD,1802,1757,-5,7,1804,116,95,80,588,1924,8,1958,1932,-26,Tuesday,Feb
02/01/2015,WN,993,N621SW,IND,MCO,1215,1253,38,16,1309,135,133,110,829,1459,7,1430,1506,36,Sunday,Feb
01/07/2015,NK,304,N616NK,MCO,ACY,2147,9,142,11,20,123,114,99,852,159,4,2350,203,133,Wednesday,Jan
01/14/2015,EV,3940,N11113,ORD,DTW,1606,1559,-7,22,1621,83,78,48,235,1809,8,1829,1817,-12,Wednesday,Jan
01/28/2015,EV,4179,N18556,IAH,MFE,907,853,-14,16,909,78,71,50,316,959,5,1025,1004,-21,Wednesday,Jan
01/27/2015,DL,104,N912DN,ATL,BOS,725,724,-1,32,756,150,168,128,946,1004,8,955,1012,17,Tuesday,Jan
01/30/2015,WN,1931,N8616C,LAS,BWI,815,807,-8,16,823,265,258,237,2106,1520,5,1540,1525,-15,Friday,Jan
01/02/2015,B6,2301,N656JB,BUF,JFK,910,904,-6,9,913,82,65,49,301,1002,7,1032,1009,-23,Friday,Jan
01/17/2015,WN,3940,N766SW,PHX,DAL,900,900,0,9,909,135,124,111,879,1200,4,1215,1204,-11,Saturday,Jan
01/11/2015,MQ,2903,N653MQ,DFW,BTR,1005,1003,-2,17,1020,78,76,57,383,1117,2,1123,1119,-4,Sunday,Jan
01/21/2015,WN,1092,N297WN,ATL,BOS,1350,1343,-7,17,1400,155,139,113,946,1553,9,1625,1602,-23,Wednesday,Jan
02/02/2015,AA,1608,N3EVAA,DFW,SJU,1640,1645,5,12,1657,263,254,237,2165,2254,5,2303,2259,-4,Monday,Feb
01/29/2015,US,1992,N740UW,FLL,DCA,1158,1153,-5,11,1204,152,144,129,899,1413,4,1430,1417,-13,Thursday,Jan
01/31/2015,EV,4446,N12136,IAH,SHV,1953,2005,12,9,2014,59,51,35,192,2049,7,2052,2056,4,Saturday,Jan
01/05/2015,EV,5233,N917EV,ABE,DTW,1716,1717,1,9,1726,109,128,95,425,1901,24,1905,1925,20,Monday,Jan
01/22/2015,AS,406,N525AS,PDX,SJC,600,546,-14,14,600,100,102,84,569,724,4,740,728,-12,Thursday,Jan
01/24/2015,MQ,2982,N650MQ,ORD,RST,805,800,-5,11,811,70,59,44,268,855,4,915,859,-16,Saturday,Jan
01/10/2015,WN,2823,N637SW,BWI,PBI,830,844,14,15,859,160,150,130,883,1109,5,1110,1114,4,Saturday,Jan
01/16/2015,EV,4352,N14902,CVG,EWR,1933,1927,-6,18,1945,118,126,94,569,2119,14,2131,2133,2,Friday,Jan
01/01/2015,B6,275,N834JB,BDL,SJU,1415,1405,-10,11,1416,233,216,189,1666,1825,16,1908,1841,-27,Thursday,Jan
02/04/2015,B6,1304,N559JB,SJU,JFK,1555,1550,-5,16,1606,247,251,228,1598,1854,7,1902,1901,-1,Wednesday,Feb
01/07/2015,MQ,3158,N655MQ,ORD,SGF,925,1026,61,13,1039,95,92,73,438,1152,6,1100,1158,58,Wednesday,Jan
02/02/2015,WN,2238,N463WN,LAX,STL,1340,1353,13,11,1404,210,200,185,1592,1909,4,1910,1913,3,Monday,Feb
02/03/2015,OO,5600,N772SK,BUR,SFO,1933,1931,-2,13,1944,80,79,62,326,2046,4,2053,2050,-3,Tuesday,Feb
01/29/2015,OO,4551,N781CA,RDM,SLC,615,605,-10,16,621,99,104,82,525,843,6,854,849,-5,Thursday,Jan
01/17/2015,MQ,3030,N650MQ,ORD,BUF,745,743,-2,11,754,86,78,64,473,958,3,1011,1001,-10,Saturday,Jan
01/31/2015,AA,1297,N3LBAA,LGA,MIA,600,550,-10,29,619,193,182,145,1096,844,8,913,852,-21,Saturday,Jan
01/31/2015,AS,822,N596AS,OGG,PDX,2305,2339,34,8,2347,329,279,265,2562,612,6,634,618,-16,Saturday,Jan
02/09/2015,EV,3924,N15973,MFE,IAH,654,644,-10,12,656,76,84,64,316,800,8,810,808,-2,Monday,Feb
02/09/2015,WN,2242,N8623F,BWI,MHT,2005,2059,54,14,2113,80,81,61,377,2214,6,2125,2220,55,Monday,Feb
01/29/2015,DL,410,N374DA,DEN,JFK,1055,1110,15,11,1121,219,212,193,1626,1634,8,1634,1642,8,Thursday,Jan
01/18/2015,AA,1537,N3FAAA,MCO,ORD,1145,1138,-7,13,1151,173,169,148,1005,1319,8,1338,1327,-11,Sunday,Jan
01/06/2015,DL,1321,N362NW,BUF,DTW,615,616,1,37,653,94,94,46,241,739,11,749,750,1,Tuesday,Jan
01/22/2015,MQ,3050,N643MQ,DFW,VPS,2010,2017,7,15,2032,108,111,88,641,2200,8,2158,2208,10,Thursday,Jan
01/31/2015,OO,2590,N868CA,SAN,LAX,2011,2003,-8,16,2019,49,55,24,109,2043,15,2100,2058,-2,Saturday,Jan
01/04/2015,AS,456,N517AS,SEA,LAX,1955,1957,2,18,2015,150,145,114,954,2209,13,2225,2222,-3,Sunday,Jan
01/05/2015,DL,1322,N946DN,PHL,DTW,715,709,-6,10,719,111,100,83,453,842,7,906,849,-17,Monday,Jan
02/05/2015,WN,523,N421LV,MCI,LAS,1115,1115,0,10,1125,190,175,160,1139,1205,5,1225,1210,-15,Thursday,Feb
01/29/2015,US,2006,N703UW,CLT,RIC,2015,2008,-7,12,2020,66,59,42,257,2102,5,2121,2107,-14,Thursday,Jan
02/03/2015,EV,5180,N761ND,CLE,LGA,1408,1637,149,15,1652,92,135,61,419,1753,59,1540,1852,192,Tuesday,Feb
01/15/2015,AA,137,N3GUAA,DCA,DFW,734,731,-3,16,747,221,215,186,1192,953,13,1015,1006,-9,Thursday,Jan
01/09/2015,WN,1621,N703SW,SDF,TPA,1320,1314,-6,11,1325,125,122,106,727,1511,5,1525,1516,-9,Friday,Jan
01/24/2015,AA,1281,N3HGAA,EWR,PHX,1029,1103,34,33,1136,331,320,281,2133,1417,6,1400,1423,23,Saturday,Jan
01/21/2015,WN,3300,N794SW,BOS,BWI,950,946,-4,11,957,100,86,66,369,1103,9,1130,1112,-18,Wednesday,Jan
01/08/2015,EV,6159,N16147,ORD,MCI,1205,1229,24,27,1256,97,102,69,403,1405,6,1342,1411,29,Thursday,Jan
01/14/2015,AA,1151,N586AA,DEN,DFW,1446,1449,3,12,1501,119,101,85,641,1726,4,1745,1730,-15,Wednesday,Jan
01/26/2015,AA,65,N3GXAA,JFK,DFW,1615,1615,0,57,1712,256,260,191,1391,1923,12,1931,1935,4,Monday,Jan
02/01/2015,DL,1434,N548US,HNL,LAX,1615,1611,-4,12,1623,334,303,280,2556,2303,11,2349,2314,-35,Sunday,Feb
01/06/2015,WN,12,N491WN,DAL,MCI,1035,1033,-2,7,1040,85,80,67,460,1147,6,1200,1153,-7,Tuesday,Jan
02/01/2015,OO,6521,N967SW,SAN,DEN,1449,1448,-1,17,1505,138,148,123,853,1808,8,1807,1816,9,Sunday,Feb
01/29/2015,DL,221,N921DL,LGA,ATL,1500,1456,-4,20,1516,173,141,115,762,1711,6,1753,1717,-36,Thursday,Jan
01/26/2015,DL,1142,N987AT,ATL,HOU,1455,1457,2,11,1508,147,115,102,696,1550,2,1622,1552,-30,Monday,Jan
01/29/2015,OO,5377,N569SW,LAX,CLD,725,716,-9,14,730,46,44,24,86,754,6,811,800,-11,Thursday,Jan
02/10/2015,EV,5028,N758EV,STL,MSP,1703,1714,11,8,1722,95,112,100,448,1902,4,1838,1906,28,Tuesday,Feb
02/03/2015,EV,4510,N14179,RIC,EWR,711,721,10,27,748,82,90,53,277,841,10,833,851,18,Tuesday,Feb
01/15/2015,OO,6410,N941SW,BUR,SFO,1704,1722,18,36,1758,86,103,59,326,1857,8,1830,1905,35,Thursday,Jan
02/09/2015,EV,5487,N883AS,DTW,BHM,841,848,7,36,924,131,123,84,625,948,3,952,951,-1,Monday,Feb
01/20/2015,MQ,3574,N639MQ,MIA,CMH,929,926,-3,27,953,164,160,129,990,1202,4,1213,1206,-7,Tuesday,Jan
01/06/2015,WN,689,N940WN,LAS,ABQ,1320,1326,6,15,1341,85,90,67,486,1548,8,1545,1556,11,Tuesday,Jan
01/07/2015,B6,795,N597JB,JFK,AUS,830,826,-4,16,842,267,262,243,1521,1145,3,1157,1148,-9,Wednesday,Jan
01/01/2015,WN,678,N7752B,GRR,DEN,805,756,-9,12,808,190,183,164,1015,852,7,915,859,-16,Thursday,Jan
01/26/2015,OO,4706,N441SW,ISN,MSP,1340,1332,-8,25,1357,104,101,69,546,1506,7,1524,1513,-11,Monday,Jan
01/04/2015,MQ,3674,N615MQ,DFW,GRK,1315,1401,46,10,1411,43,45,31,134,1442,4,1358,1446,48,Sunday,Jan
01/15/2015,VX,501,N637VA,JFK,FLL,800,1052,172,11,1103,185,167,149,1069,1332,7,1105,1339,154,Thursday,Jan
01/30/2015,OO,2699,N896SK,ABQ,PHX,1225,1241,16,47,1328,83,120,67,328,1435,6,1348,1441,53,Friday,Jan
01/30/2015,WN,342,N400WN,SAN,SJC,1800,1816,16,12,1828,80,79,62,417,1930,5,1920,1935,15,Friday,Jan
02/04/2015,AS,40,N768AS,ADQ,ANC,1725,1716,-9,5,1721,50,51,42,253,1803,4,1815,1807,-8,Wednesday,Feb
01/03/2015,DL,1326,N550NW,FLL,DTW,945,940,-5,23,1003,184,170,140,1127,1223,7,1249,1230,-19,Saturday,Jan
01/02/2015,OO,6415,N679SA,DEN,GTF,1040,1101,21,13,1114,120,108,91,624,1245,4,1240,1249,9,Friday,Jan
02/08/2015,WN,4814,N608SW,RIC,ATL,1625,1623,-2,12,1635,105,96,77,481,1752,7,1810,1759,-11,Sunday,Feb
02/05/2015,DL,1071,N393DA,MKE,MSP,700,714,14,18,732,90,78,56,297,828,4,830,832,2,Thursday,Feb
02/10/2015,EV,4634,N11127,RDU,IAH,1441,1432,-9,28,1500,198,196,158,1042,1638,10,1659,1648,-11,Tuesday,Feb
02/04/2015,UA,574,N836UA,ORD,IAH,2015,2035,20,17,2052,167,152,127,925,2259,8,2302,2307,5,Wednesday,Feb
01/17/2015,UA,1542,N76503,BOS,EWR,715,710,-5,17,727,86,85,51,200,818,17,841,835,-6,Saturday,Jan
01/20/2015,AA,168,N376AA,DFW,SFO,755,751,-4,19,810,232,231,208,1464,938,4,947,942,-5,Tuesday,Jan
02/01/2015,OO,6347,N118SY,SFO,AUS,1300,1254,-6,19,1313,208,208,184,1504,1817,5,1828,1822,-6,Sunday,Feb
01/24/2015,WN,2707,N232WN,PHX,SFO,1150,1146,-4,10,1156,130,110,95,651,1231,5,1300,1236,-24,Saturday,Jan
01/31/2015,DL,1182,N925DN,ATL,SDF,2205,2203,-2,14,2217,79,76,55,321,2312,7,2324,2319,-5,Saturday,Jan
01/28/2015,OO,4452,N161PQ,LAX,OAK,1130,1126,-4,20,1146,87,77,53,337,1239,4,1257,1243,-14,Wednesday,Jan
02/10/2015,WN,2587,N265WN,BWI,FLL,615,610,-5,39,649,160,167,123,925,852,5,855,857,2,Tuesday,Feb
01/25/2015,WN,1437,N228WN,BWI,ISP,1355,1349,-6,9,1358,60,58,44,220,1442,5,1455,1447,-8,Sunday,Jan
01/19/2015,UA,1747,N13716,MIA,ORD,1350,1351,1,14,1405,200,190,171,1197,1556,5,1610,1601,-9,Monday,Jan
01/04/2015,MQ,2970,N655MQ,FAR,ORD,1720,2003,163,11,2014,120,137,78,557,2132,48,1920,2220,180,Sunday,Jan
01/06/2015,WN,216,N959WN,MCO,ALB,1850,1933,43,16,1949,160,158,139,1073,2208,3,2130,2211,41,Tuesday,Jan
01/13/2015,EV,4415,N15985,SAV,IAH,1645,1638,-7,10,1648,170,165,147,851,1815,8,1835,1823,-12,Tuesday,Jan
01/21/2015,WN,3130,N8646B,PBI,ISP,1940,2010,30,9,2019,160,150,136,1052,2235,5,2220,2240,20,Wednesday,Jan
01/02/2015,DL,1925,N837MH,ATL,SLC,1050,1049,-1,24,1113,262,245,216,1590,1249,5,1312,1254,-18,Friday,Jan
01/15/2015,DL,1942,N968AT,ATL,EWR,1245,1243,-2,19,1302,134,120,98,746,1440,3,1459,1443,-16,Thursday,Jan
01/10/2015,WN,3088,N717SA,EWR,MSY,1330,1334,4,15,1349,225,195,176,1167,1545,4,1615,1549,-26,Saturday,Jan
01/27/2015,AA,1030,N479AA,DFW,JAX,1115,1112,-3,9,1121,131,124,110,918,1411,5,1426,1416,-10,Tuesday,Jan
02/04/2015,AS,67,N592AS,KTN,SIT,1644,1637,-7,16,1653,60,51,32,183,1725,3,1744,1728,-16,Wednesday,Feb
01/08/2015,AA,266,N5DFAA,LIH,LAX,1505,1505,0,18,1523,328,310,288,2615,2211,4,2233,2215,-18,Thursday,Jan
01/28/2015,OO,4742,N803SK,SNA,SLC,705,701,-4,16,717,119,100,78,588,935,6,1004,941,-23,Wednesday,Jan
01/06/2015,MQ,3399,N616MQ,FSM,DFW,1850,1851,1,4,1855,69,56,42,227,1937,10,1959,1947,-12,Tuesday,Jan
02/10/2015,WN,158,N423WN,PDX,DEN,600,555,-5,14,609,145,141,122,991,911,5,925,916,-9,Tuesday,Feb
01/16/2015,US,1938,N710UW,BNA,CLT,1709,1702,-7,11,1713,76,72,54,328,1907,7,1925,1914,-11,Friday,Jan
01/17/2015,WN,4565,N900WN,MSP,MDW,1045,1039,-6,9,1048,90,80,67,349,1155,4,1215,1159,-16,Saturday,Jan
01/16/2015,DL,440,N722TW,JFK,LAX,1135,1131,-4,19,1150,390,353,327,2475,1417,7,1505,1424,-41,Friday,Jan
02/08/2015,AA,2311,N3KTAA,SEA,DFW,1551,1545,-6,11,1556,219,202,186,1660,2102,5,2130,2107,-23,Sunday,Feb
01/11/2015,B6,328,N535JB,MCO,EWR,1955,1953,-2,12,2005,152,141,123,937,2208,6,2227,2214,-13,Sunday,Jan
01/27/2015,OO,5391,N982SW,MRY,LAX,1804,1804,0,12,1816,77,71,48,266,1904,11,1921,1915,-6,Tuesday,Jan
02/03/2015,UA,219,N214UA,ORD,HNL,1015,1100,45,32,1132,559,575,528,4243,1620,15,1534,1635,61,Tuesday,Feb
01/11/2015,DL,981,N557NW,BOS,ATL,1210,1210,0,14,1224,184,166,145,946,1449,7,1514,1456,-18,Sunday,Jan
01/17/2015,OO,5347,N973SW,LAX,MRY,1625,1619,-6,12,1631,69,63,46,266,1717,5,1734,1722,-12,Saturday,Jan
02/05/2015,VX,169,N631VA,EWR,LAX,1725,1722,-3,26,1748,385,362,324,2454,2012,12,2050,2024,-26,Thursday,Feb
01/29/2015,EV,6132,N12967,BHM,ORD,909,859,-10,8,907,126,116,101,584,1048,7,1115,1055,-20,Thursday,Jan
01/19/2015,DL,2171,N319NB,SDF,ATL,730,724,-6,14,738,93,76,55,321,833,7,903,840,-23,Monday,Jan
01/26/2015,DL,1470,N930DL,CLE,ATL,1116,1116,0,14,1130,118,101,81,554,1251,6,1314,1257,-17,Monday,Jan
01/30/2015,WN,4995,N370SW,TPA,PIT,1650,1653,3,14,1707,135,156,132,873,1919,10,1905,1929,24,Friday,Jan
02/05/2015,DL,1662,N806DN,SAN,ATL,810,813,3,12,825,242,236,218,1892,1503,6,1512,1509,-3,Thursday,Feb
01/21/2015,US,2124,N758US,DCA,BOS,1730,1728,-2,22,1750,91,87,58,399,1848,7,1901,1855,-6,Wednesday,Jan
02/03/2015,DL,2537,N958DL,ATL,EWR,1512,1511,-1,11,1522,135,114,97,746,1659,6,1727,1705,-22,Tuesday,Feb
01/17/2015,AA,2373,N582AA,DFW,BNA,2025,2024,-1,16,2040,101,104,76,631,2156,12,2206,2208,2,Saturday,Jan
02/06/2015,WN,3049,N653SW,HOU,LAX,625,631,6,12,643,235,209,189,1390,752,8,820,800,-20,Friday,Feb
01/06/2015,WN,373,N663SW,BUR,OAK,930,931,1,9,940,70,65,49,325,1029,7,1040,1036,-4,Tuesday,Jan
01/15/2015,EV,4704,N14158,IAH,CHS,1033,1043,10,16,1059,138,133,110,925,1349,7,1351,1356,5,Thursday,Jan
01/23/2015,WN,791,N435WN,OAK,LAS,1730,1725,-5,7,1732,85,89,75,407,1847,7,1855,1854,-1,Friday,Jan
02/09/2015,US,1850,N119US,PHL,MCO,650,645,-5,13,658,160,137,120,861,858,4,930,902,-28,Monday,Feb
02/10/2015,WN,437,N904WN,SNA,LAS,1610,1733,83,3,1736,65,51,43,226,1819,5,1715,1824,69,Tuesday,Feb
01/18/2015,F9,1220,N905FR,MCO,ILG,1825,1809,-16,12,1821,133,134,110,841,2011,12,2038,2023,-15,Sunday,Jan
01/20/2015,UA,1721,N69838,SFO,KOA,905,858,-7,23,921,336,328,300,2367,1221,5,1241,1226,-15,Tuesday,Jan
01/17/2015,WN,2555,N457WN,TPA,ALB,805,801,-4,14,815,160,160,143,1130,1038,3,1045,1041,-4,Saturday,Jan
02/04/2015,UA,677,N435UA,RNO,DEN,1319,1337,18,20,1357,134,122,97,804,1634,5,1633,1639,6,Wednesday,Feb
01/11/2015,OO,7432,N431SW,SLC,TWF,1355,1353,-2,18,1411,47,55,32,175,1443,5,1442,1448,6,Sunday,Jan
01/20/2015,DL,2198,N965DN,MSP,DTW,824,820,-4,11,831,110,100,80,528,1051,9,1114,1100,-14,Tuesday,Jan
02/05/2015,AS,501,N618AS,SNA,SEA,1000,1002,2,12,1014,160,150,132,978,1226,6,1240,1232,-8,Thursday,Feb
01/09/2015,DL,2333,N323NB,MSP,SLC,1918,1919,1,7,1926,170,154,143,991,2049,4,2108,2053,-15,Friday,Jan
01/21/2015,WN,15,N732SW,DAL,HOU,1000,1000,0,7,1007,65,57,45,239,1052,5,1105,1057,-8,Wednesday,Jan
02/03/2015,EV,2544,N907EV,DFW,FSD,2010,2020,10,10,2030,127,120,107,737,2217,3,2217,2220,3,Tuesday,Feb
01/21/2015,AA,916,N3DVAA,MIA,DCA,2110,2104,-6,11,2115,148,140,123,919,2318,6,2338,2324,-14,Wednesday,Jan
01/08/2015,MQ,2946,N670MQ,LCH,DFW,720,719,-1,12,731,80,96,52,295,823,32,840,855,15,Thursday,Jan
01/31/2015,WN,4062,N613SW,DEN,SAT,1055,1047,-8,13,1100,125,141,121,794,1401,7,1400,1408,8,Saturday,Jan
01/22/2015,EV,4473,N12563,ORD,TVC,1320,1316,-4,11,1327,69,56,42,224,1509,3,1529,1512,-17,Thursday,Jan
01/02/2015,WN,3487,N392SW,LAS,PHX,620,616,-4,13,629,65,61,40,255,809,8,825,817,-8,Friday,Jan
01/16/2015,OO,6192,N971SW,DEN,SBA,1138,1137,-1,29,1206,160,166,133,916,1319,4,1318,1323,5,Friday,Jan
02/09/2015,B6,611,N534JB,JFK,LAS,2129,2127,-2,33,2200,349,358,319,2248,19,6,18,25,7,Monday,Feb
02/01/2015,WN,2059,N658SW,LAS,SMF,1830,1838,8,12,1850,90,91,75,397,2005,4,2000,2009,9,Sunday,Feb
01/31/2015,MQ,3630,N941MQ,PIA,DFW,1138,1128,-10,13,1141,137,126,102,672,1323,11,1355,1334,-21,Saturday,Jan
02/05/2015,WN,1106,N270WN,TPA,STL,800,757,-3,15,812,145,143,123,869,915,5,925,920,-5,Thursday,Feb
01/15/2015,UA,739,N848UA,PHX,IAH,1628,1803,95,12,1815,154,137,119,1009,2114,6,2002,2120,78,Thursday,Jan
01/22/2015,OO,6311,N292SW,LAX,PSP,2226,2220,-6,14,2234,53,49,31,110,2305,4,2319,2309,-10,Thursday,Jan
02/06/2015,HA,236,N477HA,HNL,OGG,1755,1804,9,11,1815,37,40,24,100,1839,5,1832,1844,12,Friday,Feb
01/24/2015,WN,3625,N756SA,LAX,SMF,750,748,-2,12,800,80,79,64,373,904,3,910,907,-3,Saturday,Jan
02/11/2015,DL,2125,N3737C,ATL,BWI,956,956,0,22,1018,113,101,74,577,1132,5,1149,1137,-12,Wednesday,Feb
01/11/2015,AA,1689,N3GGAA,MIA,MSP,2015,2012,-3,24,2036,240,224,195,1501,2251,5,2315,2256,-19,Sunday,Jan
01/15/2015,US,447,N571UW,CLT,DEN,2020,2022,2,24,2046,226,217,186,1337,2152,7,2206,2159,-7,Thursday,Jan
01/31/2015,EV,5035,N611QX,RIC,DTW,1230,1223,-7,15,1238,119,121,98,456,1416,8,1429,1424,-5,Saturday,Jan
01/09/2015,EV,5781,N16963,LRD,IAH,1340,1335,-5,14,1349,74,72,52,301,1441,6,1454,1447,-7,Friday,Jan
02/04/2015,DL,2436,N3731T,DTW,SEA,835,835,0,42,917,319,343,292,1927,1109,9,1054,1118,24,Wednesday,Feb
01/31/2015,AA,2470,N642AA,BOS,DFW,1315,1314,-1,26,1340,271,260,224,1562,1624,10,1646,1634,-12,Saturday,Jan
01/03/2015,OO,2640,N423SW,ORD,ICT,1605,1828,143,16,1844,110,129,103,588,2027,10,1755,2037,162,Saturday,Jan
02/04/2015,WN,134,N741SA,ABQ,HOU,655,652,-3,12,704,120,115,99,759,943,4,955,947,-8,Wednesday,Feb
01/07/2015,EV,4672,N12900,EWR,STL,2030,2124,54,31,2155,176,171,134,872,2309,6,2226,2315,49,Wednesday,Jan
01/10/2015,B6,668,N206JB,PSE,MCO,304,246,-18,12,258,185,171,155,1179,433,4,509,437,-32,Saturday,Jan
02/07/2015,AA,245,N3LTAA,DCA,LAX,1710,1704,-6,12,1716,357,327,310,2311,1926,5,2007,1931,-36,Saturday,Feb
02/05/2015,WN,19,N523SW,DAL,HOU,1100,1113,13,8,1121,65,56,45,239,1206,3,1205,1209,4,Thursday,Feb
01/19/2015,OO,4991,N912SW,BFL,DEN,1321,1323,2,12,1335,144,134,113,845,1628,9,1645,1637,-8,Monday,Jan
01/06/2015,AA,1053,N565AA,DFW,RNO,1750,1807,17,12,1819,217,185,167,1345,1906,6,1927,1912,-15,Tuesday,Jan
01/16/2015,OO,4493,N781CA,BZN,SLC,1314,1311,-3,12,1323,76,85,69,347,1432,4,1430,1436,6,Friday,Jan
01/30/2015,EV,4924,N133EV,ECP,ATL,948,945,-3,12,957,67,61,43,240,1140,6,1155,1146,-9,Friday,Jan
01/06/2015,DL,2407,N692DL,ATL,DAB,2059,2059,0,17,2116,78,73,51,366,2207,5,2217,2212,-5,Tuesday,Jan
02/06/2015,UA,1130,N73291,LAX,ORD,700,657,-3,20,717,243,248,203,1744,1240,25,1303,1305,2,Friday,Feb
02/06/2015,MQ,3162,N668MQ,CVG,DFW,1720,1735,15,13,1748,165,145,123,812,1851,9,1905,1900,-5,Friday,Feb
02/02/2015,OO,4506,N459SW,BIS,MSP,1107,1058,-9,11,1109,82,73,56,386,1205,6,1229,1211,-18,Monday,Feb
01/02/2015,HA,297,N487HA,KOA,HNL,1659,1734,35,13,1747,44,60,31,163,1818,16,1743,1834,51,Friday,Jan
02/10/2015,WN,220,N247WN,MSY,LAX,1025,1038,13,5,1043,275,237,222,1670,1225,10,1300,1235,-25,Tuesday,Feb
01/11/2015,B6,2302,N775JB,JFK,BUF,1630,1735,65,33,1808,89,96,57,301,1905,6,1759,1911,72,Sunday,Jan
01/09/2015,UA,636,N833UA,MCI,ORD,1842,1914,32,22,1936,96,142,64,403,2040,56,2018,2136,78,Friday,Jan
01/20/2015,AA,1463,N3FXAA,FLL,ORD,1155,1154,-1,13,1207,205,196,178,1182,1405,5,1420,1410,-10,Tuesday,Jan
02/11/2015,DL,2415,N933AT,ATL,EWR,2145,2141,-4,9,2150,126,107,95,746,2325,3,2351,2328,-23,Wednesday,Feb
01/12/2015,EV,5171,N232PQ,MGM,ATL,1339,1702,203,10,1712,55,56,33,147,1845,13,1534,1858,204,Monday,Jan
01/09/2015,F9,1024,N921FR,MKE,MCO,1445,1616,91,8,1624,160,161,140,1066,1944,13,1825,1957,92,Friday,Jan
01/03/2015,WN,2161,N600WN,BNA,CMH,1030,1044,14,8,1052,70,72,60,337,1252,4,1240,1256,16,Saturday,Jan
01/31/2015,OO,4994,N715SK,SFO,OKC,1615,1723,68,17,1740,191,190,165,1384,2225,8,2126,2233,67,Saturday,Jan
02/09/2015,UA,1293,N33294,DEN,BIL,1110,1107,-3,13,1120,94,83,66,455,1226,4,1244,1230,-14,Monday,Feb
01/10/2015,F9,1279,N947FR,PHL,MCO,530,541,11,14,555,160,144,125,861,800,5,810,805,-5,Saturday,Jan
01/20/2015,UA,884,N465UA,ORD,EWR,1808,1805,-3,19,1824,131,121,95,719,2059,7,2119,2106,-13,Tuesday,Jan
01/16/2015,DL,1866,N825DN,SFO,ATL,625,622,-3,22,644,274,275,246,2139,1350,7,1359,1357,-2,Friday,Jan
01/03/2015,B6,790,N267JB,DCA,BOS,1655,1646,-9,17,1703,88,78,56,399,1759,5,1823,1804,-19,Saturday,Jan
02/05/2015,EV,4728,N11539,IAH,CLL,1135,1126,-9,41,1207,44,67,21,74,1228,5,1219,1233,14,Thursday,Feb
01/07/2015,US,1908,N165US,CLT,ORD,1800,2016,136,12,2028,129,117,97,599,2105,8,1909,2113,124,Wednesday,Jan
01/23/2015,DL,1598,N966DL,JAX,ATL,530,526,-4,11,537,70,66,47,270,624,8,640,632,-8,Friday,Jan
01/05/2015,WN,106,N7707C,LAX,DEN,2005,2050,45,6,2056,130,133,121,862,2357,6,2315,3,48,Monday,Jan
01/29/2015,US,500,N650AW,SEA,PHX,1500,1459,-1,17,1516,167,180,158,1107,1854,5,1847,1859,12,Thursday,Jan
01/28/2015,WN,48,N7724A,BNA,HOU,1515,1512,-3,9,1521,135,116,101,670,1702,6,1730,1708,-22,Wednesday,Jan
01/25/2015,DL,101,N825DN,LAX,ATL,1115,1128,13,12,1140,254,251,235,1947,1835,4,1829,1839,10,Sunday,Jan
01/27/2015,WN,617,N235WN,HOU,ATL,1705,1706,1,8,1714,110,123,110,696,2004,5,1955,2009,14,Tuesday,Jan
01/30/2015,B6,573,N510JB,EWR,TPA,1500,1458,-2,19,1517,181,161,136,997,1733,6,1801,1739,-22,Friday,Jan
01/28/2015,DL,831,N338NW,LGA,DTW,720,717,-3,32,749,126,114,75,502,904,7,926,911,-15,Wednesday,Jan
02/08/2015,EV,5363,N744EV,DTW,LIT,1356,1351,-5,13,1404,143,124,106,705,1450,5,1519,1455,-24,Sunday,Feb
01/13/2015,WN,4926,N7815L,SAN,SMF,1250,1246,-4,9,1255,90,86,74,480,1409,3,1420,1412,-8,Tuesday,Jan
01/19/2015,DL,2159,N992DL,JFK,MCO,1825,1832,7,31,1903,193,176,138,944,2121,7,2138,2128,-10,Monday,Jan
01/27/2015,EV,4194,N13964,CVG,IAH,1842,1834,-8,13,1847,163,138,118,871,1945,7,2025,1952,-33,Tuesday,Jan
02/11/2015,WN,775,N8321D,SAN,PHX,650,647,-3,27,714,80,86,51,304,905,8,910,913,3,Wednesday,Feb
01/29/2015,WN,354,N742SW,MCO,SAN,1730,1726,-4,8,1734,330,316,303,2149,1937,5,2000,1942,-18,Thursday,Jan
01/29/2015,WN,114,N293WN,ATL,DAL,915,910,-5,15,925,150,137,119,721,1024,3,1045,1027,-18,Thursday,Jan
01/27/2015,DL,2348,N6707A,SLC,DTW,1120,1115,-5,22,1137,212,210,183,1481,1640,5,1652,1645,-7,Tuesday,Jan
01/30/2015,AA,1106,N4YCAA,DFW,CLE,1845,1845,0,13,1858,154,149,132,1021,2210,4,2219,2214,-5,Friday,Jan
01/02/2015,UA,581,N529UA,DEN,IAD,823,854,31,15,909,188,172,151,1452,1340,6,1331,1346,15,Friday,Jan
01/19/2015,OO,6345,N593ML,LNK,DEN,1256,1301,5,10,1311,93,86,71,423,1322,5,1329,1327,-2,Monday,Jan
01/26/2015,WN,1885,N755SA,IND,HOU,1820,1819,-1,6,1825,165,125,116,861,1921,3,2005,1924,-41,Monday,Jan
02/07/2015,EV,4648,N14179,MOB,IAH,625,620,-5,25,645,97,104,69,427,754,10,802,804,2,Saturday,Feb
01/05/2015,WN,1637,N457WN,STL,DEN,1945,1956,11,11,2007,150,143,126,770,2113,6,2115,2119,4,Monday,Jan
01/10/2015,UA,1688,N68821,ORD,SJU,810,854,44,22,916,280,267,238,2072,1514,7,1450,1521,31,Saturday,Jan
02/12/2015,WN,786,N777QC,SAN,OAK,1140,1138,-2,7,1145,90,76,64,446,1249,5,1310,1254,-16,Thursday,Feb
01/30/2015,WN,355,N204WN,OAK,SNA,1720,1747,27,10,1757,80,77,63,371,1900,4,1840,1904,24,Friday,Jan
01/04/2015,WN,4484,N782SA,ORF,BWI,2015,2148,93,18,2206,65,68,42,159,2248,8,2120,2256,96,Sunday,Jan
01/18/2015,VX,715,N523VA,DCA,DAL,1125,1116,-9,13,1129,210,188,165,1184,1314,10,1355,1324,-31,Sunday,Jan
01/29/2015,NK,394,N532NK,LAS,PHL,1108,1103,-5,11,1114,274,264,242,2176,1816,11,1842,1827,-15,Thursday,Jan
02/10/2015,WN,496,N784SW,BNA,BWI,1815,1811,-4,8,1819,95,94,78,587,2037,8,2050,2045,-5,Tuesday,Feb
01/17/2015,MQ,2982,N671MQ,ORD,RST,805,758,-7,16,814,70,70,49,268,903,5,915,908,-7,Saturday,Jan
01/19/2015,US,454,N508AY,PHX,SLC,2115,2114,-1,20,2134,100,99,74,507,2248,5,2255,2253,-2,Monday,Jan
02/06/2015,US,1906,N751UW,ORF,CLT,710,703,-7,15,718,89,98,69,290,827,14,839,841,2,Friday,Feb
01/15/2015,MQ,3373,N925MQ,CLL,DFW,1825,1814,-11,9,1823,59,54,34,164,1857,11,1924,1908,-16,Thursday,Jan
01/29/2015,WN,130,N436WN,SMF,LAS,1715,1713,-2,10,1723,80,77,61,397,1824,6,1835,1830,-5,Thursday,Jan
01/21/2015,AA,1300,N3FPAA,SNA,DFW,645,711,26,13,724,183,156,136,1205,1140,7,1148,1147,-1,Wednesday,Jan
01/09/2015,MQ,2979,N645MQ,DFW,GRK,2205,2201,-4,15,2216,44,47,29,134,2245,3,2249,2248,-1,Friday,Jan
01/16/2015,UA,493,N463UA,ORD,SFO,1700,1719,19,23,1742,290,284,257,1846,1959,4,1950,2003,13,Friday,Jan
02/06/2015,WN,759,N8652B,DEN,MCI,1930,1936,6,15,1951,90,91,70,533,2201,6,2200,2207,7,Friday,Feb
01/30/2015,EV,6105,N16541,IAH,BRO,907,856,-11,26,922,76,90,58,308,1020,6,1023,1026,3,Friday,Jan
01/16/2015,US,2034,N819AW,RDU,CLT,1940,1941,1,11,1952,61,50,34,130,2026,5,2041,2031,-10,Friday,Jan
01/07/2015,MQ,3351,N902MQ,SAV,DFW,1728,1730,2,18,1748,182,183,152,925,1920,13,1930,1933,3,Wednesday,Jan
01/08/2015,AA,1684,N3EJAA,EWR,MIA,1115,1115,0,17,1132,190,173,147,1085,1359,9,1425,1408,-17,Thursday,Jan
01/05/2015,EV,5398,N686BR,ATL,EWN,1454,1452,-2,13,1505,81,75,60,433,1605,2,1615,1607,-8,Monday,Jan
01/04/2015,F9,190,N954FR,DEN,FAR,1553,1633,40,13,1646,103,105,86,627,1912,6,1836,1918,42,Sunday,Jan
02/02/2015,DL,1410,N331NW,DEN,DTW,1615,1621,6,15,1636,165,161,134,1123,2050,12,2100,2102,2,Monday,Feb
01/09/2015,MQ,3148,N531MQ,DTW,ORD,646,706,20,40,746,89,100,48,235,734,12,715,746,31,Friday,Jan
01/10/2015,UA,255,N514UA,DEN,SAN,1900,1858,-2,14,1912,145,132,114,853,2006,4,2025,2010,-15,Saturday,Jan
01/10/2015,US,1859,N713UW,JAX,CLT,845,839,-6,12,851,89,78,58,328,949,8,1014,957,-17,Saturday,Jan
02/11/2015,EV,4667,N11121,EWR,MSP,1435,1425,-10,10,1435,195,205,148,1008,1603,47,1650,1650,0,Wednesday,Feb
02/02/2015,AA,1151,N575AA,DFW,DEN,1300,1258,-2,22,1320,126,130,101,641,1401,7,1406,1408,2,Monday,Feb
01/18/2015,B6,499,N605JB,LGA,MCO,2100,2126,26,20,2146,169,160,137,950,3,3,2349,6,17,Sunday,Jan
01/11/2015,AA,244,N3FWAA,SNA,DFW,855,848,-7,33,921,172,193,147,1205,1348,13,1347,1401,14,Sunday,Jan
01/20/2015,AA,290,N3EVAA,AUS,JFK,1000,956,-4,18,1014,212,223,192,1521,1426,13,1432,1439,7,Tuesday,Jan
01/04/2015,OO,5228,N758SK,LAX,MSP,1859,1904,5,30,1934,218,243,205,1535,59,8,37,107,30,Sunday,Jan
02/03/2015,DL,1468,N975AT,DTW,ORD,1015,1014,-1,25,1039,95,93,46,235,1025,22,1050,1047,-3,Tuesday,Feb
01/09/2015,EV,4181,N11164,MCI,EWR,1724,1723,-1,11,1734,169,158,133,1092,2047,14,2113,2101,-12,Friday,Jan
02/08/2015,US,1949,N751UW,CLT,RDU,1120,1118,-2,12,1130,49,44,30,130,1200,2,1209,1202,-7,Sunday,Feb
02/08/2015,AA,1228,N488AA,DFW,SLC,1520,1554,34,21,1615,170,175,147,989,1742,7,1710,1749,39,Sunday,Feb
02/11/2015,UA,503,N548UA,BOS,SFO,1727,1824,57,13,1837,394,357,338,2704,2115,6,2101,2121,20,Wednesday,Feb
01/03/2015,AA,1209,N3MDAA,TPA,LAX,725,723,-2,11,734,330,318,295,2158,929,12,955,941,-14,Saturday,Jan
01/07/2015,AA,1305,N582AA,DSM,DFW,639,939,180,11,950,136,109,89,624,1119,9,855,1128,153,Wednesday,Jan
01/19/2015,DL,2144,N335NB,DTW,DCA,1726,1726,0,15,1741,92,83,65,405,1846,3,1858,1849,-9,Monday,Jan
01/25/2015,WN,4018,N778SW,LAX,DAL,1905,1909,4,5,1914,170,170,162,1246,2356,3,2355,2359,4,Sunday,Jan
01/09/2015,WN,514,N8608N,TPA,DEN,900,859,-1,8,907,250,231,216,1506,1043,7,1110,1050,-20,Friday,Jan
02/01/2015,WN,799,N372SW,HOU,ATL,700,657,-3,8,705,115,96,84,696,929,4,955,933,-22,Sunday,Feb
02/09/2015,AS,525,N525AS,BUR,SEA,1755,1740,-15,17,1757,150,150,127,937,2004,6,2025,2010,-15,Monday,Feb
02/09/2015,UA,534,N779UA,HNL,LAX,2145,2137,-8,26,2203,314,298,262,2556,425,10,459,435,-24,Monday,Feb
01/27/2015,WN,1044,N219WN,BUR,DEN,1410,1406,-4,7,1413,130,115,104,850,1657,4,1720,1701,-19,Tuesday,Jan
01/16/2015,WN,1972,N626SW,MCO,STL,2025,2016,-9,10,2026,155,161,143,882,2149,8,2200,2157,-3,Friday,Jan
01/22/2015,OO,5628,N728SK,SFO,SNA,929,926,-3,74,1040,90,142,62,372,1142,6,1059,1148,49,Thursday,Jan
02/01/2015,US,692,N940UW,PHX,HNL,1135,1703,328,11,1714,417,388,374,2917,2028,3,1532,2031,299,Sunday,Feb
01/29/2015,EV,6079,N12569,ORD,SBN,1508,1505,-3,11,1516,48,43,22,84,1638,10,1656,1648,-8,Thursday,Jan
01/04/2015,AA,913,N3GLAA,DCA,MIA,600,556,-4,15,611,157,170,138,919,829,17,837,846,9,Sunday,Jan
02/03/2015,OO,2628,N464SW,LAX,SLC,1840,1840,0,15,1855,105,112,94,590,2129,3,2125,2132,7,Tuesday,Feb
01/05/2015,EV,2566,N907EV,DFW,TYS,1805,1954,109,23,2017,115,133,97,772,2254,13,2100,2307,127,Monday,Jan
02/09/2015,DL,1672,N908DL,ATL,BUF,811,808,-3,16,824,121,110,89,712,953,5,1012,958,-14,Monday,Feb
02/12/2015,WN,394,N624SW,IND,ATL,615,614,-1,23,637,105,100,71,432,748,6,800,754,-6,Thursday,Feb
01/25/2015,US,2063,N828AW,CLT,BWI,1450,1446,-4,12,1458,85,70,52,361,1550,6,1615,1556,-19,Sunday,Jan
02/11/2015,US,1923,N740UW,CLT,DTW,1120,1133,13,15,1148,108,113,86,500,1314,12,1308,1326,18,Wednesday,Feb
01/18/2015,AS,512,N531AS,SEA,SNA,1350,1345,-5,20,1405,150,158,134,978,1619,4,1620,1623,3,Sunday,Jan
01/14/2015,DL,1748,N681DA,LAS,DTW,2315,2309,-6,19,2328,231,227,199,1749,547,9,606,556,-10,Wednesday,Jan
02/09/2015,WN,2353,N8617E,LAS,MKE,900,855,-5,11,906,205,191,169,1524,1355,11,1425,1406,-19,Monday,Feb
02/02/2015,AA,1279,N480AA,DFW,OMA,835,842,7,15,857,104,104,83,583,1020,6,1019,1026,7,Monday,Feb
01/10/2015,UA,1443,N12116,IAD,STT,830,830,0,17,847,233,237,214,1606,1321,6,1323,1327,4,Saturday,Jan
02/08/2015,WN,940,N612SW,PDX,DEN,1120,1116,-4,11,1127,145,129,113,991,1420,5,1445,1425,-20,Sunday,Feb
01/08/2015,US,2059,N758US,DCA,CLT,1155,1149,-6,13,1202,91,98,58,331,1300,27,1326,1327,1,Thursday,Jan
01/19/2015,AS,484,N413AS,SEA,SAN,1955,1951,-4,14,2005,157,155,138,1050,2223,3,2232,2226,-6,Monday,Jan
02/06/2015,OO,4767,N554CA,OAK,LAX,1525,1625,60,26,1651,80,95,51,337,1742,18,1645,1800,75,Friday,Feb
01/29/2015,MQ,3351,N617MQ,DFW,SAV,1350,1344,-6,16,1400,133,128,108,925,1648,4,1703,1652,-11,Thursday,Jan
01/10/2015,WN,3285,N8600F,MCI,FLL,930,926,-4,9,935,185,166,154,1242,1309,3,1335,1312,-23,Saturday,Jan
01/13/2015,EV,5684,N34110,IAH,CLL,1736,1727,-9,8,1735,44,34,21,74,1756,5,1820,1801,-19,Tuesday,Jan
02/04/2015,DL,2524,N333NB,DLH,MSP,510,530,20,18,548,70,52,31,144,619,3,620,622,2,Wednesday,Feb
01/17/2015,AA,8,N355AA,HNL,DFW,1745,1733,-12,20,1753,441,419,395,3784,428,4,506,432,-34,Saturday,Jan
01/16/2015,MQ,3217,N617MQ,ORF,JFK,1323,1323,0,9,1332,87,80,63,290,1435,8,1450,1443,-7,Friday,Jan
01/04/2015,WN,3926,N296WN,MDW,ABQ,950,1005,15,29,1034,190,195,161,1121,1215,5,1200,1220,20,Sunday,Jan
02/01/2015,DL,2517,N910DE,PVD,ATL,1803,1804,1,14,1818,177,178,151,903,2049,13,2100,2102,2,Sunday,Feb
01/16/2015,AA,2400,N3BHAA,LAX,DFW,5,109,64,10,119,169,158,141,1235,540,7,454,547,53,Friday,Jan
01/01/2015,OO,6284,N771SK,LAS,LAX,1526,1553,27,18,1611,72,66,36,236,1647,12,1638,1659,21,Thursday,Jan
01/20/2015,B6,691,N517JB,BOS,TPA,1651,1647,-4,12,1659,215,189,174,1185,1953,3,2026,1956,-30,Tuesday,Jan
02/05/2015,MQ,3412,N849MQ,TYS,ORD,1536,1556,20,7,1603,109,94,80,475,1623,7,1625,1630,5,Thursday,Feb
02/09/2015,EV,4174,N12172,ORF,ORD,1233,1314,41,8,1322,143,136,116,717,1418,12,1356,1430,34,Monday,Feb
01/23/2015,WN,772,N202WN,LAS,OAK,1855,1852,-3,15,1907,90,85,65,407,2012,5,2025,2017,-8,Friday,Jan
01/04/2015,EV,4313,N17115,CMH,DEN,1316,1345,29,7,1352,204,213,187,1154,1459,19,1440,1518,38,Sunday,Jan
01/08/2015,AA,277,N559AA,MCI,DFW,1511,1511,0,17,1528,99,101,72,460,1640,12,1650,1652,2,Thursday,Jan
01/13/2015,OO,5633,N732SK,COS,DEN,800,1224,264,25,1249,54,49,19,73,1308,5,854,1313,259,Tuesday,Jan
01/23/2015,AA,1572,N3EMAA,DFW,BDL,1855,1850,-5,12,1902,193,182,165,1471,2247,5,2308,2252,-16,Friday,Jan
02/02/2015,AA,1328,N485AA,DFW,OKC,1130,1126,-4,15,1141,54,51,31,175,1212,5,1224,1217,-7,Monday,Feb
01/12/2015,WN,4546,N405WN,DAL,DCA,2010,2008,-2,8,2016,165,152,139,1184,2335,5,2355,2340,-15,Monday,Jan
01/15/2015,MQ,2987,N500MQ,SYR,ORD,615,609,-6,35,644,160,142,97,607,721,10,755,731,-24,Thursday,Jan
01/13/2015,US,856,N125UW,CLT,DCA,1946,1944,-2,13,1957,74,65,49,331,2046,3,2100,2049,-11,Tuesday,Jan
02/04/2015,WN,362,N943WN,BWI,ROC,2210,2214,4,12,2226,70,66,48,277,2314,6,2320,2320,0,Wednesday,Feb
01/14/2015,EV,5328,N847AS,ATL,TLH,905,906,1,17,923,70,66,43,223,1006,6,1015,1012,-3,Wednesday,Jan
01/06/2015,DL,2421,N958AT,BNA,ATL,915,911,-4,13,924,70,56,38,214,1102,5,1125,1107,-18,Tuesday,Jan
01/16/2015,US,2050,N810AW,CLT,RDU,740,738,-2,14,752,55,49,31,130,823,4,835,827,-8,Friday,Jan
02/01/2015,WN,607,N227WN,PDX,SMF,1110,1107,-3,8,1115,85,79,68,479,1223,3,1235,1226,-9,Sunday,Feb
01/06/2015,DL,833,N826DN,SAN,DTW,710,707,-3,21,728,263,278,249,1956,1437,8,1433,1445,12,Tuesday,Jan
01/23/2015,AS,222,N306AS,SEA,SFO,720,716,-4,17,733,129,116,92,679,905,7,929,912,-17,Friday,Jan
02/03/2015,DL,2532,N326US,SLC,GEG,2136,2138,2,15,2153,116,110,92,546,2225,3,2232,2228,-4,Tuesday,Feb
01/02/2015,US,713,N624AW,JAX,CLT,845,918,33,12,930,87,74,55,328,1025,7,1012,1032,20,Friday,Jan
01/10/2015,WN,2464,N8620H,MCO,MDW,1120,1116,-4,10,1126,170,164,150,990,1256,4,1310,1300,-10,Saturday,Jan
01/15/2015,WN,2711,N717SA,ABQ,PHX,1425,1432,7,8,1440,75,66,54,328,1534,4,1540,1538,-2,Thursday,Jan
01/07/2015,AS,573,N609AS,SAN,PDX,630,616,-14,17,633,163,150,129,933,842,4,913,846,-27,Wednesday,Jan
02/02/2015,AA,1429,N354AA,MCO,MIA,1439,1433,-6,19,1452,70,62,37,192,1529,6,1549,1535,-14,Monday,Feb
01/16/2015,OO,5310,N296SW,DEN,GCC,1951,1948,-3,12,2000,100,87,69,313,2109,6,2131,2115,-16,Friday,Jan
01/14/2015,DL,1297,N940DL,SRQ,ATL,1508,1505,-3,8,1513,102,94,80,444,1633,6,1650,1639,-11,Wednesday,Jan
01/03/2015,OO,5347,N967SW,LAX,MRY,1630,1626,-4,18,1644,70,73,51,266,1735,4,1740,1739,-1,Saturday,Jan
02/05/2015,EV,4345,N12145,CRP,IAH,1708,1656,-12,20,1716,61,71,44,201,1800,7,1809,1807,-2,Thursday,Feb
01/26/2015,MQ,3017,N8EGMQ,DFW,AMA,2155,2155,0,10,2205,69,62,47,312,2252,5,2304,2257,-7,Monday,Jan
01/06/2015,WN,562,N271LV,DAL,MDW,1305,1320,15,9,1329,130,131,115,793,1524,7,1515,1531,16,Tuesday,Jan
01/16/2015,WN,310,N291WN,BWI,FNT,2005,2016,11,10,2026,105,92,79,452,2145,3,2150,2148,-2,Friday,Jan
01/29/2015,EV,5238,N936EV,CAE,ATL,1305,1302,-3,23,1325,67,80,44,192,1409,13,1412,1422,10,Thursday,Jan
01/07/2015,OO,4749,N161PQ,SLC,ONT,1505,1503,-2,15,1518,107,100,80,558,1538,5,1552,1543,-9,Wednesday,Jan
01/19/2015,WN,3933,N245WN,DCA,ATL,1420,1421,1,16,1437,130,106,84,547,1601,6,1630,1607,-23,Monday,Jan
02/05/2015,WN,1044,N426WN,BUR,DEN,1410,1417,7,7,1424,130,124,112,850,1716,5,1720,1721,1,Thursday,Feb
01/21/2015,AA,316,N3JHAA,DFW,DEN,1135,1234,59,13,1247,121,116,99,641,1326,4,1236,1330,54,Wednesday,Jan
02/09/2015,EV,2549,N877AS,BPT,DFW,703,656,-7,13,709,77,72,49,270,758,10,820,808,-12,Monday,Feb
02/04/2015,OO,5435,N982SW,PSC,SFO,530,524,-6,12,536,126,106,91,620,707,3,736,710,-26,Wednesday,Feb
01/20/2015,OO,6436,N586SW,SFO,MRY,1015,1150,95,13,1203,45,37,20,77,1223,4,1100,1227,87,Tuesday,Jan
01/11/2015,DL,970,N959AT,DAL,ATL,1251,1309,18,13,1322,120,119,90,721,1552,16,1551,1608,17,Sunday,Jan
01/09/2015,B6,1416,N571JB,LGB,AUS,1117,1121,4,11,1132,165,176,161,1226,1613,4,1602,1617,15,Friday,Jan
01/18/2015,MQ,3235,N509MQ,CID,DFW,1704,1717,13,11,1728,131,116,93,685,1901,12,1915,1913,-2,Sunday,Jan
02/04/2015,B6,748,N585JB,LAS,JFK,1339,1419,40,19,1438,290,274,248,2248,2146,7,2129,2153,24,Wednesday,Feb
02/06/2015,UA,1632,N76522,IAH,LGA,1755,1748,-7,21,1809,206,207,181,1416,2210,5,2221,2215,-6,Friday,Feb
01/09/2015,WN,1451,N713SW,MCI,MKE,1640,1640,0,9,1649,85,82,67,436,1756,6,1805,1802,-3,Friday,Jan
01/08/2015,OO,3479,N218AG,SAN,SLC,700,651,-9,16,707,110,114,90,626,937,8,950,945,-5,Thursday,Jan
01/06/2015,WN,682,N737JW,DCA,ATL,1650,1719,29,13,1732,130,123,90,547,1902,20,1900,1922,22,Tuesday,Jan
01/19/2015,B6,51,N566JB,BOS,MCO,721,714,-7,21,735,206,187,158,1121,1013,8,1047,1021,-26,Monday,Jan
02/09/2015,HA,345,N477HA,HNL,LIH,1004,957,-7,13,1010,38,43,22,102,1032,8,1042,1040,-2,Monday,Feb
01/11/2015,EV,5608,N186PQ,DTW,MSN,1345,1342,-3,11,1353,78,65,51,311,1344,3,1403,1347,-16,Sunday,Jan
02/02/2015,WN,4858,N8618N,ALB,MCO,1505,1507,2,70,1617,195,238,158,1073,1855,10,1820,1905,45,Monday,Feb
01/23/2015,EV,5154,N723EV,PHL,MSP,1125,1118,-7,18,1136,177,179,157,980,1313,4,1322,1317,-5,Friday,Jan
01/31/2015,MQ,3410,N651MQ,DFW,BHM,845,839,-6,13,852,97,93,77,597,1009,3,1022,1012,-10,Saturday,Jan
02/09/2015,UA,401,N831UA,DEN,LAX,805,802,-3,10,812,148,157,141,862,933,6,933,939,6,Monday,Feb
01/26/2015,DL,2167,N331NW,DTW,SLC,835,838,3,14,852,256,230,211,1481,1023,5,1051,1028,-23,Monday,Jan
01/22/2015,WN,2242,N8629A,RSW,MDW,1345,1421,36,9,1430,185,166,150,1105,1600,7,1550,1607,17,Thursday,Jan
02/09/2015,WN,635,N605SW,STL,MCO,1820,1825,5,6,1831,135,122,111,882,2122,5,2135,2127,-8,Monday,Feb
01/13/2015,MQ,3263,N654MQ,ACT,DFW,1155,1213,18,8,1221,44,38,26,89,1247,4,1239,1251,12,Tuesday,Jan
01/04/2015,US,1812,N191UW,CLT,BOS,2211,2231,20,16,2247,119,106,84,728,11,6,10,17,7,Sunday,Jan
02/03/2015,EV,4389,N12922,ORD,CID,945,948,3,23,1011,63,65,36,196,1047,6,1048,1053,5,Tuesday,Feb
01/04/2015,WN,4882,N965WN,PHX,ABQ,1035,1050,15,9,1059,65,69,45,328,1144,15,1140,1159,19,Sunday,Jan
01/21/2015,AA,2345,N480AA,DFW,ORD,2130,2124,-6,11,2135,124,111,94,802,2309,6,2334,2315,-19,Wednesday,Jan
01/16/2015,WN,274,N923WN,IND,BWI,1335,1329,-6,7,1336,90,84,72,516,1448,5,1505,1453,-12,Friday,Jan
01/16/2015,WN,169,N703SW,ONT,LAS,920,919,-1,7,926,60,52,36,197,1002,9,1020,1011,-9,Friday,Jan
01/07/2015,WN,4641,N945WN,SNA,SJC,1005,1005,0,7,1012,75,65,54,342,1106,4,1120,1110,-10,Wednesday,Jan
01/16/2015,OO,5379,N568SW,LAX,CLD,1922,1914,-8,27,1941,46,54,24,86,2005,3,2008,2008,0,Friday,Jan
01/05/2015,UA,1485,N31412,IAH,LAS,900,901,1,18,919,204,190,165,1222,1004,7,1024,1011,-13,Monday,Jan
01/10/2015,DL,2291,N990DL,ATL,CLE,1930,1930,0,17,1947,110,103,78,554,2105,8,2120,2113,-7,Saturday,Jan
01/20/2015,DL,1414,N315US,LAX,SLC,1025,1033,8,18,1051,110,100,78,590,1309,4,1315,1313,-2,Tuesday,Jan
02/06/2015,AA,1612,N3JHAA,BOS,ORD,1951,1957,6,15,2012,171,164,137,867,2129,12,2142,2141,-1,Friday,Feb
01/01/2015,WN,4198,N775SW,RSW,MKE,915,907,-8,16,923,180,189,168,1183,1111,5,1115,1116,1,Thursday,Jan
02/03/2015,B6,561,N615JB,LGA,PBI,1419,1458,39,19,1517,180,172,148,1035,1745,5,1719,1750,31,Tuesday,Feb
01/02/2015,OO,6609,N468CA,PHX,YUM,1740,1736,-4,21,1757,52,56,32,160,1829,3,1832,1832,0,Friday,Jan
02/08/2015,AA,1389,N4YDAA,DFW,LAS,1715,1721,6,13,1734,183,172,152,1055,1806,7,1818,1813,-5,Sunday,Feb
02/10/2015,UA,305,N526UA,LAX,ORD,602,554,-8,20,614,246,218,189,1744,1123,9,1208,1132,-36,Tuesday,Feb
01/08/2015,EV,5467,N923EV,ATL,XNA,1124,1158,34,14,1212,120,113,96,589,1248,3,1224,1251,27,Thursday,Jan
01/09/2015,DL,2226,N6707A,ATL,FLL,800,758,-2,15,813,114,100,81,581,934,4,954,938,-16,Friday,Jan
02/11/2015,AA,1333,N466AA,MCI,DFW,1713,1709,-4,12,1721,102,105,80,460,1841,13,1855,1854,-1,Wednesday,Feb
02/12/2015,WN,513,N7715E,TPA,PVD,1050,1134,44,12,1146,160,157,138,1136,1404,7,1330,1411,41,Thursday,Feb
01/28/2015,WN,1945,N772SW,LGA,BNA,945,943,-2,16,959,165,124,102,764,1041,6,1130,1047,-43,Wednesday,Jan
01/26/2015,F9,901,N926FR,TTN,ATL,600,602,2,36,638,139,146,102,701,820,8,819,828,9,Monday,Jan
01/12/2015,B6,1282,N239JB,RIC,BOS,1859,1855,-4,10,1905,88,79,63,474,2008,6,2027,2014,-13,Monday,Jan
01/28/2015,UA,1660,N17233,MSP,DEN,1259,1259,0,13,1312,137,117,96,680,1348,8,1416,1356,-20,Wednesday,Jan
01/15/2015,EV,5328,N914EV,ATL,TLH,905,903,-2,20,923,70,69,44,223,1007,5,1015,1012,-3,Thursday,Jan
02/12/2015,UA,404,N435UA,BOS,IAH,1258,1402,64,13,1415,277,238,216,1597,1651,9,1635,1700,25,Thursday,Feb
01/27/2015,WN,791,N7814B,OAK,LAS,1730,1726,-4,7,1733,85,85,67,407,1840,11,1855,1851,-4,Tuesday,Jan
01/05/2015,WN,724,N515SW,AUS,HOU,1250,1249,-1,10,1259,50,46,29,148,1328,7,1340,1335,-5,Monday,Jan
01/26/2015,AA,1049,N3GNAA,DFW,RDU,1745,1748,3,21,1809,142,153,128,1061,2117,4,2107,2121,14,Monday,Jan
01/26/2015,AS,16,N556AS,SEA,MCO,805,803,-2,13,816,320,300,281,2554,1557,6,1625,1603,-22,Monday,Jan
01/18/2015,MQ,3374,N851MQ,JFK,RDU,1959,2051,52,19,2110,106,96,73,427,2223,4,2145,2227,42,Sunday,Jan
02/04/2015,DL,1380,N893AT,HSV,ATL,1100,1057,-3,14,1111,62,56,34,151,1245,8,1302,1253,-9,Wednesday,Feb
02/05/2015,OO,7364,N224SW,SLC,CNY,1345,1336,-9,12,1348,63,54,36,184,1424,6,1448,1430,-18,Thursday,Feb
01/16/2015,UA,1610,N57864,BOS,SFO,804,800,-4,22,822,407,409,368,2704,1130,19,1151,1149,-2,Friday,Jan
01/10/2015,US,1866,N103US,FLL,CLT,625,619,-6,13,632,118,112,94,631,806,5,823,811,-12,Saturday,Jan
02/03/2015,DL,1678,N929DL,ATL,BWI,1725,1720,-5,14,1734,110,99,76,577,1850,9,1915,1859,-16,Tuesday,Feb
02/10/2015,EV,5321,N371CA,FSD,MSP,1314,1347,33,17,1404,66,61,36,196,1440,8,1420,1448,28,Tuesday,Feb
02/06/2015,US,660,N669AW,FLL,CLT,810,807,-3,12,819,122,123,102,631,1001,9,1012,1010,-2,Friday,Feb
02/08/2015,WN,4014,N8617E,FLL,PVD,900,857,-3,14,911,185,167,147,1188,1138,6,1205,1144,-21,Sunday,Feb
01/23/2015,DL,1567,N813DN,ATL,SAN,2050,2055,5,13,2108,296,270,252,1892,2220,5,2246,2225,-21,Friday,Jan
01/23/2015,WN,1446,N8315C,PHX,MSP,1115,1113,-2,17,1130,195,191,169,1276,1519,5,1530,1524,-6,Friday,Jan
01/24/2015,EV,5611,N873AS,ATL,VLD,2051,2042,-9,16,2058,60,54,34,208,2132,4,2151,2136,-15,Saturday,Jan
02/02/2015,WN,2233,N522SW,MSY,DAL,1435,1431,-4,9,1440,90,90,73,436,1553,8,1605,1601,-4,Monday,Feb
02/10/2015,F9,244,N905FR,DEN,IAH,1035,1032,-3,8,1040,134,125,111,862,1331,6,1349,1337,-12,Tuesday,Feb
02/02/2015,WN,4473,N907WN,SAN,BWI,805,833,28,6,839,295,274,264,2295,1603,4,1600,1607,7,Monday,Feb
01/15/2015,NK,135,N624NK,MSP,MCO,750,748,-2,32,820,200,202,163,1310,1203,7,1210,1210,0,Thursday,Jan
02/11/2015,B6,598,N641JB,SEA,BOS,1413,1524,71,12,1536,301,302,280,2496,2316,10,2214,2326,72,Wednesday,Feb
02/09/2015,WN,885,N921WN,MEM,MDW,600,1126,326,8,1134,105,90,78,480,1252,4,745,1256,311,Monday,Feb
01/31/2015,AA,1063,N3CYAA,BOS,ORD,1540,1535,-5,15,1550,175,171,148,867,1718,8,1735,1726,-9,Saturday,Jan
02/04/2015,OO,3445,N215AG,ONT,SEA,1110,1102,-8,12,1114,163,152,136,956,1330,4,1353,1334,-19,Wednesday,Feb
01/08/2015,AS,629,N583AS,LAS,PDX,650,741,51,13,754,136,130,114,763,948,3,906,951,45,Thursday,Jan
01/30/2015,US,410,N640AW,DEN,PHX,545,543,-2,13,556,122,118,101,602,737,4,747,741,-6,Friday,Jan
01/28/2015,WN,689,N7730A,DEN,OAK,855,853,-2,23,916,170,159,131,957,1027,5,1045,1032,-13,Wednesday,Jan
01/08/2015,DL,1996,N364NW,MSP,LGA,700,655,-5,13,708,170,158,122,1020,1010,23,1050,1033,-17,Thursday,Jan
01/15/2015,NK,316,N613NK,DTW,LGA,600,600,0,13,613,98,88,69,502,722,6,738,728,-10,Thursday,Jan
01/06/2015,US,1800,N658AW,SEA,PHL,835,831,-4,17,848,304,276,254,2378,1602,5,1639,1607,-32,Tuesday,Jan
01/08/2015,WN,1971,N446WN,ATL,PHX,1355,1401,6,10,1411,265,241,226,1587,1557,5,1620,1602,-18,Thursday,Jan
02/02/2015,MQ,3387,N817MQ,DFW,GCK,1900,2010,70,12,2022,87,81,65,404,2127,4,2027,2131,64,Monday,Feb
01/01/2015,UA,552,N831UA,IAH,ORD,1015,1017,2,22,1039,156,148,114,925,1233,12,1251,1245,-6,Thursday,Jan
01/25/2015,UA,342,N850UA,SFO,LAX,1210,1205,-5,14,1219,92,85,55,337,1314,16,1342,1330,-12,Sunday,Jan
01/29/2015,MQ,3219,N534MQ,DFW,LBB,1240,1234,-6,16,1250,66,65,44,282,1334,5,1346,1339,-7,Thursday,Jan
02/04/2015,F9,2049,N938FR,MIA,DEN,1015,1704,409,20,1724,264,268,240,1709,1924,8,1239,1932,413,Wednesday,Feb
02/06/2015,DL,490,N3766,JFK,SLC,1559,1605,6,32,1637,330,315,279,1990,1916,4,1929,1920,-9,Friday,Feb
01/11/2015,US,433,N576UW,PHX,SFO,1120,1119,-1,37,1156,134,182,140,651,1316,5,1234,1321,47,Sunday,Jan
01/03/2015,WN,116,N395SW,SAT,ELP,1855,1917,22,7,1924,95,84,74,496,1938,3,1930,1941,11,Saturday,Jan
01/18/2015,WN,1433,N419WN,LAS,ABQ,1610,1601,-9,15,1616,85,82,61,486,1817,6,1835,1823,-12,Sunday,Jan
01/09/2015,DL,1367,N909DA,ATL,ROC,913,908,-5,15,923,125,114,93,749,1056,6,1118,1102,-16,Friday,Jan
01/08/2015,WN,2343,N625SW,TPA,MKE,1125,1123,-2,9,1132,170,184,170,1075,1322,5,1315,1327,12,Thursday,Jan
01/02/2015,MQ,3096,N515MQ,LAX,ASE,905,915,10,14,929,125,134,118,737,1227,2,1210,1229,19,Friday,Jan
01/25/2015,EV,4909,N720EV,RIC,BOS,1215,1208,-7,10,1218,94,84,67,474,1325,7,1349,1332,-17,Sunday,Jan
02/03/2015,WN,313,N907WN,MDW,LGA,1520,1520,0,65,1625,120,167,95,725,1900,7,1820,1907,47,Tuesday,Feb
01/06/2015,DL,2413,N338NB,MSP,ORD,1000,959,-1,13,1012,98,70,47,334,1059,10,1138,1109,-29,Tuesday,Jan
01/30/2015,EV,5787,N13132,TUL,IAH,730,723,-7,19,742,106,106,73,429,855,14,916,909,-7,Friday,Jan
01/15/2015,EV,4962,N933EV,ATL,ROA,1216,1211,-5,11,1222,79,69,55,357,1317,3,1335,1320,-15,Thursday,Jan
01/06/2015,EV,5911,N13538,ORD,PIA,1310,1315,5,23,1338,57,56,27,130,1405,6,1407,1411,4,Tuesday,Jan
01/04/2015,OO,5511,N730SK,ORD,CID,1200,1218,18,60,1318,61,103,36,196,1354,7,1301,1401,60,Sunday,Jan
01/25/2015,DL,2340,N3753,SEA,DTW,942,949,7,13,1002,252,242,224,1927,1646,5,1654,1651,-3,Sunday,Jan
01/21/2015,WN,61,N214WN,MDW,CMH,1320,1315,-5,14,1329,70,68,49,283,1518,5,1530,1523,-7,Wednesday,Jan
01/29/2015,OO,2681,N477CA,GJT,PHX,1820,1815,-5,7,1822,108,103,76,438,1938,20,2008,1958,-10,Thursday,Jan
01/14/2015,UA,1743,N87527,PDX,SFO,705,657,-8,10,707,114,101,86,550,833,5,859,838,-21,Wednesday,Jan
02/11/2015,UA,1242,N73299,FLL,EWR,1730,1738,8,9,1747,185,164,142,1065,2009,13,2035,2022,-13,Wednesday,Feb
01/23/2015,AA,2409,N3JVAA,ORD,TPA,1805,1803,-2,12,1815,152,154,136,1012,2131,6,2137,2137,0,Friday,Jan
01/09/2015,MQ,3272,N817MQ,PNS,DFW,1857,1920,23,12,1932,128,129,93,604,2105,24,2105,2129,24,Friday,Jan
01/11/2015,WN,4194,N8623F,SLC,BWI,1255,1252,-3,16,1308,245,246,224,1865,1852,6,1900,1858,-2,Sunday,Jan
01/26/2015,WN,576,N937WN,ONT,OAK,2025,2136,71,6,2142,75,61,50,362,2232,5,2140,2237,57,Monday,Jan
02/05/2015,B6,576,N249JB,MSY,JFK,1814,1840,26,11,1851,165,161,146,1182,2217,4,2159,2221,22,Thursday,Feb
01/22/2015,MQ,3533,N501MQ,LGA,DTW,1140,1131,-9,26,1157,121,112,79,502,1316,7,1341,1323,-18,Thursday,Jan
01/31/2015,VX,260,N843VA,LAS,JFK,2210,2211,1,11,2222,289,272,251,2248,533,10,559,543,-16,Saturday,Jan
02/09/2015,DL,2448,N658DL,ATL,PBI,1500,1517,17,13,1530,114,95,77,545,1647,5,1654,1652,-2,Monday,Feb
02/06/2015,WN,1699,N904WN,ATL,DTW,1545,1544,-1,9,1553,125,110,93,594,1726,8,1750,1734,-16,Friday,Feb
02/06/2015,OO,6323,N579SW,SAN,LAX,1255,1255,0,11,1306,52,52,31,109,1337,10,1347,1347,0,Friday,Feb
01/09/2015,US,1725,N939UW,CLT,MCO,745,745,0,20,805,103,100,73,468,918,7,928,925,-3,Friday,Jan
02/10/2015,WN,4024,N8635F,MCO,STL,1515,1515,0,9,1524,155,156,143,882,1647,4,1650,1651,1,Tuesday,Feb
01/02/2015,MQ,3301,N517MQ,LGA,RDU,1640,1634,-6,30,1704,108,107,73,431,1817,4,1828,1821,-7,Friday,Jan
01/22/2015,DL,2490,N906DA,IND,MSP,700,655,-5,15,710,130,99,79,503,729,5,810,734,-36,Thursday,Jan
02/10/2015,DL,1649,N127DL,LAS,ATL,1344,1343,-1,11,1354,230,204,186,1747,2000,7,2034,2007,-27,Tuesday,Feb
01/20/2015,MQ,3015,N935MQ,BTR,DFW,846,833,-13,11,844,94,91,68,383,952,12,1020,1004,-16,Tuesday,Jan
02/09/2015,EV,2502,N907EV,RAP,DFW,725,716,-9,8,724,145,119,106,835,1010,5,1050,1015,-35,Monday,Feb
01/28/2015,WN,782,N441WN,DCA,MKE,1555,1550,-5,14,1604,135,121,103,634,1647,4,1710,1651,-19,Wednesday,Jan
01/24/2015,WN,4409,N396SW,BOI,LAS,1455,1450,-5,7,1457,100,99,77,519,1514,15,1535,1529,-6,Saturday,Jan
01/16/2015,OO,4671,N613SK,DEN,SLC,1146,1141,-5,15,1156,88,91,64,391,1300,12,1314,1312,-2,Friday,Jan
01/13/2015,AA,1165,N3CGAA,BOS,JFK,605,608,3,19,627,77,85,56,187,723,10,722,733,11,Tuesday,Jan
01/29/2015,UA,238,N472UA,PHX,SFO,800,800,0,22,822,133,123,97,651,859,4,913,903,-10,Thursday,Jan
01/21/2015,WN,215,N550WN,GRR,DEN,1740,1741,1,25,1806,195,188,153,1015,1839,10,1855,1849,-6,Wednesday,Jan
01/11/2015,MQ,3644,N833MQ,SAF,DFW,1644,1644,0,14,1658,96,96,75,551,1913,7,1920,1920,0,Sunday,Jan
01/06/2015,WN,1136,N8315C,TPA,HOU,650,649,-1,13,702,155,143,118,781,800,12,825,812,-13,Tuesday,Jan
02/07/2015,DL,894,N915DL,FNT,ATL,600,555,-5,13,608,149,109,91,645,739,5,829,744,-45,Saturday,Feb
01/04/2015,VX,759,N846VA,SEA,SFO,1935,1941,6,9,1950,125,115,92,679,2122,14,2140,2136,-4,Sunday,Jan
02/12/2015,DL,2302,N910DE,LGA,FLL,1300,1316,16,25,1341,203,215,183,1076,1644,7,1623,1651,28,Thursday,Feb
01/19/2015,WN,500,N740SW,MDW,DTW,2140,2134,-6,12,2146,70,60,43,228,2329,5,2350,2334,-16,Monday,Jan
02/10/2015,WN,4028,N942WN,DSM,MDW,1810,1806,-4,6,1812,75,62,50,306,1902,6,1925,1908,-17,Tuesday,Feb
01/28/2015,DL,855,N319US,DTW,SLC,1722,1719,-3,14,1733,247,226,207,1481,1900,5,1929,1905,-24,Wednesday,Jan
02/07/2015,WN,3796,N657SW,PHX,SLC,720,717,-3,12,729,95,95,76,507,845,7,855,852,-3,Saturday,Feb
01/31/2015,B6,672,N703JB,FLL,LGA,1845,1934,49,17,1951,167,209,144,1076,2215,48,2132,2303,91,Saturday,Jan
01/24/2015,EV,6014,N17524,DAL,IAH,1820,1815,-5,14,1829,68,61,40,216,1909,7,1928,1916,-12,Saturday,Jan
01/24/2015,WN,316,N474WN,HOU,DEN,1015,1016,1,7,1023,155,144,132,883,1135,5,1150,1140,-10,Saturday,Jan
02/03/2015,US,1816,N713UW,TPA,DCA,1318,1311,-7,9,1320,127,118,99,814,1459,10,1525,1509,-16,Tuesday,Feb
01/04/2015,AS,731,N419AS,SEA,ANC,2140,2201,21,20,2221,239,249,224,1448,105,5,39,110,31,Sunday,Jan
01/28/2015,EV,4253,N12567,ORD,CAE,1316,1311,-5,17,1328,115,112,91,667,1559,4,1611,1603,-8,Wednesday,Jan
01/13/2015,US,690,N156UW,RSW,CLT,820,812,-8,10,822,116,108,86,600,948,12,1016,1000,-16,Tuesday,Jan
01/09/2015,B6,866,N588JB,SJU,ORD,1432,1433,1,11,1444,317,285,268,2072,1712,6,1749,1718,-31,Friday,Jan
01/07/2015,US,1783,N585UW,CLT,BOS,2020,2024,4,23,2047,125,121,94,728,2221,4,2225,2225,0,Wednesday,Jan
01/11/2015,DL,1944,N916DL,ILM,ATL,720,710,-10,17,727,100,98,74,377,841,7,900,848,-12,Sunday,Jan
01/11/2015,DL,824,N348NW,PHX,DTW,712,706,-6,15,721,227,218,196,1671,1237,7,1259,1244,-15,Sunday,Jan
01/04/2015,B6,122,N653JB,PBI,BOS,2015,2053,38,9,2102,171,156,142,1197,2324,5,2306,2329,23,Sunday,Jan
01/29/2015,OO,7378,N431SW,SLC,BTM,2150,2144,-6,11,2155,79,64,51,358,2246,2,2309,2248,-21,Thursday,Jan
02/12/2015,UA,601,N830UA,PHL,ORD,600,707,67,10,717,145,136,108,678,805,18,725,823,58,Thursday,Feb
01/01/2015,UA,1127,N73860,SFO,EWR,2239,2247,8,31,2318,309,321,276,2565,654,14,648,708,20,Thursday,Jan
01/14/2015,DL,1939,N915DE,DCA,ATL,1600,1601,1,16,1617,124,107,86,547,1743,5,1804,1748,-16,Wednesday,Jan
02/03/2015,DL,1786,N808DN,ATL,LGA,1445,1533,48,19,1552,130,185,94,762,1726,72,1655,1838,103,Tuesday,Feb
02/08/2015,WN,960,N457WN,ORF,MDW,1655,1659,4,8,1707,140,127,114,704,1801,5,1815,1806,-9,Sunday,Feb
01/27/2015,AA,2252,N3KBAA,DFW,SEA,1050,1051,1,15,1106,265,237,217,1660,1243,5,1315,1248,-27,Tuesday,Jan
01/31/2015,UA,298,N802UA,ATL,EWR,601,600,-1,12,612,131,130,103,746,755,15,812,810,-2,Saturday,Jan
02/01/2015,B6,49,N328JB,BOS,SAV,838,830,-8,12,842,166,149,129,901,1051,8,1124,1059,-25,Sunday,Feb
01/07/2015,B6,733,N358JB,MCO,SJU,1310,1352,42,12,1404,163,158,141,1189,1725,5,1653,1730,37,Wednesday,Jan
01/10/2015,EV,4540,N11548,IAH,PNS,1556,1554,-2,14,1608,89,84,63,489,1711,7,1725,1718,-7,Saturday,Jan
01/16/2015,WN,1087,N418WN,ROC,MCO,1225,1235,10,11,1246,180,150,134,1033,1500,5,1525,1505,-20,Friday,Jan
01/02/2015,DL,1810,N904DE,DFW,ATL,1830,1854,24,14,1908,118,118,91,731,2139,13,2128,2152,24,Friday,Jan
01/14/2015,UA,745,N487UA,IAH,LGA,1645,1643,-2,15,1658,200,185,165,1416,2043,5,2105,2048,-17,Wednesday,Jan
02/08/2015,OO,6475,N767SK,SLC,DEN,1005,959,-6,8,1007,95,71,57,391,1104,6,1140,1110,-30,Sunday,Feb
02/08/2015,US,400,N764US,OAK,PHX,1229,1244,15,15,1259,111,116,92,646,1531,9,1520,1540,20,Sunday,Feb
01/10/2015,OO,5459,N237SW,SFO,RDD,1835,1830,-5,15,1845,68,60,41,199,1926,4,1943,1930,-13,Saturday,Jan
01/04/2015,WN,2260,N969WN,STL,DEN,610,605,-5,21,626,155,149,121,770,727,7,745,734,-11,Sunday,Jan
01/20/2015,EV,4653,N18102,MOB,IAH,1830,1827,-3,10,1837,97,92,75,427,1952,7,2007,1959,-8,Tuesday,Jan
01/03/2015,WN,3672,N650SW,PHX,ABQ,1035,1046,11,13,1059,65,68,51,328,1150,4,1140,1154,14,Saturday,Jan
02/02/2015,WN,4818,N508SW,DAL,LBB,1535,1549,14,13,1602,65,67,51,293,1653,3,1640,1656,16,Monday,Feb
01/24/2015,WN,2639,N7736A,ISP,MCO,1220,1219,-1,7,1226,175,184,171,971,1517,6,1515,1523,8,Saturday,Jan
01/20/2015,EV,5248,N612QX,MSP,MDW,1715,1715,0,46,1801,95,113,63,349,1904,4,1850,1908,18,Tuesday,Jan
01/22/2015,HA,312,N480HA,HNL,ITO,1844,1844,0,10,1854,50,50,35,216,1929,5,1934,1934,0,Thursday,Jan
01/26/2015,DL,2028,N582NW,MCO,DTW,1600,1558,-2,14,1612,160,157,133,957,1825,10,1840,1835,-5,Monday,Jan
01/13/2015,OO,2588,N466SW,RNO,LAX,1537,1535,-2,11,1546,89,86,62,391,1648,13,1706,1701,-5,Tuesday,Jan
01/31/2015,AA,72,N026AA,MCO,DFW,1019,1017,-2,14,1031,181,164,143,985,1154,7,1220,1201,-19,Saturday,Jan
01/16/2015,AS,655,N402AS,DFW,PDX,1635,1629,-6,16,1645,249,254,232,1616,1837,6,1844,1843,-1,Friday,Jan
02/02/2015,VX,910,N849VA,SFO,LAS,1225,1220,-5,10,1230,90,93,65,414,1335,18,1355,1353,-2,Monday,Feb
01/22/2015,DL,1307,N663DN,RIC,ATL,1805,1807,2,22,1829,117,111,79,481,1948,10,2002,1958,-4,Thursday,Jan
02/02/2015,B6,277,N586JB,FLL,SFO,1819,1830,11,22,1852,389,407,352,2583,2144,33,2148,2217,29,Monday,Feb
01/15/2015,OO,7396,N455SW,TWF,SLC,628,621,-7,10,631,52,52,31,175,702,11,720,713,-7,Thursday,Jan
01/14/2015,US,676,N155UW,PHL,LAS,1750,1749,-1,12,1801,340,300,282,2176,1943,6,2030,1949,-41,Wednesday,Jan
01/22/2015,F9,1144,N924FR,DFW,CLE,1520,1612,52,12,1624,150,139,119,1021,1923,8,1850,1931,41,Thursday,Jan
01/02/2015,AA,2400,N5CDAA,LAX,DFW,5,2359,-6,22,21,170,174,147,1235,448,5,455,453,-2,Friday,Jan
02/03/2015,DL,1864,N3772H,SAN,MSP,625,621,-4,18,639,227,219,196,1532,1155,5,1212,1200,-12,Tuesday,Feb
02/02/2015,DL,2317,N635DL,DTW,LAS,1206,1404,118,87,1531,281,337,245,1749,1636,5,1347,1641,174,Monday,Feb
02/07/2015,B6,1801,N373JB,JFK,FLL,1540,1551,11,16,1607,199,162,141,1069,1828,5,1859,1833,-26,Saturday,Feb
01/05/2015,WN,877,N268WN,ATL,DTW,1850,1929,39,15,1944,120,116,90,594,2114,11,2050,2125,35,Monday,Jan
01/06/2015,AA,344,N3CVAA,MIA,DEN,1355,1411,16,12,1423,274,264,242,1709,1625,10,1629,1635,6,Tuesday,Jan
01/01/2015,DL,754,N927AT,ATL,PIT,1500,1641,101,19,1700,107,92,70,526,1810,3,1647,1813,86,Thursday,Jan
02/06/2015,DL,1428,N925DL,ATL,CLT,2040,2037,-3,24,2101,68,74,43,226,2144,7,2148,2151,3,Friday,Feb
02/05/2015,WN,1695,N246LV,PHX,SNA,1530,1551,21,10,1601,70,75,55,338,1556,10,1540,1606,26,Thursday,Feb
01/15/2015,HA,535,N489HA,OGG,HNL,1119,1120,1,5,1125,36,35,24,100,1149,6,1155,1155,0,Thursday,Jan
01/26/2015,EV,5040,N686BR,ATL,ILM,944,937,-7,13,950,79,80,64,377,1054,3,1103,1057,-6,Monday,Jan
01/26/2015,US,1794,N723UW,PIT,CLT,1205,1400,115,41,1441,92,110,63,366,1544,6,1337,1550,133,Monday,Jan
02/09/2015,AA,2290,N583AA,DFW,PIT,2015,2016,1,13,2029,150,152,135,1067,2344,4,2345,2348,3,Monday,Feb
01/30/2015,MQ,3537,N662MQ,MIA,PNS,2110,2106,-4,34,2140,112,127,89,530,2209,4,2202,2213,11,Friday,Jan
01/05/2015,EV,5321,N708EV,MSP,FSD,1129,1129,0,35,1204,70,82,36,196,1240,11,1239,1251,12,Monday,Jan
02/05/2015,WN,595,N961WN,BWI,ALB,1900,1853,-7,7,1900,75,61,52,289,1952,2,2015,1954,-21,Thursday,Feb
02/08/2015,EV,5014,N228PQ,ELM,DTW,930,954,24,7,1001,86,69,56,332,1057,6,1056,1103,7,Sunday,Feb
01/27/2015,WN,336,N353SW,LAS,DEN,1000,1009,9,19,1028,110,109,85,628,1253,5,1250,1258,8,Tuesday,Jan
01/23/2015,EV,5177,N974EV,DTW,EVV,1530,1526,-4,21,1547,92,88,64,363,1551,3,1602,1554,-8,Friday,Jan
01/21/2015,AS,744,N786AS,SFO,SLC,2055,2105,10,12,2117,110,102,86,599,2343,4,2345,2347,2,Wednesday,Jan
01/03/2015,WN,371,N270WN,CLT,BWI,745,745,0,24,809,100,97,65,361,914,8,925,922,-3,Saturday,Jan
01/16/2015,DL,2296,N916DN,MSP,LGA,1728,1754,26,16,1810,163,154,130,1020,2120,8,2111,2128,17,Friday,Jan
01/15/2015,AA,1228,N4YBAA,DFW,SLC,1520,1521,1,13,1534,170,150,133,989,1647,4,1710,1651,-19,Thursday,Jan
01/01/2015,DL,1570,N966AT,STL,ATL,1132,1129,-3,16,1145,92,87,66,484,1351,5,1404,1356,-8,Thursday,Jan
01/09/2015,UA,252,N768UA,HNL,IAH,1955,2010,15,17,2027,453,451,409,3904,716,25,728,741,13,Friday,Jan
01/25/2015,UA,1667,N68453,ORD,PDX,1706,1714,8,24,1738,277,271,242,1739,1940,5,1943,1945,2,Sunday,Jan
01/09/2015,NK,265,N605NK,ACY,FLL,2003,1950,-13,7,1957,162,157,140,977,2217,10,2245,2227,-18,Friday,Jan
01/15/2015,B6,1933,N184JB,MCO,SJU,1000,953,-7,15,1008,165,160,136,1189,1324,9,1345,1333,-12,Thursday,Jan
02/01/2015,WN,203,N725SW,JAX,HOU,1650,1645,-5,9,1654,155,153,135,816,1809,9,1825,1818,-7,Sunday,Feb
01/17/2015,EV,5440,N712EV,MSP,SAT,1125,1121,-4,24,1145,186,175,147,1097,1412,4,1431,1416,-15,Saturday,Jan
01/04/2015,DL,445,N956DL,JFK,ATL,1200,1302,62,17,1319,157,154,133,760,1532,4,1437,1536,59,Sunday,Jan
01/28/2015,UA,1539,N36476,IAH,LAS,2112,2106,-6,19,2125,212,192,166,1222,2211,7,2244,2218,-26,Wednesday,Jan
01/12/2015,VX,258,N854VA,LAS,JFK,1510,1505,-5,14,1519,290,297,269,2248,2248,14,2300,2302,2,Monday,Jan
01/03/2015,OO,6228,N703SK,DEN,BOI,805,954,109,15,1009,126,118,100,649,1149,3,1011,1152,101,Saturday,Jan
01/16/2015,DL,1256,N911DL,GPT,ATL,615,609,-6,9,618,81,75,55,352,813,11,836,824,-12,Friday,Jan
01/18/2015,WN,1690,N439WN,DAL,OAK,1500,1456,-4,10,1506,235,224,208,1468,1634,6,1655,1640,-15,Sunday,Jan
02/11/2015,DL,1680,N670DN,ATL,SFO,1050,1047,-3,25,1112,330,314,283,2139,1255,6,1320,1301,-19,Wednesday,Feb
01/14/2015,WN,289,N945WN,PHX,RNO,2050,2125,35,12,2137,110,106,89,601,2206,5,2140,2211,31,Wednesday,Jan
01/03/2015,WN,179,N373SW,TPA,CMH,1835,1907,32,8,1915,130,122,109,829,2104,5,2045,2109,24,Saturday,Jan
02/06/2015,EV,3270,N14923,ICT,IAH,615,728,73,10,738,115,97,78,542,856,9,810,905,55,Friday,Feb
01/20/2015,B6,2783,N304JB,BOS,RDU,1605,1601,-4,11,1612,131,119,101,612,1753,7,1816,1800,-16,Tuesday,Jan
02/07/2015,AS,365,N590AS,OAK,SEA,925,916,-9,16,932,114,113,92,671,1104,5,1119,1109,-10,Saturday,Feb
01/10/2015,AA,1031,N496AA,DFW,PIT,1350,1348,-2,10,1358,152,149,131,1067,1709,8,1722,1717,-5,Saturday,Jan
01/28/2015,AA,1593,N3LNAA,DFW,CLT,1450,1444,-6,12,1456,138,203,115,936,1751,76,1808,1907,59,Wednesday,Jan
01/24/2015,US,1767,N705UW,DCA,RSW,1015,1005,-10,12,1017,165,161,146,892,1243,3,1300,1246,-14,Saturday,Jan
01/27/2015,WN,190,N449WN,OAK,SAN,1825,1823,-2,8,1831,85,81,70,446,1941,3,1950,1944,-6,Tuesday,Jan
01/18/2015,AS,386,N791AS,SFO,PSP,2140,2133,-7,11,2144,79,77,61,421,2245,5,2259,2250,-9,Sunday,Jan
01/28/2015,DL,1266,N913DE,BUF,ATL,615,613,-2,25,638,156,115,85,712,803,5,851,808,-43,Wednesday,Jan
02/01/2015,US,814,N959UW,MSP,PHL,1359,1352,-7,17,1409,154,162,126,980,1715,19,1733,1734,1,Sunday,Feb
02/07/2015,UA,1262,N27477,MCO,EWR,925,921,-4,15,936,153,153,130,937,1146,8,1158,1154,-4,Saturday,Feb
02/10/2015,AA,1235,N3LEAA,ORD,DEN,2115,2116,1,11,2127,153,151,135,888,2242,5,2248,2247,-1,Tuesday,Feb
01/28/2015,EV,5799,N14514,JAN,IAH,1636,1619,-17,11,1630,83,82,60,351,1730,11,1759,1741,-18,Wednesday,Jan
01/10/2015,WN,4303,N901WN,TPA,RDU,900,854,-6,12,906,100,97,81,587,1027,4,1040,1031,-9,Saturday,Jan
02/08/2015,DL,2146,N969DL,VPS,ATL,1025,1019,-6,18,1037,74,70,45,250,1222,7,1239,1229,-10,Sunday,Feb
01/10/2015,US,491,N179UW,PHX,LAX,835,841,6,13,854,90,83,61,370,855,9,905,904,-1,Saturday,Jan
02/03/2015,OO,4982,N568SW,SAN,LAX,1355,1351,-4,5,1356,50,42,27,109,1423,10,1445,1433,-12,Tuesday,Feb
01/02/2015,WN,2052,N8652B,MDW,RDU,2120,2131,11,14,2145,110,102,83,632,8,5,10,13,3,Friday,Jan
01/15/2015,WN,523,N629SW,CMH,BWI,625,625,0,20,645,85,82,58,337,743,4,750,747,-3,Thursday,Jan
01/21/2015,EV,3947,N13968,MSN,ORD,1122,1108,-14,14,1122,58,86,29,108,1151,43,1220,1234,14,Wednesday,Jan
01/19/2015,EV,4580,N14993,EWR,MKE,1517,1508,-9,21,1529,153,157,130,725,1639,6,1650,1645,-5,Monday,Jan
01/02/2015,OO,4479,N549CA,SLC,DEN,1055,1051,-4,23,1114,89,93,62,391,1216,8,1224,1224,0,Friday,Jan
01/20/2015,OO,4702,N825SK,LAX,SMF,1335,1440,65,14,1454,88,76,58,373,1552,4,1503,1556,53,Tuesday,Jan
01/27/2015,WN,621,N8317M,MCO,BNA,1120,1121,1,11,1132,120,120,105,616,1217,4,1220,1221,1,Tuesday,Jan
02/10/2015,AA,1423,N3KJAA,PBI,DFW,737,730,-7,13,743,198,180,161,1102,924,6,955,930,-25,Tuesday,Feb
01/06/2015,AA,1688,N3LYAA,DFW,DCA,750,803,13,9,812,161,208,135,1192,1127,64,1131,1231,60,Tuesday,Jan
02/04/2015,UA,1471,N68807,ORD,PHX,1206,1256,50,16,1312,235,232,208,1440,1540,8,1501,1548,47,Wednesday,Feb
02/12/2015,OO,5309,N929SW,SBA,LAX,1320,1308,-12,7,1315,52,43,26,89,1341,10,1412,1351,-21,Thursday,Feb
01/23/2015,DL,2498,N924AT,LGA,TPA,1500,1501,1,18,1519,204,178,155,1010,1754,5,1824,1759,-25,Friday,Jan
01/05/2015,WN,843,N8327A,STL,LAS,1355,1411,16,10,1421,225,209,186,1371,1527,13,1540,1540,0,Monday,Jan
01/14/2015,WN,3041,N8625A,DEN,BWI,1020,1023,3,17,1040,195,205,182,1491,1542,6,1535,1548,13,Wednesday,Jan
01/21/2015,WN,432,N7750A,PHX,LAX,1305,1257,-8,7,1304,95,91,57,370,1301,27,1340,1328,-12,Wednesday,Jan
01/17/2015,US,532,N180US,LAX,PHX,625,621,-4,13,634,84,70,53,370,827,4,849,831,-18,Saturday,Jan
01/27/2015,AA,36,N3FUAA,SAN,DFW,939,936,-3,17,953,171,170,139,1171,1412,14,1430,1426,-4,Tuesday,Jan
01/11/2015,OO,6250,N824AS,DEN,PSP,2156,2222,26,29,2251,145,143,109,776,2340,5,2321,2345,24,Sunday,Jan
02/04/2015,WN,4210,N8658A,RDU,BNA,815,817,2,36,853,105,124,83,442,916,5,900,921,21,Wednesday,Feb
02/06/2015,MQ,3493,N626MQ,MIA,BHM,1400,1357,-3,17,1414,125,121,102,661,1456,2,1505,1458,-7,Friday,Feb
01/25/2015,WN,917,N772SW,MDW,GSP,1330,1325,-5,26,1351,95,105,76,562,1607,3,1605,1610,5,Sunday,Jan
01/18/2015,UA,1247,N57862,DEN,SFO,1130,1223,53,17,1240,163,154,129,967,1349,8,1313,1357,44,Sunday,Jan
01/11/2015,EV,3271,N17560,CLE,LGA,1535,1534,-1,11,1545,100,82,64,419,1649,7,1715,1656,-19,Sunday,Jan
02/05/2015,DL,2160,N948DN,ATL,MIA,1619,1618,-1,17,1635,115,118,89,594,1804,12,1814,1816,2,Thursday,Feb
02/01/2015,OO,2602,N492SW,LAX,FAT,1959,1953,-6,14,2007,57,61,41,209,2048,6,2056,2054,-2,Sunday,Feb
01/30/2015,AA,113,N3CYAA,MIA,DEN,2115,2117,2,32,2149,275,277,237,1709,2346,8,2350,2354,4,Friday,Jan
01/23/2015,DL,873,N6702,STT,ATL,1745,1739,-6,12,1751,249,254,229,1599,2040,13,2054,2053,-1,Friday,Jan
02/06/2015,WN,3851,N402WN,SMF,SEA,800,754,-6,10,804,115,104,86,605,930,8,955,938,-17,Friday,Feb
01/01/2015,UA,400,N430UA,SFO,IAH,2320,9,49,14,23,221,217,199,1635,542,4,501,546,45,Thursday,Jan
01/08/2015,US,627,N653AW,EWR,PHX,1635,1637,2,17,1654,330,322,300,2133,1954,5,2005,1959,-6,Thursday,Jan
01/28/2015,WN,754,N550WN,ONT,PHX,1605,1601,-4,5,1606,70,63,51,325,1757,7,1815,1804,-11,Wednesday,Jan
01/27/2015,WN,4163,N262WN,SAN,PDX,2055,2048,-7,13,2101,160,137,120,933,2301,4,2335,2305,-30,Tuesday,Jan
01/22/2015,WN,795,N633SW,ATL,BWI,745,740,-5,14,754,110,106,87,577,921,5,935,926,-9,Thursday,Jan
02/11/2015,OO,5219,N948SW,ORD,MEM,1603,1600,-3,12,1612,114,121,95,491,1747,14,1757,1801,4,Wednesday,Feb
01/02/2015,AA,2267,N3MAAA,LAX,ORD,1635,1630,-5,10,1640,240,228,210,1744,2210,8,2235,2218,-17,Friday,Jan
02/08/2015,VX,878,N525VA,DAL,DCA,1805,1804,-1,13,1817,155,160,143,1184,2140,4,2140,2144,4,Sunday,Feb
01/21/2015,WN,607,N945WN,SMF,LAX,1305,1304,-1,14,1318,80,80,60,373,1418,6,1425,1424,-1,Wednesday,Jan
02/04/2015,UA,207,N809UA,LAX,LAS,2235,2229,-6,13,2242,72,63,39,236,2321,11,2347,2332,-15,Wednesday,Feb
01/22/2015,B6,654,N649JB,PBI,JFK,1247,1259,12,11,1310,162,145,130,1028,1520,4,1529,1524,-5,Thursday,Jan
01/25/2015,UA,349,N473UA,DEN,TPA,1241,1247,6,12,1259,203,188,172,1506,1751,4,1804,1755,-9,Sunday,Jan
01/04/2015,OO,3499,N225AG,SLC,PDX,800,2243,883,13,2256,115,124,107,630,2343,4,855,2347,892,Sunday,Jan
02/04/2015,MQ,2903,N683MQ,DFW,BTR,1005,1006,1,20,1026,78,85,60,383,1126,5,1123,1131,8,Wednesday,Feb
01/02/2015,WN,4561,N436WN,LAX,OAK,1920,1924,4,9,1933,75,70,55,337,2028,6,2035,2034,-1,Friday,Jan
02/07/2015,UA,1060,N76517,SFO,DCA,1354,1401,7,28,1429,306,287,255,2442,2144,4,2200,2148,-12,Saturday,Feb
01/10/2015,EV,4089,N14562,IAH,ELP,1312,1311,-1,11,1322,127,107,92,667,1354,4,1419,1358,-21,Saturday,Jan
01/27/2015,OO,5345,N929EV,ORD,MKE,1647,1640,-7,14,1654,49,39,20,67,1714,5,1736,1719,-17,Tuesday,Jan
01/29/2015,AA,2227,N001AA,IAH,MIA,1935,1929,-6,13,1942,140,131,113,964,2235,5,2255,2240,-15,Thursday,Jan
02/02/2015,DL,2316,N138DL,DTW,LAS,834,944,70,17,1001,292,260,237,1749,1058,6,1026,1104,38,Monday,Feb
02/12/2015,WN,430,N969WN,MCO,BDL,1430,1424,-6,13,1437,160,143,123,1050,1640,7,1710,1647,-23,Thursday,Feb
01/18/2015,US,450,N564UW,PHX,SLC,1445,1442,-3,21,1503,99,96,69,507,1612,6,1624,1618,-6,Sunday,Jan
02/03/2015,EV,5496,N979EV,CHO,ATL,1638,1633,-5,12,1645,101,95,77,457,1802,6,1819,1808,-11,Tuesday,Feb
01/12/2015,WN,510,N774SW,BUF,BWI,1110,1245,95,19,1304,75,77,54,281,1358,4,1225,1402,97,Monday,Jan
01/05/2015,WN,1637,N457WN,BWI,STL,1750,1758,8,10,1808,140,145,131,738,1919,4,1910,1923,13,Monday,Jan
01/03/2015,OO,5322,N652BR,FWA,ORD,2008,1958,-10,12,2010,69,56,31,157,1941,13,2017,1954,-23,Saturday,Jan
01/02/2015,EV,4971,N936EV,ATL,GPT,1648,1657,9,17,1714,82,87,66,352,1720,4,1710,1724,14,Friday,Jan
01/30/2015,AA,1314,N3AUAA,LAX,IND,1125,1115,-10,20,1135,237,241,216,1814,1811,5,1822,1816,-6,Friday,Jan
01/29/2015,US,726,N829AW,LAX,PIT,1130,1122,-8,21,1143,268,266,237,2136,1840,8,1858,1848,-10,Thursday,Jan
02/11/2015,B6,1887,N368JB,ORH,MCO,1139,1206,27,10,1216,190,178,154,1091,1450,14,1449,1504,15,Wednesday,Feb
01/21/2015,AA,295,N853AA,MIA,LAX,920,912,-8,16,928,369,344,324,2342,1152,4,1229,1156,-33,Wednesday,Jan
01/16/2015,EV,6182,N13553,BDL,IAD,1926,1919,-7,9,1928,90,87,71,326,2039,7,2056,2046,-10,Friday,Jan
01/31/2015,AA,1337,N5BYAA,LAS,DFW,1750,1746,-4,16,1802,150,157,130,1055,2212,11,2220,2223,3,Saturday,Jan
02/01/2015,AA,1372,N4XSAA,DFW,STL,2145,2141,-4,12,2153,92,106,74,550,2307,20,2317,2327,10,Sunday,Feb
01/17/2015,DL,1947,N959DL,LGA,ATL,1100,1056,-4,35,1131,166,150,109,762,1320,6,1346,1326,-20,Saturday,Jan
01/17/2015,US,1719,N816AW,CLT,FLL,1616,1609,-7,17,1626,121,109,90,631,1756,2,1817,1758,-19,Saturday,Jan
02/06/2015,US,1977,N816AW,DTW,CLT,645,640,-5,13,653,118,95,73,500,806,9,843,815,-28,Friday,Feb
01/08/2015,UA,769,N847UA,ROC,ORD,750,748,-2,25,813,125,125,89,528,842,11,855,853,-2,Thursday,Jan
02/06/2015,OO,6368,N969SW,BIS,DEN,2032,2015,-17,9,2024,110,92,76,516,2040,7,2122,2047,-35,Friday,Feb
01/20/2015,AA,1561,N595AA,DFW,EWR,1920,1925,5,15,1940,184,201,176,1372,2336,10,2324,2346,22,Tuesday,Jan
02/08/2015,OO,5505,N507CA,FAT,DEN,1327,1320,-7,11,1331,138,120,104,844,1615,5,1645,1620,-25,Sunday,Feb
01/09/2015,US,1816,N725UW,TPA,DCA,1318,1308,-10,13,1321,127,114,97,814,1458,4,1525,1502,-23,Friday,Jan
01/23/2015,AS,46,N768AS,BET,ANC,2112,2119,7,6,2125,65,65,55,399,2220,4,2217,2224,7,Friday,Jan
01/07/2015,US,1713,N565UW,SFO,PHL,1340,1334,-6,10,1344,311,296,281,2521,2125,5,2151,2130,-21,Wednesday,Jan
02/09/2015,HA,257,N493HA,KOA,HNL,1434,1434,0,9,1443,44,54,35,163,1518,10,1518,1528,10,Monday,Feb
01/14/2015,WN,396,N486WN,SJU,MCO,1850,1846,-4,13,1859,190,190,170,1189,2049,7,2100,2056,-4,Wednesday,Jan
01/10/2015,MQ,3230,N539MQ,ORD,CMH,840,853,13,11,904,74,59,45,296,1049,3,1054,1052,-2,Saturday,Jan
01/11/2015,WN,1116,N508SW,DAL,MSY,1240,1239,-1,11,1250,80,78,63,436,1353,4,1400,1357,-3,Sunday,Jan
02/04/2015,AA,326,N4YAAA,STL,DFW,1237,1305,28,8,1313,113,98,81,550,1434,9,1430,1443,13,Wednesday,Feb
01/19/2015,WN,1150,N613SW,BDL,BWI,805,816,11,18,834,85,72,49,283,923,5,930,928,-2,Monday,Jan
01/08/2015,OO,4832,N633SK,LAX,SJC,600,555,-5,19,614,78,70,47,308,701,4,718,705,-13,Thursday,Jan
02/10/2015,EV,4999,N843AS,ATL,MOB,1230,1305,35,13,1318,74,61,44,302,1302,4,1244,1306,22,Tuesday,Feb
01/01/2015,WN,287,N8612K,MCO,BWI,1715,1904,109,19,1923,130,132,107,787,2110,6,1925,2116,111,Thursday,Jan
01/06/2015,AS,687,N512AS,DEN,SEA,1750,1754,4,13,1807,180,173,154,1024,1941,6,1950,1947,-3,Tuesday,Jan
01/29/2015,EV,5605,N608QX,DTW,RIC,1935,1951,16,38,2029,99,105,64,456,2133,3,2114,2136,22,Thursday,Jan
01/14/2015,EV,4213,N48901,ORD,HPN,755,749,-6,9,758,124,120,105,738,1043,6,1059,1049,-10,Wednesday,Jan
02/11/2015,UA,766,N518UA,JFK,SFO,1200,1158,-2,17,1215,400,370,343,2586,1458,10,1540,1508,-32,Wednesday,Feb
01/27/2015,WN,1071,N951WN,PDX,LAS,1240,1234,-6,8,1242,125,121,108,763,1430,5,1445,1435,-10,Tuesday,Jan
01/16/2015,WN,404,N8603F,SEA,MDW,1345,1417,32,16,1433,240,230,208,1733,2001,6,1945,2007,22,Friday,Jan
01/17/2015,DL,340,N309US,ATL,MSP,725,724,-1,10,734,159,140,126,907,840,4,904,844,-20,Saturday,Jan
01/27/2015,MQ,2959,N942MQ,ORD,FAR,2030,2110,40,18,2128,114,122,97,557,2305,7,2224,2312,48,Tuesday,Jan
01/22/2015,B6,466,N586JB,RSW,BOS,1240,1240,0,19,1259,179,180,156,1249,1535,5,1539,1540,1,Thursday,Jan
01/17/2015,MQ,3273,N824MQ,CHO,LGA,1425,1408,-17,11,1419,75,70,52,305,1511,7,1540,1518,-22,Saturday,Jan
02/05/2015,B6,531,N807JB,SLC,LGB,1843,1915,32,26,1941,106,119,90,588,2011,3,1929,2014,45,Thursday,Feb
01/10/2015,OO,5483,N941SW,DEN,SLC,1856,1850,-6,16,1906,93,81,62,391,2008,3,2029,2011,-18,Saturday,Jan
01/10/2015,HA,309,N487HA,OGG,LIH,1745,1750,5,7,1757,45,43,31,201,1828,5,1830,1833,3,Saturday,Jan
01/24/2015,UA,789,N492UA,DEN,BOS,1005,1002,-3,13,1015,228,231,211,1754,1546,7,1553,1553,0,Saturday,Jan
01/13/2015,WN,2300,N7735A,BNA,MDW,1520,1514,-6,15,1529,90,83,63,395,1632,5,1650,1637,-13,Tuesday,Jan
01/11/2015,OO,4555,N449SW,SLC,RDM,1143,1133,-10,23,1156,116,128,101,525,1237,4,1239,1241,2,Sunday,Jan
02/05/2015,EV,5252,N131EV,OMA,ATL,1050,1055,5,12,1107,125,118,97,821,1344,9,1355,1353,-2,Thursday,Feb
01/01/2015,OO,5426,N563SW,SFO,SBP,1857,1856,-1,12,1908,65,63,47,190,1955,4,2002,1959,-3,Thursday,Jan
02/09/2015,MQ,2947,N537MQ,LIT,DFW,930,932,2,13,945,79,72,51,304,1036,8,1049,1044,-5,Monday,Feb
01/21/2015,US,421,N755US,ONT,PHX,1925,1924,-1,14,1938,71,69,51,325,2129,4,2136,2133,-3,Wednesday,Jan
02/09/2015,AA,1132,N3JMAA,DFW,PHX,940,940,0,18,958,160,169,128,868,1106,23,1120,1129,9,Monday,Feb
02/08/2015,EV,4741,N28529,SHV,IAH,1705,1655,-10,22,1717,64,72,42,192,1759,8,1809,1807,-2,Sunday,Feb
01/13/2015,US,1962,N716UW,DTW,CLT,1350,1418,28,10,1428,108,92,78,500,1546,4,1538,1550,12,Tuesday,Jan
02/10/2015,EV,4932,N744EV,GRR,MSP,1015,1048,33,11,1059,104,91,72,408,1111,8,1059,1119,20,Tuesday,Feb
02/09/2015,AS,16,N526AS,SEA,MCO,805,801,-4,12,813,317,293,277,2554,1550,4,1622,1554,-28,Monday,Feb
01/19/2015,OO,6275,N479CA,COS,LAX,1356,1426,30,16,1442,158,156,130,833,1552,10,1534,1602,28,Monday,Jan
01/15/2015,UA,649,N464UA,JAC,DEN,1328,1322,-6,15,1337,92,77,56,406,1433,6,1500,1439,-21,Thursday,Jan
02/01/2015,VX,953,N635VA,SAN,SFO,850,849,-1,15,904,95,91,70,447,1014,6,1025,1020,-5,Sunday,Feb
02/04/2015,B6,1142,N508JB,PBI,BDL,1145,1550,245,7,1557,162,150,139,1133,1816,4,1427,1820,233,Wednesday,Feb
01/01/2015,OO,5241,N742SK,DEN,SAT,804,821,17,9,830,132,129,115,794,1125,5,1116,1130,14,Thursday,Jan
01/02/2015,AS,162,N713AS,FAI,ANC,600,556,-4,22,618,73,72,44,261,702,6,713,708,-5,Friday,Jan
01/13/2015,DL,2058,N924DL,MCO,JFK,738,736,-2,11,747,142,131,113,944,940,7,1000,947,-13,Tuesday,Jan
01/02/2015,WN,4728,N782SA,CLE,MDW,2035,2032,-3,5,2037,80,66,55,307,2032,6,2055,2038,-17,Friday,Jan
01/04/2015,MQ,3042,N692MQ,MIA,CHS,2115,2112,-3,26,2138,102,107,78,489,2256,3,2257,2259,2,Sunday,Jan
02/04/2015,AA,270,N5DFAA,HNL,LAX,828,819,-9,23,842,327,307,281,2556,1523,3,1555,1526,-29,Wednesday,Feb
01/09/2015,MQ,3045,N603MQ,ORD,TUL,1155,1256,61,10,1306,117,110,97,585,1443,3,1352,1446,54,Friday,Jan
02/04/2015,EV,4619,N13118,IAH,CAE,1331,1325,-6,11,1336,132,132,117,878,1633,4,1643,1637,-6,Wednesday,Feb
01/15/2015,MQ,3064,N925MQ,SGF,DFW,1455,1455,0,12,1507,89,80,58,364,1605,10,1624,1615,-9,Thursday,Jan
01/10/2015,WN,2572,N636WN,PDX,PHX,1305,1306,1,8,1314,150,143,131,1009,1625,4,1635,1629,-6,Saturday,Jan
01/04/2015,EV,5056,N926EV,FAY,ATL,1641,1635,-6,11,1646,92,86,67,331,1753,8,1813,1801,-12,Sunday,Jan
01/12/2015,WN,1357,N8323C,MSP,PHX,750,756,6,13,809,220,202,184,1276,1013,5,1030,1018,-12,Monday,Jan
01/04/2015,OO,5487,N750SK,IAH,ASE,1156,1206,10,20,1226,172,183,145,913,1351,18,1348,1409,21,Sunday,Jan
01/20/2015,OO,2683,N897SK,ELP,PHX,1230,1221,-9,16,1237,85,102,66,347,1343,20,1355,1403,8,Tuesday,Jan
02/08/2015,DL,42,N3739P,SJU,JFK,1501,1455,-6,15,1510,249,237,206,1598,1736,16,1810,1752,-18,Sunday,Feb
01/10/2015,WN,3616,N446WN,MCO,BUF,1530,1552,22,13,1605,155,150,131,1011,1816,6,1805,1822,17,Saturday,Jan
01/23/2015,EV,3920,N13970,ORD,AVP,1325,1322,-3,27,1349,105,112,81,632,1610,4,1610,1614,4,Friday,Jan
01/30/2015,EV,5183,N914EV,ATL,MGM,1155,1154,-1,12,1206,56,43,29,147,1135,2,1151,1137,-14,Friday,Jan
01/06/2015,DL,1841,N954AT,SYR,ATL,1746,1805,19,11,1816,158,148,117,794,2013,20,2024,2033,9,Tuesday,Jan
01/10/2015,NK,724,N605NK,FLL,LBE,1313,1308,-5,11,1319,158,145,130,980,1529,4,1551,1533,-18,Saturday,Jan
01/09/2015,DL,1170,N3763D,LAX,CMH,2230,2234,4,15,2249,258,251,231,1995,540,5,548,545,-3,Friday,Jan
01/30/2015,AA,196,N3EHAA,MIA,PHL,600,553,-7,18,611,162,161,137,1013,828,6,842,834,-8,Friday,Jan
01/24/2015,MQ,3206,N510MQ,GRR,ORD,1145,1154,9,16,1210,58,54,30,137,1140,8,1143,1148,5,Saturday,Jan
01/06/2015,MQ,3645,N623MQ,DFW,JAN,1500,1525,25,14,1539,76,76,56,408,1635,6,1616,1641,25,Tuesday,Jan
01/17/2015,US,804,N252AU,CLT,STT,950,955,5,32,1027,216,215,174,1520,1421,9,1426,1430,4,Saturday,Jan
01/19/2015,UA,1649,N14731,IAH,SNA,846,844,-2,21,905,226,219,193,1346,1018,5,1032,1023,-9,Monday,Jan
01/14/2015,MQ,3129,N698MQ,DFW,VPS,1620,1730,70,15,1745,108,97,75,641,1900,7,1808,1907,59,Wednesday,Jan
01/28/2015,DL,1325,N3766,LAX,MSY,1325,1316,-9,14,1330,219,200,183,1670,1833,3,1904,1836,-28,Wednesday,Jan
01/01/2015,US,563,N557UW,PHX,SAN,2105,2118,13,19,2137,73,70,49,304,2126,2,2118,2128,10,Thursday,Jan
01/25/2015,EV,3955,N17524,IAH,JAN,1440,1445,5,25,1510,76,79,50,351,1600,4,1556,1604,8,Sunday,Jan
01/25/2015,DL,2344,N906AT,ATL,CHA,1153,1151,-2,10,1201,48,39,25,106,1226,4,1241,1230,-11,Sunday,Jan
01/01/2015,B6,536,N354JB,FLL,SWF,1205,1200,-5,15,1215,176,175,155,1118,1450,5,1501,1455,-6,Thursday,Jan
01/02/2015,MQ,3041,N918MQ,DFW,DSM,920,918,-2,15,933,108,94,77,624,1050,2,1108,1052,-16,Friday,Jan
01/23/2015,US,453,N827AW,DTW,CLT,1015,1010,-5,10,1020,116,118,88,500,1148,20,1211,1208,-3,Friday,Jan
02/04/2015,EV,5208,N147PQ,MSP,CLE,1915,2058,103,15,2113,111,101,80,622,2333,6,2206,2339,93,Wednesday,Feb
01/06/2015,US,510,N662AW,BOS,PHX,940,943,3,19,1002,355,342,318,2300,1320,5,1335,1325,-10,Tuesday,Jan
01/21/2015,WN,707,N8324A,LAS,TPA,1000,955,-5,14,1009,250,235,215,1984,1644,6,1710,1650,-20,Wednesday,Jan
01/09/2015,EV,4362,N26141,IAH,MSP,1304,1341,37,17,1358,170,184,148,1034,1626,19,1554,1645,51,Friday,Jan
01/16/2015,DL,1463,N904DL,ATL,CHS,1049,1048,-1,19,1107,69,66,41,259,1148,6,1158,1154,-4,Friday,Jan
01/30/2015,EV,4164,N19966,CLE,DCA,836,823,-13,22,845,83,84,57,310,942,5,959,947,-12,Friday,Jan
02/03/2015,DL,1626,N595NW,ATL,FLL,1510,1509,-1,23,1532,115,110,85,581,1657,2,1705,1659,-6,Tuesday,Feb
01/12/2015,DL,1198,N682DA,RIC,ATL,1914,2101,107,9,2110,111,105,87,481,2237,9,2105,2246,101,Monday,Jan
01/16/2015,AS,140,N549AS,ANC,PDX,1140,1127,-13,24,1151,208,222,194,1542,1605,4,1608,1609,1,Friday,Jan
01/09/2015,DL,1646,N671DN,PHX,ATL,45,40,-5,12,52,202,195,177,1587,549,6,607,555,-12,Friday,Jan
01/18/2015,B6,1210,N351JB,JAX,BOS,1718,1715,-3,8,1723,146,137,124,1010,1927,5,1944,1932,-12,Sunday,Jan
02/02/2015,WN,132,N8601C,SLC,MDW,750,802,12,10,812,190,172,154,1259,1146,8,1200,1154,-6,Monday,Feb
02/09/2015,UA,616,N444UA,ORD,DCA,1401,1405,4,13,1418,113,98,81,612,1639,4,1654,1643,-11,Monday,Feb
01/06/2015,AA,1098,N4YBAA,DFW,SMF,1225,1221,-4,15,1236,233,210,190,1431,1346,5,1418,1351,-27,Tuesday,Jan
01/03/2015,AA,2255,N4WNAA,DFW,RIC,800,756,-4,12,808,160,153,134,1158,1122,7,1140,1129,-11,Saturday,Jan
02/06/2015,AA,1213,N5BVAA,DFW,MCO,1420,1535,75,15,1550,145,147,128,985,1858,4,1745,1902,77,Friday,Feb
02/04/2015,DL,1094,N921DN,MSP,TPA,912,914,2,22,936,201,199,169,1306,1325,8,1333,1333,0,Wednesday,Feb
02/05/2015,EV,4200,N17146,DCA,CLE,1029,1123,54,7,1130,88,69,55,310,1225,7,1157,1232,35,Thursday,Feb
01/15/2015,AS,864,N532AS,KOA,SEA,1420,1439,19,8,1447,352,309,294,2688,2141,7,2212,2148,-24,Thursday,Jan
01/29/2015,WN,4299,N202WN,ATL,FLL,850,850,0,17,907,120,111,77,581,1024,17,1050,1041,-9,Thursday,Jan
01/01/2015,B6,136,N534JB,PHX,JFK,2359,38,39,18,56,267,248,226,2153,642,4,626,646,20,Thursday,Jan
01/08/2015,WN,770,N740SW,STL,BWI,555,554,-1,19,613,125,119,95,738,848,5,900,853,-7,Thursday,Jan
01/26/2015,EV,4242,N14116,CRW,IAH,1647,1710,23,22,1732,180,159,131,975,1843,6,1847,1849,2,Monday,Jan
01/12/2015,AA,44,N3FDAA,LAS,JFK,810,809,-1,14,823,292,291,270,2248,1553,7,1602,1600,-2,Monday,Jan
02/02/2015,DL,303,N6715C,MCO,SLC,720,718,-2,10,728,302,299,284,1931,1012,5,1022,1017,-5,Monday,Feb
01/03/2015,WN,128,N7742B,LAX,SJC,1645,1758,73,10,1808,65,76,52,308,1900,14,1750,1914,84,Saturday,Jan
01/13/2015,EV,5044,N730EV,AUS,DTW,720,716,-4,10,726,171,155,137,1149,1043,8,1111,1051,-20,Tuesday,Jan
01/17/2015,DL,2484,N371NW,PHL,DTW,910,914,4,10,924,116,108,90,453,1054,8,1106,1102,-4,Saturday,Jan
02/11/2015,DL,1901,N542US,BOS,ATL,1210,1241,31,56,1337,187,198,138,946,1555,4,1517,1559,42,Wednesday,Feb
01/23/2015,US,775,N256AY,SJU,PHL,935,938,3,17,955,235,250,230,1576,1245,3,1230,1248,18,Friday,Jan
01/04/2015,WN,1121,N275WN,HOU,DAL,1800,1838,38,7,1845,60,50,40,239,1925,3,1900,1928,28,Sunday,Jan
01/05/2015,MQ,3182,N629MQ,FSM,DFW,1430,1440,10,7,1447,65,85,46,227,1533,32,1535,1605,30,Monday,Jan
01/14/2015,UA,1061,N38727,LGA,ORD,1100,1058,-2,37,1135,167,152,110,733,1225,5,1247,1230,-17,Wednesday,Jan
01/29/2015,US,1747,N105UW,CLT,PIT,1959,1957,-2,11,2008,79,75,58,366,2106,6,2118,2112,-6,Thursday,Jan
02/03/2015,EV,5756,N832AS,IAD,PIT,1250,1248,-2,13,1301,62,56,37,182,1338,6,1352,1344,-8,Tuesday,Feb
02/12/2015,MQ,3157,N6EAMQ,ORD,ABQ,1025,1055,30,30,1125,188,171,135,1118,1240,6,1233,1246,13,Thursday,Feb
01/17/2015,F9,404,N947FR,LAX,DEN,1019,1014,-5,11,1025,136,129,113,862,1318,5,1335,1323,-12,Saturday,Jan
02/06/2015,OO,2687,N821AS,PHX,YUM,2240,2233,-7,24,2257,50,71,40,160,2337,7,2330,2344,14,Friday,Feb
02/10/2015,UA,383,N772UA,HNL,DEN,2255,2248,-7,15,2303,395,374,353,3365,756,6,830,802,-28,Tuesday,Feb
01/30/2015,AA,24,N798AA,SFO,JFK,700,714,14,22,736,330,350,316,2586,1552,12,1530,1604,34,Friday,Jan
01/09/2015,DL,2471,N551NW,ATL,AUS,1415,1413,-2,12,1425,153,139,121,813,1526,6,1548,1532,-16,Friday,Jan
01/12/2015,WN,40,N427WN,PHX,HOU,1200,1200,0,17,1217,150,140,117,1020,1514,6,1530,1520,-10,Monday,Jan
01/19/2015,WN,471,N7718B,MCI,DEN,710,708,-2,10,718,115,102,88,533,746,4,805,750,-15,Monday,Jan
01/23/2015,DL,2645,N977AT,RSW,JFK,1549,1541,-8,13,1554,176,178,137,1074,1811,28,1845,1839,-6,Friday,Jan
01/02/2015,EV,4407,N14902,ORD,FNT,2000,2001,1,11,2012,70,49,35,223,2147,3,2210,2150,-20,Friday,Jan
01/20/2015,AA,2249,N491AA,DFW,IAH,930,923,-7,14,937,65,64,43,224,1020,7,1035,1027,-8,Tuesday,Jan
01/25/2015,UA,1583,N12238,SFO,EWR,659,700,1,23,723,331,337,307,2565,1530,7,1530,1537,7,Sunday,Jan
01/26/2015,F9,777,N920FR,DEN,LAS,1404,1359,-5,8,1407,111,103,88,628,1435,7,1455,1442,-13,Monday,Jan
01/09/2015,WN,1049,N904WN,TUL,HOU,825,820,-5,8,828,95,84,72,453,940,4,1000,944,-16,Friday,Jan
01/19/2015,UA,1408,N16234,FLL,CLE,1129,1131,2,21,1152,179,181,153,1062,1425,7,1428,1432,4,Monday,Jan
01/19/2015,F9,1053,N953FR,SLC,PHX,1515,1505,-10,15,1520,100,94,74,507,1634,5,1655,1639,-16,Monday,Jan
01/15/2015,HA,166,N487HA,HNL,OGG,1400,1400,0,11,1411,39,37,21,100,1432,5,1439,1437,-2,Thursday,Jan
01/15/2015,WN,671,N8620H,CMH,MCO,650,648,-2,25,713,150,140,108,802,901,7,920,908,-12,Thursday,Jan
01/16/2015,MQ,2958,N8EGMQ,LIT,ORD,1435,1438,3,11,1449,110,99,84,552,1613,4,1625,1617,-8,Friday,Jan
01/14/2015,NK,219,N524NK,ORD,ATL,1044,1041,-3,11,1052,110,103,86,606,1318,6,1334,1324,-10,Wednesday,Jan
01/18/2015,WN,2080,N8612K,MCO,BUF,2040,2044,4,7,2051,150,144,133,1011,2304,4,2310,2308,-2,Sunday,Jan
01/03/2015,DL,716,N3751B,MCO,SLC,600,555,-5,21,616,303,292,265,1931,841,6,903,847,-16,Saturday,Jan
01/07/2015,WN,913,N359SW,LAX,SMF,1635,1647,12,5,1652,75,64,55,373,1747,4,1750,1751,1,Wednesday,Jan
01/08/2015,B6,57,N323JB,BOS,IAD,614,611,-3,25,636,111,101,70,413,746,6,805,752,-13,Thursday,Jan
01/19/2015,WN,2493,N294WN,BWI,SAT,1025,1025,0,8,1033,245,215,203,1407,1256,4,1330,1300,-30,Monday,Jan
01/31/2015,OO,4575,N429SW,OKC,MSP,1230,1221,-9,23,1244,119,122,88,694,1412,11,1429,1423,-6,Saturday,Jan
01/10/2015,EV,5088,N146PQ,PIT,MSP,640,908,148,28,936,152,151,121,726,1037,2,812,1039,147,Saturday,Jan
01/22/2015,MQ,3425,N925MQ,DSM,ORD,1100,1150,50,14,1204,82,84,61,299,1305,9,1222,1314,52,Thursday,Jan
01/29/2015,WN,2504,N385SW,RDU,STL,815,810,-5,9,819,140,127,114,667,913,4,935,917,-18,Thursday,Jan
01/01/2015,WN,3555,N929WN,OAK,ABQ,1500,1509,9,9,1518,130,189,121,889,1819,59,1810,1918,68,Thursday,Jan
01/23/2015,US,421,N805AW,ONT,PHX,1925,1926,1,14,1940,71,76,57,325,2137,5,2136,2142,6,Friday,Jan
02/10/2015,MQ,3025,N654MQ,DSM,ORD,1809,1809,0,10,1819,86,117,53,299,1912,54,1935,2006,31,Tuesday,Feb
01/13/2015,OO,4969,N122SY,DCA,ORD,1045,1038,-7,28,1106,135,153,110,612,1156,15,1200,1211,11,Tuesday,Jan
01/02/2015,B6,620,N649JB,SAN,BOS,1130,1123,-7,32,1155,314,316,278,2588,1933,6,1944,1939,-5,Friday,Jan
01/02/2015,DL,1977,N957AT,ORD,ATL,1800,1754,-6,22,1816,122,132,90,606,2046,20,2102,2106,4,Friday,Jan
01/15/2015,B6,687,N804JB,BOS,LAX,1923,1920,-3,41,2001,395,397,347,2611,2248,9,2258,2257,-1,Thursday,Jan
01/31/2015,US,677,N536UW,LAS,PHL,900,848,-12,14,902,279,252,231,2176,1553,7,1639,1600,-39,Saturday,Jan
01/15/2015,DL,2299,N894AT,ATL,HOU,1612,1611,-1,19,1630,142,142,120,696,1730,3,1734,1733,-1,Thursday,Jan
01/28/2015,UA,1045,N39726,ORD,LAS,1700,1654,-6,17,1711,246,240,214,1514,1845,9,1906,1854,-12,Wednesday,Jan
01/08/2015,AA,1583,N3FLAA,ORD,PHX,1445,1600,75,19,1619,233,225,202,1440,1841,4,1738,1845,67,Thursday,Jan
01/31/2015,EV,4271,N11140,DEN,MOT,1515,1523,8,34,1557,112,124,78,604,1815,12,1807,1827,20,Saturday,Jan
01/23/2015,EV,5442,N838AS,AEX,ATL,1323,1331,8,19,1350,97,107,75,500,1605,13,1600,1618,18,Friday,Jan
01/01/2015,OO,5260,N291SW,SFO,FAT,1040,1037,-3,16,1053,66,62,42,158,1135,4,1146,1139,-7,Thursday,Jan
01/08/2015,WN,3957,N7736A,SEA,SMF,1315,1311,-4,12,1323,105,101,86,605,1449,3,1500,1452,-8,Thursday,Jan
01/03/2015,WN,4476,N257WN,MDW,OAK,845,918,33,12,930,290,291,251,1844,1141,28,1135,1209,34,Saturday,Jan
02/11/2015,WN,2428,N614SW,AUS,DAL,2145,2151,6,5,2156,55,45,34,189,2230,6,2240,2236,-4,Wednesday,Feb
01/19/2015,WN,2265,N7706A,DEN,EWR,1430,1433,3,9,1442,210,202,186,1605,1948,7,2000,1955,-5,Monday,Jan
01/20/2015,EV,4149,N14972,FNT,ORD,600,556,-4,34,630,67,88,44,223,614,10,607,624,17,Tuesday,Jan
01/07/2015,OO,5624,N652BR,PSC,DEN,1323,1402,39,10,1412,142,119,100,852,1652,9,1645,1701,16,Wednesday,Jan
02/05/2015,US,615,N602AW,IAH,PHX,1805,1805,0,25,1830,183,176,141,1009,1951,10,2008,2001,-7,Thursday,Feb
02/05/2015,AA,2291,N850AA,DFW,MIA,700,729,29,17,746,159,175,144,1121,1110,14,1039,1124,45,Thursday,Feb
01/06/2015,B6,1933,N353JB,MCO,SJU,1000,959,-1,13,1012,165,163,145,1189,1337,5,1345,1342,-3,Tuesday,Jan
01/03/2015,EV,4687,N14998,IAH,BNA,715,738,23,40,818,113,133,87,657,945,6,908,951,43,Saturday,Jan
01/11/2015,DL,2156,N895AT,SYR,ATL,1148,1144,-4,12,1156,155,149,128,794,1404,9,1423,1413,-10,Sunday,Jan
02/06/2015,US,871,N722US,ATL,CLT,1725,1721,-4,14,1735,71,63,43,226,1818,6,1836,1824,-12,Friday,Feb
01/19/2015,AA,1562,N484AA,RIC,DFW,650,647,-3,16,703,220,194,173,1158,856,5,930,901,-29,Monday,Jan
02/02/2015,OO,5241,N773SK,DEN,SAT,756,750,-6,12,802,131,123,106,794,1048,5,1107,1053,-14,Monday,Feb
01/09/2015,US,1855,N750UW,CLT,MSP,1450,1529,39,17,1546,168,163,142,930,1708,4,1638,1712,34,Friday,Jan
01/04/2015,WN,401,N604SW,SDF,MCO,1440,1552,72,7,1559,120,124,111,719,1750,6,1640,1756,76,Sunday,Jan
02/09/2015,WN,2602,N8600F,CMH,MDW,1750,1743,-7,18,1801,75,87,64,283,1805,5,1805,1810,5,Monday,Feb
01/04/2015,DL,2514,N906AT,ORD,ATL,1915,2050,95,16,2106,120,113,84,606,2330,13,2215,2343,88,Sunday,Jan
01/16/2015,AA,1436,N3HCAA,TPA,MIA,735,733,-2,12,745,60,75,46,204,831,17,835,848,13,Friday,Jan
01/03/2015,NK,813,N634NK,TPA,DFW,1305,1354,49,10,1404,166,177,162,929,1546,5,1451,1551,60,Saturday,Jan
01/02/2015,WN,880,N705SW,MEM,MCO,1035,1036,1,10,1046,110,114,95,684,1321,9,1325,1330,5,Friday,Jan
01/06/2015,US,1845,N756US,DTW,PHX,500,544,44,56,640,276,293,233,1671,833,4,736,837,61,Tuesday,Jan
01/18/2015,HA,342,N475HA,HNL,ITO,808,801,-7,9,810,50,49,35,216,845,5,858,850,-8,Sunday,Jan
01/21/2015,AA,397,N3KSAA,SJU,MIA,1405,1356,-9,15,1411,174,181,158,1045,1549,8,1559,1557,-2,Wednesday,Jan
01/15/2015,AA,241,N3ECAA,ORD,SFO,1610,1610,0,11,1621,284,270,248,1846,1829,11,1854,1840,-14,Thursday,Jan
02/08/2015,WN,495,N443WN,MDW,ATL,810,803,-7,11,814,110,98,78,591,1032,9,1100,1041,-19,Sunday,Feb
02/03/2015,EV,5049,N859AS,FWA,ATL,1643,1955,192,29,2024,111,112,77,508,2141,6,1834,2147,193,Tuesday,Feb
01/29/2015,EV,4578,N11150,DEN,BHM,1040,1036,-4,9,1045,158,132,118,1083,1343,5,1418,1348,-30,Thursday,Jan
01/07/2015,VX,932,N837VA,SFO,LAX,1530,1527,-3,14,1541,80,78,58,337,1639,6,1650,1645,-5,Wednesday,Jan
01/01/2015,US,879,N105UW,BDL,CLT,805,803,-2,25,828,135,153,115,644,1023,13,1020,1036,16,Thursday,Jan
01/08/2015,US,833,N252AU,PHL,CLT,825,818,-7,19,837,118,99,70,449,947,10,1023,957,-26,Thursday,Jan
02/10/2015,UA,1264,N38446,PBI,EWR,700,658,-2,19,717,165,173,145,1023,942,9,945,951,6,Tuesday,Feb
01/24/2015,WN,3465,N7703A,BOS,DEN,815,814,-1,63,917,300,316,247,1754,1124,6,1115,1130,15,Saturday,Jan
01/18/2015,EV,5745,N827AS,IAD,BDL,2152,2349,117,12,1,78,71,55,326,56,4,2310,100,110,Sunday,Jan
01/30/2015,HA,368,N487HA,HNL,KOA,814,807,-7,11,818,43,44,28,163,846,5,857,851,-6,Friday,Jan
01/08/2015,EV,4869,N153PQ,ATL,VPS,1650,1647,-3,15,1702,75,68,50,250,1652,3,1705,1655,-10,Thursday,Jan
01/13/2015,MQ,3636,N655MQ,ORD,IND,1020,1326,186,25,1351,53,61,33,177,1524,3,1213,1527,194,Tuesday,Jan
01/05/2015,EV,3814,N11192,MSP,IAH,1905,2012,67,57,2109,184,194,132,1034,2321,5,2209,2326,77,Monday,Jan
01/15/2015,US,1839,N965UW,PHL,MSP,1125,1138,13,25,1203,176,177,149,980,1332,3,1321,1335,14,Thursday,Jan
01/26/2015,DL,853,N627DL,DTW,RSW,1200,1155,-5,15,1210,183,159,140,1084,1430,4,1503,1434,-29,Monday,Jan
01/11/2015,MQ,3417,N640MQ,BDL,ORD,1345,1338,-7,30,1408,166,178,139,783,1527,9,1531,1536,5,Sunday,Jan
01/23/2015,B6,2783,N265JB,BOS,RDU,1605,1602,-3,14,1616,131,128,108,612,1804,6,1816,1810,-6,Friday,Jan
02/01/2015,WN,3145,N382SW,SFO,LAS,1355,1352,-3,12,1404,90,81,62,414,1506,7,1525,1513,-12,Sunday,Feb
01/24/2015,OO,4507,N816SK,LAX,BZN,910,907,-3,26,933,160,169,140,902,1253,3,1250,1256,6,Saturday,Jan
01/18/2015,DL,2111,N368NB,ATL,GPT,1215,1414,119,14,1428,86,71,54,352,1422,3,1241,1425,104,Sunday,Jan
01/05/2015,WN,1349,N694SW,RDU,BWI,815,814,-1,15,829,70,61,42,255,911,4,925,915,-10,Monday,Jan
01/28/2015,OO,6336,N705SK,SFO,RNO,801,755,-6,15,810,58,57,35,192,845,7,859,852,-7,Wednesday,Jan
02/11/2015,WN,3323,N355SW,SFO,LAX,1815,1850,35,10,1900,95,69,55,337,1955,4,1950,1959,9,Wednesday,Feb
02/07/2015,EV,5006,N855AS,ATL,DHN,1341,1338,-3,9,1347,57,44,32,170,1319,3,1338,1322,-16,Saturday,Feb
01/17/2015,UA,239,N815UA,ORD,MTJ,955,1001,6,17,1018,187,173,153,1081,1151,3,1202,1154,-8,Saturday,Jan
02/04/2015,UA,1562,N57862,HNL,SFO,1402,1416,14,13,1429,307,286,268,2398,2057,5,2109,2102,-7,Wednesday,Feb
01/20/2015,UA,749,N820UA,BOS,IAH,1302,1320,18,13,1333,277,261,240,1597,1633,8,1639,1641,2,Tuesday,Jan
01/02/2015,AA,137,N3ADAA,DCA,DFW,730,730,0,13,743,215,216,194,1192,957,9,1005,1006,1,Friday,Jan
01/05/2015,AA,1024,N486AA,ABQ,DFW,1530,1530,0,12,1542,100,105,83,569,1805,10,1810,1815,5,Monday,Jan
01/05/2015,WN,1774,N903WN,BNA,HOU,1850,1920,30,11,1931,130,130,111,670,2122,8,2100,2130,30,Monday,Jan
01/14/2015,WN,885,N296WN,MDW,DCA,820,815,-5,9,824,105,103,87,601,1051,7,1105,1058,-7,Wednesday,Jan
01/01/2015,EV,6036,N11187,ELP,DEN,721,713,-8,14,727,114,107,82,563,849,11,915,900,-15,Thursday,Jan
01/14/2015,US,2144,N945UW,LGA,BOS,1100,1101,1,42,1143,68,82,33,184,1216,7,1208,1223,15,Wednesday,Jan
01/29/2015,DL,686,N947DN,ATL,AUS,1612,1610,-2,12,1622,156,129,114,813,1716,3,1748,1719,-29,Thursday,Jan
01/24/2015,UA,1632,N68452,IAD,TPA,1738,1736,-2,12,1748,151,133,115,811,1943,6,2009,1949,-20,Saturday,Jan
01/22/2015,WN,695,N953WN,LAS,RNO,605,556,-9,10,606,80,71,56,345,702,5,725,707,-18,Thursday,Jan
01/03/2015,DL,1130,N958AT,MEM,ATL,1600,1555,-5,10,1605,84,70,50,332,1755,10,1824,1805,-19,Saturday,Jan
01/05/2015,OO,4502,N454SW,DAY,DTW,1725,1749,24,13,1802,68,66,45,166,1847,8,1833,1855,22,Monday,Jan
01/17/2015,EV,4962,N847AS,ATL,ROA,1216,1209,-7,13,1222,78,69,52,357,1314,4,1334,1318,-16,Saturday,Jan
01/06/2015,MQ,3502,N522MQ,LGA,RDU,1820,1942,82,23,2005,106,104,78,431,2123,3,2006,2126,80,Tuesday,Jan
01/04/2015,OO,7401,N565SW,VEL,SLC,657,652,-5,13,705,52,55,39,132,744,3,749,747,-2,Sunday,Jan
01/01/2015,AA,2463,N5CGAA,DFW,LAX,1635,1651,16,32,1723,200,202,164,1235,1807,6,1755,1813,18,Thursday,Jan
02/04/2015,WN,377,N8652B,TUS,LAS,1505,1504,-1,6,1510,80,75,63,365,1513,6,1525,1519,-6,Wednesday,Feb
01/19/2015,AA,1250,N3GKAA,SFO,LAX,705,1355,410,19,1414,89,77,50,337,1504,8,834,1512,398,Monday,Jan
01/14/2015,WN,246,N410WN,MDW,DEN,1130,1127,-3,8,1135,165,141,127,895,1242,6,1315,1248,-27,Wednesday,Jan
01/31/2015,OO,7371,N455CA,BJI,MSP,1253,1257,4,11,1308,72,51,36,199,1344,4,1405,1348,-17,Saturday,Jan
01/19/2015,DL,1294,N917DN,ATL,RDU,844,853,9,13,906,81,71,56,356,1002,2,1005,1004,-1,Monday,Jan
01/14/2015,WN,345,N7740A,LAS,SMF,820,819,-1,23,842,90,93,66,397,948,4,950,952,2,Wednesday,Jan
01/23/2015,WN,908,N7814B,PIT,MDW,1600,1554,-6,7,1601,100,79,66,402,1607,6,1640,1613,-27,Friday,Jan
02/06/2015,UA,1111,N28478,EWR,LAS,1350,1355,5,12,1407,355,324,305,2227,1612,7,1645,1619,-26,Friday,Feb
01/04/2015,EV,5484,N712EV,MSP,MDW,730,729,-1,41,810,106,118,71,349,921,6,916,927,11,Sunday,Jan
01/13/2015,OO,6290,N746SK,PSP,SFO,1841,1830,-11,12,1842,94,82,67,421,1949,3,2015,1952,-23,Tuesday,Jan
01/02/2015,EV,4872,N839AS,AVL,ATL,1218,1219,1,10,1229,62,58,44,164,1313,4,1320,1317,-3,Friday,Jan
01/14/2015,UA,1633,N27477,MCO,CLE,1214,1203,-11,11,1214,147,137,120,895,1414,6,1441,1420,-21,Wednesday,Jan
01/20/2015,UA,1085,N68453,ORD,SAN,805,803,-2,17,820,267,260,240,1723,1020,3,1032,1023,-9,Tuesday,Jan
01/14/2015,WN,4210,N8306H,SLC,MDW,1605,1601,-4,15,1616,185,185,163,1259,1959,7,2010,2006,-4,Wednesday,Jan
01/07/2015,OO,5211,N915SW,DRO,DEN,547,534,-13,30,604,74,85,49,251,653,6,701,659,-2,Wednesday,Jan
02/10/2015,EV,4310,N27200,LGA,CLE,1753,1745,-8,57,1842,114,128,65,419,1947,6,1947,1953,6,Tuesday,Feb
01/13/2015,US,1875,N839AW,CLT,PBI,1755,1755,0,27,1822,111,127,94,590,1956,6,1946,2002,16,Tuesday,Jan
02/12/2015,AS,65,N763AS,WRG,PSG,1100,1048,-12,6,1054,25,25,15,31,1109,4,1125,1113,-12,Thursday,Feb
01/16/2015,AA,2312,N351AA,MCO,MIA,1900,1855,-5,12,1907,71,63,41,192,1948,10,2011,1958,-13,Friday,Jan
01/21/2015,DL,612,N153DL,HNL,LAX,1154,1145,-9,27,1212,336,334,296,2556,1908,11,1930,1919,-11,Wednesday,Jan
01/21/2015,DL,448,N958AT,JFK,BOS,700,700,0,37,737,81,82,36,187,813,9,821,822,1,Wednesday,Jan
02/09/2015,F9,1370,N918FR,PBI,IAD,1515,1511,-4,8,1519,140,126,111,859,1710,7,1735,1717,-18,Monday,Feb
01/10/2015,UA,1480,N12238,EWR,MIA,1430,1455,25,12,1507,195,170,153,1085,1740,5,1745,1745,0,Saturday,Jan
01/27/2015,AA,1271,N3GBAA,SNA,DFW,1217,1206,-11,11,1217,168,167,146,1205,1643,10,1705,1653,-12,Tuesday,Jan
01/30/2015,OO,4479,N821SK,SLC,DEN,1059,1058,-1,16,1114,86,84,62,391,1216,6,1225,1222,-3,Friday,Jan
01/16/2015,B6,1245,N267JB,BOS,CLT,849,844,-5,18,902,150,134,113,728,1055,3,1119,1058,-21,Friday,Jan
02/04/2015,NK,647,N612NK,IAG,FLL,238,239,1,34,313,184,206,164,1176,557,8,542,605,23,Wednesday,Feb
01/13/2015,MQ,3370,N528MQ,JFK,DCA,848,846,-2,14,900,81,61,42,213,942,5,1009,947,-22,Tuesday,Jan
01/10/2015,WN,3740,N345SA,FLL,BWI,1510,1515,5,12,1527,160,138,122,925,1729,4,1750,1733,-17,Saturday,Jan
02/05/2015,DL,1258,N674DL,ATL,JAX,940,940,0,18,958,68,64,42,270,1040,4,1048,1044,-4,Thursday,Feb
02/09/2015,AA,1060,N3ELAA,LAX,TPA,2300,2255,-5,18,2313,261,253,232,2158,605,3,621,608,-13,Monday,Feb
01/24/2015,WN,2649,N943WN,MDW,TUL,1830,1827,-3,12,1839,115,102,86,583,2005,4,2025,2009,-16,Saturday,Jan
01/16/2015,AA,1503,N3LCAA,FLL,DFW,859,854,-5,13,907,201,190,166,1119,1053,11,1120,1104,-16,Friday,Jan
01/02/2015,EV,5500,N710EV,MDW,MSP,1214,1203,-11,12,1215,90,83,69,349,1324,2,1344,1326,-18,Friday,Jan
01/29/2015,AA,1462,N4XJAA,ONT,DFW,600,554,-6,22,616,179,180,144,1188,1040,14,1059,1054,-5,Thursday,Jan
01/09/2015,WN,1714,N925WN,ABQ,DAL,1000,1015,15,7,1022,95,94,83,580,1245,4,1235,1249,14,Friday,Jan
01/16/2015,DL,2313,N907DE,PIT,ATL,1925,1931,6,35,2006,116,111,70,526,2116,6,2121,2122,1,Friday,Jan
01/18/2015,WN,2214,N969WN,MKE,LAS,1240,1238,-2,7,1245,240,228,215,1524,1420,6,1440,1426,-14,Sunday,Jan
01/26/2015,OO,4663,N614SK,SUN,SLC,1300,1246,-14,9,1255,62,51,39,222,1334,3,1402,1337,-25,Monday,Jan
01/19/2015,F9,424,N908FR,DEN,ATL,855,847,-8,9,856,164,160,145,1199,1321,6,1339,1327,-12,Monday,Jan
01/05/2015,UA,1294,N37468,LAS,SFO,1211,1521,190,20,1541,96,91,63,414,1644,8,1347,1652,185,Monday,Jan
01/11/2015,DL,812,N938DL,ATL,ORD,1050,1049,-1,7,1056,130,102,87,606,1123,8,1200,1131,-29,Sunday,Jan
02/04/2015,WN,3294,N452WN,ALB,MCO,700,657,-3,27,724,200,209,170,1073,1014,12,1020,1026,6,Wednesday,Feb
01/19/2015,WN,3563,N372SW,AUS,OAK,1915,1913,-2,12,1925,240,237,219,1497,2104,6,2115,2110,-5,Monday,Jan
01/30/2015,EV,5104,N176PQ,ATL,MOB,1056,1049,-7,14,1103,76,65,48,302,1051,3,1112,1054,-18,Friday,Jan
01/07/2015,B6,2402,N266JB,JFK,BUF,1306,1301,-5,17,1318,85,86,65,301,1423,4,1431,1427,-4,Wednesday,Jan
01/11/2015,WN,1456,N908WN,LAS,AMA,1055,1105,10,16,1121,115,114,93,758,1454,5,1450,1459,9,Sunday,Jan
01/08/2015,DL,1723,N345NB,BOS,DTW,1428,1423,-5,16,1439,138,126,104,632,1623,6,1646,1629,-17,Thursday,Jan
02/11/2015,AS,106,N763AS,ANC,SEA,2140,2131,-9,13,2144,202,206,188,1448,152,5,202,157,-5,Wednesday,Feb
01/19/2015,WN,2168,N657SW,BUR,OAK,2110,2127,17,12,2139,70,75,56,325,2235,7,2220,2242,22,Monday,Jan
01/23/2015,OO,6443,N771SK,ORD,OKC,845,836,-9,14,850,137,125,103,693,1033,8,1102,1041,-21,Friday,Jan
02/04/2015,MQ,3632,N653MQ,DFW,HSV,815,809,-6,14,823,102,103,83,603,946,6,957,952,-5,Wednesday,Feb
01/28/2015,WN,4114,N938WN,OAK,HOU,1445,1446,1,7,1453,220,209,197,1642,2010,5,2025,2015,-10,Wednesday,Jan
02/02/2015,UA,739,N468UA,IAH,TPA,739,735,-4,20,755,119,118,93,787,1028,5,1038,1033,-5,Monday,Feb
01/30/2015,DL,1215,N916DE,MEM,ATL,935,930,-5,12,942,79,66,46,332,1128,8,1154,1136,-18,Friday,Jan
02/05/2015,AS,637,N408AS,PHX,SEA,800,757,-3,11,808,184,166,151,1107,939,4,1004,943,-21,Thursday,Feb
01/21/2015,WN,304,N382SW,BWI,MCO,1640,1711,31,27,1738,150,151,120,787,1938,4,1910,1942,32,Wednesday,Jan
01/23/2015,AA,96,N4XPAA,STL,DFW,1038,1034,-4,12,1046,117,124,86,550,1212,26,1235,1238,3,Friday,Jan
01/25/2015,OO,6342,N221SW,SAN,LAX,1925,1920,-5,11,1931,55,52,26,109,1957,15,2020,2012,-8,Sunday,Jan
01/29/2015,NK,450,N626NK,FLL,PBG,2145,2145,0,20,2205,185,198,171,1334,56,7,50,103,13,Thursday,Jan
02/12/2015,AA,1620,N488AA,RDU,ORD,1341,1344,3,14,1358,134,135,110,646,1448,11,1455,1459,4,Thursday,Feb
01/07/2015,DL,1604,N543US,FLL,DTW,1130,1128,-2,15,1143,191,166,143,1127,1406,8,1441,1414,-27,Wednesday,Jan
01/02/2015,WN,1657,N903WN,LAS,DAL,1455,1457,2,29,1526,160,176,141,1067,1947,6,1935,1953,18,Friday,Jan
01/12/2015,DL,16,N189DN,LAX,JFK,910,904,-6,30,934,330,341,296,2475,1730,15,1740,1745,5,Monday,Jan
01/19/2015,AS,62,N796AS,ANC,JNU,800,803,3,17,820,99,103,82,571,942,4,939,946,7,Monday,Jan
01/11/2015,AA,2300,N477AA,DFW,ICT,2235,2240,5,16,2256,72,79,53,328,2349,10,2347,2359,12,Sunday,Jan
01/03/2015,F9,1253,N952FR,LGA,MIA,945,935,-10,61,1036,200,226,155,1096,1311,10,1305,1321,16,Saturday,Jan
01/25/2015,WN,271,N7738A,FLL,BWI,1855,2005,70,9,2014,150,130,115,925,2209,6,2125,2215,50,Sunday,Jan
01/19/2015,WN,2862,N233LV,MSY,MDW,1135,1133,-2,9,1142,135,126,111,825,1333,6,1350,1339,-11,Monday,Jan
01/22/2015,UA,394,N402UA,MSY,EWR,1119,1114,-5,8,1122,171,151,131,1167,1433,12,1510,1445,-25,Thursday,Jan
02/09/2015,MQ,3299,N603MQ,DFW,ACT,1455,1507,12,10,1517,38,33,21,89,1538,2,1533,1540,7,Monday,Feb
01/20/2015,UA,512,N512UA,JFK,SFO,1729,1723,-6,12,1735,400,364,344,2586,2019,8,2109,2027,-42,Tuesday,Jan
01/14/2015,UA,756,N844UA,DEN,IAH,700,653,-7,21,714,144,138,109,862,1003,8,1024,1011,-13,Wednesday,Jan
01/07/2015,US,1961,N914UY,CLT,FLL,1150,1145,-5,24,1209,127,123,93,631,1342,6,1357,1348,-9,Wednesday,Jan
02/02/2015,DL,2333,N357NB,MSP,SLC,1918,2005,47,14,2019,170,163,145,991,2144,4,2108,2148,40,Monday,Feb
02/01/2015,VX,1178,N851VA,SFO,EWR,1400,1416,16,10,1426,305,305,288,2565,2214,7,2205,2221,16,Sunday,Feb
01/08/2015,F9,681,N908FR,MCO,DEN,700,653,-7,19,712,253,254,225,1546,857,10,913,907,-6,Thursday,Jan
01/05/2015,MQ,3597,N615MQ,CVG,DFW,600,558,-2,28,626,165,183,140,812,746,15,745,801,16,Monday,Jan
01/25/2015,HA,4,N399HA,HNL,LAX,2230,2232,2,15,2247,325,323,300,2556,547,8,555,555,0,Sunday,Jan
01/04/2015,WN,1831,N299WN,HOU,DCA,1140,1214,34,11,1225,165,142,126,1218,1531,5,1525,1536,11,Sunday,Jan
01/28/2015,WN,804,N731SA,LGA,DAL,1255,1308,13,18,1326,250,209,186,1381,1532,5,1605,1537,-28,Wednesday,Jan
02/08/2015,US,749,N155UW,PBI,CLT,1200,1203,3,15,1218,115,106,87,590,1345,4,1355,1349,-6,Sunday,Feb
01/15/2015,UA,1405,N37274,ORD,EWR,600,809,129,16,825,125,114,88,719,1053,10,905,1103,118,Thursday,Jan
01/29/2015,WN,2080,N8619F,MCO,BUF,2040,2228,108,7,2235,150,147,136,1011,51,4,2310,55,105,Thursday,Jan
02/09/2015,UA,1299,N18220,EWR,RSW,2005,2001,-4,31,2032,184,192,156,1068,2308,5,2309,2313,4,Monday,Feb
01/15/2015,US,1724,N947UW,PHL,BOS,715,707,-8,13,720,74,68,46,280,806,9,829,815,-14,Thursday,Jan
01/05/2015,AA,2473,N3CSAA,ORD,MIA,725,722,-3,14,736,186,182,153,1197,1109,15,1131,1124,-7,Monday,Jan
01/23/2015,DL,1123,N3743H,ATL,SLC,1400,1407,7,13,1420,258,235,215,1590,1555,7,1618,1602,-16,Friday,Jan
01/09/2015,WN,623,N275WN,OAK,LAS,1000,1000,0,9,1009,85,84,70,407,1119,5,1125,1124,-1,Friday,Jan
01/28/2015,WN,523,N489WN,CMH,BWI,625,623,-2,34,657,85,95,57,337,754,4,750,758,8,Wednesday,Jan
01/11/2015,DL,1981,N368NW,DTW,GRR,2010,2010,0,57,2107,59,90,27,120,2134,6,2109,2140,31,Sunday,Jan
01/03/2015,WN,4483,N7749B,PDX,SJC,1200,1208,8,7,1215,100,98,85,569,1340,6,1340,1346,6,Saturday,Jan
01/09/2015,UA,222,N537UA,SFO,ORD,1045,1052,7,37,1129,250,264,215,1846,1704,12,1655,1716,21,Friday,Jan
02/04/2015,WN,2251,N457WN,PHX,LAS,620,619,-1,10,629,65,61,46,255,615,5,625,620,-5,Wednesday,Feb
02/10/2015,DL,1927,N543US,FLL,ATL,745,742,-3,12,754,117,110,85,581,919,13,942,932,-10,Tuesday,Feb
01/02/2015,WN,829,N554WN,DEN,LAS,2130,2134,4,12,2146,110,100,84,628,2210,4,2220,2214,-6,Friday,Jan
01/21/2015,UA,291,N414UA,SFO,PHX,1820,1812,-8,11,1823,118,106,91,651,2054,4,2118,2058,-20,Wednesday,Jan
01/16/2015,DL,803,N912DL,MCO,CVG,1324,1320,-4,14,1334,126,136,116,757,1530,6,1530,1536,6,Friday,Jan
01/03/2015,WN,1147,N8646B,LAS,PIT,1740,1854,74,11,1905,240,239,222,1910,147,6,40,153,73,Saturday,Jan
02/04/2015,WN,1701,N606SW,ATL,DAL,2040,2149,69,12,2201,150,130,114,721,2255,4,2210,2259,49,Wednesday,Feb
01/12/2015,AA,167,N358AA,MIA,SFO,725,750,25,13,803,385,377,357,2585,1100,7,1050,1107,17,Monday,Jan
01/19/2015,AA,1311,N3HMAA,CLT,ORD,1255,1246,-9,8,1254,127,115,99,599,1333,8,1402,1341,-21,Monday,Jan
01/22/2015,NK,709,N530NK,LAX,DTW,2225,2215,-10,8,2223,251,266,251,1979,534,7,536,541,5,Thursday,Jan
02/06/2015,UA,1648,N39416,IAD,LAX,1851,1855,4,12,1907,353,315,296,2288,2103,7,2144,2110,-34,Friday,Feb
02/08/2015,WN,2610,N629SW,RSW,PIT,1940,1935,-5,11,1946,155,144,128,966,2154,5,2215,2159,-16,Sunday,Feb
02/05/2015,B6,423,N944JB,JFK,LAX,1555,1809,134,13,1822,385,329,312,2475,2034,4,1920,2038,78,Thursday,Feb
01/16/2015,WN,651,N493WN,ATL,FLL,1855,1857,2,12,1909,115,98,82,581,2031,4,2050,2035,-15,Friday,Jan
01/27/2015,DL,941,N967DL,MCI,ATL,555,548,-7,29,617,127,120,85,692,842,6,902,848,-14,Tuesday,Jan
02/04/2015,OO,4491,N630SK,SEA,PDX,1549,1541,-8,23,1604,49,56,28,129,1632,5,1638,1637,-1,Wednesday,Feb
01/11/2015,AA,1649,N3HHAA,DFW,CLT,1250,1318,28,16,1334,135,136,113,936,1627,7,1605,1634,29,Sunday,Jan
02/03/2015,WN,1071,N401WN,SJC,PDX,1020,1016,-4,9,1025,110,110,89,569,1154,12,1210,1206,-4,Tuesday,Feb
02/09/2015,DL,551,N978DL,FLL,LGA,1710,1703,-7,29,1732,175,179,141,1076,1953,9,2005,2002,-3,Monday,Feb
01/16/2015,MQ,3635,N849MQ,DFW,PNS,1030,1038,8,14,1052,100,99,82,604,1214,3,1210,1217,7,Friday,Jan
02/06/2015,UA,1054,N33103,EWR,LAX,1310,1327,17,14,1341,384,352,328,2454,1609,10,1634,1619,-15,Friday,Feb
01/04/2015,B6,1366,N552JB,RSW,BOS,2159,2249,50,11,2300,171,159,143,1249,123,5,50,128,38,Sunday,Jan
01/16/2015,AA,2470,N5DVAA,DFW,BOS,800,753,-7,18,811,201,212,188,1562,1219,6,1221,1225,4,Friday,Jan
01/31/2015,WN,3347,N623SW,MDW,SDF,1745,1741,-4,7,1748,70,51,39,271,1927,5,1955,1932,-23,Saturday,Jan
01/16/2015,OO,4589,N187PQ,SLC,LGB,1115,1113,-2,17,1130,121,115,94,588,1204,4,1216,1208,-8,Friday,Jan
01/26/2015,NK,380,N588NK,FLL,DTW,2010,2010,0,14,2024,178,182,160,1127,2304,8,2308,2312,4,Monday,Jan
01/25/2015,WN,2259,N411WN,LAX,SMF,1120,1121,1,10,1131,80,76,61,373,1232,5,1240,1237,-3,Sunday,Jan
01/10/2015,AA,120,N3ALAA,LAS,JFK,1020,1021,1,12,1033,298,276,252,2248,1745,12,1818,1757,-21,Saturday,Jan
02/07/2015,DL,323,N617DL,ATL,SJU,820,823,3,17,840,204,200,177,1547,1237,6,1244,1243,-1,Saturday,Feb
01/18/2015,NK,853,N528NK,ORD,DEN,2140,2223,43,10,2233,162,154,132,888,2345,12,2322,2357,35,Sunday,Jan
01/20/2015,NK,972,N626NK,DFW,FLL,600,559,-1,16,615,159,147,127,1119,922,4,939,926,-13,Tuesday,Jan
01/15/2015,NK,733,N507NK,ORD,LAX,1103,1132,29,10,1142,268,243,222,1744,1324,11,1331,1335,4,Thursday,Jan
01/08/2015,DL,424,N193DN,JFK,LAX,700,732,32,29,801,400,368,324,2475,1025,15,1040,1040,0,Thursday,Jan
01/09/2015,DL,1857,N6701,SLC,SEA,811,805,-6,25,830,142,140,95,689,905,20,933,925,-8,Friday,Jan
01/07/2015,WN,4175,N7743B,PHX,ELP,1820,1848,28,11,1859,65,65,50,347,1949,4,1925,1953,28,Wednesday,Jan
02/09/2015,UA,1238,N87507,SMF,IAH,627,625,-2,9,634,220,193,179,1609,1133,5,1207,1138,-29,Monday,Feb
01/02/2015,HA,1,N374HA,LAX,HNL,840,831,-9,12,843,345,365,341,2556,1224,12,1225,1236,11,Friday,Jan
02/05/2015,OO,4984,N780SK,OMA,IAH,540,549,9,23,612,145,141,107,781,759,11,805,810,5,Thursday,Feb
01/16/2015,AA,2485,N483AA,PSP,ORD,1250,1244,-6,14,1258,235,242,203,1652,1821,25,1845,1846,1,Friday,Jan
02/11/2015,WN,4223,N481WN,PHL,ATL,1550,1548,-2,44,1632,140,156,106,666,1818,6,1810,1824,14,Wednesday,Feb
01/08/2015,AA,1049,N3JJAA,DFW,RDU,1745,1741,-4,11,1752,142,141,125,1061,2057,5,2107,2102,-5,Thursday,Jan
01/13/2015,US,677,N199UW,LAS,PHL,900,849,-11,15,904,279,280,254,2176,1618,11,1639,1629,-10,Tuesday,Jan
01/03/2015,EV,4569,N11526,LFT,IAH,1521,1559,38,11,1610,65,62,44,201,1654,7,1626,1701,35,Saturday,Jan
02/09/2015,HA,365,N491HA,OGG,HNL,1340,1406,26,13,1419,37,50,23,100,1442,14,1417,1456,39,Monday,Feb
01/16/2015,WN,420,N399WN,ABQ,SEA,1250,1252,2,7,1259,190,192,179,1180,1458,6,1500,1504,4,Friday,Jan
01/03/2015,WN,1393,N427WN,PDX,OAK,1415,1429,14,6,1435,100,84,72,543,1547,6,1555,1553,-2,Saturday,Jan
01/17/2015,WN,2821,N738CB,AUS,MDW,1625,1623,-2,9,1632,155,138,123,972,1835,6,1900,1841,-19,Saturday,Jan
01/16/2015,MQ,3424,N537MQ,BNA,ORD,704,700,-4,46,746,126,164,78,409,904,40,910,944,34,Friday,Jan
01/18/2015,DL,1713,N681DA,ATL,RSW,1927,1923,-4,17,1940,102,91,69,515,2049,5,2109,2054,-15,Sunday,Jan
02/10/2015,F9,191,N932FR,FAR,DEN,1938,2019,41,38,2057,114,137,93,627,2130,6,2032,2136,64,Tuesday,Feb
01/15/2015,US,1929,N758US,CLT,DTW,1435,1432,-3,11,1443,108,99,79,500,1602,9,1623,1611,-12,Thursday,Jan
01/20/2015,UA,1682,N38458,EWR,FLL,2028,2030,2,17,2047,183,176,155,1065,2322,4,2331,2326,-5,Tuesday,Jan
02/11/2015,US,661,N542UW,LAX,PHL,625,623,-2,18,641,302,296,270,2402,1411,8,1427,1419,-8,Wednesday,Feb
01/16/2015,DL,774,N679DA,SAT,ATL,610,605,-5,12,617,134,120,102,874,859,6,924,905,-19,Friday,Jan
01/19/2015,US,1931,N744P,BUF,CLT,615,609,-6,16,625,124,111,78,546,743,17,819,800,-19,Monday,Jan
02/09/2015,US,1976,N602AW,IAH,CLT,1540,1531,-9,24,1555,140,153,121,912,1856,8,1900,1904,4,Monday,Feb
01/20/2015,WN,486,N269WN,PHX,SAT,1340,1401,21,10,1411,120,107,93,843,1644,4,1640,1648,8,Tuesday,Jan
01/23/2015,WN,2602,N8310C,RSW,BWI,1225,1222,-3,10,1232,140,128,115,919,1427,3,1445,1430,-15,Friday,Jan
02/04/2015,WN,1836,N941WN,EWR,HOU,1745,1742,-3,18,1800,260,257,234,1411,2054,5,2105,2059,-6,Wednesday,Feb
01/07/2015,WN,1009,N641SW,OAK,LAX,1720,1715,-5,9,1724,75,74,63,337,1827,2,1835,1829,-6,Wednesday,Jan
01/27/2015,OO,7371,N779CA,BJI,MSP,1252,1244,-8,8,1252,73,48,32,199,1324,8,1405,1332,-33,Tuesday,Jan
02/08/2015,MQ,3650,N674MQ,PIA,ORD,1011,1006,-5,11,1017,59,55,31,130,1048,13,1110,1101,-9,Sunday,Feb
02/07/2015,AA,2237,N3HHAA,DFW,HDN,1720,1717,-3,11,1728,141,130,117,769,1825,2,1841,1827,-14,Saturday,Feb
02/09/2015,MQ,3401,N649MQ,DFW,SHV,1455,1507,12,18,1525,53,56,34,190,1559,4,1548,1603,15,Monday,Feb
01/15/2015,F9,705,N218FR,MSY,DEN,1838,2028,110,15,2043,173,179,155,1062,2218,9,2031,2227,116,Thursday,Jan
01/28/2015,DL,1483,N370NW,SLC,LAS,835,830,-5,15,845,92,79,59,368,844,5,907,849,-18,Wednesday,Jan
01/06/2015,UA,1241,N37465,SFO,EWR,2237,2232,-5,14,2246,323,296,274,2565,620,8,700,628,-32,Tuesday,Jan
02/06/2015,OO,2694,N944SW,PSP,PHX,1415,1410,-5,7,1417,68,57,42,261,1559,8,1623,1607,-16,Friday,Feb
01/13/2015,AA,1513,N009AA,DFW,ATL,725,726,1,11,737,120,132,109,731,1026,12,1025,1038,13,Tuesday,Jan
02/07/2015,F9,558,N954FR,SAN,DEN,1955,1947,-8,12,1959,130,120,102,853,2241,6,2305,2247,-18,Saturday,Feb
01/14/2015,DL,1530,N920DN,LAS,MSP,919,914,-5,14,928,191,181,164,1299,1412,3,1430,1415,-15,Wednesday,Jan
01/30/2015,WN,4579,N7712G,BWI,AUS,1950,1951,1,11,2002,235,208,193,1342,2215,4,2245,2219,-26,Friday,Jan
02/06/2015,B6,2054,N197JB,SJU,FLL,1935,1922,-13,12,1934,167,176,157,1046,2111,7,2122,2118,-4,Friday,Feb
01/15/2015,UA,1659,N67812,IAH,DEN,1125,1126,1,17,1143,154,149,123,862,1246,9,1259,1255,-4,Thursday,Jan
02/10/2015,AA,1476,N3DGAA,LAS,MIA,1115,1111,-4,14,1125,274,269,249,2174,1834,6,1849,1840,-9,Tuesday,Feb
01/31/2015,DL,970,N924AT,ATL,DAL,1130,1211,41,14,1225,146,122,104,721,1309,4,1256,1313,17,Saturday,Jan
01/10/2015,WN,3891,N952WN,DEN,MCI,650,648,-2,19,707,95,93,71,533,918,3,925,921,-4,Saturday,Jan
02/03/2015,UA,1419,N37465,BWI,ORD,735,729,-6,11,740,135,142,104,622,824,27,850,851,1,Tuesday,Feb
01/12/2015,MQ,3677,N900MQ,ORD,BNA,1030,1128,58,24,1152,89,103,71,409,1303,8,1159,1311,72,Monday,Jan
01/28/2015,WN,1643,N606SW,SEA,SAN,635,631,-4,17,648,160,168,148,1050,916,3,915,919,4,Wednesday,Jan
01/25/2015,WN,4369,N379SW,TPA,FLL,1905,1903,-2,20,1923,65,66,37,197,2000,9,2010,2009,-1,Sunday,Jan
01/16/2015,MQ,3350,N636MQ,RDU,JFK,600,557,-3,15,612,92,85,65,427,717,5,732,722,-10,Friday,Jan
01/10/2015,F9,262,N943FR,SNA,DEN,1015,1007,-8,11,1018,129,127,111,846,1309,5,1324,1314,-10,Saturday,Jan
01/12/2015,WN,4175,N937WN,PHX,ELP,1820,1813,-7,9,1822,65,62,47,347,1909,6,1925,1915,-10,Monday,Jan
01/30/2015,WN,4579,N7712G,FLL,BWI,1640,1637,-3,8,1645,150,150,138,925,1903,4,1910,1907,-3,Friday,Jan
01/23/2015,US,797,N541UW,PHL,LAX,735,729,-6,49,818,371,381,315,2402,1033,17,1046,1050,4,Friday,Jan
01/02/2015,WN,4363,N953WN,MDW,ATL,1045,1043,-2,6,1049,105,104,90,591,1319,8,1330,1327,-3,Friday,Jan
01/28/2015,AA,376,N456AA,IND,DFW,1133,1125,-8,10,1135,147,138,107,761,1222,21,1300,1243,-17,Wednesday,Jan
01/24/2015,UA,525,N416UA,MIA,EWR,633,619,-14,16,635,177,184,125,1085,840,43,930,923,-7,Saturday,Jan
01/26/2015,WN,4036,N725SW,LAX,BNA,740,739,-1,6,745,235,235,224,1797,1329,5,1335,1334,-1,Monday,Jan
01/02/2015,EV,5541,N936EV,ATL,AGS,906,855,-11,15,910,49,41,23,143,933,3,955,936,-19,Friday,Jan
02/11/2015,DL,2259,N354NW,MSP,SLC,1120,1117,-3,8,1125,171,145,133,991,1238,4,1311,1242,-29,Wednesday,Feb
01/20/2015,DL,2310,N924DL,ATL,DFW,830,833,3,15,848,154,140,113,731,941,12,1004,953,-11,Tuesday,Jan
01/27/2015,AA,2461,N5DEAA,DFW,LAX,1555,1555,0,18,1613,203,194,171,1235,1704,5,1718,1709,-9,Tuesday,Jan
02/11/2015,EV,4992,N852AS,ATL,BQK,1108,1058,-10,25,1123,71,76,44,238,1207,7,1219,1214,-5,Wednesday,Feb
01/11/2015,MQ,3544,N923MQ,DFW,CAE,810,822,12,20,842,133,134,111,922,1133,3,1123,1136,13,Sunday,Jan
01/16/2015,OO,6288,N707SK,DEN,ATL,1344,1350,6,11,1401,164,162,144,1199,1825,7,1828,1832,4,Friday,Jan
01/15/2015,AA,1140,N3GYAA,DFW,LGA,1230,1240,10,14,1254,190,177,160,1389,1634,3,1640,1637,-3,Thursday,Jan
02/03/2015,WN,4817,N670SW,FLL,BNA,805,759,-6,17,816,140,145,123,793,919,5,925,924,-1,Tuesday,Feb
02/10/2015,MQ,3373,N628MQ,CLL,DFW,1825,1818,-7,8,1826,59,63,40,164,1906,15,1924,1921,-3,Tuesday,Feb
01/29/2015,OO,4681,N809SK,EUG,SLC,600,552,-8,11,603,115,98,81,618,824,6,855,830,-25,Thursday,Jan
01/12/2015,B6,2070,N309JB,FLL,BOS,1950,1955,5,11,2006,178,166,150,1237,2236,5,2248,2241,-7,Monday,Jan
01/21/2015,OO,6259,N927SW,DEN,COS,2021,2133,72,23,2156,37,48,18,73,2214,7,2058,2221,83,Wednesday,Jan
01/27/2015,WN,494,N935WN,ATL,MCO,1545,1541,-4,14,1555,90,76,56,404,1651,6,1715,1657,-18,Tuesday,Jan
02/07/2015,AS,855,N593AS,PDX,KOA,720,707,-13,21,728,383,379,354,2607,1122,4,1143,1126,-17,Saturday,Feb
02/06/2015,WN,3479,N965WN,PDX,OAK,1835,1847,12,5,1852,100,95,86,543,2018,4,2015,2022,7,Friday,Feb
02/09/2015,EV,5801,N12136,MTJ,DEN,1758,1748,-10,9,1757,67,71,35,196,1832,27,1905,1859,-6,Monday,Feb
01/11/2015,OO,6505,N951SW,DEN,TUS,1855,2044,109,24,2108,121,130,99,639,2247,7,2056,2254,118,Sunday,Jan
01/08/2015,DL,2308,N953DN,SDF,ATL,1403,1354,-9,15,1409,92,89,50,321,1459,24,1535,1523,-12,Thursday,Jan
01/09/2015,UA,322,N852UA,SFO,SEA,1115,1109,-6,42,1151,130,138,91,679,1322,5,1325,1327,2,Friday,Jan
02/07/2015,WN,2942,N795SW,DAL,LBB,840,835,-5,8,843,70,60,48,293,931,4,950,935,-15,Saturday,Feb
02/03/2015,F9,221,N935FR,AUS,DEN,1932,1927,-5,12,1939,133,132,113,775,2032,7,2045,2039,-6,Tuesday,Feb
01/03/2015,MQ,3449,N928MQ,DFW,DRO,1050,1234,104,10,1244,123,111,98,674,1322,3,1153,1325,92,Saturday,Jan
01/13/2015,NK,356,N509NK,SAN,LAS,1520,1511,-9,9,1520,72,67,52,258,1612,6,1632,1618,-14,Tuesday,Jan
01/10/2015,WN,4414,N488WN,PHX,ONT,1150,1149,-1,15,1204,70,72,54,325,1158,3,1200,1201,1,Saturday,Jan
01/06/2015,AS,629,N532AS,LAS,PDX,650,640,-10,17,657,136,135,115,763,852,3,906,855,-11,Tuesday,Jan
01/30/2015,UA,1058,N16713,EWR,ORD,600,559,-1,22,621,159,137,111,719,712,4,739,716,-23,Friday,Jan
01/17/2015,DL,2032,N318NB,MSP,MEM,1330,1323,-7,7,1330,128,111,101,700,1511,3,1538,1514,-24,Saturday,Jan
01/05/2015,DL,1896,N315NB,STL,MSP,635,643,8,11,654,102,94,76,448,810,7,817,817,0,Monday,Jan
01/12/2015,DL,1051,N952DL,ATL,MEM,940,959,19,33,1032,87,94,57,332,1029,4,1007,1033,26,Monday,Jan
01/02/2015,OO,5260,N292SW,SFO,FAT,1040,1105,25,15,1120,66,54,37,158,1157,2,1146,1159,13,Friday,Jan
01/16/2015,WN,4386,N472WN,OAK,PDX,1900,1929,29,12,1941,100,94,79,543,2100,3,2040,2103,23,Friday,Jan
02/09/2015,OO,6225,N130SY,ORD,DFW,1500,1517,17,18,1535,155,138,113,802,1728,7,1735,1735,0,Monday,Feb
01/31/2015,B6,2789,N606JB,LAS,SFO,700,657,-3,16,713,100,83,61,414,814,6,840,820,-20,Saturday,Jan
02/11/2015,WN,3957,N794SW,PHX,AUS,1855,1856,1,9,1905,125,118,103,872,2148,6,2200,2154,-6,Wednesday,Feb
01/20/2015,OO,5547,N930EV,ONT,DEN,600,557,-3,16,613,140,149,121,819,914,12,920,926,6,Tuesday,Jan
01/03/2015,WN,2477,N7712G,DCA,STL,1235,1244,9,12,1256,135,131,114,719,1350,5,1350,1355,5,Saturday,Jan
01/23/2015,AS,49,N768AS,ANC,ADQ,1530,1555,25,14,1609,62,64,47,253,1656,3,1632,1659,27,Friday,Jan
01/19/2015,WN,871,N8320J,PHX,MCO,1010,1007,-3,42,1049,250,262,213,1849,1622,7,1620,1629,9,Monday,Jan
01/05/2015,EV,5241,N868AS,DTW,AVP,2010,2023,13,15,2038,86,72,54,399,2132,3,2136,2135,-1,Monday,Jan
01/26/2015,US,516,N536UW,PHX,SMF,2105,2101,-4,30,2131,122,122,86,647,2157,6,2207,2203,-4,Monday,Jan
01/25/2015,DL,1334,N914DN,RIC,ATL,938,934,-4,14,948,112,97,78,481,1106,5,1130,1111,-19,Sunday,Jan
02/02/2015,AA,1176,N3FMAA,DFW,SNA,855,849,-6,12,901,199,187,171,1205,952,4,1014,956,-18,Monday,Feb
01/30/2015,MQ,3338,N607MQ,GSP,DFW,556,547,-9,17,604,179,175,151,862,735,7,755,742,-13,Friday,Jan
01/07/2015,UA,1459,N78285,IAH,LAS,1430,1427,-3,18,1445,212,187,163,1222,1528,6,1602,1534,-28,Wednesday,Jan
01/26/2015,WN,4923,N8602F,SAN,AUS,640,635,-5,11,646,165,163,148,1164,1114,4,1125,1118,-7,Monday,Jan
02/06/2015,WN,3297,N773SA,BWI,BNA,940,939,-1,10,949,125,104,89,587,1018,5,1045,1023,-22,Friday,Feb
01/18/2015,EV,5320,N134EV,MSP,IAH,1730,1726,-4,10,1736,178,162,143,1034,1959,9,2028,2008,-20,Sunday,Jan
01/15/2015,US,761,N585UW,CLT,MIA,1610,1626,16,22,1648,125,121,90,650,1818,9,1815,1827,12,Thursday,Jan
01/06/2015,WN,2251,N602SW,LAS,RNO,700,654,-6,12,706,80,71,54,345,800,5,820,805,-15,Tuesday,Jan
01/30/2015,WN,947,N600WN,LIT,DAL,1420,1458,38,9,1507,70,63,50,296,1557,4,1530,1601,31,Friday,Jan
01/28/2015,OO,6209,N108SY,DCA,ORD,1445,1438,-7,12,1450,135,130,110,612,1540,8,1600,1548,-12,Wednesday,Jan
01/01/2015,AA,2297,N483AA,DFW,AUS,1250,1250,0,28,1318,55,80,46,190,1404,6,1345,1410,25,Thursday,Jan
01/05/2015,NK,245,N530NK,LAS,SAN,1830,1856,26,11,1907,64,56,42,258,1949,3,1934,1952,18,Monday,Jan
01/06/2015,WN,845,N220WN,BWI,BOS,700,659,-1,67,806,85,123,52,369,858,4,825,902,37,Tuesday,Jan
01/22/2015,EV,5805,N12530,MFE,IAH,1910,1903,-7,8,1911,75,63,49,316,2000,6,2025,2006,-19,Thursday,Jan
02/02/2015,WN,346,N278WN,ATL,SAT,915,911,-4,12,923,160,169,152,874,1055,5,1055,1100,5,Monday,Feb
01/08/2015,DL,1956,N956AT,ATL,ECP,1620,1618,-2,16,1634,69,61,42,240,1616,3,1629,1619,-10,Thursday,Jan
01/23/2015,UA,417,N545UA,OGG,LAX,2130,2127,-3,11,2138,317,290,277,2486,415,2,447,417,-30,Friday,Jan
01/19/2015,AS,75,N592AS,SEA,JNU,1110,1108,-2,25,1133,163,163,134,909,1247,4,1253,1251,-2,Monday,Jan
01/02/2015,DL,1185,N369NW,SLC,GEG,2200,2155,-5,15,2210,109,105,86,546,2236,4,2249,2240,-9,Friday,Jan
02/11/2015,MQ,3056,N928MQ,DFW,SPI,1715,1714,-1,14,1728,105,100,83,630,1851,3,1900,1854,-6,Wednesday,Feb
01/09/2015,OO,5348,N569SW,SBP,LAX,600,559,-1,14,613,78,76,42,156,655,20,718,715,-3,Friday,Jan
01/11/2015,DL,2072,N957DN,GEG,MSP,720,721,1,32,753,181,169,133,1175,1206,4,1221,1210,-11,Sunday,Jan
01/30/2015,US,2110,N762US,DCA,BOS,1030,1027,-3,15,1042,88,90,71,399,1153,4,1158,1157,-1,Friday,Jan
01/03/2015,B6,16,N942JB,SFO,JFK,655,654,-1,13,707,322,334,308,2586,1515,13,1517,1528,11,Saturday,Jan
01/12/2015,OO,4700,N817SK,PHX,SLC,835,840,5,19,859,105,111,87,507,1026,5,1020,1031,11,Monday,Jan
02/04/2015,MQ,3672,N905MQ,DBQ,ORD,1120,1309,109,10,1319,59,85,34,147,1353,41,1219,1434,135,Wednesday,Feb
01/14/2015,B6,371,N583JB,LGA,FLL,600,553,-7,14,607,183,178,156,1076,843,8,903,851,-12,Wednesday,Jan
01/12/2015,DL,2212,N943DL,ATL,PNS,820,819,-1,20,839,74,72,46,271,825,6,834,831,-3,Monday,Jan
01/06/2015,OO,5638,N962SW,SFO,SBA,1600,1554,-6,10,1604,71,76,57,262,1701,9,1711,1710,-1,Tuesday,Jan
02/11/2015,DL,1070,N919DL,ATL,MOB,1920,1918,-2,15,1933,81,68,49,302,1922,4,1941,1926,-15,Wednesday,Feb
01/27/2015,WN,274,N384SW,IND,BWI,1335,1350,15,23,1413,90,100,75,516,1528,2,1505,1530,25,Tuesday,Jan
01/06/2015,UA,441,N587UA,JFK,LAX,600,558,-2,17,615,386,388,352,2475,907,19,926,926,0,Tuesday,Jan
01/15/2015,US,1859,N662AW,ORD,CLT,1039,1033,-6,10,1043,116,99,82,599,1305,7,1335,1312,-23,Thursday,Jan
01/22/2015,OO,5365,N295SW,CLD,LAX,836,830,-6,8,838,46,40,25,86,903,7,922,910,-12,Thursday,Jan
01/07/2015,HA,183,N488HA,HNL,LIH,1546,1542,-4,15,1557,38,42,22,102,1619,5,1624,1624,0,Wednesday,Jan
02/11/2015,NK,195,N620NK,MCO,FLL,2144,2135,-9,10,2145,57,53,35,177,2220,8,2241,2228,-13,Wednesday,Feb
01/05/2015,WN,3134,N8615E,STL,MDW,1005,1002,-3,7,1009,65,60,47,251,1056,6,1110,1102,-8,Monday,Jan
01/09/2015,UA,1420,N24212,EWR,SFO,1816,1921,65,18,1939,394,368,344,2565,2223,6,2150,2229,39,Friday,Jan
02/10/2015,OO,6342,N561SW,SAN,LAX,1925,1920,-5,8,1928,55,43,28,109,1956,7,2020,2003,-17,Tuesday,Feb
01/28/2015,WN,50,N522SW,HOU,DAL,1830,1823,-7,9,1832,60,56,43,239,1915,4,1930,1919,-11,Wednesday,Jan
02/04/2015,WN,4069,N731SA,PHL,BNA,600,556,-4,8,604,150,127,114,675,658,5,730,703,-27,Wednesday,Feb
01/19/2015,OO,5577,N937SW,ORD,SDF,802,800,-2,74,914,78,126,47,287,1101,5,1020,1106,46,Monday,Jan
01/25/2015,US,1798,N127UW,JFK,CLT,1658,1655,-3,12,1707,132,112,89,541,1836,11,1910,1847,-23,Sunday,Jan
02/01/2015,US,563,N165US,PHX,SAN,2100,2203,63,13,2216,72,63,47,304,2203,3,2112,2206,54,Sunday,Feb
01/19/2015,OO,5422,N702BR,SFO,ONT,2235,2224,-11,20,2244,80,81,56,363,2340,5,2355,2345,-10,Monday,Jan
01/26/2015,WN,802,N663SW,SJC,PHX,1105,1101,-4,8,1109,105,120,106,621,1355,6,1350,1401,11,Monday,Jan
01/10/2015,HA,555,N475HA,OGG,HNL,2111,2114,3,7,2121,33,36,22,100,2143,7,2144,2150,6,Saturday,Jan
02/05/2015,UA,218,N215UA,HNL,ORD,1650,1702,12,13,1715,493,439,417,4243,412,9,503,421,-42,Thursday,Feb
01/27/2015,WN,4129,N447WN,MEM,BWI,1735,1734,-1,12,1746,120,124,107,787,2033,5,2035,2038,3,Tuesday,Jan
01/11/2015,DL,1401,N825DN,SMF,ATL,2310,2310,0,15,2325,257,265,240,2092,625,10,627,635,8,Sunday,Jan
01/28/2015,B6,1701,N594JB,JFK,FLL,840,833,-7,29,902,196,191,130,1069,1112,32,1156,1144,-12,Wednesday,Jan
02/01/2015,UA,1053,N27733,EWR,CLE,1959,2114,75,19,2133,110,94,68,404,2241,7,2149,2248,59,Sunday,Feb
01/19/2015,OO,4688,N608SK,STL,MSP,1926,1916,-10,9,1925,94,99,86,448,2051,4,2100,2055,-5,Monday,Jan
01/04/2015,OO,6368,N971SW,BIS,DEN,617,611,-6,25,636,120,109,73,516,649,11,717,700,-17,Sunday,Jan
01/22/2015,MQ,3162,N669MQ,CVG,DFW,1720,1724,4,11,1735,165,170,148,812,1903,11,1905,1914,9,Thursday,Jan
01/19/2015,OO,5298,N963SW,ORD,MKE,1540,1539,-1,14,1553,49,36,19,67,1612,3,1629,1615,-14,Monday,Jan
01/15/2015,B6,603,N624JB,BOS,PHX,1732,1750,18,66,1856,363,373,304,2300,2200,3,2135,2203,28,Thursday,Jan
02/05/2015,WN,39,N955WN,MSY,MCO,1910,1908,-2,5,1913,95,82,73,551,2126,4,2145,2130,-15,Thursday,Feb
02/06/2015,MQ,3628,N676MQ,SDF,ORD,955,951,-4,12,1003,83,80,56,287,959,12,1018,1011,-7,Friday,Feb
02/06/2015,AA,2425,N3FHAA,DFW,LAX,1040,1036,-4,25,1101,204,204,168,1235,1149,11,1204,1200,-4,Friday,Feb
01/22/2015,US,1854,N551UW,LAS,PHX,1240,1240,0,15,1255,69,62,43,255,1438,4,1449,1442,-7,Thursday,Jan
01/12/2015,MQ,3270,N905MQ,DFW,CHA,930,931,1,16,947,111,117,96,695,1223,5,1221,1228,7,Monday,Jan
01/30/2015,EV,4511,N16919,EWR,DCA,1649,1753,64,59,1852,70,108,45,199,1937,4,1759,1941,102,Friday,Jan
01/25/2015,US,2061,N945UW,CLT,BNA,955,949,-6,19,1008,93,87,63,328,1011,5,1028,1016,-12,Sunday,Jan
01/30/2015,US,627,N653AW,PHX,OAK,2105,2324,139,10,2334,123,104,89,646,3,5,2208,8,120,Friday,Jan
01/29/2015,WN,4903,N272WN,ELP,LAS,735,730,-5,8,738,110,99,87,583,805,4,825,809,-16,Thursday,Jan
01/04/2015,OO,5543,N120SY,SFO,BOI,1525,1532,7,13,1545,96,98,80,522,1805,5,1801,1810,9,Sunday,Jan
02/09/2015,VX,938,N835VA,SFO,LAX,1730,1724,-6,15,1739,75,78,56,337,1835,7,1845,1842,-3,Monday,Feb
01/21/2015,DL,1893,N347NW,DTW,ATL,845,857,12,68,1005,138,165,87,594,1132,10,1103,1142,39,Wednesday,Jan
01/13/2015,MQ,3181,N527MQ,LGA,DTW,1910,1908,-2,18,1926,121,113,80,502,2046,15,2111,2101,-10,Tuesday,Jan
01/30/2015,DL,1417,N348NB,ROA,ATL,710,708,-2,11,719,98,77,57,357,816,9,848,825,-23,Friday,Jan
02/09/2015,MQ,3162,N617MQ,DFW,CVG,1345,1355,10,18,1413,128,137,114,812,1707,5,1653,1712,19,Monday,Feb
01/20/2015,WN,208,N394SW,BOI,OAK,1930,1947,17,29,2016,105,108,75,511,2031,4,2015,2035,20,Tuesday,Jan
01/30/2015,WN,465,N236WN,ECP,HOU,1010,1004,-6,6,1010,120,104,95,571,1145,3,1210,1148,-22,Friday,Jan
01/19/2015,WN,315,N910WN,BNA,DEN,605,600,-5,18,618,180,182,155,1014,753,9,805,802,-3,Monday,Jan
01/03/2015,US,873,N801AW,CLT,ATL,1314,1421,67,17,1438,83,77,54,226,1532,6,1437,1538,61,Saturday,Jan
02/01/2015,US,681,N801AW,CMH,LAX,1630,2125,295,20,2145,307,292,260,1995,2305,12,1837,2317,280,Sunday,Feb
01/07/2015,OO,4550,N459SW,MSP,CMH,1000,1014,14,38,1052,125,122,79,626,1311,5,1305,1316,11,Wednesday,Jan
01/14/2015,WN,927,N752SW,HOU,ABQ,925,920,-5,11,931,135,147,132,759,1043,4,1040,1047,7,Wednesday,Jan
02/02/2015,AA,1275,N5FFAA,STT,JFK,1405,1402,-3,10,1412,269,242,214,1623,1646,18,1734,1704,-30,Monday,Feb
02/04/2015,WN,31,N7710A,BWI,DAL,1055,1101,6,10,1111,215,213,198,1209,1329,5,1330,1334,4,Wednesday,Feb
02/10/2015,US,2140,N963UW,LGA,BOS,900,943,43,41,1024,75,94,34,184,1058,19,1015,1117,62,Tuesday,Feb
01/28/2015,OO,4733,N606SK,SEA,SJC,1459,1451,-8,14,1505,118,127,109,697,1654,4,1657,1658,1,Wednesday,Jan
01/22/2015,MQ,3182,N614MQ,DFW,FSM,1310,1322,12,17,1339,60,58,35,227,1414,6,1410,1420,10,Thursday,Jan
02/03/2015,B6,778,N638JB,LAS,BOS,2355,220,145,13,233,290,280,263,2381,956,4,745,1000,135,Tuesday,Feb
01/14/2015,US,470,N153UW,CLT,SAN,1815,1814,-1,21,1835,321,300,275,2077,2010,4,2036,2014,-22,Wednesday,Jan
01/30/2015,DL,2456,N703TW,JFK,SLC,930,946,16,131,1157,334,417,280,1990,1437,6,1304,1443,99,Friday,Jan
01/13/2015,EV,2569,N904EV,DFW,LIT,1155,1155,0,20,1215,67,72,47,304,1302,5,1302,1307,5,Tuesday,Jan
02/05/2015,US,623,N545UW,DEN,PHX,805,802,-3,19,821,135,133,89,602,950,25,1020,1015,-5,Thursday,Feb
01/02/2015,DL,1434,N547US,LAX,MSP,33,57,24,17,114,214,205,185,1535,619,3,607,622,15,Friday,Jan
01/03/2015,US,1995,N547UW,MCO,CLT,1205,1200,-5,21,1221,99,100,71,468,1332,8,1344,1340,-4,Saturday,Jan
01/26/2015,DL,1291,N616DL,MSP,ATL,730,724,-6,23,747,158,134,104,907,1031,7,1108,1038,-30,Monday,Jan
01/12/2015,EV,5104,N138EV,MOB,ATL,1151,1211,20,14,1225,69,120,93,302,1458,13,1400,1511,71,Monday,Jan
01/13/2015,AA,379,N855AA,SFO,DFW,1615,1605,-10,13,1618,198,192,172,1464,2110,7,2133,2117,-16,Tuesday,Jan
01/03/2015,WN,1493,N494WN,STL,CMH,840,905,25,8,913,80,70,57,409,1110,5,1100,1115,15,Saturday,Jan
01/27/2015,EV,5987,N26549,TYS,ORD,748,733,-15,32,805,102,132,89,475,834,11,830,845,15,Tuesday,Jan
01/26/2015,WN,234,N345SA,SEA,PHX,600,556,-4,12,608,165,171,154,1107,942,5,945,947,2,Monday,Jan
02/02/2015,NK,193,N525NK,IAH,LAS,700,659,-1,12,711,200,203,185,1222,816,6,820,822,2,Monday,Feb
01/08/2015,NK,680,N627NK,IAH,MSY,1803,1755,-8,11,1806,60,64,43,305,1849,10,1903,1859,-4,Thursday,Jan
01/05/2015,WN,576,N946WN,BWI,ALB,720,713,-7,15,728,75,68,50,289,818,3,835,821,-14,Monday,Jan
01/27/2015,EV,5187,N884AS,GTR,ATL,640,638,-2,31,709,67,84,45,241,854,8,847,902,15,Tuesday,Jan
01/21/2015,DL,2125,N3738B,ATL,BWI,956,956,0,16,1012,113,101,80,577,1132,5,1149,1137,-12,Wednesday,Jan
01/12/2015,F9,1120,N210FR,CLE,RSW,700,653,-7,43,736,170,200,151,1025,1007,6,950,1013,23,Monday,Jan
01/23/2015,AA,2267,N3LRAA,DCA,ORD,2055,2047,-8,45,2132,124,148,95,612,2207,8,2159,2215,16,Friday,Jan
01/02/2015,DL,1310,N959AT,VPS,ATL,1319,1316,-3,16,1332,76,69,41,250,1513,12,1535,1525,-10,Friday,Jan
01/18/2015,WN,772,N418WN,FNT,LAS,1645,1636,-9,14,1650,275,259,242,1733,1752,3,1820,1755,-25,Sunday,Jan
02/10/2015,DL,2165,N892AT,JFK,TPA,800,819,19,25,844,194,176,143,1005,1107,8,1114,1115,1,Tuesday,Feb
02/03/2015,WN,3957,N496WN,MKE,SEA,1015,1012,-3,8,1020,270,257,242,1694,1222,7,1245,1229,-16,Tuesday,Feb
01/27/2015,EV,5555,N837AS,CAE,ATL,815,805,-10,26,831,66,76,39,192,910,11,921,921,0,Tuesday,Jan
01/03/2015,EV,6150,N33182,IAH,GJT,900,859,-1,16,915,171,156,136,979,1031,4,1051,1035,-16,Saturday,Jan
01/08/2015,WN,294,N8309C,BUF,TPA,1650,1739,49,8,1747,180,158,146,1053,2013,4,1950,2017,27,Thursday,Jan
01/31/2015,WN,3876,N8648A,BDL,TPA,1515,1514,-1,6,1520,195,161,150,1111,1750,5,1830,1755,-35,Saturday,Jan
02/07/2015,WN,3970,N938WN,RDU,HOU,1215,1216,1,5,1221,190,153,143,1050,1344,5,1425,1349,-36,Saturday,Feb
01/21/2015,F9,142,N939FR,SEA,DEN,1945,1947,2,12,1959,148,145,127,1024,2306,6,2313,2312,-1,Wednesday,Jan
02/03/2015,WN,1059,N7709A,DAY,BWI,600,550,-10,16,606,85,78,58,406,704,4,725,708,-17,Tuesday,Feb
02/07/2015,US,1967,N153UW,MSP,CLT,650,643,-7,27,710,163,174,110,930,1000,37,1033,1037,4,Saturday,Feb
01/03/2015,UA,1498,N73406,EWR,MCO,1945,2023,38,16,2039,179,152,131,937,2250,5,2244,2255,11,Saturday,Jan
01/17/2015,DL,110,N3748Y,ATL,LAX,811,809,-2,16,825,307,300,267,1947,952,17,1018,1009,-9,Saturday,Jan
01/11/2015,US,768,N162UW,MCO,PHL,1405,1402,-3,10,1412,145,135,117,861,1609,8,1630,1617,-13,Sunday,Jan
02/05/2015,DL,1283,N368NB,DEN,SLC,1920,1910,-10,12,1922,99,90,73,391,2035,5,2059,2040,-19,Thursday,Feb
01/29/2015,OO,4572,N604SK,FAR,SLC,1744,1740,-4,13,1753,155,166,146,866,1919,7,1919,1926,7,Thursday,Jan
02/09/2015,DL,1283,N361NB,DEN,SLC,1920,1921,1,32,1953,99,111,72,391,2105,7,2059,2112,13,Monday,Feb
01/08/2015,UA,433,N514UA,BOS,SFO,600,651,51,15,706,405,379,360,2704,1006,4,945,1010,25,Thursday,Jan
01/26/2015,US,469,N535UW,CLT,ATL,750,746,-4,47,833,80,100,42,226,915,11,910,926,16,Monday,Jan
01/01/2015,F9,1246,N912FR,DFW,MEM,1000,1014,14,39,1053,80,106,61,432,1154,6,1120,1200,40,Thursday,Jan
01/31/2015,UA,1421,N33262,ORD,IAH,1155,1150,-5,13,1203,176,165,141,925,1424,11,1451,1435,-16,Saturday,Jan
01/21/2015,EV,5696,N836AS,IAD,ATL,2153,2158,5,22,2220,107,113,85,534,2345,6,2340,2351,11,Wednesday,Jan
02/05/2015,OO,6237,N706SK,DEN,FSD,957,956,-1,15,1011,95,90,71,483,1222,4,1232,1226,-6,Thursday,Feb
01/12/2015,WN,1365,N8630B,MCO,MKE,2105,2104,-1,10,2114,180,155,140,1066,2234,5,2305,2239,-26,Monday,Jan
01/23/2015,EV,5971,N12528,IAH,DAL,1745,1802,17,17,1819,65,61,39,216,1858,5,1850,1903,13,Friday,Jan
02/06/2015,EV,5295,N847AS,VLD,ATL,1755,1753,-2,6,1759,70,52,42,208,1841,4,1905,1845,-20,Friday,Feb
01/17/2015,AA,2300,N424AA,DFW,ICT,2235,2231,-4,12,2243,72,69,52,328,2335,5,2347,2340,-7,Saturday,Jan
01/06/2015,US,1942,N770UW,CLT,BUF,925,917,-8,16,933,98,101,82,546,1055,3,1103,1058,-5,Tuesday,Jan
01/26/2015,OO,4789,N162PQ,LAS,SEA,1255,1253,-2,19,1312,164,151,119,867,1511,13,1539,1524,-15,Monday,Jan
01/03/2015,AS,671,N469AS,AUS,SEA,1835,1842,7,11,1853,270,272,254,1770,2107,7,2105,2114,9,Saturday,Jan
01/10/2015,UA,1431,N73299,DEN,LAX,1000,1002,2,11,1013,153,161,120,862,1113,30,1133,1143,10,Saturday,Jan
01/18/2015,US,637,N172US,CLT,LAS,1635,1640,5,23,1703,298,304,275,1916,1838,6,1833,1844,11,Sunday,Jan
01/13/2015,DL,1132,N3763D,SEA,DTW,600,554,-6,13,607,252,254,231,1927,1258,10,1312,1308,-4,Tuesday,Jan
02/06/2015,DL,1613,N954DN,IND,ATL,1417,1447,30,16,1503,101,94,70,432,1613,8,1558,1621,23,Friday,Feb
01/09/2015,EV,4498,N14158,EWR,MHT,1843,1926,43,25,1951,70,70,39,209,2030,6,1953,2036,43,Friday,Jan
01/30/2015,OO,5392,N962SW,SFO,OTH,1215,1504,169,21,1525,94,88,65,412,1630,2,1349,1632,163,Friday,Jan
01/19/2015,UA,1608,N66814,SFO,SAN,617,610,-7,13,623,95,80,63,447,726,4,752,730,-22,Monday,Jan
01/10/2015,HA,278,N476HA,HNL,KOA,1617,1622,5,15,1637,43,48,26,163,1703,7,1700,1710,10,Saturday,Jan
02/08/2015,WN,1797,N8605E,LGA,DAL,655,648,-7,8,656,250,201,187,1381,903,6,1005,909,-56,Sunday,Feb
01/22/2015,EV,5684,N14180,IAH,CLL,1736,1734,-2,15,1749,44,40,22,74,1811,3,1820,1814,-6,Thursday,Jan
01/04/2015,UA,550,N438UA,PDX,DEN,1525,1608,43,36,1644,151,160,119,991,1943,5,1856,1948,52,Sunday,Jan
01/03/2015,DL,1942,N990AT,ATL,EWR,1238,1243,5,12,1255,133,111,93,746,1428,6,1451,1434,-17,Saturday,Jan
01/20/2015,US,785,N667AW,PHL,TPA,1550,1546,-4,17,1603,167,155,132,920,1815,6,1837,1821,-16,Tuesday,Jan
02/12/2015,MQ,3674,N0EGMQ,LGA,ATL,1312,1324,12,25,1349,154,149,117,762,1546,7,1546,1553,7,Thursday,Feb
01/26/2015,AA,1266,N3EAAA,RDU,MIA,1320,1313,-7,9,1322,128,114,100,700,1502,5,1528,1507,-21,Monday,Jan
02/02/2015,AA,1144,N3HPAA,DFW,LGA,1335,1343,8,12,1355,189,209,169,1389,1744,28,1744,1812,28,Monday,Feb
01/26/2015,US,1937,N583UW,TPA,CLT,830,823,-7,13,836,105,101,75,507,951,13,1015,1004,-11,Monday,Jan
01/29/2015,OO,6433,N978SW,LAX,FAT,2235,2230,-5,16,2246,63,59,37,209,2323,6,2338,2329,-9,Thursday,Jan
02/10/2015,UA,1126,N37298,DEN,ANC,1126,1123,-3,9,1132,349,334,321,2405,1453,4,1515,1457,-18,Tuesday,Feb
02/07/2015,NK,219,N528NK,ORD,ATL,1044,1104,20,11,1115,114,101,82,606,1337,8,1338,1345,7,Saturday,Feb
01/19/2015,OO,4574,N170PQ,DTW,MKE,2130,2125,-5,15,2140,83,66,44,237,2124,7,2153,2131,-22,Monday,Jan
01/23/2015,DL,1550,N932DN,LAS,MSP,705,702,-3,19,721,192,190,166,1299,1207,5,1217,1212,-5,Friday,Jan
01/27/2015,DL,2471,N957DN,ATL,AUS,1415,1411,-4,12,1423,155,132,115,813,1518,5,1550,1523,-27,Tuesday,Jan
01/05/2015,WN,20,N508SW,HRL,HOU,935,930,-5,6,936,55,51,42,277,1018,3,1030,1021,-9,Monday,Jan
02/06/2015,EV,6049,N17108,EWR,IAD,1935,1951,16,15,2006,82,65,40,212,2046,10,2057,2056,-1,Friday,Feb
02/07/2015,UA,1114,N67812,LAX,LAS,2235,2227,-8,15,2242,73,65,44,236,2326,6,2348,2332,-16,Saturday,Feb
01/01/2015,B6,427,N368JB,BOS,BWI,810,806,-4,32,838,98,106,70,369,948,4,948,952,4,Thursday,Jan
01/02/2015,DL,1645,N923DN,DTW,DEN,1336,1333,-3,16,1349,203,189,166,1123,1435,7,1459,1442,-17,Friday,Jan
01/28/2015,B6,1968,N274JB,PBI,HPN,1900,1855,-5,11,1906,161,176,162,1056,2148,3,2141,2151,10,Wednesday,Jan
01/28/2015,UA,595,N849UA,SFO,PDX,1818,1818,0,20,1838,110,99,75,550,1953,4,2008,1957,-11,Wednesday,Jan
01/06/2015,WN,4833,N930WN,ELP,PHX,1920,2054,94,6,2100,80,65,54,347,2154,5,2040,2159,79,Tuesday,Jan
01/03/2015,AA,1192,N3MDAA,LAX,ORD,1155,1151,-4,17,1208,245,249,221,1744,1749,11,1800,1800,0,Saturday,Jan
01/14/2015,WN,491,N212WN,SMF,PHX,2035,2032,-3,7,2039,105,99,87,647,2306,5,2320,2311,-9,Wednesday,Jan
01/27/2015,US,763,N833AW,RDU,CLT,1435,1430,-5,21,1451,60,63,37,130,1528,5,1535,1533,-2,Tuesday,Jan
02/07/2015,WN,3893,N449WN,BDL,TPA,1155,1158,3,24,1222,195,174,145,1111,1447,5,1510,1452,-18,Saturday,Feb
02/02/2015,WN,450,N8317M,HOU,LAX,1720,1720,0,7,1727,230,213,190,1390,1837,16,1910,1853,-17,Monday,Feb
01/22/2015,VX,740,N530VA,SFO,SEA,800,754,-6,8,802,125,113,98,679,940,7,1005,947,-18,Thursday,Jan
02/05/2015,MQ,3124,N619MQ,ORD,TVC,1955,2027,32,17,2044,60,65,45,224,2229,3,2155,2232,37,Thursday,Feb
01/05/2015,AA,1244,N473AA,DFW,DAY,2005,2049,44,14,2103,130,137,111,861,2354,12,2315,6,51,Monday,Jan
02/03/2015,DL,2281,N955DN,IND,ATL,1845,1853,8,14,1907,102,87,65,432,2012,8,2027,2020,-7,Tuesday,Feb
02/10/2015,DL,1862,N909DA,ATL,MSY,1343,1340,-3,12,1352,97,90,72,425,1404,6,1420,1410,-10,Tuesday,Feb
01/11/2015,DL,1441,N990AT,GRR,ATL,1435,1429,-6,19,1448,135,122,98,640,1626,5,1650,1631,-19,Sunday,Jan
02/06/2015,UA,1622,N19141,ORD,EWR,1502,1626,84,17,1643,130,130,92,719,1915,21,1812,1936,84,Friday,Feb
02/09/2015,DL,1634,N819DN,SEA,SLC,600,557,-3,22,619,119,118,91,689,850,5,859,855,-4,Monday,Feb
01/19/2015,WN,4117,N7748A,DEN,HOU,605,600,-5,9,609,145,125,111,883,900,5,930,905,-25,Monday,Jan
01/22/2015,EV,4965,N695CA,ATL,HPN,940,938,-2,17,955,132,125,105,780,1140,3,1152,1143,-9,Thursday,Jan
01/24/2015,WN,3511,N226WN,RSW,MDW,1715,1718,3,14,1732,185,175,153,1105,1905,8,1920,1913,-7,Saturday,Jan
01/21/2015,DL,2070,N905DA,MSP,PHX,1948,1945,-3,24,2009,205,204,175,1276,2204,5,2213,2209,-4,Wednesday,Jan
01/02/2015,MQ,2824,N902MQ,DFW,AEX,910,923,13,17,940,63,66,47,285,1027,2,1013,1029,16,Friday,Jan
01/16/2015,MQ,3532,N639MQ,MIA,GNV,1420,1414,-6,19,1433,71,71,49,294,1522,3,1531,1525,-6,Friday,Jan
01/20/2015,WN,989,N463WN,ATL,STL,715,714,-1,14,728,105,98,79,484,747,5,800,752,-8,Tuesday,Jan
02/10/2015,UA,1077,N36280,EWR,MIA,700,701,1,22,723,187,183,150,1085,953,11,1007,1004,-3,Tuesday,Feb
01/08/2015,F9,782,N220FR,LAS,DEN,645,633,-12,15,648,109,106,85,628,913,6,934,919,-15,Thursday,Jan
01/24/2015,US,577,N185UW,PHL,LAS,745,739,-6,11,750,341,302,283,2176,933,8,1026,941,-45,Saturday,Jan
01/15/2015,F9,1053,N943FR,SLC,PHX,1515,1515,0,15,1530,100,93,74,507,1644,4,1655,1648,-7,Thursday,Jan
02/03/2015,OO,5484,N946SW,BOI,SFO,520,513,-7,20,533,115,113,88,522,601,5,615,606,-9,Tuesday,Feb
02/06/2015,AA,1556,N3EEAA,MIA,PHL,742,733,-9,20,753,161,184,160,1013,1033,4,1023,1037,14,Friday,Feb
01/10/2015,MQ,3439,N606MQ,DFW,TYS,730,735,5,12,747,116,115,97,772,1024,6,1026,1030,4,Saturday,Jan
02/04/2015,B6,434,N804JB,SFO,BOS,800,744,-16,16,800,329,320,296,2704,1556,8,1629,1604,-25,Wednesday,Feb
01/29/2015,UA,501,N472UA,ORD,OMA,1715,1815,60,23,1838,96,93,66,416,1944,4,1851,1948,57,Thursday,Jan
01/05/2015,EV,4415,N48901,IAH,SAV,1044,1104,20,9,1113,129,109,97,851,1350,3,1353,1353,0,Monday,Jan
01/13/2015,DL,1502,N917DL,TPA,CVG,1300,1253,-7,17,1310,128,125,102,773,1452,6,1508,1458,-10,Tuesday,Jan
01/07/2015,WN,4569,N734SA,LAS,OMA,900,859,-1,12,911,155,158,143,1099,1334,3,1335,1337,2,Wednesday,Jan
01/13/2015,DL,2678,N989AT,LGA,BOS,1200,1157,-3,16,1213,76,58,32,184,1245,10,1316,1255,-21,Tuesday,Jan
01/04/2015,EV,4451,N16559,BHM,IAH,600,709,69,10,719,119,117,97,562,856,10,759,906,67,Sunday,Jan
01/19/2015,AA,1234,N3LRAA,LAS,ORD,632,631,-1,13,644,208,197,177,1514,1141,7,1200,1148,-12,Monday,Jan
01/08/2015,EV,5240,N135EV,ATL,GSO,1221,1216,-5,15,1231,73,67,48,306,1319,4,1334,1323,-11,Thursday,Jan
01/05/2015,EV,5391,N614QX,MDW,DTW,1835,1833,-2,12,1845,69,61,40,228,2025,9,2044,2034,-10,Monday,Jan
01/06/2015,EV,2516,N830AS,DFW,CRP,1235,1341,66,11,1352,75,74,60,354,1452,3,1350,1455,65,Tuesday,Jan
01/12/2015,WN,600,N275WN,SLC,OAK,1200,1200,0,14,1214,115,104,84,588,1238,6,1255,1244,-11,Monday,Jan
02/11/2015,WN,102,N798SW,MCO,IND,1900,1857,-3,17,1914,150,142,119,829,2113,6,2130,2119,-11,Wednesday,Feb
01/11/2015,DL,1326,N930DL,OMA,ATL,700,657,-3,23,720,145,139,107,821,1007,9,1025,1016,-9,Sunday,Jan
01/23/2015,OO,4591,N779CA,GRB,MSP,1200,1653,293,24,1717,68,73,43,252,1800,6,1308,1806,298,Friday,Jan
02/04/2015,OO,5196,N718SK,SFO,PDX,758,752,-6,28,820,107,110,78,550,938,4,945,942,-3,Wednesday,Feb
02/04/2015,B6,901,N903JB,JFK,FLL,722,720,-2,23,743,193,194,167,1069,1030,4,1035,1034,-1,Wednesday,Feb
02/07/2015,WN,2403,N613SW,HOU,DAL,2000,1957,-3,6,2003,60,61,44,239,2047,11,2100,2058,-2,Saturday,Feb
01/20/2015,UA,323,N461UA,PHL,DEN,755,749,-6,16,805,265,260,234,1558,959,10,1020,1009,-11,Tuesday,Jan
02/03/2015,EV,4294,N16546,SDF,EWR,1928,2041,73,9,2050,122,107,86,642,2216,12,2130,2228,58,Tuesday,Feb
01/29/2015,DL,2276,N951DL,MCO,LGA,600,551,-9,15,606,153,153,130,950,816,8,833,824,-9,Thursday,Jan
01/17/2015,UA,230,N430UA,MSY,IAH,530,520,-10,10,530,78,69,52,305,622,7,648,629,-19,Saturday,Jan
01/09/2015,B6,1895,N615JB,HPN,MCO,800,1114,194,49,1203,176,218,154,972,1437,15,1056,1452,236,Friday,Jan
02/11/2015,UA,1573,N76517,IAH,LGA,1143,1216,33,26,1242,207,206,161,1416,1623,19,1610,1642,32,Wednesday,Feb
01/01/2015,UA,404,N478UA,IAH,SFO,1540,1556,16,12,1608,260,236,217,1635,1745,7,1800,1752,-8,Thursday,Jan
01/09/2015,OO,4559,N459SW,DTW,SBN,1532,19,527,30,49,62,69,34,157,123,5,1634,128,534,Friday,Jan
01/20/2015,OO,6438,N119SY,AUS,ORD,610,604,-6,14,618,159,166,140,978,838,12,849,850,1,Tuesday,Jan
01/24/2015,AA,32,N790AA,LAX,JFK,1425,1447,22,13,1500,323,317,294,2475,2254,10,2248,2304,16,Saturday,Jan
02/09/2015,DL,1355,N310DE,ATL,EYW,940,949,9,41,1030,113,129,86,646,1156,2,1133,1158,25,Monday,Feb
01/04/2015,OO,4468,N426SW,SLC,HLN,1535,1532,-3,18,1550,95,102,79,402,1709,5,1710,1714,4,Sunday,Jan
01/17/2015,WN,3328,N782SA,ATL,IND,1055,1051,-4,15,1106,105,87,67,432,1213,5,1240,1218,-22,Saturday,Jan
01/05/2015,UA,1728,N75854,SFO,BOS,2240,2244,4,16,2300,330,322,300,2704,700,6,710,706,-4,Monday,Jan
01/13/2015,DL,2550,N366NB,SLC,SNA,1138,1134,-4,13,1147,115,101,81,588,1208,7,1233,1215,-18,Tuesday,Jan
01/25/2015,WN,2360,N8653A,PHX,SAN,2045,2051,6,16,2107,70,67,47,304,2054,4,2055,2058,3,Sunday,Jan
01/25/2015,WN,3828,N7735A,STL,LAX,2015,2053,38,23,2116,255,229,200,1592,2236,6,2230,2242,12,Sunday,Jan
01/31/2015,WN,3776,N356SW,SAT,DAL,945,941,-4,10,951,60,57,44,248,1035,3,1045,1038,-7,Saturday,Jan
01/31/2015,US,742,N117UW,ORD,PHL,1355,1354,-1,15,1409,124,114,96,678,1645,3,1659,1648,-11,Saturday,Jan
01/13/2015,WN,484,N430WN,OAK,SLC,1855,1857,2,10,1907,100,99,85,588,2132,4,2135,2136,1,Tuesday,Jan
01/26/2015,DL,1491,N945DN,ATL,TPA,1830,1823,-7,15,1838,85,74,55,406,1933,4,1955,1937,-18,Monday,Jan
01/23/2015,DL,2430,N929AT,ECP,ATL,715,740,25,17,757,74,71,44,240,941,10,929,951,22,Friday,Jan
01/16/2015,OO,5434,N953SW,MKG,ORD,1933,1922,-11,21,1943,64,69,34,118,1917,14,1937,1931,-6,Friday,Jan
02/07/2015,WN,2772,N642WN,PHX,LAX,1545,1543,-2,8,1551,80,77,62,370,1553,7,1605,1600,-5,Saturday,Feb
01/06/2015,B6,1066,N351JB,RSW,BOS,1845,1918,33,11,1929,178,176,160,1249,2209,5,2143,2214,31,Tuesday,Jan
02/07/2015,DL,1848,N966AT,CLT,ATL,1040,1038,-2,10,1048,75,54,39,226,1127,5,1155,1132,-23,Saturday,Feb
01/12/2015,B6,2253,N766JB,JFK,PBI,1840,1855,15,18,1913,180,201,177,1028,2210,6,2140,2216,36,Monday,Jan
01/13/2015,WN,4734,N524SW,AUS,DAL,1935,1933,-2,9,1942,55,48,35,189,2017,4,2030,2021,-9,Tuesday,Jan
01/18/2015,EV,5332,N759EV,ATL,GPT,830,828,-2,15,843,87,79,61,352,844,3,857,847,-10,Sunday,Jan
01/14/2015,US,1929,N803AW,IND,CLT,1205,1159,-6,32,1231,98,117,77,427,1348,8,1343,1356,13,Wednesday,Jan
01/18/2015,EV,4516,N27962,MEM,IAH,1813,1804,-9,19,1823,111,107,79,468,1942,9,2004,1951,-13,Sunday,Jan
01/14/2015,MQ,2964,N928MQ,DFW,GRI,2005,2003,-2,22,2025,107,102,76,561,2141,4,2152,2145,-7,Wednesday,Jan
01/01/2015,OO,5181,N788SK,OKC,LAX,605,602,-3,40,642,199,211,165,1187,727,6,724,733,9,Thursday,Jan
01/06/2015,EV,4626,N14177,MSP,IAH,915,913,-2,10,923,185,166,146,1034,1149,10,1220,1159,-21,Tuesday,Jan
01/13/2015,WN,2700,N263WN,SAN,SFO,2000,1955,-5,10,2005,95,81,67,447,2112,4,2135,2116,-19,Tuesday,Jan
02/04/2015,DL,1431,N891AT,DTW,ORD,849,848,-1,46,934,98,106,49,235,923,11,927,934,7,Wednesday,Feb
02/09/2015,OO,4969,N125SY,DCA,ORD,1045,1034,-11,17,1051,135,125,99,612,1130,9,1200,1139,-21,Monday,Feb
01/14/2015,B6,494,N508JB,DEN,BOS,1240,1233,-7,17,1250,224,255,232,1754,1842,6,1824,1848,24,Wednesday,Jan
01/01/2015,OO,6488,N783SK,IAH,TUL,2122,2120,-2,19,2139,88,88,65,429,2244,4,2250,2248,-2,Thursday,Jan
01/04/2015,OO,4649,N460SW,BZN,SLC,1750,1750,0,27,1817,88,83,51,347,1908,5,1918,1913,-5,Sunday,Jan
01/19/2015,B6,654,N579JB,PBI,JFK,1247,1250,3,15,1305,162,163,142,1028,1527,6,1529,1533,4,Monday,Jan
01/30/2015,WN,1433,N739GB,OAK,LAS,1405,1444,39,9,1453,85,90,73,407,1606,8,1530,1614,44,Friday,Jan
01/30/2015,DL,1761,N916DL,ATL,PHL,1230,1230,0,18,1248,123,121,100,666,1428,3,1433,1431,-2,Friday,Jan
01/06/2015,WN,3146,N8320J,LAS,SNA,1930,1930,0,14,1944,65,58,38,226,2022,6,2035,2028,-7,Tuesday,Jan
01/26/2015,OO,4771,N823SK,SLC,SJC,2150,2212,22,10,2222,118,94,81,584,2243,3,2248,2246,-2,Monday,Jan
01/26/2015,OO,4515,N614SK,DFW,SLC,1911,1912,1,18,1930,171,156,134,989,2044,4,2102,2048,-14,Monday,Jan
01/09/2015,WN,820,N700GS,STL,MDW,1825,1859,34,12,1911,65,73,53,251,2004,8,1930,2012,42,Friday,Jan
01/07/2015,EV,4118,N13988,EWR,DTW,1200,1200,0,14,1214,124,119,95,488,1349,10,1404,1359,-5,Wednesday,Jan
01/09/2015,WN,171,N7728D,RDU,FLL,1305,1259,-6,11,1310,135,117,102,680,1452,4,1520,1456,-24,Friday,Jan
01/09/2015,DL,1692,N821DN,SAN,ATL,1110,1104,-6,17,1121,248,246,226,1892,1807,3,1818,1810,-8,Friday,Jan
01/22/2015,UA,736,N452UA,EWR,MIA,1526,1536,10,31,1607,194,187,154,1085,1841,2,1840,1843,3,Thursday,Jan
01/18/2015,AA,1140,N3CNAA,LGA,DFW,1733,1722,-11,42,1804,252,262,199,1389,2023,21,2045,2044,-1,Sunday,Jan
02/05/2015,EV,4085,N11192,EWR,OMA,1554,1556,2,21,1617,205,191,165,1134,1802,5,1819,1807,-12,Thursday,Feb
01/30/2015,AA,2399,N559AA,IAH,DFW,1825,1840,15,18,1858,75,71,46,224,1944,7,1940,1951,11,Friday,Jan
02/02/2015,OO,4561,N437SW,SLC,SJC,1500,1456,-4,14,1510,120,114,97,584,1547,3,1600,1550,-10,Monday,Feb
01/03/2015,EV,4881,N722EV,EWR,DTW,600,557,-3,12,609,119,115,99,488,748,4,759,752,-7,Saturday,Jan
01/26/2015,DL,2348,N6715C,SLC,DTW,1120,1117,-3,20,1137,212,205,178,1481,1635,7,1652,1642,-10,Monday,Jan
02/12/2015,B6,653,N589JB,JFK,PBI,830,830,0,25,855,183,188,151,1028,1126,12,1133,1138,5,Thursday,Feb
01/21/2015,DL,1998,N994DL,ATL,BHM,947,947,0,17,1004,54,48,29,134,933,2,941,935,-6,Wednesday,Jan
01/01/2015,OO,5320,N903SW,DEN,MAF,1411,1441,30,26,1507,102,119,87,563,1734,6,1653,1740,47,Thursday,Jan
01/19/2015,EV,5583,N741EV,GRR,MSP,1801,1812,11,8,1820,99,105,94,408,1854,3,1840,1857,17,Monday,Jan
02/06/2015,WN,251,N923WN,DEN,LAX,850,847,-3,9,856,150,131,117,862,953,5,1020,958,-22,Friday,Feb
02/04/2015,WN,293,N7706A,PHX,SJC,825,821,-4,13,834,120,110,93,621,907,4,925,911,-14,Wednesday,Feb
01/18/2015,WN,354,N731SA,BWI,MCO,1420,1424,4,8,1432,150,142,123,787,1635,11,1650,1646,-4,Sunday,Jan
01/07/2015,DL,1928,N6712B,MCO,DTW,820,821,1,12,833,160,150,128,957,1041,10,1100,1051,-9,Wednesday,Jan
02/03/2015,WN,483,N613SW,LAS,ABQ,730,723,-7,20,743,85,95,63,486,946,12,955,958,3,Tuesday,Feb
01/09/2015,DL,1770,N67171,MSP,SEA,1950,1955,5,31,2026,227,240,205,1399,2151,4,2137,2155,18,Friday,Jan
01/04/2015,EV,4497,N13956,MCI,IAH,1000,953,-7,18,1011,130,142,109,643,1200,15,1210,1215,5,Sunday,Jan
01/13/2015,UA,1536,N68836,ORD,PHX,1717,1721,4,20,1741,239,226,195,1440,1956,11,2016,2007,-9,Tuesday,Jan
01/27/2015,WN,4896,N638SW,MCO,RIC,2015,2010,-5,13,2023,110,113,95,667,2158,5,2205,2203,-2,Tuesday,Jan
02/02/2015,WN,1085,N207WN,PHX,ONT,1150,1317,87,38,1355,70,91,48,325,1343,5,1200,1348,108,Monday,Feb
01/22/2015,AA,1266,N3BDAA,RDU,MIA,1320,1320,0,12,1332,128,127,103,700,1515,12,1528,1527,-1,Thursday,Jan
01/06/2015,DL,2025,N910DL,ATL,BWI,840,1006,86,18,1024,108,104,80,577,1144,6,1028,1150,82,Tuesday,Jan
02/12/2015,AA,2243,N3KSAA,LGA,MIA,759,756,-3,26,822,201,197,165,1096,1107,6,1120,1113,-7,Thursday,Feb
01/20/2015,NK,762,N527NK,ATL,ORD,920,919,-1,14,933,120,127,92,606,1005,21,1020,1026,6,Tuesday,Jan
01/21/2015,OO,6295,N563SW,LAX,FAT,1900,1858,-2,21,1919,73,75,51,209,2010,3,2013,2013,0,Wednesday,Jan
02/02/2015,OO,2598,N464SW,LAX,TUS,1129,1124,-5,11,1135,84,78,63,451,1338,4,1353,1342,-11,Monday,Feb
01/06/2015,MQ,3618,N524MQ,LIT,ORD,1734,1821,47,12,1833,116,141,77,552,1950,52,1930,2042,72,Tuesday,Jan
01/29/2015,EV,4501,N15973,HPN,ORD,1715,1817,62,9,1826,151,129,111,738,1917,9,1846,1926,40,Thursday,Jan
01/10/2015,US,1826,N187US,PHX,LAS,1510,1502,-8,15,1517,68,66,45,255,1502,6,1518,1508,-10,Saturday,Jan
02/03/2015,WN,2780,N8329B,BWI,MDW,1710,1707,-3,52,1759,130,171,107,611,1846,12,1820,1858,38,Tuesday,Feb
01/12/2015,AS,311,N703AS,PSP,SFO,700,656,-4,15,711,90,95,70,421,821,10,830,831,1,Monday,Jan
01/09/2015,OO,4444,N446SW,MSP,DLH,1421,1424,3,13,1437,59,62,33,144,1510,16,1520,1526,6,Friday,Jan
02/09/2015,UA,1004,N38268,LAX,LAS,2235,2229,-6,15,2244,73,65,44,236,2328,6,2348,2334,-14,Monday,Feb
02/11/2015,UA,465,N807UA,EWR,CLE,759,755,-4,23,818,104,94,66,404,924,5,943,929,-14,Wednesday,Feb
01/09/2015,AA,1112,N3HBAA,SFO,DFW,30,48,18,11,59,189,192,176,1464,555,5,539,600,21,Friday,Jan
01/30/2015,WN,978,N691WN,LAX,SFO,1350,1355,5,9,1404,80,70,55,337,1459,6,1510,1505,-5,Friday,Jan
01/28/2015,MQ,3133,N604MQ,ORD,EVV,1715,1709,-6,11,1720,65,54,40,273,1800,3,1820,1803,-17,Wednesday,Jan
02/03/2015,EV,5169,N740EV,MDW,MSP,1259,1253,-6,23,1316,91,106,72,349,1428,11,1430,1439,9,Tuesday,Feb
01/31/2015,US,2042,N547UW,CLT,JFK,734,727,-7,10,737,105,97,82,541,859,5,919,904,-15,Saturday,Jan
01/23/2015,MQ,3072,N651MQ,COU,DFW,1437,1559,82,13,1612,108,102,78,489,1730,11,1625,1741,76,Friday,Jan
01/17/2015,OO,5646,N237SW,SFO,SBA,1040,1148,68,13,1201,83,77,58,262,1259,6,1203,1305,62,Saturday,Jan
02/07/2015,OO,6454,N980SW,RNO,SFO,1623,1747,84,13,1800,72,61,44,192,1844,4,1735,1848,73,Saturday,Feb
01/23/2015,WN,1064,N259WN,MDW,PHX,1040,1111,31,7,1118,235,197,186,1444,1324,4,1335,1328,-7,Friday,Jan
02/03/2015,EV,4319,N14570,PVD,ORD,710,706,-4,15,721,170,173,141,849,842,17,900,859,-1,Tuesday,Feb
02/10/2015,NK,209,N637NK,ORD,OAK,1550,1545,-5,20,1605,285,295,265,1836,1830,10,1835,1840,5,Tuesday,Feb
01/30/2015,US,608,N508AY,PHX,LAS,2115,2251,96,13,2304,70,60,41,255,2245,6,2125,2251,86,Friday,Jan
01/16/2015,AA,1250,N3ECAA,SFO,LAX,705,713,8,24,737,89,94,53,337,830,17,834,847,13,Friday,Jan
01/29/2015,EV,4862,N13969,TUL,IAH,625,622,-3,9,631,106,114,89,429,800,16,811,816,5,Thursday,Jan
01/01/2015,US,1923,N829AW,MEM,CLT,735,724,-11,17,741,104,87,63,511,944,7,1019,951,-28,Thursday,Jan
02/02/2015,US,449,N802AW,PHX,BOI,2109,2102,-7,18,2120,132,140,112,735,2312,10,2321,2322,1,Monday,Feb
01/31/2015,AA,2390,N3BAAA,PHX,DTW,1940,2005,25,15,2020,226,208,189,1671,129,4,126,133,7,Saturday,Jan
01/22/2015,OO,4833,N170PQ,LAX,OAK,725,906,101,21,927,83,86,61,337,1028,4,848,1032,104,Thursday,Jan
01/30/2015,EV,4564,N13132,CVG,EWR,1419,1416,-3,17,1433,119,131,104,569,1617,10,1618,1627,9,Friday,Jan
01/31/2015,WN,2967,N499WN,FLL,MKE,700,654,-6,11,705,210,199,184,1243,909,4,930,913,-17,Saturday,Jan
02/03/2015,DL,1917,N372NW,DTW,LAS,1955,1955,0,19,2014,281,275,248,1749,2122,8,2136,2130,-6,Tuesday,Feb
01/30/2015,WN,4649,N455WN,MDW,SDF,1835,1848,13,10,1858,70,56,41,271,2039,5,2045,2044,-1,Friday,Jan
01/18/2015,WN,1690,N439WN,ISP,TPA,830,831,1,19,850,195,196,174,1034,1144,3,1145,1147,2,Sunday,Jan
01/20/2015,WN,2353,N8317M,SMF,LAS,655,654,-1,8,702,80,73,59,397,801,6,815,807,-8,Tuesday,Jan
01/15/2015,WN,181,N8624J,RNO,LAS,700,657,-3,20,717,85,82,57,345,814,5,825,819,-6,Thursday,Jan
01/12/2015,DL,1651,N914DN,MSP,LAS,1120,1114,-6,13,1127,213,192,174,1299,1221,5,1253,1226,-27,Monday,Jan
01/01/2015,WN,1050,N216WR,MCO,DEN,1805,1800,-5,9,1809,245,239,220,1546,1949,10,2010,1959,-11,Thursday,Jan
01/02/2015,WN,746,N7726A,PHX,MSP,1845,1920,35,8,1928,180,165,154,1276,2302,3,2245,2305,20,Friday,Jan
01/19/2015,UA,1660,N76514,MSP,DEN,1305,1302,-3,22,1324,137,132,101,680,1405,9,1422,1414,-8,Monday,Jan
01/03/2015,UA,579,N442UA,AUS,DEN,737,749,12,10,759,137,119,100,775,839,9,854,848,-6,Saturday,Jan
01/16/2015,AA,1126,N598AA,SMF,DFW,740,721,-19,28,749,202,202,170,1431,1239,4,1302,1243,-19,Friday,Jan
02/04/2015,DL,1181,N919DE,CLT,ATL,1930,1932,2,11,1943,83,67,39,226,2022,17,2053,2039,-14,Wednesday,Feb
01/08/2015,AA,1025,N3AYAA,MIA,CLT,1315,1318,3,14,1332,129,132,102,650,1514,16,1524,1530,6,Thursday,Jan
01/17/2015,MQ,3012,N532MQ,DFW,LBB,955,949,-6,14,1003,66,72,54,282,1057,4,1101,1101,0,Saturday,Jan
01/22/2015,B6,1454,N629JB,SJU,FLL,1819,1817,-2,8,1825,168,165,151,1046,1956,6,2007,2002,-5,Thursday,Jan
01/10/2015,WN,4671,N736SA,DAL,AUS,640,640,0,23,703,55,65,38,189,741,4,735,745,10,Saturday,Jan
01/17/2015,DL,1977,N915DN,ATL,ORD,1616,1614,-2,9,1623,123,105,91,606,1654,5,1719,1659,-20,Saturday,Jan
01/27/2015,WN,3933,N790SW,ATL,TPA,1700,1725,25,18,1743,90,79,56,406,1839,5,1830,1844,14,Tuesday,Jan
02/05/2015,WN,1082,N647SW,IND,BWI,600,556,-4,22,618,105,97,70,516,728,5,745,733,-12,Thursday,Feb
01/14/2015,MQ,3479,N908MQ,ORD,AZO,910,908,-2,14,922,46,43,27,122,1049,2,1056,1051,-5,Wednesday,Jan
02/01/2015,AA,2323,N476AA,OMA,DFW,1829,2008,99,15,2023,116,105,85,583,2148,5,2025,2153,88,Sunday,Feb
01/01/2015,US,449,N804AW,CMH,PHX,1745,1738,-7,15,1753,262,281,261,1670,2014,5,2007,2019,12,Thursday,Jan
01/30/2015,EV,4205,N14902,BNA,IAH,1745,1739,-6,17,1756,140,144,115,657,1951,12,2005,2003,-2,Friday,Jan
02/05/2015,B6,741,N337JB,BOS,SRQ,741,807,26,25,832,220,234,206,1220,1158,3,1121,1201,40,Thursday,Feb
02/05/2015,US,1922,N741UW,CLT,RIC,2220,2218,-2,12,2230,63,60,40,257,2310,8,2323,2318,-5,Thursday,Feb
02/06/2015,OO,4965,N472CA,BIS,DEN,1307,1305,-2,10,1315,102,94,79,516,1334,5,1349,1339,-10,Friday,Feb
01/25/2015,UA,415,N598UA,JFK,SFO,605,553,-12,47,640,400,382,328,2586,908,7,945,915,-30,Sunday,Jan
01/10/2015,DL,1801,N912DN,BOS,ATL,1100,1058,-2,16,1114,188,162,139,946,1333,7,1408,1340,-28,Saturday,Jan
02/08/2015,WN,1437,N419WN,BWI,ISP,1355,1351,-4,9,1400,60,56,42,220,1442,5,1455,1447,-8,Sunday,Feb
02/09/2015,OO,2726,N496CA,PHX,DRO,954,944,-10,24,1008,87,75,48,351,1056,3,1121,1059,-22,Monday,Feb
01/15/2015,B6,358,N584JB,BUR,JFK,2152,2147,-5,10,2157,307,309,296,2465,553,3,559,556,-3,Thursday,Jan
01/06/2015,UA,1499,N68452,LAX,IAH,918,922,4,11,933,192,191,175,1379,1428,5,1430,1433,3,Tuesday,Jan
01/12/2015,DL,1126,N917DL,ATL,CVG,2154,2343,109,38,21,83,101,58,373,119,5,2317,124,127,Monday,Jan
01/15/2015,OO,5384,N582SW,SBP,LAX,1154,1151,-3,8,1159,69,61,44,156,1243,9,1303,1252,-11,Thursday,Jan
01/19/2015,AA,2305,N4YTAA,ORD,DFW,730,724,-6,21,745,155,157,118,802,943,18,1005,1001,-4,Monday,Jan
01/12/2015,OO,5646,N221SW,SFO,SBA,1040,1043,3,16,1059,83,75,54,262,1153,5,1203,1158,-5,Monday,Jan
01/06/2015,UA,1410,N66831,SAN,IAH,645,651,6,11,702,191,188,171,1303,1153,6,1156,1159,3,Tuesday,Jan
01/13/2015,F9,723,N939FR,DCA,DEN,1332,1403,31,26,1429,242,237,206,1476,1555,5,1534,1600,26,Tuesday,Jan
02/11/2015,UA,1441,N69839,MCO,IAH,630,636,6,10,646,163,142,127,854,753,5,813,758,-15,Wednesday,Feb
01/17/2015,UA,441,N568UA,JFK,LAX,600,600,0,17,617,386,369,346,2475,903,6,926,909,-17,Saturday,Jan
01/24/2015,US,1777,N803AW,RSW,DCA,1920,1911,-9,14,1925,139,131,111,892,2116,6,2139,2122,-17,Saturday,Jan
01/03/2015,WN,1461,N715SW,SJC,SNA,935,1010,35,8,1018,75,68,56,342,1114,4,1050,1118,28,Saturday,Jan
01/01/2015,US,413,N571UW,PHX,SEA,1450,1450,0,22,1512,186,179,154,1107,1646,3,1656,1649,-7,Thursday,Jan
01/21/2015,EV,5597,N676CA,LFT,ATL,1125,1124,-1,47,1211,98,122,64,503,1415,11,1403,1426,23,Wednesday,Jan
01/21/2015,US,782,N181UW,PHL,LAX,1800,1755,-5,67,1902,374,402,329,2402,2131,6,2114,2137,23,Wednesday,Jan
01/08/2015,WN,2251,N641SW,LAS,RNO,700,653,-7,11,704,80,70,53,345,757,6,820,803,-17,Thursday,Jan
01/17/2015,HA,1,N389HA,LAX,HNL,840,830,-10,12,842,345,370,348,2556,1230,10,1225,1240,15,Saturday,Jan
02/08/2015,DL,1222,N964DN,SRQ,ATL,1730,1728,-2,15,1743,103,93,73,444,1856,5,1913,1901,-12,Sunday,Feb
01/09/2015,AA,1307,N3JLAA,LAX,BNA,1145,1250,65,19,1309,231,229,205,1797,1834,5,1736,1839,63,Friday,Jan
01/23/2015,WN,742,N631SW,SEA,SMF,700,655,-5,22,717,105,103,74,605,831,7,845,838,-7,Friday,Jan
01/04/2015,MQ,3210,N515MQ,DFW,CID,1830,1838,8,15,1853,113,105,83,685,2016,7,2023,2023,0,Sunday,Jan
01/09/2015,OO,4577,N461SW,MSP,RAP,1930,1931,1,37,2008,111,121,80,489,2028,4,2021,2032,11,Friday,Jan
01/03/2015,DL,2196,N373NW,MSP,LGA,1520,1549,29,20,1609,160,166,126,1020,1915,20,1900,1935,35,Saturday,Jan
01/17/2015,US,456,N662AW,IAH,PHX,1445,1444,-1,12,1456,175,165,146,1009,1622,7,1640,1629,-11,Saturday,Jan
02/04/2015,DL,1914,N6704Z,LGA,ATL,1659,1852,113,38,1930,176,163,114,762,2124,11,1955,2135,100,Wednesday,Feb
01/24/2015,UA,367,N430UA,CLE,FLL,806,803,-3,12,815,183,182,165,1062,1100,5,1109,1105,-4,Saturday,Jan
01/13/2015,UA,430,N824UA,ALB,ORD,1743,1740,-3,15,1755,153,151,109,723,1844,27,1916,1911,-5,Tuesday,Jan
01/01/2015,AA,2228,N639AA,STT,MIA,1706,1648,-18,12,1700,184,171,151,1107,1831,8,1910,1839,-31,Thursday,Jan
01/06/2015,MQ,2908,N931MQ,ABI,DFW,655,744,49,7,751,54,52,40,158,831,5,749,836,47,Tuesday,Jan
01/13/2015,UA,677,N457UA,RNO,DEN,1319,1309,-10,10,1319,134,128,114,804,1613,4,1633,1617,-16,Tuesday,Jan
02/12/2015,UA,657,N808UA,EWR,CLE,1400,1356,-4,23,1419,104,100,74,404,1533,3,1544,1536,-8,Thursday,Feb
01/29/2015,EV,6182,N13903,IAD,ORF,2152,2148,-4,17,2205,61,58,37,157,2242,4,2253,2246,-7,Thursday,Jan
01/19/2015,B6,1466,N599JB,FLL,BUF,1846,1851,5,19,1910,174,179,156,1165,2146,4,2140,2150,10,Monday,Jan
01/14/2015,EV,5519,N872AS,DTW,LEX,1730,1731,1,14,1745,79,65,46,296,1831,5,1849,1836,-13,Wednesday,Jan
02/11/2015,AA,40,N3EAAA,ORD,DCA,620,612,-8,11,623,105,97,80,612,843,6,905,849,-16,Wednesday,Feb
01/17/2015,EV,4981,N181PQ,OMA,ATL,1707,1702,-5,10,1712,129,116,101,821,1953,5,2016,1958,-18,Saturday,Jan
01/15/2015,DL,1867,N933AT,TUL,ATL,600,557,-3,18,615,120,108,84,674,839,6,900,845,-15,Thursday,Jan
01/04/2015,DL,1847,N337NW,LGA,ATL,1000,1000,0,20,1020,174,150,124,762,1224,6,1254,1230,-24,Sunday,Jan
01/03/2015,WN,4010,N362SW,ATL,TPA,2005,2034,29,17,2051,85,86,63,406,2154,6,2130,2200,30,Saturday,Jan
01/03/2015,EV,4339,N11137,IAH,MKE,1257,1303,6,15,1318,161,132,105,984,1503,12,1538,1515,-23,Saturday,Jan
02/06/2015,EV,5425,N979EV,CRW,ATL,1400,1353,-7,16,1409,86,88,61,363,1510,11,1526,1521,-5,Friday,Feb
01/10/2015,AA,1186,N3DBAA,DFW,BOS,620,616,-4,9,625,201,200,184,1562,1029,7,1041,1036,-5,Saturday,Jan
02/02/2015,WN,739,N8645A,BNA,DEN,1445,1443,-2,9,1452,175,172,158,1014,1630,5,1640,1635,-5,Monday,Feb
01/01/2015,EV,5987,N14148,TYS,ORD,721,714,-7,19,733,109,108,83,475,756,6,810,802,-8,Thursday,Jan
01/08/2015,AA,2464,N4XPAA,BNA,DFW,1315,1308,-7,15,1323,128,126,102,631,1505,9,1523,1514,-9,Thursday,Jan
01/09/2015,OO,4501,N936SW,CVG,GRR,2021,2017,-4,12,2029,69,73,56,268,2125,5,2130,2130,0,Friday,Jan
01/05/2015,OO,5633,N920SW,COS,DEN,701,721,20,10,731,52,42,21,73,752,11,753,803,10,Monday,Jan
01/19/2015,WN,558,N244WN,LAX,LAS,1205,1210,5,24,1234,60,67,37,236,1311,6,1305,1317,12,Monday,Jan
01/27/2015,WN,172,N245WN,BWI,MCI,1945,1943,-2,31,2014,180,174,139,967,2133,4,2145,2137,-8,Tuesday,Jan
02/12/2015,DL,1268,N908DA,ATL,DCA,1220,1359,99,22,1421,105,97,70,547,1531,5,1405,1536,91,Thursday,Feb
01/20/2015,EV,4537,N13965,EWR,MEM,829,827,-2,25,852,187,187,156,946,1028,6,1036,1034,-2,Tuesday,Jan
01/09/2015,B6,1351,N510JB,BOS,MCO,1648,1702,14,24,1726,205,218,183,1121,2029,11,2013,2040,27,Friday,Jan
01/17/2015,EV,3920,N11150,DEN,IND,1006,1013,7,32,1045,150,162,115,977,1440,15,1436,1455,19,Saturday,Jan
02/10/2015,US,1842,N714US,PBI,CLT,1015,1016,1,9,1025,113,114,100,590,1205,5,1208,1210,2,Tuesday,Feb
01/13/2015,OO,4808,N815SK,PHX,SEA,1043,1043,0,27,1110,190,188,157,1107,1247,4,1253,1251,-2,Tuesday,Jan
01/06/2015,UA,1123,N37419,DEN,LAX,1524,1709,105,19,1728,151,136,105,862,1813,12,1655,1825,90,Tuesday,Jan
01/28/2015,WN,891,N944WN,ABQ,DAL,600,556,-4,8,604,100,93,79,580,823,6,840,829,-11,Wednesday,Jan
01/03/2015,US,847,N105UW,TPA,PHL,615,614,-1,9,623,146,143,120,920,823,14,841,837,-4,Saturday,Jan
01/23/2015,US,640,N575UW,PHX,LAX,2105,2102,-3,20,2122,88,92,60,370,2122,12,2133,2134,1,Friday,Jan
01/13/2015,OO,2742,N875AS,PHX,TUS,1455,1449,-6,29,1518,47,58,23,110,1541,6,1542,1547,5,Tuesday,Jan
01/31/2015,UA,1533,N37293,CLE,SJU,845,845,0,18,903,255,230,207,1839,1330,5,1400,1335,-25,Saturday,Jan
02/06/2015,DL,2195,N945DL,MLB,ATL,1746,1743,-3,11,1754,104,87,71,442,1905,5,1930,1910,-20,Friday,Feb
01/30/2015,NK,239,N636NK,BOS,RSW,1047,1107,20,56,1203,218,233,174,1249,1457,3,1425,1500,35,Friday,Jan
01/28/2015,B6,486,N328JB,JFK,ROC,2242,2236,-6,19,2255,77,76,51,264,2346,6,2359,2352,-7,Wednesday,Jan
01/05/2015,DL,1295,N916DL,PIT,ATL,1121,1150,29,27,1217,115,113,81,526,1338,5,1316,1343,27,Monday,Jan
01/27/2015,B6,384,N637JB,MCO,JFK,2120,2112,-8,12,2124,143,144,124,944,2328,8,2343,2336,-7,Tuesday,Jan
02/11/2015,DL,1261,N821DN,ATL,IND,1759,1757,-2,17,1814,93,88,67,432,1921,4,1932,1925,-7,Wednesday,Feb
02/10/2015,MQ,3477,N512MQ,BNA,ORD,602,555,-7,17,612,113,108,80,409,732,11,755,743,-12,Tuesday,Feb
01/02/2015,OO,5654,N237SW,SFO,ACV,855,845,-10,16,901,83,94,71,250,1012,7,1018,1019,1,Friday,Jan
01/10/2015,EV,5143,N922EV,ROA,ATL,1107,1105,-2,13,1118,83,88,66,357,1224,9,1230,1233,3,Saturday,Jan
02/11/2015,OO,6330,N224SW,LAX,FAT,1424,1419,-5,10,1429,74,60,48,209,1517,2,1538,1519,-19,Wednesday,Feb
01/29/2015,UA,497,N836UA,ROC,ORD,1640,1652,12,39,1731,128,132,80,528,1751,13,1748,1804,16,Thursday,Jan
01/14/2015,US,1733,N177US,CLT,MCO,1750,1748,-2,12,1800,97,97,73,468,1913,12,1927,1925,-2,Wednesday,Jan
02/12/2015,OO,3466,N215AG,PDX,TUS,930,927,-3,15,942,170,159,140,1119,1302,4,1320,1306,-14,Thursday,Feb
01/29/2015,AA,2312,N387AA,MIA,MCO,1645,1651,6,13,1704,71,63,39,192,1743,11,1756,1754,-2,Thursday,Jan
02/04/2015,DL,1865,N820DN,ATL,MIA,955,957,2,16,1013,121,108,84,594,1137,8,1156,1145,-11,Wednesday,Feb
01/28/2015,WN,827,N249WN,PHX,BUR,705,703,-2,10,713,90,87,74,369,727,3,735,730,-5,Wednesday,Jan
01/22/2015,WN,1973,N966WN,LAS,LAX,1400,1359,-1,21,1420,70,68,42,236,1502,5,1510,1507,-3,Thursday,Jan
02/07/2015,EV,6179,N16178,DEN,ISN,1230,1225,-5,13,1238,111,96,76,576,1454,7,1521,1501,-20,Saturday,Feb
01/04/2015,WN,1199,N272WN,DAL,LAS,1015,1038,23,8,1046,175,161,148,1067,1114,5,1110,1119,9,Sunday,Jan
01/03/2015,WN,4657,N7752B,LAS,MDW,800,758,-2,9,807,210,202,187,1521,1314,6,1330,1320,-10,Saturday,Jan
02/08/2015,DL,1802,N324NB,SLC,DEN,1355,1352,-3,19,1411,85,79,56,391,1507,4,1520,1511,-9,Sunday,Feb
01/02/2015,EV,4436,N17169,TUL,EWR,550,543,-7,12,555,179,161,139,1215,914,10,949,924,-25,Friday,Jan
02/04/2015,DL,420,N318US,JFK,MSP,1600,1619,19,16,1635,206,186,164,1029,1819,6,1826,1825,-1,Wednesday,Feb
02/06/2015,EV,4581,N12900,EWR,CMH,1521,1525,4,15,1540,108,101,77,463,1657,9,1709,1706,-3,Friday,Feb
01/24/2015,UA,1170,N87507,DEN,LAX,1121,1131,10,14,1145,155,138,115,862,1240,9,1256,1249,-7,Saturday,Jan
01/03/2015,EV,5960,N17185,DEN,LBB,1512,1551,39,33,1624,87,106,68,456,1832,5,1739,1837,58,Saturday,Jan
01/23/2015,US,660,N663AW,EWR,PHX,1340,1429,49,12,1441,324,302,285,2133,1726,5,1704,1731,27,Friday,Jan
01/21/2015,DL,2502,N680DA,ATL,RDU,1930,1929,-1,21,1950,84,76,48,356,2038,7,2054,2045,-9,Wednesday,Jan
01/15/2015,OO,2643,N988CA,ORD,CHO,1425,1628,123,17,1645,98,102,81,567,1906,4,1703,1910,127,Thursday,Jan
01/31/2015,MQ,3398,N633MQ,GRB,ORD,1427,1423,-4,10,1433,68,60,40,173,1513,10,1535,1523,-12,Saturday,Jan
01/08/2015,EV,5252,N691CA,ATL,OMA,848,847,-1,9,856,147,147,136,821,1012,2,1015,1014,-1,Thursday,Jan
01/02/2015,AA,373,N489AA,SAT,DFW,1805,1848,43,11,1859,70,66,41,247,1940,14,1915,1954,39,Friday,Jan
01/23/2015,AA,1161,N3ACAA,MIA,TPA,1010,1005,-5,18,1023,71,63,40,204,1103,5,1121,1108,-13,Friday,Jan
01/26/2015,WN,505,N708SW,BDL,BWI,1320,1405,45,14,1419,75,76,58,283,1517,4,1435,1521,46,Monday,Jan
01/30/2015,OO,6286,N946SW,SFO,RNO,1435,1545,70,17,1602,60,53,33,192,1635,3,1535,1638,63,Friday,Jan
01/19/2015,F9,784,N210FR,LAS,DEN,2012,2115,63,16,2131,106,107,78,628,2349,13,2258,2,64,Monday,Jan
02/09/2015,AA,2423,N513AA,CMH,DFW,1644,1639,-5,11,1650,176,150,130,926,1800,9,1840,1809,-31,Monday,Feb
02/12/2015,OO,6355,N934SW,DEN,FSD,1429,1457,28,21,1518,92,103,76,483,1734,6,1701,1740,39,Thursday,Feb
02/10/2015,DL,2255,N974DL,ATL,BHM,1900,1858,-2,16,1914,58,50,29,134,1843,5,1858,1848,-10,Tuesday,Feb
02/06/2015,OO,5245,N976SW,IDA,DEN,1318,1314,-4,8,1322,92,79,67,458,1429,4,1450,1433,-17,Friday,Feb
01/22/2015,WN,3497,N935WN,ATL,LGA,1645,1701,16,12,1713,125,120,99,762,1852,9,1850,1901,11,Thursday,Jan
01/19/2015,B6,1256,N296JB,IAD,BOS,2059,2054,-5,10,2104,80,79,66,413,2210,3,2219,2213,-6,Monday,Jan
01/09/2015,US,415,N660AW,PHX,SJC,1054,1051,-3,11,1102,119,99,85,621,1127,3,1153,1130,-23,Friday,Jan
01/06/2015,AS,345,N538AS,OAK,SEA,610,607,-3,18,625,119,116,92,671,757,6,809,803,-6,Tuesday,Jan
02/04/2015,OO,5171,N792SK,OMA,ORD,1257,1313,16,17,1330,97,91,67,416,1437,7,1434,1444,10,Wednesday,Feb
01/16/2015,AA,115,N3ENAA,LAX,MIA,105,101,-4,14,115,285,274,250,2342,825,10,850,835,-15,Friday,Jan
02/09/2015,US,699,N763US,LAX,RDU,810,808,-2,34,842,276,285,249,2239,1551,2,1546,1553,7,Monday,Feb
02/08/2015,B6,1451,N591JB,BOS,MCO,2035,2240,125,48,2328,194,203,149,1121,157,6,2349,203,134,Sunday,Feb
02/07/2015,AA,280,N360AA,DFW,MIA,1855,1851,-4,16,1907,157,148,128,1121,2215,4,2232,2219,-13,Saturday,Feb
01/01/2015,US,461,N540UW,ATL,CLT,700,658,-2,15,713,72,63,38,226,751,10,812,801,-11,Thursday,Jan
01/30/2015,UA,1077,N12238,MCO,EWR,657,651,-6,13,704,153,160,127,937,911,20,930,931,1,Friday,Jan
01/07/2015,DL,2109,N3756,DTW,JFK,1400,1414,14,15,1429,115,128,68,509,1537,45,1555,1622,27,Wednesday,Jan
02/03/2015,MQ,3697,N611MQ,DFW,GPT,820,1004,104,11,1015,91,79,64,500,1119,4,951,1123,92,Tuesday,Feb
01/23/2015,UA,1146,N39726,IAH,EWR,810,808,-2,19,827,206,180,154,1400,1201,7,1236,1208,-28,Friday,Jan
02/11/2015,UA,1554,N16732,EWR,BOS,1430,1504,34,34,1538,62,79,38,200,1616,7,1532,1623,51,Wednesday,Feb
01/25/2015,VX,906,N526VA,SFO,LAS,1340,1335,-5,12,1347,90,94,70,414,1457,12,1510,1509,-1,Sunday,Jan
01/03/2015,US,406,N655AW,PHX,DTW,1005,1009,4,32,1041,235,233,192,1671,1553,9,1600,1602,2,Saturday,Jan
01/06/2015,WN,541,N243WN,ATL,LAX,855,909,14,11,920,315,273,248,1947,1028,14,1110,1042,-28,Tuesday,Jan
02/08/2015,EV,5594,N200PQ,MLI,ATL,600,556,-4,11,607,108,111,91,633,838,9,848,847,-1,Sunday,Feb
01/09/2015,OO,5228,N983CA,SLC,SFO,1154,1242,48,11,1253,141,115,97,599,1330,7,1315,1337,22,Friday,Jan
01/01/2015,UA,415,N509UA,JFK,SFO,605,605,0,20,625,404,400,368,2586,933,12,949,945,-4,Thursday,Jan
01/06/2015,WN,949,N648SW,STL,MSY,1730,1922,112,9,1931,110,99,86,604,2057,4,1920,2101,101,Tuesday,Jan
01/06/2015,B6,1236,N328JB,SJU,STT,745,738,-7,11,749,34,31,18,68,807,2,819,809,-10,Tuesday,Jan
01/30/2015,WN,880,N659SW,LAS,SJC,1615,1616,1,24,1640,85,85,58,386,1738,3,1740,1741,1,Friday,Jan
01/25/2015,OO,5657,N986SW,DEN,SGF,1007,1001,-6,28,1029,107,123,91,637,1300,4,1254,1304,10,Sunday,Jan
01/09/2015,EV,4485,N17138,IAH,RDU,720,716,-4,13,729,156,157,135,1042,1044,9,1056,1053,-3,Friday,Jan
01/20/2015,WN,1516,N370SW,FLL,CMH,1910,1951,41,15,2006,165,154,135,973,2221,4,2155,2225,30,Tuesday,Jan
02/10/2015,F9,1290,N929FR,CVG,FLL,725,718,-7,9,727,150,136,121,932,928,6,955,934,-21,Tuesday,Feb
01/05/2015,DL,1186,N919DE,ATL,JAX,1100,1059,-1,21,1120,69,68,43,270,1203,4,1209,1207,-2,Monday,Jan
02/12/2015,AA,2287,N489AA,BNA,DFW,730,720,-10,13,733,139,118,99,631,912,6,949,918,-31,Thursday,Feb
01/05/2015,B6,338,N583JB,MCO,BDL,845,958,73,12,1010,157,134,118,1050,1208,4,1122,1212,50,Monday,Jan
01/11/2015,OO,4769,N455SW,SLC,TUS,831,824,-7,15,839,121,112,92,601,1011,5,1032,1016,-16,Sunday,Jan
01/04/2015,WN,1151,N418WN,ATL,CAK,1030,1102,32,16,1118,105,89,68,528,1226,5,1215,1231,16,Sunday,Jan
02/04/2015,EV,4902,N760EV,OMA,DTW,610,929,199,37,1006,131,129,83,651,1229,9,921,1238,197,Wednesday,Feb
01/12/2015,EV,6144,N15973,GRB,ORD,1045,1051,6,16,1107,63,70,40,173,1147,14,1148,1201,13,Monday,Jan
01/07/2015,WN,705,N628SW,PHX,SLC,1930,1929,-1,8,1937,95,84,71,507,2048,5,2105,2053,-12,Wednesday,Jan
02/06/2015,DL,1364,N944DL,ATL,MCI,1610,1607,-3,15,1622,136,130,111,692,1713,4,1726,1717,-9,Friday,Feb
01/14/2015,EV,5538,N859AS,ATL,CHA,905,920,15,11,931,45,39,24,106,955,4,950,959,9,Wednesday,Jan
01/02/2015,EV,5036,N931EV,ATL,CSG,1941,1941,0,20,2001,43,55,30,83,2031,5,2024,2036,12,Friday,Jan
02/02/2015,WN,9,N741SA,HOU,FLL,1045,1057,12,8,1105,140,127,113,957,1358,6,1405,1404,-1,Monday,Feb
01/18/2015,WN,1061,N634SW,BWI,TPA,1725,1722,-3,7,1729,155,134,123,842,1932,4,2000,1936,-24,Sunday,Jan
01/19/2015,EV,5507,N857AS,GRR,DTW,1734,1720,-14,14,1734,64,47,27,120,1801,6,1838,1807,-31,Monday,Jan
01/14/2015,HA,516,N493HA,HNL,OGG,2150,2145,-5,7,2152,36,33,21,100,2213,5,2226,2218,-8,Wednesday,Jan
01/27/2015,DL,2132,N323US,SAT,ATL,1211,1205,-6,11,1216,133,140,109,874,1505,20,1524,1525,1,Tuesday,Jan
01/28/2015,US,2033,N946UW,PHL,BOS,1015,1012,-3,19,1031,89,77,52,280,1123,6,1144,1129,-15,Wednesday,Jan
01/15/2015,DL,158,N334NW,DTW,BOS,1355,1349,-6,12,1401,118,106,84,632,1525,10,1553,1535,-18,Thursday,Jan
02/07/2015,DL,2448,N669DN,ATL,PBI,1500,1459,-1,16,1515,112,98,79,545,1634,3,1652,1637,-15,Saturday,Feb
01/30/2015,UA,1408,N38443,CLE,IAH,1742,1731,-11,10,1741,197,176,156,1091,1917,10,1959,1927,-32,Friday,Jan
01/23/2015,NK,604,N604NK,FLL,LGA,712,712,0,18,730,168,194,135,1076,945,41,1000,1026,26,Friday,Jan
01/21/2015,WN,3324,N8648A,MDW,LAX,1905,1908,3,12,1920,285,241,223,1750,2103,6,2150,2109,-41,Wednesday,Jan
01/22/2015,WN,443,N8601C,MDW,RDU,1320,1322,2,9,1331,110,93,79,632,1550,5,1610,1555,-15,Thursday,Jan
01/05/2015,US,773,N717UW,RIC,CLT,655,649,-6,13,702,77,74,57,257,759,4,812,803,-9,Monday,Jan
01/09/2015,EV,3948,N16961,ORD,DAY,2105,2131,26,14,2145,71,73,39,240,2324,20,2316,2344,28,Friday,Jan
01/29/2015,WN,4284,N355SW,MCO,CMH,1420,1415,-5,12,1427,130,137,121,802,1628,4,1630,1632,2,Thursday,Jan
02/05/2015,EV,5731,N834AS,IAD,CAE,1701,1657,-4,18,1715,89,94,71,401,1826,5,1830,1831,1,Thursday,Feb
01/07/2015,EV,4292,N14180,SBN,EWR,627,733,66,58,831,123,151,83,637,954,10,830,1004,94,Wednesday,Jan
02/07/2015,WN,3612,N423WN,PBI,ISP,2000,1954,-6,17,2011,155,167,145,1052,2236,5,2235,2241,6,Saturday,Feb
01/17/2015,DL,784,N943DN,ATL,MSP,830,828,-2,10,838,164,137,124,907,942,3,1014,945,-29,Saturday,Jan
02/11/2015,US,469,N585UW,DEN,CLT,120,113,-7,14,127,179,163,144,1337,551,5,619,556,-23,Wednesday,Feb
01/31/2015,OO,6380,N127SY,SFO,BOI,1100,1053,-7,23,1116,96,106,79,522,1335,4,1336,1339,3,Saturday,Jan
01/19/2015,WN,1977,N7742B,MCO,MKE,845,844,-1,10,854,175,169,155,1066,1029,4,1040,1033,-7,Monday,Jan
01/01/2015,WN,44,N202WN,CRP,HOU,1530,1627,57,7,1634,50,41,30,187,1704,4,1620,1708,48,Thursday,Jan
01/30/2015,F9,115,N207FR,MSP,DEN,1913,1902,-11,17,1919,126,134,108,680,2007,9,2019,2016,-3,Friday,Jan
01/01/2015,OO,6606,N897SK,FAT,PHX,1615,1615,0,11,1626,103,88,74,493,1840,3,1858,1843,-15,Thursday,Jan
01/14/2015,DL,404,N392DA,JFK,LAS,1015,1012,-3,21,1033,354,323,294,2248,1227,8,1309,1235,-34,Wednesday,Jan
01/12/2015,WN,3414,N748SW,ONT,OAK,1400,1358,-2,7,1405,75,72,59,362,1504,6,1515,1510,-5,Monday,Jan
01/29/2015,WN,2426,N289CT,OAK,LAS,605,601,-4,13,614,90,85,68,407,722,4,735,726,-9,Thursday,Jan
01/06/2015,OO,4647,N455SW,SLC,GTF,1100,1100,0,14,1114,98,100,82,463,1236,4,1238,1240,2,Tuesday,Jan
02/05/2015,WN,4202,N8317M,LAX,DAL,1215,1214,-1,25,1239,175,196,166,1246,1725,5,1710,1730,20,Thursday,Feb
01/24/2015,WN,2552,N428WN,PHX,DTW,1010,1009,-1,13,1022,225,230,209,1671,1551,8,1555,1559,4,Saturday,Jan
02/08/2015,UA,1479,N19117,EWR,STT,650,647,-3,14,701,250,220,199,1634,1120,7,1200,1127,-33,Sunday,Feb
01/22/2015,WN,4132,N222WN,MCO,BUF,1105,1106,1,23,1129,155,158,131,1011,1340,4,1340,1344,4,Thursday,Jan
01/19/2015,UA,1491,N77525,DEN,BOI,1117,1125,8,16,1141,124,120,102,649,1323,2,1321,1325,4,Monday,Jan
02/03/2015,UA,343,N818UA,AUS,EWR,1527,1519,-8,13,1532,213,214,191,1504,1943,10,2000,1953,-7,Tuesday,Feb
01/02/2015,DL,1296,N937DN,ATL,PIT,1910,1912,2,21,1933,104,96,69,526,2042,6,2054,2048,-6,Friday,Jan
01/22/2015,OO,7369,N439SW,APN,DTW,1015,1012,-3,13,1025,70,67,43,198,1108,11,1125,1119,-6,Thursday,Jan
02/12/2015,OO,5393,N498CA,MKE,ORD,500,511,11,12,523,49,42,24,67,547,6,549,553,4,Thursday,Feb
01/28/2015,WN,7,N427WN,DAL,HOU,830,828,-2,11,839,65,61,43,239,922,7,935,929,-6,Wednesday,Jan
01/24/2015,B6,137,N715JB,BDL,MCO,1824,2026,122,19,2045,181,182,155,1050,2320,8,2125,2328,123,Saturday,Jan
01/31/2015,EV,2567,N901EV,SHV,DFW,749,814,25,8,822,66,57,39,190,901,10,855,911,16,Saturday,Jan
01/28/2015,WN,905,N7752B,LAX,HOU,1950,1946,-4,7,1953,180,169,158,1390,31,4,50,35,-15,Wednesday,Jan
01/18/2015,OO,2711,N468CA,PHX,FLG,1435,1513,38,20,1533,46,50,26,119,1559,4,1521,1603,42,Sunday,Jan
01/01/2015,B6,1433,N316JB,MCO,SJU,2235,2226,-9,19,2245,164,161,137,1189,202,5,219,207,-12,Thursday,Jan
01/06/2015,WN,940,N386SW,PDX,DEN,1120,1133,13,7,1140,145,137,124,991,1444,6,1445,1450,5,Tuesday,Jan
01/18/2015,DL,1535,N922DX,ATL,IND,1914,1913,-1,29,1942,96,107,72,432,2054,6,2050,2100,10,Sunday,Jan
02/03/2015,MQ,3118,N518MQ,ORD,MDT,1350,1348,-2,18,1406,98,95,72,594,1618,5,1628,1623,-5,Tuesday,Feb
02/12/2015,WN,791,N293WN,GRR,TPA,905,900,-5,25,925,175,165,135,1041,1140,5,1200,1145,-15,Thursday,Feb
01/25/2015,AA,270,N5DGAA,HNL,LAX,828,817,-11,14,831,327,339,301,2556,1532,24,1555,1556,1,Sunday,Jan
01/02/2015,EV,4900,N759EV,DFW,ATL,815,815,0,14,829,126,116,92,731,1101,10,1121,1111,-10,Friday,Jan
01/15/2015,WN,429,N453WN,LAS,BUR,745,738,-7,11,749,60,58,44,223,833,3,845,836,-9,Thursday,Jan
01/19/2015,MQ,3283,N658MQ,ORD,DAY,755,750,-5,11,801,63,54,40,240,941,3,958,944,-14,Monday,Jan
01/27/2015,WN,479,N263WN,BNA,RDU,2055,2049,-6,9,2058,80,81,69,442,2307,3,2315,2310,-5,Tuesday,Jan
01/03/2015,DL,2448,N965DN,ATL,PBI,1505,1512,7,20,1532,113,105,81,545,1653,4,1658,1657,-1,Saturday,Jan
01/24/2015,UA,1714,N69833,IAH,SMF,910,924,14,13,937,260,230,213,1609,1110,4,1130,1114,-16,Saturday,Jan
02/06/2015,DL,2567,N355NB,MEM,MSP,1635,1631,-4,17,1648,132,145,123,700,1851,5,1847,1856,9,Friday,Feb
01/28/2015,AS,629,N459AS,LAS,PDX,650,639,-11,12,651,140,129,113,763,844,4,910,848,-22,Wednesday,Jan
01/07/2015,WN,4280,N385SW,MCO,MKE,1200,1158,-2,11,1209,175,180,166,1066,1355,3,1355,1358,3,Wednesday,Jan
01/27/2015,DL,1276,N970DL,ATL,CMH,1000,1000,0,15,1015,97,90,71,447,1126,4,1137,1130,-7,Tuesday,Jan
01/02/2015,OO,4672,N675BR,BUR,SLC,710,1147,277,23,1210,115,119,82,574,1432,14,1005,1446,281,Friday,Jan
01/07/2015,B6,130,N607JB,RSW,JFK,600,558,-2,13,611,161,163,139,1074,830,11,841,841,0,Wednesday,Jan
01/03/2015,EV,5767,N834AS,IAD,RDU,1236,1247,11,12,1259,69,66,49,224,1348,5,1345,1353,8,Saturday,Jan
02/02/2015,F9,769,N924FR,DEN,LAS,805,758,-7,12,810,112,110,92,628,842,6,857,848,-9,Monday,Feb
01/08/2015,OO,4448,N824SK,SLC,LAX,724,720,-4,29,749,131,128,82,590,811,17,835,828,-7,Thursday,Jan
02/06/2015,WN,2055,N908WN,PHX,SAN,1115,1121,6,16,1137,80,71,51,304,1128,4,1135,1132,-3,Friday,Feb
01/14/2015,EV,5987,N14902,TYS,ORD,748,736,-12,11,747,102,96,78,475,805,7,830,812,-18,Wednesday,Jan
01/23/2015,WN,1535,N8315C,MSP,PHX,1615,1613,-2,9,1622,210,173,157,1276,1759,7,1845,1806,-39,Friday,Jan
01/14/2015,DL,1099,N588NW,MSP,MCO,700,659,-1,28,727,200,190,153,1310,1100,9,1120,1109,-11,Wednesday,Jan
02/08/2015,US,624,N161UW,SEA,CLT,2220,2259,39,14,2313,283,266,246,2279,619,6,603,625,22,Sunday,Feb
01/02/2015,WN,2493,N275WN,DEN,MDW,1515,1558,43,10,1608,135,134,107,895,1855,17,1830,1912,42,Friday,Jan
01/22/2015,AS,43,N765AS,ANC,BET,1110,1102,-8,10,1112,89,74,61,399,1213,3,1239,1216,-23,Thursday,Jan
01/10/2015,UA,707,N853UA,IAD,DEN,930,925,-5,11,936,240,256,213,1452,1109,32,1130,1141,11,Saturday,Jan
01/19/2015,WN,4338,N346SW,OAK,PHX,600,556,-4,10,606,110,100,85,646,831,5,850,836,-14,Monday,Jan
01/28/2015,WN,3580,N779SW,BUR,SJC,2010,2001,-9,11,2012,65,61,47,296,2059,3,2115,2102,-13,Wednesday,Jan
02/02/2015,OO,5645,N961SW,SBA,SFO,1919,1906,-13,7,1913,70,59,45,262,1958,7,2029,2005,-24,Monday,Feb
01/27/2015,WN,2791,N932WN,OAK,ONT,1410,1407,-3,7,1414,70,67,56,362,1510,4,1520,1514,-6,Tuesday,Jan
02/08/2015,DL,1922,N369NW,LAS,DTW,600,557,-3,16,613,238,220,192,1749,1225,12,1258,1237,-21,Sunday,Feb
01/02/2015,US,1774,N108UW,CLT,DTW,2215,2215,0,19,2234,98,101,76,500,2350,6,2353,2356,3,Friday,Jan
01/13/2015,OO,5640,N237SW,SBA,SFO,1228,1307,39,16,1323,86,90,70,262,1433,4,1354,1437,43,Tuesday,Jan
01/08/2015,OO,6439,N712SK,CID,DEN,1326,1340,14,8,1348,131,124,109,692,1437,7,1437,1444,7,Thursday,Jan
01/30/2015,WN,3396,N954WN,IND,FLL,615,610,-5,30,640,175,167,130,1005,850,7,910,857,-13,Friday,Jan
02/03/2015,AA,1402,N3BEAA,ORD,RDU,2110,2135,25,16,2151,105,99,80,646,11,3,2355,14,19,Tuesday,Feb
01/11/2015,NK,680,N625NK,IAH,MSY,1803,1757,-6,17,1814,60,67,45,305,1859,5,1903,1904,1,Sunday,Jan
02/02/2015,UA,1591,N77430,EWR,IAH,718,731,13,43,814,257,264,216,1400,1050,5,1035,1055,20,Monday,Feb
01/25/2015,DL,2576,N37700,JFK,SJU,910,904,-6,24,928,241,223,194,1598,1342,5,1411,1347,-24,Sunday,Jan
01/23/2015,B6,1374,N570JB,CHS,JFK,1710,1707,-3,31,1738,110,134,89,636,1907,14,1900,1921,21,Friday,Jan
02/06/2015,MQ,2932,N931MQ,ORD,LSE,1950,2024,34,16,2040,63,62,43,215,2123,3,2053,2126,33,Friday,Feb
01/28/2015,EV,4615,N13566,BNA,EWR,1810,1800,-10,11,1811,133,140,108,748,2059,21,2123,2120,-3,Wednesday,Jan
01/12/2015,NK,675,N622NK,MCO,FLL,837,833,-4,13,846,71,58,39,177,925,6,948,931,-17,Monday,Jan
01/06/2015,OO,5396,N701BR,ORD,FWA,1310,1353,43,41,1434,64,73,28,157,1602,4,1514,1606,52,Tuesday,Jan
01/11/2015,AA,1031,N4XRAA,PIT,DFW,1806,1805,-1,17,1822,199,186,161,1067,2003,8,2025,2011,-14,Sunday,Jan
02/12/2015,US,2047,N119US,FLL,CLT,625,617,-8,12,629,118,108,86,631,755,10,823,805,-18,Thursday,Feb
01/01/2015,EV,5807,N12157,CMH,EWR,1939,1932,-7,9,1941,98,103,76,463,2057,18,2117,2115,-2,Thursday,Jan
02/11/2015,US,471,N535UW,PHX,MSP,1309,1309,0,20,1329,186,200,171,1276,1720,9,1715,1729,14,Wednesday,Feb
01/28/2015,WN,103,N7728D,MKE,RSW,840,850,10,9,859,185,151,139,1183,1218,3,1245,1221,-24,Wednesday,Jan
02/12/2015,DL,1961,N902DA,RIC,ATL,550,548,-2,21,609,114,107,82,481,731,4,744,735,-9,Thursday,Feb
01/10/2015,OO,3458,N947SW,SEA,SLC,1850,2202,192,18,2220,125,121,90,689,50,13,2155,103,188,Saturday,Jan
01/03/2015,DL,1136,N963DL,ATL,RSW,1345,1348,3,21,1409,106,108,82,515,1531,5,1531,1536,5,Saturday,Jan
01/12/2015,DL,1714,N126DL,MSP,MCO,850,850,0,30,920,203,210,171,1310,1311,9,1313,1320,7,Monday,Jan
01/25/2015,MQ,2967,N690MQ,DFW,SAV,825,832,7,13,845,133,124,108,925,1133,3,1138,1136,-2,Sunday,Jan
02/11/2015,WN,248,N734SA,DCA,MDW,1415,1408,-7,18,1426,125,124,100,601,1506,6,1520,1512,-8,Wednesday,Feb
01/10/2015,MQ,3267,N645MQ,GRK,DFW,1436,1442,6,7,1449,49,51,31,134,1520,13,1525,1533,8,Saturday,Jan
01/14/2015,WN,900,N431WN,DCA,STL,630,621,-9,24,645,145,132,105,719,730,3,755,733,-22,Wednesday,Jan
01/29/2015,AA,315,N520AA,DFW,LAS,1235,1233,-2,18,1251,185,184,159,1055,1330,7,1340,1337,-3,Thursday,Jan
02/08/2015,WN,4327,N746SW,CMH,MCO,1600,1604,4,8,1612,135,125,101,802,1753,16,1815,1809,-6,Sunday,Feb
01/03/2015,WN,1437,N508SW,DAL,HOU,2000,2109,69,11,2120,65,60,46,239,2206,3,2105,2209,64,Saturday,Jan
01/05/2015,OO,5192,N774SK,LAX,JAC,834,832,-2,19,851,148,158,135,784,1206,4,1202,1210,8,Monday,Jan
01/15/2015,UA,243,N475UA,SFO,LAS,1250,1349,59,18,1407,99,92,66,414,1513,8,1429,1521,52,Thursday,Jan
01/22/2015,WN,700,N385SW,BWI,PWM,2205,2205,0,15,2220,80,82,64,452,2324,3,2325,2327,2,Thursday,Jan
01/28/2015,DL,2049,N807DN,ATL,SFO,810,813,3,30,843,328,319,285,2139,1028,4,1038,1032,-6,Wednesday,Jan
01/18/2015,DL,1995,N998AT,JAN,ATL,1151,1147,-4,18,1205,85,84,56,341,1401,10,1416,1411,-5,Sunday,Jan
02/05/2015,WN,889,N7749B,SAN,LAS,1000,1037,37,12,1049,70,68,52,258,1141,4,1110,1145,35,Thursday,Feb
01/23/2015,B6,1884,N705JB,MCO,JFK,1635,1639,4,14,1653,156,155,125,944,1858,16,1911,1914,3,Friday,Jan
01/29/2015,AA,35,N3ECAA,DCA,DFW,1600,1636,36,18,1654,215,206,181,1192,1855,7,1835,1902,27,Thursday,Jan
01/30/2015,DL,1239,N907DA,DCA,ATL,900,858,-2,34,932,133,123,81,547,1053,8,1113,1101,-12,Friday,Jan
02/06/2015,WN,763,N8328A,DAL,AUS,700,658,-2,7,705,60,47,34,189,739,6,800,745,-15,Friday,Feb
01/19/2015,UA,73,N76065,SFO,HNL,1610,113,543,13,126,338,295,275,2398,401,7,1948,408,500,Monday,Jan
01/07/2015,UA,1437,N12109,EWR,SFO,603,652,49,18,710,399,379,341,2565,951,20,942,1011,29,Wednesday,Jan
01/26/2015,WN,3668,N8640D,MDW,BWI,610,610,0,18,628,110,132,111,611,919,3,900,922,22,Monday,Jan
01/01/2015,MQ,3415,N941MQ,ORD,OMA,955,951,-4,14,1005,93,91,74,416,1119,3,1128,1122,-6,Thursday,Jan
01/26/2015,OO,4562,N8903A,CVG,MSN,1606,1730,84,10,1740,84,81,65,373,1745,6,1630,1751,81,Monday,Jan
01/16/2015,B6,644,N659JB,PBI,EWR,746,735,-11,11,746,164,161,145,1023,1011,5,1030,1016,-14,Friday,Jan
02/04/2015,OO,6521,N957SW,DEN,SAN,800,850,50,45,935,153,163,114,853,1029,4,933,1033,60,Wednesday,Feb
01/22/2015,MQ,3682,N521MQ,ATL,LGA,1011,1007,-4,20,1027,135,120,96,762,1203,4,1226,1207,-19,Thursday,Jan
01/09/2015,WN,1172,N364SW,RSW,BWI,1555,1550,-5,20,1610,140,135,112,919,1802,3,1815,1805,-10,Friday,Jan
01/12/2015,OO,4669,N810SK,BIL,SLC,1306,1301,-5,9,1310,84,73,56,387,1406,8,1430,1414,-16,Monday,Jan
02/07/2015,WN,4522,N460WN,OKC,MDW,1245,1239,-6,9,1248,115,111,96,691,1424,6,1440,1430,-10,Saturday,Feb
01/12/2015,DL,1473,N822DN,DTW,TPA,1737,1732,-5,17,1749,176,164,144,983,2013,3,2033,2016,-17,Monday,Jan
01/01/2015,DL,1452,N589NW,MSP,ATL,1425,1424,-1,11,1435,149,129,113,907,1728,5,1754,1733,-21,Thursday,Jan
02/05/2015,DL,1105,N1402A,SLC,HNL,1205,1201,-4,15,1216,414,438,413,2994,1609,10,1559,1619,20,Thursday,Feb
01/30/2015,DL,2325,N910AT,DTW,EWR,1935,1941,6,19,2000,110,104,78,488,2118,7,2125,2125,0,Friday,Jan
02/04/2015,OO,6381,N767SK,OMA,IAH,540,554,14,37,631,145,157,115,781,826,5,805,831,26,Wednesday,Feb
01/15/2015,OO,6421,N932EV,SFO,BUR,1229,1331,62,20,1351,72,76,52,326,1443,4,1341,1447,66,Thursday,Jan
01/29/2015,EV,5437,N933EV,ATL,GSP,830,826,-4,18,844,54,51,30,153,914,3,924,917,-7,Thursday,Jan
01/06/2015,WN,713,N645SW,LAX,SJC,925,924,-1,8,932,65,57,46,308,1018,3,1030,1021,-9,Tuesday,Jan
02/10/2015,OO,2617,N417SW,LAX,FAT,1746,1734,-12,20,1754,61,61,36,209,1830,5,1847,1835,-12,Tuesday,Feb
01/21/2015,AA,2473,N3CWAA,ORD,MIA,725,722,-3,14,736,188,168,147,1197,1103,7,1133,1110,-23,Wednesday,Jan
01/15/2015,MQ,3198,N649MQ,DFW,AEX,1950,1948,-2,16,2004,65,62,44,285,2048,2,2055,2050,-5,Thursday,Jan
01/14/2015,WN,32,N7813P,PNS,HOU,1145,1142,-3,6,1148,105,101,91,488,1319,4,1330,1323,-7,Wednesday,Jan
01/10/2015,B6,1902,N585JB,FLL,JFK,1440,1455,15,12,1507,171,162,141,1069,1728,9,1731,1737,6,Saturday,Jan
01/17/2015,AA,1620,N3AUAA,ORD,RDU,1015,1007,-8,13,1020,107,145,86,646,1246,46,1302,1332,30,Saturday,Jan
02/09/2015,B6,447,N559JB,OAK,LGB,600,551,-9,11,602,80,81,64,353,706,6,720,712,-8,Monday,Feb
01/18/2015,UA,1137,N76265,SAN,SFO,810,820,10,19,839,102,114,90,447,1009,5,952,1014,22,Sunday,Jan
02/09/2015,OO,3457,N699BR,BUR,PDX,920,923,3,12,935,137,132,117,817,1132,3,1137,1135,-2,Monday,Feb
01/15/2015,MQ,3311,N609MQ,DFW,DRO,1535,1528,-7,16,1544,127,116,98,674,1622,2,1642,1624,-18,Thursday,Jan
01/30/2015,DL,1689,N994AT,HSV,ATL,1547,1544,-3,13,1557,63,48,29,151,1726,6,1750,1732,-18,Friday,Jan
01/17/2015,DL,1368,N137DL,PHX,MSP,1454,1449,-5,19,1508,191,179,157,1276,1845,3,1905,1848,-17,Saturday,Jan
01/05/2015,WN,465,N241WN,LAS,RDU,935,936,1,8,944,255,254,241,2026,1645,5,1650,1650,0,Monday,Jan
02/03/2015,WN,3943,N610WN,DTW,STL,840,837,-3,8,845,115,87,75,440,900,4,935,904,-31,Tuesday,Feb
01/09/2015,MQ,3184,N815MQ,GRK,DFW,1045,1035,-10,7,1042,48,49,30,134,1112,12,1133,1124,-9,Friday,Jan
01/20/2015,DL,2124,N830DN,MSY,ATL,715,710,-5,12,722,89,85,59,425,921,14,944,935,-9,Tuesday,Jan
02/01/2015,US,1878,N713UW,DCA,MCO,1935,1930,-5,13,1943,146,132,116,759,2139,3,2201,2142,-19,Sunday,Feb
01/30/2015,OO,5258,N567SW,SFO,BFL,1108,1151,43,20,1211,77,81,59,238,1310,2,1225,1312,47,Friday,Jan
01/01/2015,UA,219,N779UA,ORD,HNL,1015,1011,-4,23,1034,554,555,519,4243,1513,13,1529,1526,-3,Thursday,Jan
02/05/2015,DL,281,N3737C,DTW,SEA,1206,1205,-1,14,1219,310,306,285,1927,1404,7,1416,1411,-5,Thursday,Feb
01/25/2015,US,574,N602AW,PDX,PHX,1125,1121,-4,16,1137,149,163,139,1009,1456,8,1454,1504,10,Sunday,Jan
02/02/2015,WN,4210,N8611F,PHX,SLC,1345,1347,2,27,1414,95,114,81,507,1535,6,1520,1541,21,Monday,Feb
02/10/2015,WN,4363,N7720F,RDU,BWI,2025,2022,-3,11,2033,60,62,47,255,2120,4,2125,2124,-1,Tuesday,Feb
02/08/2015,WN,608,N556WN,MCO,MSY,1050,1049,-1,8,1057,115,95,83,551,1120,4,1145,1124,-21,Sunday,Feb
01/31/2015,AA,1462,N5EMAA,DFW,MIA,1205,1208,3,10,1218,159,154,134,1121,1532,10,1544,1542,-2,Saturday,Jan
02/02/2015,EV,4326,N14171,GRR,IAH,1824,1828,4,11,1839,188,178,157,1042,2016,10,2032,2026,-6,Monday,Feb
02/08/2015,UA,636,N832UA,MCI,ORD,1842,1834,-8,12,1846,96,87,59,403,1945,16,2018,2001,-17,Sunday,Feb
01/25/2015,WN,238,N249WN,LGA,BNA,1755,1752,-3,26,1818,165,146,114,764,1912,6,1940,1918,-22,Sunday,Jan
02/03/2015,EV,4706,N16999,IAH,CLT,1658,1647,-11,12,1659,138,138,117,912,1956,9,2016,2005,-11,Tuesday,Feb
02/05/2015,OO,5314,N956SW,SBA,LAX,1116,1155,39,7,1202,56,60,30,89,1232,23,1212,1255,43,Thursday,Feb
01/30/2015,WN,3674,N380SW,BNA,LGA,1220,1230,10,11,1241,125,121,101,764,1522,9,1525,1531,6,Friday,Jan
01/22/2015,EV,3268,N12195,IAH,SHV,728,721,-7,17,738,60,55,33,192,811,5,828,816,-12,Thursday,Jan
01/26/2015,OO,4719,N457SW,LSE,MSP,1515,1515,0,15,1530,56,50,31,119,1601,4,1611,1605,-6,Monday,Jan
01/25/2015,EV,5244,N882AS,DTW,MDT,1525,1600,35,21,1621,87,86,60,371,1721,5,1652,1726,34,Sunday,Jan
01/23/2015,AA,142,N520AA,MKE,DFW,1745,1735,-10,15,1750,165,144,118,853,1948,11,2030,1959,-31,Friday,Jan
01/22/2015,UA,1168,N57852,LAX,IAH,1253,1250,-3,9,1259,187,195,167,1379,1746,19,1800,1805,5,Thursday,Jan
02/10/2015,EV,4457,N13566,ORD,LEX,1310,1305,-5,18,1323,79,82,60,323,1523,4,1529,1527,-2,Tuesday,Feb
01/13/2015,US,742,N939UW,ORD,PHL,1355,1348,-7,37,1425,123,138,94,678,1659,7,1658,1706,8,Tuesday,Jan
01/23/2015,NK,174,N601NK,FLL,LGA,1610,1615,5,10,1625,170,158,140,1076,1845,8,1900,1853,-7,Friday,Jan
02/06/2015,WN,1980,N294WN,MSP,MCI,720,714,-6,12,726,95,74,57,393,823,5,855,828,-27,Friday,Feb
02/10/2015,WN,2187,N8319F,SAN,PHX,1715,1707,-8,11,1718,75,78,54,304,1912,13,1930,1925,-5,Tuesday,Feb
01/23/2015,AA,2312,N346AA,MCO,MIA,1900,1856,-4,13,1909,71,55,38,192,1947,4,2011,1951,-20,Friday,Jan
02/07/2015,OO,4669,N606SK,SLC,BIL,1100,1058,-2,17,1115,91,73,52,387,1207,4,1231,1211,-20,Saturday,Feb
01/16/2015,F9,157,N922FR,DSM,DEN,1146,1136,-10,8,1144,114,101,85,589,1209,8,1240,1217,-23,Friday,Jan
01/01/2015,WN,2262,N400WN,TPA,BNA,1715,1724,9,11,1735,110,104,88,612,1803,5,1805,1808,3,Thursday,Jan
01/29/2015,DL,1092,N310DE,EYW,ATL,1746,1730,-16,14,1744,123,126,99,646,1923,13,1949,1936,-13,Thursday,Jan
01/24/2015,UA,410,N818UA,MIA,ORD,1350,1431,41,9,1440,199,188,167,1197,1627,12,1609,1639,30,Saturday,Jan
01/22/2015,AA,2464,N599AA,DFW,BNA,1055,1050,-5,10,1100,100,91,76,631,1216,5,1235,1221,-14,Thursday,Jan
01/05/2015,EV,5098,N838AS,ATL,AGS,1544,1950,246,21,2011,51,51,27,143,2038,3,1635,2041,246,Monday,Jan
02/02/2015,WN,1082,N260WN,IND,BWI,600,557,-3,37,634,105,106,65,516,739,4,745,743,-2,Monday,Feb
02/12/2015,DL,2386,N121DE,LAS,ATL,1129,1127,-2,13,1140,229,227,209,1747,1809,5,1818,1814,-4,Thursday,Feb
01/10/2015,OO,4666,N613QX,SLC,LGB,1500,1456,-4,13,1509,114,116,99,588,1548,4,1554,1552,-2,Saturday,Jan
01/02/2015,EV,5741,N836AS,IAD,BDL,2205,2201,-4,16,2217,76,70,50,326,2307,4,2321,2311,-10,Friday,Jan
02/10/2015,OO,4745,N659BR,MSN,CVG,1700,1650,-10,13,1703,81,80,62,373,1905,5,1921,1910,-11,Tuesday,Feb
01/29/2015,DL,1089,N659DL,MSP,ANC,1735,1743,8,18,1801,379,357,335,2519,2036,4,2054,2040,-14,Thursday,Jan
02/09/2015,DL,2522,N320NB,MSP,FAR,2149,2143,-6,10,2153,76,58,43,223,2236,5,2305,2241,-24,Monday,Feb
01/03/2015,AA,1673,N5CAAA,MIA,DFW,1955,2024,29,20,2044,194,206,162,1121,2226,24,2209,2250,41,Saturday,Jan
01/31/2015,DL,1812,N906DL,ATL,ORD,2159,2156,-3,18,2214,121,117,93,606,2247,6,2300,2253,-7,Saturday,Jan
01/20/2015,DL,922,N680DA,SJU,ATL,815,811,-4,18,829,239,235,207,1547,1056,10,1114,1106,-8,Tuesday,Jan
02/12/2015,OO,4769,N445SW,SLC,TUS,831,825,-6,16,841,121,106,86,601,1007,4,1032,1011,-21,Thursday,Feb
02/11/2015,WN,3497,N449WN,LGA,CAK,1930,1933,3,37,2010,100,113,69,397,2119,7,2110,2126,16,Wednesday,Feb
01/09/2015,HA,34,N396HA,OGG,LAX,1630,1654,24,8,1702,315,289,271,2486,2333,10,2345,2343,-2,Friday,Jan
01/16/2015,US,453,N828AW,CLT,AUS,1256,1255,-1,14,1309,190,181,160,1032,1449,7,1506,1456,-10,Friday,Jan
01/31/2015,MQ,3386,N643MQ,CLL,DFW,1438,1432,-6,4,1436,57,53,39,164,1515,10,1535,1525,-10,Saturday,Jan
01/09/2015,WN,1005,N618WN,MSY,BWI,2010,2005,-5,14,2019,140,135,118,998,2317,3,2330,2320,-10,Friday,Jan
01/03/2015,DL,1920,N924AT,SAV,ATL,900,857,-3,12,909,73,83,57,214,1006,14,1013,1020,7,Saturday,Jan
02/08/2015,UA,1254,N57857,SFO,ORD,2240,2308,28,16,2324,241,215,190,1846,434,9,441,443,2,Sunday,Feb
01/01/2015,UA,377,N448UA,DEN,IAD,1741,1801,20,35,1836,191,188,147,1452,2303,6,2252,2309,17,Thursday,Jan
01/31/2015,HA,340,N492HA,OGG,KOA,1252,1251,-1,6,1257,32,33,22,84,1319,5,1324,1324,0,Saturday,Jan
02/03/2015,EV,4390,N13914,CLE,IAD,1013,1049,36,10,1059,77,64,47,288,1146,7,1130,1153,23,Tuesday,Feb
01/24/2015,OO,5316,N951SW,MRY,LAX,600,550,-10,7,557,71,58,44,266,641,7,711,648,-23,Saturday,Jan
01/24/2015,OO,6212,N291SW,SFO,ACV,1930,1954,24,17,2011,82,79,58,250,2109,4,2052,2113,21,Saturday,Jan
01/08/2015,HA,291,N485HA,ITO,HNL,1438,1435,-3,8,1443,52,64,40,216,1523,16,1530,1539,9,Thursday,Jan
01/14/2015,DL,1527,N522US,FLL,ATL,1905,1900,-5,17,1917,120,120,84,581,2041,19,2105,2100,-5,Wednesday,Jan
01/16/2015,DL,2178,N918DE,ATL,TLH,2000,1958,-2,17,2015,66,61,38,223,2053,6,2106,2059,-7,Friday,Jan
02/11/2015,DL,1143,N355NB,SLC,PDX,1500,1457,-3,11,1508,119,110,95,630,1543,4,1559,1547,-12,Wednesday,Feb
01/02/2015,WN,43,N427WN,DAL,HOU,1700,1742,42,9,1751,65,62,49,239,1840,4,1805,1844,39,Friday,Jan
01/30/2015,US,597,N677AW,JFK,PHX,959,959,0,42,1041,337,355,310,2153,1351,3,1336,1354,18,Friday,Jan
01/06/2015,EV,4361,N12567,EWR,TYS,1910,1929,19,14,1943,138,128,110,631,2133,4,2128,2137,9,Tuesday,Jan
01/04/2015,B6,1373,N665JB,JFK,CHS,1359,1405,6,30,1435,133,139,105,636,1620,4,1612,1624,12,Sunday,Jan
01/05/2015,AA,2462,N018AA,MIA,STL,2105,2106,1,16,2122,171,171,151,1068,2253,4,2256,2257,1,Monday,Jan
01/29/2015,AA,1455,N012AA,ATL,DFW,856,847,-9,12,859,154,146,118,731,957,16,1030,1013,-17,Thursday,Jan
01/23/2015,DL,831,N315US,LGA,DTW,720,716,-4,21,737,126,111,85,502,902,5,926,907,-19,Friday,Jan
02/07/2015,US,615,N656AW,FLL,PHX,1700,1719,19,12,1731,314,287,266,1972,1957,9,2014,2006,-8,Saturday,Feb
01/06/2015,AA,245,N3MDAA,DCA,LAX,1710,1722,12,15,1737,357,328,309,2311,1946,4,2007,1950,-17,Tuesday,Jan
02/10/2015,OO,5268,N495CA,COS,DEN,1300,1256,-4,15,1311,48,41,18,73,1329,8,1348,1337,-11,Tuesday,Feb
02/01/2015,WN,690,N711HK,STL,MSY,1730,1729,-1,9,1738,110,107,94,604,1912,4,1920,1916,-4,Sunday,Feb
01/17/2015,UA,423,N844UA,IAH,DEN,1435,1432,-3,10,1442,155,146,129,862,1551,7,1610,1558,-12,Saturday,Jan
01/13/2015,US,560,N665AW,PHX,SEA,835,828,-7,20,848,189,185,158,1107,1026,7,1044,1033,-11,Tuesday,Jan
01/20/2015,EV,5670,N11526,IAH,SHV,1333,1323,-10,13,1336,60,54,34,192,1410,7,1433,1417,-16,Tuesday,Jan
02/04/2015,AS,448,N597AS,SEA,LAX,1655,1654,-1,13,1707,146,150,126,954,1913,11,1921,1924,3,Wednesday,Feb
02/02/2015,AA,92,N3AVAA,SAN,ORD,858,930,32,14,944,242,245,202,1723,1506,29,1500,1535,35,Monday,Feb
01/13/2015,WN,4278,N902WN,DEN,MSP,1005,1021,16,15,1036,115,102,85,680,1301,2,1300,1303,3,Tuesday,Jan
01/03/2015,MQ,3336,N847MQ,DAY,LGA,715,706,-9,12,718,120,103,76,549,834,15,915,849,-26,Saturday,Jan
01/06/2015,WN,2700,N932WN,SAN,SFO,2000,1956,-4,9,2005,95,73,59,447,2104,5,2135,2109,-26,Tuesday,Jan
01/30/2015,DL,1969,N962DN,IND,ATL,600,557,-3,30,627,104,96,60,432,727,6,744,733,-11,Friday,Jan
01/12/2015,WN,4200,N7744A,SAN,DAL,1535,1538,3,8,1546,170,158,144,1182,2010,6,2025,2016,-9,Monday,Jan
01/12/2015,AS,643,N413AS,PHX,SEA,1205,1216,11,13,1229,189,180,161,1107,1410,6,1414,1416,2,Monday,Jan
02/11/2015,OO,5181,N703SK,LAX,ASE,937,934,-3,14,948,124,129,112,737,1240,3,1241,1243,2,Wednesday,Feb
01/19/2015,US,622,N602AW,SEA,PHX,1130,1127,-3,16,1143,165,148,129,1107,1452,3,1515,1455,-20,Monday,Jan
02/04/2015,AA,1484,N573AA,DFW,AUS,925,935,10,11,946,58,51,34,190,1020,6,1023,1026,3,Wednesday,Feb
01/09/2015,US,1816,N725UW,DCA,TPA,1010,1002,-8,17,1019,152,157,137,814,1236,3,1242,1239,-3,Friday,Jan
01/26/2015,EV,5912,N11189,DEN,DIK,1952,1956,4,12,2008,101,88,72,488,2120,4,2133,2124,-9,Monday,Jan
01/31/2015,OO,6525,N964SW,ORD,MSN,1156,1150,-6,11,1201,55,42,28,108,1229,3,1251,1232,-19,Saturday,Jan
02/04/2015,WN,39,N283WN,SAT,DAL,1430,1429,-1,5,1434,60,55,48,248,1522,2,1530,1524,-6,Wednesday,Feb
01/11/2015,AS,150,N403AS,ANC,LAX,2340,2341,1,19,2400,320,292,267,2345,527,6,600,533,-27,Sunday,Jan
02/03/2015,EV,4748,N18556,DCA,EWR,2135,2138,3,13,2151,68,66,42,199,2233,11,2243,2244,1,Tuesday,Feb
01/05/2015,WN,303,N657SW,BWI,JAX,2035,2045,10,12,2057,125,119,102,663,2239,5,2240,2244,4,Monday,Jan
01/23/2015,DL,2342,N678DL,JAX,ATL,1415,1511,56,24,1535,80,103,65,270,1640,14,1535,1654,79,Friday,Jan
01/05/2015,WN,2560,N433LV,BWI,BOS,1720,1719,-1,9,1728,85,72,55,369,1823,8,1845,1831,-14,Monday,Jan
02/04/2015,DL,1448,N915DL,DTW,LGA,2155,2143,-12,15,2158,107,87,65,502,2303,7,2342,2310,-32,Wednesday,Feb
02/04/2015,VX,260,N845VA,LAS,JFK,2210,2201,-9,13,2214,289,284,265,2248,539,6,559,545,-14,Wednesday,Feb
01/15/2015,DL,811,N906DA,TPA,ATL,1545,1544,-1,10,1554,95,94,72,406,1706,12,1720,1718,-2,Thursday,Jan
01/13/2015,AA,197,N3HHAA,SFO,ORD,1731,1728,-3,13,1741,243,264,242,1846,2343,9,2334,2352,18,Tuesday,Jan
01/26/2015,DL,16,N180DN,LAX,JFK,910,909,-1,19,928,330,332,294,2475,1722,19,1740,1741,1,Monday,Jan
01/27/2015,DL,2218,N549US,LAX,HNL,1105,1058,-7,19,1117,355,361,338,2556,1455,4,1500,1459,-1,Tuesday,Jan
01/24/2015,MQ,3320,N610MQ,DFW,LAW,800,755,-5,14,809,48,45,29,140,838,2,848,840,-8,Saturday,Jan
01/13/2015,OO,7402,N429SW,DTW,ESC,1200,1153,-7,23,1216,85,77,49,306,1305,5,1325,1310,-15,Tuesday,Jan
02/11/2015,UA,1749,N38459,SFO,EWR,2336,2336,0,11,2347,323,318,296,2565,743,11,759,754,-5,Wednesday,Feb
01/11/2015,OO,6378,N923SW,ORD,MSN,830,823,-7,17,840,57,47,26,108,906,4,927,910,-17,Sunday,Jan
01/09/2015,WN,4369,N352SW,MKE,TPA,1430,1439,9,9,1448,175,160,146,1075,1814,5,1825,1819,-6,Friday,Jan
02/02/2015,WN,44,N284WN,ATL,HOU,1505,1503,-2,17,1520,145,142,121,696,1621,4,1630,1625,-5,Monday,Feb
01/26/2015,OO,5267,N727SK,OKC,IAH,1208,1248,40,15,1303,87,78,59,395,1402,4,1335,1406,31,Monday,Jan
01/17/2015,WN,2615,N400WN,PHL,BNA,900,859,-1,13,912,140,119,102,675,954,4,1020,958,-22,Saturday,Jan
01/16/2015,UA,520,N851UA,MSP,ORD,610,605,-5,15,620,90,71,47,334,707,9,740,716,-24,Friday,Jan
02/10/2015,UA,299,N412UA,IAD,TPA,1230,1229,-1,13,1242,148,120,104,811,1426,3,1458,1429,-29,Tuesday,Feb
01/11/2015,WN,1606,N618WN,OAK,PDX,1050,1054,4,17,1111,100,106,86,543,1237,3,1230,1240,10,Sunday,Jan
02/12/2015,WN,1272,N720WN,DAL,LAX,1025,1026,1,9,1035,205,180,157,1246,1112,14,1150,1126,-24,Thursday,Feb
01/28/2015,WN,3214,N739GB,SNA,SFO,940,940,0,5,945,90,66,57,372,1042,4,1110,1046,-24,Wednesday,Jan
01/11/2015,NK,720,N522NK,DEN,DFW,2055,2203,68,13,2216,108,103,82,641,38,8,2343,46,63,Sunday,Jan
01/04/2015,NK,884,N616NK,SJU,MCO,1515,1537,22,23,1600,191,190,158,1189,1738,9,1726,1747,21,Sunday,Jan
01/28/2015,DL,1193,N997DL,GSO,ATL,810,807,-3,17,824,95,72,47,306,911,8,945,919,-26,Wednesday,Jan
01/29/2015,AA,2492,N850AA,LAX,DFW,1815,1812,-3,14,1826,173,171,149,1235,2255,8,2308,2303,-5,Thursday,Jan
02/04/2015,AA,1326,N3KDAA,TUL,ORD,801,754,-7,9,803,109,106,85,585,928,12,950,940,-10,Wednesday,Feb
02/10/2015,DL,1857,N368NW,SEA,SLC,1023,1020,-3,18,1038,112,106,84,689,1302,4,1315,1306,-9,Tuesday,Feb
02/12/2015,WN,231,N253WN,BNA,CHS,910,908,-2,26,934,80,87,57,439,1131,4,1130,1135,5,Thursday,Feb
01/29/2015,OO,5641,N702BR,BUR,DEN,1316,1313,-3,12,1325,143,134,115,850,1620,7,1639,1627,-12,Thursday,Jan
02/07/2015,OO,2685,N886AS,PHX,PSP,1943,1945,2,24,2009,68,71,43,261,1952,4,1951,1956,5,Saturday,Feb
01/11/2015,AS,611,N440AS,LAS,SEA,1910,2022,72,20,2042,155,163,138,867,2300,5,2145,2305,80,Sunday,Jan
02/02/2015,DL,1732,N977AT,ATL,CLE,1403,1402,-1,16,1418,108,114,94,554,1552,4,1551,1556,5,Monday,Feb
01/05/2015,OO,5625,N295SW,MFR,SFO,1042,1033,-9,6,1039,105,80,71,329,1150,3,1227,1153,-34,Monday,Jan
01/07/2015,DL,1406,N136DL,LAX,DTW,2305,2308,3,20,2328,266,263,232,1979,620,11,631,631,0,Wednesday,Jan
01/30/2015,DL,1240,N958DN,ATL,TUS,1105,1107,2,18,1125,258,236,214,1541,1259,4,1323,1303,-20,Friday,Jan
01/10/2015,AA,1312,N003AA,STL,MIA,615,642,27,15,657,168,188,140,1068,1017,33,1003,1050,47,Saturday,Jan
02/11/2015,WN,2187,N8603F,LGA,MDW,1135,1130,-5,41,1211,160,160,114,725,1305,5,1315,1310,-5,Wednesday,Feb
01/02/2015,DL,160,N335NW,DEN,MSP,1125,1226,61,25,1251,115,117,88,680,1519,4,1420,1523,63,Friday,Jan
01/24/2015,DL,2028,N587NW,MCO,DTW,1605,1559,-6,14,1613,159,155,133,957,1826,8,1844,1834,-10,Saturday,Jan
01/14/2015,EV,5924,N15973,ORD,TYS,1435,1430,-5,13,1443,94,82,66,475,1649,3,1709,1652,-17,Wednesday,Jan
02/09/2015,WN,473,N737JW,DTW,BWI,600,600,0,52,652,105,117,60,409,752,5,745,757,12,Monday,Feb
01/16/2015,WN,2866,N732SW,BWI,ALB,1410,1404,-6,9,1413,70,70,57,289,1510,4,1520,1514,-6,Friday,Jan
02/12/2015,US,2130,N749US,DCA,BOS,730,722,-8,27,749,84,92,57,399,846,8,854,854,0,Thursday,Feb
01/09/2015,MQ,3291,N515MQ,DFW,MAF,2130,2146,16,20,2206,69,73,49,309,2255,4,2239,2259,20,Friday,Jan
02/08/2015,WN,724,N799SW,MSY,STL,1805,1759,-6,7,1806,105,99,89,604,1935,3,1950,1938,-12,Sunday,Feb
01/06/2015,WN,4403,N401WN,MSY,ATL,1640,1637,-3,7,1644,85,81,65,425,1849,9,1905,1858,-7,Tuesday,Jan
01/17/2015,MQ,3056,N905MQ,DFW,SPI,1715,1710,-5,19,1729,105,102,79,630,1848,4,1900,1852,-8,Saturday,Jan
01/01/2015,VX,929,N839VA,LAX,SFO,1330,1324,-6,8,1332,75,69,55,337,1427,6,1445,1433,-12,Thursday,Jan
01/02/2015,AS,555,N612AS,PSP,SEA,1540,1520,-20,14,1534,165,180,153,987,1807,13,1825,1820,-5,Friday,Jan
02/04/2015,F9,1260,N204FR,ORD,TPA,1425,1420,-5,20,1440,155,169,143,1012,1803,6,1800,1809,9,Wednesday,Feb
02/01/2015,UA,1559,N57870,SFO,DEN,544,539,-5,13,552,148,158,126,967,858,19,912,917,5,Sunday,Feb
01/23/2015,WN,3057,N8626B,LAS,BNA,805,817,12,13,830,210,212,192,1587,1342,7,1335,1349,14,Friday,Jan
01/04/2015,B6,908,N636JB,SJU,BOS,1410,1454,44,12,1506,252,248,228,1674,1754,8,1722,1802,40,Sunday,Jan
01/08/2015,DL,1988,N675DL,SFO,DTW,2315,2320,5,15,2335,268,254,225,2079,620,14,643,634,-9,Thursday,Jan
02/12/2015,OO,6270,N910SW,SFO,RNO,1045,1043,-2,20,1103,58,63,38,192,1141,5,1143,1146,3,Thursday,Feb
01/20/2015,UA,442,N425UA,IAH,LGA,1305,1302,-3,16,1318,204,192,172,1416,1710,4,1729,1714,-15,Tuesday,Jan
01/02/2015,DL,661,N6700,ATL,STT,825,821,-4,15,836,215,207,187,1599,1243,5,1300,1248,-12,Friday,Jan
01/16/2015,MQ,3315,N527MQ,ORD,MEM,2200,2204,4,30,2234,101,120,86,491,2400,4,2341,4,23,Friday,Jan
01/16/2015,OO,6346,N237SW,MRY,SFO,630,627,-3,10,637,48,36,23,77,700,3,718,703,-15,Friday,Jan
02/06/2015,US,2036,N709UW,JAX,CLT,1355,1346,-9,14,1400,82,81,62,328,1502,5,1517,1507,-10,Friday,Feb
01/04/2015,HA,295,N493HA,OGG,HNL,1627,1637,10,6,1643,37,39,28,100,1711,5,1704,1716,12,Sunday,Jan
01/24/2015,UA,745,N811UA,IAH,LGA,1545,1538,-7,15,1553,198,181,162,1416,1935,4,2003,1939,-24,Saturday,Jan
02/08/2015,WN,702,N8315C,LGA,DAL,1720,1719,-1,39,1758,260,234,189,1381,2007,6,2040,2013,-27,Sunday,Feb
01/14/2015,B6,704,N644JB,SJU,JFK,1959,2037,38,9,2046,241,235,222,1598,2328,4,2300,2332,32,Wednesday,Jan
01/05/2015,WN,1200,N968WN,ATL,LGA,630,629,-1,12,641,125,108,90,762,811,6,835,817,-18,Monday,Jan
01/14/2015,US,1831,N191UW,CLT,MIA,1145,1140,-5,27,1207,131,123,92,650,1339,4,1356,1343,-13,Wednesday,Jan
02/07/2015,UA,1105,N68452,DEN,EWR,755,802,7,15,817,223,219,193,1605,1330,11,1338,1341,3,Saturday,Feb
01/09/2015,B6,599,N316JB,BDL,DCA,1720,1716,-4,20,1736,92,97,75,313,1851,2,1852,1853,1,Friday,Jan
01/02/2015,WN,135,N717SA,TPA,STL,940,936,-4,12,948,145,136,119,869,1047,5,1105,1052,-13,Friday,Jan
01/07/2015,DL,997,N6701,JAX,ATL,900,859,-1,13,912,82,66,44,270,956,9,1022,1005,-17,Wednesday,Jan
01/28/2015,EV,4114,N14904,IAH,AMA,900,852,-8,16,908,108,107,84,517,1032,7,1048,1039,-9,Wednesday,Jan
02/02/2015,AA,1577,N3HKAA,TUL,DFW,804,804,0,10,814,76,60,46,237,900,4,920,904,-16,Monday,Feb
01/24/2015,WN,4348,N7813P,DEN,MDW,1955,1954,-1,8,2002,135,121,108,895,2250,5,2310,2255,-15,Saturday,Jan
02/06/2015,F9,238,N953FR,DEN,BNA,1415,1408,-7,8,1416,138,134,120,1014,1716,6,1733,1722,-11,Friday,Feb
01/25/2015,DL,333,N916DE,ATL,CVG,1609,1609,0,12,1621,85,75,57,373,1718,6,1734,1724,-10,Sunday,Jan
02/10/2015,WN,3923,N952WN,BWI,LAS,1355,1357,2,11,1408,330,341,306,2106,1614,24,1625,1638,13,Tuesday,Feb
01/04/2015,OO,4719,N427SW,ATL,SBN,1945,2009,24,21,2030,113,112,82,566,2152,9,2138,2201,23,Sunday,Jan
02/05/2015,AA,97,N3KLAA,DCA,DFW,844,843,-1,31,914,231,221,176,1192,1110,14,1135,1124,-11,Thursday,Feb
01/27/2015,AA,2305,N585AA,ORD,DFW,730,730,0,12,742,155,122,105,802,927,5,1005,932,-33,Tuesday,Jan
02/05/2015,US,1728,N282AY,MCO,PHL,1200,1200,0,14,1214,140,125,108,861,1402,3,1420,1405,-15,Thursday,Feb
01/16/2015,DL,1593,N317NB,MSP,MKE,1509,1504,-5,13,1517,76,61,42,297,1559,6,1625,1605,-20,Friday,Jan
01/12/2015,MQ,3657,N833MQ,DFW,ROW,1015,1007,-8,16,1023,94,101,81,435,1044,4,1049,1048,-1,Monday,Jan
01/09/2015,OO,5393,N479CA,MKE,ORD,510,530,20,30,600,49,57,21,67,621,6,559,627,28,Friday,Jan
01/05/2015,VX,910,N845VA,SFO,LAS,1220,1216,-4,10,1226,90,99,65,414,1331,24,1350,1355,5,Monday,Jan
02/07/2015,OO,6399,N932EV,DSM,DEN,928,913,-15,10,923,127,121,89,589,952,22,1035,1014,-21,Saturday,Feb
01/17/2015,US,432,N908AW,PHX,OGG,1140,1137,-3,14,1151,403,397,380,2845,1511,3,1523,1514,-9,Saturday,Jan
02/12/2015,UA,865,N826UA,ORD,LGA,1400,1427,27,13,1440,127,108,91,733,1711,4,1707,1715,8,Thursday,Feb
01/09/2015,UA,1573,N33284,AUS,IAH,700,701,1,18,719,59,77,41,140,800,18,759,818,19,Friday,Jan
01/17/2015,OO,7403,N446SW,MSP,HIB,1536,1531,-5,14,1545,59,56,37,174,1622,5,1635,1627,-8,Saturday,Jan
01/07/2015,WN,871,N8617E,PHX,MCO,1010,1012,2,24,1036,250,256,226,1849,1622,6,1620,1628,8,Wednesday,Jan
02/03/2015,AS,73,N794AS,SIT,JNU,600,548,-12,10,558,45,37,22,95,620,5,645,625,-20,Tuesday,Feb
02/04/2015,B6,1600,N307JB,BOS,DCA,610,605,-5,34,639,107,111,71,399,750,6,757,756,-1,Wednesday,Feb
01/14/2015,WN,32,N7813P,MCI,BNA,750,740,-10,11,751,95,85,68,491,859,6,925,905,-20,Wednesday,Jan
02/10/2015,VX,717,N528VA,LGA,DAL,1540,1532,-8,25,1557,255,232,201,1381,1818,6,1855,1824,-31,Tuesday,Feb
01/26/2015,DL,1564,N939DL,ATL,RDU,1250,1247,-3,15,1302,80,74,55,356,1357,4,1410,1401,-9,Monday,Jan
01/30/2015,AS,65,N791AS,WRG,PSG,1100,1153,53,9,1202,26,28,17,31,1219,2,1126,1221,55,Friday,Jan
02/11/2015,EV,5589,N870AS,ATL,MOB,816,810,-6,59,909,77,122,58,302,907,5,833,912,39,Wednesday,Feb
01/15/2015,HA,187,N476HA,KOA,HNL,1607,1603,-4,13,1616,44,50,30,163,1646,7,1651,1653,2,Thursday,Jan
01/06/2015,EV,6045,N12201,ORD,TUL,804,825,21,26,851,123,121,92,585,1023,3,1007,1026,19,Tuesday,Jan
01/08/2015,UA,465,N480UA,EWR,CLE,759,756,-3,20,816,104,94,70,404,926,4,943,930,-13,Thursday,Jan
01/09/2015,US,1969,N545UW,CLT,RSW,730,728,-2,9,737,113,107,94,600,911,4,923,915,-8,Friday,Jan
02/09/2015,OO,4530,N441SW,FSD,MSP,1730,1815,45,27,1842,64,66,36,196,1918,3,1834,1921,47,Monday,Feb
01/14/2015,OO,2701,N896SK,PHX,ELP,955,1004,9,37,1041,82,89,49,347,1130,3,1117,1133,16,Wednesday,Jan
01/05/2015,WN,2522,N423WN,BWI,FLL,2025,2049,24,12,2101,155,157,142,925,2323,3,2300,2326,26,Monday,Jan
02/09/2015,B6,651,N649JB,TPA,SJU,823,813,-10,14,827,169,160,143,1237,1150,3,1212,1153,-19,Monday,Feb
01/06/2015,US,1709,N584UW,CLT,FLL,950,949,-1,20,1009,130,116,93,631,1142,3,1200,1145,-15,Tuesday,Jan
01/11/2015,DL,1818,N704X,ATL,MCO,655,655,0,11,706,86,79,61,404,807,7,821,814,-7,Sunday,Jan
01/08/2015,WN,204,N280WN,BNA,SAT,2050,2057,7,8,2105,155,135,122,822,2307,5,2325,2312,-13,Thursday,Jan
02/04/2015,EV,5968,N14174,DEN,ELP,817,814,-3,48,902,111,136,85,563,1027,3,1008,1030,22,Wednesday,Feb
01/06/2015,UA,343,N839UA,AUS,EWR,1527,1548,21,38,1626,213,227,181,1504,2027,8,2000,2035,35,Tuesday,Jan
01/12/2015,EV,4339,N14143,RIC,IAH,800,750,-10,13,803,217,216,189,1157,1012,14,1037,1026,-11,Monday,Jan
01/25/2015,AA,2444,N565AA,CMH,DFW,856,848,-8,14,902,179,170,146,926,1028,10,1055,1038,-17,Sunday,Jan
01/11/2015,EV,3923,N13969,IAH,PNS,1932,1940,8,11,1951,89,83,65,489,2056,7,2101,2103,2,Sunday,Jan
01/17/2015,DL,1372,N980DL,HSV,ATL,800,755,-5,22,817,65,62,29,151,946,11,1005,957,-8,Saturday,Jan
01/07/2015,DL,1216,N348NB,EWR,ATL,1645,1735,50,27,1802,157,159,123,746,2005,9,1922,2014,52,Wednesday,Jan
01/02/2015,OO,6295,N578SW,LAX,FAT,1805,1757,-8,17,1814,75,69,49,209,1903,3,1920,1906,-14,Friday,Jan
01/21/2015,AA,2332,N003AA,DFW,ORD,740,734,-6,11,745,135,120,104,802,929,5,955,934,-21,Wednesday,Jan
02/03/2015,DL,1680,N675DL,ATL,SFO,1050,1048,-2,17,1105,330,315,295,2139,1300,3,1320,1303,-17,Tuesday,Feb
01/28/2015,US,1836,N587UW,ATL,PHX,745,735,-10,13,748,275,269,228,1587,936,28,1020,1004,-16,Wednesday,Jan
02/04/2015,MQ,3007,N614MQ,GRR,DFW,1224,1244,20,19,1303,181,183,150,931,1433,14,1425,1447,22,Wednesday,Feb
01/02/2015,WN,1889,N8306H,MCO,CMH,1610,1640,30,7,1647,135,120,106,802,1833,7,1825,1840,15,Friday,Jan
01/30/2015,EV,5389,N761ND,ROC,LGA,1742,1949,127,29,2018,84,98,52,254,2110,17,1906,2127,141,Friday,Jan
02/04/2015,B6,264,N705JB,SEA,JFK,2138,2135,-3,12,2147,301,279,260,2422,507,7,539,514,-25,Wednesday,Feb
02/06/2015,AS,678,N609AS,SEA,DEN,1935,1927,-8,14,1941,144,139,119,1024,2240,6,2259,2246,-13,Friday,Feb
01/18/2015,EV,4476,N41104,CLE,BOS,1505,1522,17,9,1531,108,99,84,563,1655,6,1653,1701,8,Sunday,Jan
01/29/2015,WN,203,N293WN,ATL,JAX,1505,1503,-2,21,1524,75,71,46,270,1610,4,1620,1614,-6,Thursday,Jan
01/02/2015,WN,1530,N7812G,MDW,MSY,1830,1846,16,8,1854,140,134,123,825,2057,3,2050,2100,10,Friday,Jan
02/07/2015,UA,270,N835UA,IAH,SLC,917,913,-4,22,935,202,199,175,1195,1130,2,1139,1132,-7,Saturday,Feb
02/09/2015,HA,383,N485HA,ITO,HNL,1119,1115,-4,12,1127,53,61,38,216,1205,11,1212,1216,4,Monday,Feb
01/04/2015,DL,2339,N933AT,DCA,ATL,2000,1959,-1,24,2023,123,129,98,547,2201,7,2203,2208,5,Sunday,Jan
02/11/2015,DL,104,N827DN,ATL,BOS,725,724,-1,15,739,150,136,113,946,932,8,955,940,-15,Wednesday,Feb
01/03/2015,DL,1999,N690DL,PHX,MSP,1704,1658,-6,16,1714,184,185,164,1276,2058,5,2108,2103,-5,Saturday,Jan
01/27/2015,DL,2565,N3734B,LAS,SLC,1041,1036,-5,14,1050,80,73,56,368,1246,3,1301,1249,-12,Tuesday,Jan
01/13/2015,DL,1490,N828DN,DTW,LAS,1535,1527,-8,22,1549,282,258,230,1749,1639,6,1717,1645,-32,Tuesday,Jan
02/04/2015,WN,4299,N220WN,FLL,PHL,1125,1116,-9,14,1130,170,151,132,992,1342,5,1415,1347,-28,Wednesday,Feb
01/07/2015,AS,626,N526AS,PDX,LAS,800,753,-7,20,813,122,140,108,763,1001,12,1002,1013,11,Wednesday,Jan
01/15/2015,NK,520,N524NK,LAS,MCI,100,49,-11,13,102,162,156,139,1139,521,4,542,525,-17,Thursday,Jan
01/12/2015,NK,404,N504NK,FLL,ATL,735,735,0,11,746,114,121,92,581,918,18,929,936,7,Monday,Jan
02/11/2015,AA,35,N3CCAA,DCA,DFW,1600,1600,0,16,1616,215,210,186,1192,1822,8,1835,1830,-5,Wednesday,Feb
01/23/2015,AA,2207,N3HRAA,MIA,LAS,1405,1358,-7,14,1412,341,320,298,2174,1610,8,1646,1618,-28,Friday,Jan
02/08/2015,OO,3498,N218AG,SEA,COS,1925,1922,-3,17,1939,155,159,134,1068,2253,8,2300,2301,1,Sunday,Feb
01/17/2015,OO,5367,N291SW,SFO,RDD,1235,1231,-4,15,1246,68,62,42,199,1328,5,1343,1333,-10,Saturday,Jan
01/12/2015,EV,5584,N980EV,AVL,ATL,1418,1529,71,25,1554,70,83,50,164,1644,8,1528,1652,84,Monday,Jan
01/11/2015,VX,769,N838VA,LGA,DAL,1830,1837,7,24,1901,250,239,208,1381,2129,7,2140,2136,-4,Sunday,Jan
01/09/2015,B6,1125,N238JB,RDU,FLL,1118,1117,-1,16,1133,128,125,104,680,1317,5,1326,1322,-4,Friday,Jan
01/16/2015,WN,143,N8631A,PHX,SNA,1200,1159,-1,15,1214,85,78,59,338,1213,4,1225,1217,-8,Friday,Jan
01/24/2015,DL,1798,N915DL,ATL,EWR,1000,959,-1,27,1026,132,122,90,746,1156,5,1212,1201,-11,Saturday,Jan
02/10/2015,US,1871,N644AW,CLT,TPA,1950,1947,-3,16,2003,101,91,72,507,2115,3,2131,2118,-13,Tuesday,Feb
02/08/2015,EV,5442,N981EV,AEX,ATL,1323,1314,-9,11,1325,97,91,74,500,1539,6,1600,1545,-15,Sunday,Feb
01/10/2015,WN,3247,N700GS,PHL,MDW,1425,1442,17,8,1450,135,132,119,668,1549,5,1540,1554,14,Saturday,Jan
01/17/2015,EV,5672,N12540,IAH,DFW,745,745,0,12,757,78,72,47,224,844,13,903,857,-6,Saturday,Jan
01/30/2015,DL,1195,N983DL,ATL,IAD,1516,1539,23,23,1602,108,115,84,534,1726,8,1704,1734,30,Friday,Jan
01/30/2015,AS,114,N433AS,ANC,SEA,215,209,-6,14,223,200,198,175,1448,618,9,635,627,-8,Friday,Jan
01/15/2015,WN,608,N409WN,ATL,PIT,2045,2100,15,26,2126,110,104,75,526,2241,3,2235,2244,9,Thursday,Jan
01/16/2015,UA,670,N417UA,CLE,ORD,1635,1624,-11,13,1637,94,102,72,315,1649,17,1709,1706,-3,Friday,Jan
02/11/2015,US,2062,N195UW,CLT,LGA,755,750,-5,33,823,110,117,78,544,941,6,945,947,2,Wednesday,Feb
01/21/2015,AA,2351,N5FNAA,JFK,MIA,1700,1701,1,25,1726,198,214,172,1089,2018,17,2018,2035,17,Wednesday,Jan
02/05/2015,AA,1456,N3JDAA,DFW,MCO,930,930,0,48,1018,142,176,123,985,1321,5,1252,1326,34,Thursday,Feb
01/31/2015,EV,5230,N919EV,CID,ATL,559,550,-9,26,616,126,135,89,694,845,20,905,905,0,Saturday,Jan
01/07/2015,AA,2310,N486AA,DFW,DEN,705,804,59,15,819,125,119,99,641,858,5,810,903,53,Wednesday,Jan
01/04/2015,NK,718,N635NK,DFW,LGA,750,757,7,10,807,190,175,154,1389,1141,11,1200,1152,-8,Sunday,Jan
01/29/2015,WN,4817,N685SW,BNA,PHL,1000,958,-2,8,1006,115,114,98,675,1244,8,1255,1252,-3,Thursday,Jan
01/23/2015,MQ,3136,N616MQ,MLU,DFW,1055,1254,119,20,1314,78,92,59,293,1413,13,1213,1426,133,Friday,Jan
01/04/2015,DL,2634,N398DA,JFK,SJU,1915,2020,65,50,2110,238,244,189,1598,119,5,13,124,71,Sunday,Jan
01/17/2015,WN,4336,N396SW,DAL,OKC,935,932,-3,10,942,50,47,34,181,1016,3,1025,1019,-6,Saturday,Jan
01/17/2015,WN,2723,N489WN,SAN,DEN,1250,1250,0,14,1304,135,130,111,853,1555,5,1605,1600,-5,Saturday,Jan
01/28/2015,US,2190,N963UW,DCA,LGA,1800,1818,18,81,1939,82,135,48,214,2027,6,1922,2033,71,Wednesday,Jan
01/18/2015,OO,2599,N866AS,LAX,ABQ,1949,1938,-11,15,1953,100,105,86,677,2219,4,2229,2223,-6,Sunday,Jan
01/28/2015,AS,62,N514AS,KTN,SEA,1332,1316,-16,8,1324,103,102,89,680,1553,5,1615,1558,-17,Wednesday,Jan
01/29/2015,OO,6213,N938SW,ORD,MLI,2023,2051,28,32,2123,55,63,28,139,2151,3,2118,2154,36,Thursday,Jan
02/09/2015,UA,1156,N73259,BOI,DEN,707,708,1,10,718,114,106,89,649,847,7,901,854,-7,Monday,Feb
01/03/2015,OO,4975,N973SW,SFO,TUS,1046,1134,48,58,1232,125,160,97,751,1509,5,1351,1514,83,Saturday,Jan
01/21/2015,DL,1404,N548US,LAX,SLC,550,546,-4,22,608,118,119,88,590,836,9,848,845,-3,Wednesday,Jan
01/18/2015,OO,4592,N8965E,GTF,SLC,1735,1721,-14,12,1733,87,89,68,463,1841,9,1902,1850,-12,Sunday,Jan
01/30/2015,WN,3833,N476WN,BWI,SAT,1855,1855,0,9,1904,245,217,204,1407,2128,4,2200,2132,-28,Friday,Jan
01/24/2015,MQ,2931,N826MQ,ORD,BMI,1140,1206,26,15,1221,50,43,24,116,1245,4,1230,1249,19,Saturday,Jan
02/01/2015,B6,890,N358JB,DCA,BOS,1755,1751,-4,13,1804,87,84,61,399,1905,10,1922,1915,-7,Sunday,Feb
01/20/2015,DL,2516,N957AT,ATL,VPS,1920,1919,-1,14,1933,71,63,44,250,1917,5,1931,1922,-9,Tuesday,Jan
01/24/2015,WN,2485,N8323C,FLL,ATL,1245,1328,43,10,1338,125,116,81,581,1459,25,1450,1524,34,Saturday,Jan
01/07/2015,NK,630,N629NK,ORD,LGA,1759,1923,84,12,1935,127,122,105,733,2220,5,2106,2225,79,Wednesday,Jan
01/07/2015,WN,582,N7707C,OMA,MDW,800,757,-3,9,806,95,83,62,423,908,12,935,920,-15,Wednesday,Jan
01/27/2015,VX,753,N625VA,SEA,SFO,1050,1051,1,11,1102,125,121,104,679,1246,6,1255,1252,-3,Tuesday,Jan
01/13/2015,UA,1094,N38257,DEN,IAD,830,845,15,12,857,193,186,168,1452,1345,6,1343,1351,8,Tuesday,Jan
01/29/2015,WN,4540,N521SW,DAL,LBB,1215,1214,-1,9,1223,65,65,51,293,1314,5,1320,1319,-1,Thursday,Jan
01/02/2015,UA,308,N483UA,EWR,TPA,1132,1132,0,20,1152,181,176,153,997,1425,3,1433,1428,-5,Friday,Jan
01/24/2015,WN,1522,N8322X,SAN,DAL,635,629,-6,22,651,175,179,152,1182,1123,5,1130,1128,-2,Saturday,Jan
02/04/2015,WN,1274,N419WN,RNO,LAX,650,645,-5,6,651,90,79,62,391,753,11,820,804,-16,Wednesday,Feb
01/30/2015,MQ,3043,N905MQ,ORD,FNT,1120,1118,-2,11,1129,61,51,37,223,1306,3,1321,1309,-12,Friday,Jan
02/09/2015,MQ,3043,N676MQ,FNT,ORD,1353,1430,37,10,1440,77,74,50,223,1430,14,1410,1444,34,Monday,Feb
01/12/2015,US,705,N199UW,CLT,LAS,1800,1826,26,31,1857,300,307,270,1916,2027,6,2000,2033,33,Monday,Jan
01/22/2015,AS,746,N440AS,SEA,ATL,930,927,-3,53,1020,280,318,258,2182,1738,7,1710,1745,35,Thursday,Jan
02/04/2015,NK,624,N514NK,DEN,ORD,600,553,-7,39,632,146,213,114,888,926,60,926,1026,60,Wednesday,Feb
01/23/2015,WN,1255,N931WN,DEN,LAS,910,913,3,11,924,115,99,85,628,949,3,1005,952,-13,Friday,Jan
02/01/2015,DL,1422,N361NW,BDL,DTW,1620,1618,-2,5,1623,130,109,95,549,1758,9,1830,1807,-23,Sunday,Feb
02/11/2015,OO,4753,N606SK,SLC,ONT,835,834,-1,26,900,117,103,74,558,914,3,932,917,-15,Wednesday,Feb
01/18/2015,VX,878,N530VA,DAL,DCA,1805,1813,8,10,1823,155,160,145,1184,2148,5,2140,2153,13,Sunday,Jan
01/10/2015,WN,3938,N946WN,TPA,PHL,1835,1828,-7,9,1837,145,135,121,920,2038,5,2100,2043,-17,Saturday,Jan
01/10/2015,DL,2193,N806DN,MSP,SEA,1120,1119,-1,16,1135,226,222,201,1399,1256,5,1306,1301,-5,Saturday,Jan
02/01/2015,AS,422,N528AS,SEA,LAX,1000,1006,6,24,1030,164,156,121,954,1231,11,1244,1242,-2,Sunday,Feb
01/16/2015,EV,5925,N24128,FSD,ORD,1407,1406,-1,4,1410,94,87,71,462,1521,12,1541,1533,-8,Friday,Jan
01/19/2015,AS,788,N527AS,SEA,MSY,1040,1039,-1,17,1056,290,256,235,2086,1651,4,1730,1655,-35,Monday,Jan
01/05/2015,DL,1632,N912DN,MSP,ORD,657,659,2,17,716,97,78,50,334,806,11,834,817,-17,Monday,Jan
01/14/2015,UA,1483,N54711,EWR,AUS,1529,1525,-4,27,1552,267,263,230,1504,1842,6,1856,1848,-8,Wednesday,Jan
02/06/2015,WN,465,N761RR,BNA,ECP,820,818,-2,10,828,80,72,58,401,926,4,940,930,-10,Friday,Feb
02/06/2015,WN,3563,N601WN,IND,MCI,1305,1304,-1,9,1313,95,85,73,451,1326,3,1340,1329,-11,Friday,Feb
02/10/2015,WN,4107,N656SW,STL,RSW,1505,1505,0,9,1514,150,131,118,979,1812,4,1835,1816,-19,Tuesday,Feb
01/01/2015,AA,268,N599AA,DFW,SJC,2120,2140,20,14,2154,220,212,194,1438,2308,4,2300,2312,12,Thursday,Jan
01/15/2015,DL,1108,N925DL,ATL,MSP,1747,1748,1,24,1812,165,169,133,907,1925,12,1932,1937,5,Thursday,Jan
01/18/2015,WN,4541,N646SW,BWI,RDU,1100,1116,16,8,1124,70,63,51,255,1215,4,1210,1219,9,Sunday,Jan
02/01/2015,EV,2532,N906EV,DFW,BPT,935,925,-10,16,941,64,65,47,270,1028,2,1039,1030,-9,Sunday,Feb
01/27/2015,DL,1609,N333NW,MSP,DEN,1425,1422,-3,12,1434,130,110,92,680,1506,6,1535,1512,-23,Tuesday,Jan
01/21/2015,AA,2298,N3GSAA,MIA,LGA,2100,2055,-5,22,2117,169,170,144,1096,2341,4,2349,2345,-4,Wednesday,Jan
01/14/2015,UA,379,N411UA,ORD,FLL,957,959,2,22,1021,194,173,146,1182,1347,5,1411,1352,-19,Wednesday,Jan
02/11/2015,DL,82,N966DL,MEM,ATL,1200,1152,-8,23,1215,86,80,52,332,1407,5,1426,1412,-14,Wednesday,Feb
02/06/2015,WN,141,N946WN,ALB,MDW,530,525,-5,27,552,160,145,112,717,644,6,710,650,-20,Friday,Feb
01/20/2015,WN,4834,N389SW,LAS,SEA,2025,2030,5,9,2039,160,156,140,867,2259,7,2305,2306,1,Tuesday,Jan
01/11/2015,AA,1684,N3ENAA,MIA,EWR,730,727,-3,18,745,174,171,147,1085,1012,6,1024,1018,-6,Sunday,Jan
01/31/2015,HA,316,N491HA,HNL,OGG,1021,1020,-1,9,1029,38,36,21,100,1050,6,1059,1056,-3,Saturday,Jan
02/07/2015,DL,2436,N3769L,DTW,SEA,840,855,15,21,916,315,312,285,1927,1101,6,1055,1107,12,Saturday,Feb
01/31/2015,UA,1635,N77867,EWR,PHX,1000,1010,10,18,1028,342,331,306,2133,1334,7,1342,1341,-1,Saturday,Jan
01/14/2015,EV,5281,N881AS,ABE,DTW,1253,1247,-6,17,1304,110,97,73,425,1417,7,1443,1424,-19,Wednesday,Jan
01/02/2015,US,1951,N156UW,CLT,PHX,945,938,-7,26,1004,284,290,256,1773,1220,8,1229,1228,-1,Friday,Jan
01/07/2015,DL,2597,N591NW,DTW,SEA,1736,1749,13,19,1808,305,292,270,1927,1938,3,1941,1941,0,Wednesday,Jan
01/13/2015,WN,4542,N412WN,DEN,STL,805,805,0,14,819,120,113,96,770,1055,3,1105,1058,-7,Tuesday,Jan
02/10/2015,US,1962,N815AW,CLT,BWI,1635,1630,-5,19,1649,84,83,59,361,1748,5,1759,1753,-6,Tuesday,Feb
01/05/2015,US,465,N914UY,PHX,ORD,845,840,-5,13,853,202,204,179,1440,1252,12,1307,1304,-3,Monday,Jan
01/04/2015,US,816,N757UW,PIT,CLT,1910,1925,15,13,1938,88,98,77,366,2055,8,2038,2103,25,Sunday,Jan
01/02/2015,AA,1568,N4YJAA,DFW,OKC,945,1002,17,15,1017,55,47,26,175,1043,6,1040,1049,9,Friday,Jan
01/11/2015,UA,599,N417UA,LAS,LAX,1737,1941,124,49,2030,74,129,47,236,2117,33,1851,2150,179,Sunday,Jan
01/10/2015,UA,762,N417UA,IAD,IAH,1220,1220,0,12,1232,214,201,179,1190,1431,10,1454,1441,-13,Saturday,Jan
01/17/2015,WN,4170,N8309C,MKE,MCO,700,655,-5,19,714,180,170,144,1066,1038,7,1100,1045,-15,Saturday,Jan
01/12/2015,WN,134,N610WN,STL,OMA,1655,1720,25,7,1727,75,67,56,342,1823,4,1810,1827,17,Monday,Jan
02/02/2015,AA,1314,N3EDAA,LAX,IND,1125,1117,-8,14,1131,237,232,212,1814,1803,6,1822,1809,-13,Monday,Feb
01/04/2015,OO,2620,N464SW,LAX,SAN,1415,1435,20,22,1457,45,55,31,109,1528,2,1500,1530,30,Sunday,Jan
01/11/2015,DL,833,N364NW,SAN,DTW,710,706,-4,15,721,263,258,234,1956,1415,9,1433,1424,-9,Sunday,Jan
01/29/2015,AA,1600,N493AA,DFW,AUS,1710,1709,-1,16,1725,58,66,46,190,1811,4,1808,1815,7,Thursday,Jan
01/28/2015,DL,1164,N357NW,SLC,ONT,2100,2052,-8,18,2110,109,112,88,558,2138,6,2149,2144,-5,Wednesday,Jan
01/19/2015,HA,1,N381HA,LAX,HNL,840,832,-8,15,847,345,346,328,2556,1215,3,1225,1218,-7,Monday,Jan
01/21/2015,DL,2390,N975AT,ATL,MDT,1505,1504,-1,17,1521,110,105,82,620,1643,6,1655,1649,-6,Wednesday,Jan
01/02/2015,UA,1245,N37468,LAX,ORD,800,756,-4,20,816,250,242,210,1744,1346,12,1410,1358,-12,Friday,Jan
01/12/2015,WN,689,N297WN,OAK,LAS,1120,1120,0,8,1128,85,85,64,407,1232,13,1245,1245,0,Monday,Jan
02/02/2015,US,1958,N730US,PBI,DCA,1155,1147,-8,12,1159,136,127,108,857,1347,7,1411,1354,-17,Monday,Feb
01/19/2015,DL,1068,N552NW,RSW,ATL,1220,1214,-6,9,1223,109,95,78,515,1341,8,1409,1349,-20,Monday,Jan
01/13/2015,DL,1366,N541US,MSP,ORD,1300,1256,-4,14,1310,89,82,58,334,1408,10,1429,1418,-11,Tuesday,Jan
01/09/2015,US,528,N805AW,CMH,PHX,1740,1756,16,11,1807,266,238,222,1670,1949,5,2006,1954,-12,Friday,Jan
01/10/2015,UA,1268,N87512,IAH,BWI,1919,1931,12,12,1943,177,166,147,1235,2310,7,2316,2317,1,Saturday,Jan
01/27/2015,EV,2563,N876AS,DFW,CRP,730,827,57,23,850,76,82,55,354,945,4,846,949,63,Tuesday,Jan
02/02/2015,AS,871,N564AS,HNL,ANC,2205,2233,28,17,2250,360,359,338,2777,528,4,505,532,27,Monday,Feb
01/09/2015,WN,4036,N467WN,SMF,LAX,540,539,-1,10,549,85,74,57,373,646,7,705,653,-12,Friday,Jan
02/08/2015,UA,311,N489UA,MIA,IAH,1141,1137,-4,16,1153,178,161,132,964,1305,13,1339,1318,-21,Sunday,Feb
01/02/2015,EV,6056,N13992,BNA,ORD,800,754,-6,13,807,105,93,71,409,918,9,945,927,-18,Friday,Jan
01/06/2015,OO,4757,N437SW,MSP,LSE,1351,1349,-2,27,1416,53,58,24,119,1440,7,1444,1447,3,Tuesday,Jan
02/01/2015,B6,1494,N334JB,MCO,HPN,1730,1732,2,15,1747,154,152,131,972,1958,6,2004,2004,0,Sunday,Feb
02/02/2015,OO,5654,N585SW,ACV,SFO,1034,1033,-1,10,1043,89,81,65,250,1148,6,1203,1154,-9,Monday,Feb
02/09/2015,UA,1208,N77510,MCO,EWR,915,907,-8,23,930,153,152,121,937,1131,8,1148,1139,-9,Monday,Feb
01/23/2015,DL,1715,N358NB,LGA,MSY,1700,1720,20,18,1738,229,222,198,1183,1956,6,1949,2002,13,Friday,Jan
02/05/2015,AA,1497,N505AA,DFW,BNA,1545,1554,9,18,1612,100,106,84,631,1736,4,1725,1740,15,Thursday,Feb
02/03/2015,WN,4142,N388SW,SDF,MCO,1100,1054,-6,7,1101,125,108,98,719,1239,3,1305,1242,-23,Tuesday,Feb
01/06/2015,MQ,3337,N848MQ,DFW,LEX,910,918,8,19,937,125,132,106,785,1223,7,1215,1230,15,Tuesday,Jan
01/29/2015,UA,1510,N77431,SLC,IAH,1358,1355,-3,12,1407,182,169,147,1195,1734,10,1800,1744,-16,Thursday,Jan
01/11/2015,EV,4128,N17159,MOB,IAH,910,908,-2,44,952,97,145,86,427,1118,15,1047,1133,46,Sunday,Jan
01/29/2015,US,601,N642AW,PHX,SJC,2110,2108,-2,45,2153,118,138,89,621,2222,4,2208,2226,18,Thursday,Jan
01/24/2015,AS,573,N469AS,SAN,PDX,630,622,-8,20,642,160,162,137,933,859,5,910,904,-6,Saturday,Jan
01/12/2015,WN,1009,N767SW,OAK,LAX,1720,1744,24,12,1756,75,74,55,337,1851,7,1835,1858,23,Monday,Jan
02/09/2015,EV,5906,N11165,HSV,DEN,1541,1535,-6,12,1547,194,199,178,1048,1745,9,1755,1754,-1,Monday,Feb
01/29/2015,OO,5539,N928SW,SFO,SLC,831,819,-12,24,843,113,111,83,599,1106,4,1124,1110,-14,Thursday,Jan
01/21/2015,US,582,N754UW,LAX,PHX,735,727,-8,20,747,97,96,62,370,949,14,1012,1003,-9,Wednesday,Jan
01/22/2015,DL,2387,N914DL,ATL,DAB,930,928,-2,15,943,79,73,54,366,1037,4,1049,1041,-8,Thursday,Jan
01/01/2015,US,2068,N913US,CLT,LGA,1425,1424,-1,16,1440,105,99,76,544,1556,7,1610,1603,-7,Thursday,Jan
01/04/2015,WN,4189,N410WN,SJC,BUR,2055,2133,38,8,2141,60,56,44,296,2225,4,2155,2229,34,Sunday,Jan
01/25/2015,DL,2267,N805DN,ATL,SAN,1052,1050,-2,15,1105,299,263,245,1892,1210,3,1251,1213,-38,Sunday,Jan
01/09/2015,DL,1404,N752AT,LAX,SLC,550,546,-4,12,558,118,98,81,590,819,5,848,824,-24,Friday,Jan
02/03/2015,AA,1075,N3BEAA,ORD,DCA,811,836,25,23,859,104,104,75,612,1114,6,1055,1120,25,Tuesday,Feb
01/08/2015,DL,2087,N523US,ATL,RSW,1101,1111,10,17,1128,108,91,69,515,1237,5,1249,1242,-7,Thursday,Jan
01/22/2015,WN,378,N8600F,MKE,LAS,1515,1509,-6,8,1517,245,197,185,1524,1622,4,1720,1626,-54,Thursday,Jan
02/02/2015,WN,4125,N645SW,BOS,STL,1755,1856,61,35,1931,200,208,171,1047,2122,2,2015,2124,69,Monday,Feb
01/05/2015,DL,417,N198DN,JFK,LAX,1700,1658,-2,59,1757,400,415,350,2475,2047,6,2040,2053,13,Monday,Jan
01/04/2015,AA,2399,N3HUAA,DFW,PBI,1305,1355,50,11,1406,155,156,140,1102,1726,5,1640,1731,51,Sunday,Jan
01/17/2015,DL,2413,N962DN,MSP,ORD,1135,1132,-3,14,1146,85,72,51,334,1237,7,1300,1244,-16,Saturday,Jan
02/12/2015,EV,5466,N195PQ,IAH,DTW,740,733,-7,33,806,168,179,134,1075,1120,12,1128,1132,4,Thursday,Feb
01/05/2015,DL,1369,N346NB,ATL,GNV,1900,1900,0,16,1916,70,68,47,300,2003,5,2010,2008,-2,Monday,Jan
01/04/2015,OO,5213,N712SK,ASE,ORD,1127,1149,22,27,1216,175,189,138,1013,1534,24,1522,1558,36,Sunday,Jan
01/21/2015,UA,751,N479UA,DEN,DSM,1236,1313,37,38,1351,98,111,69,589,1600,4,1514,1604,50,Wednesday,Jan
01/01/2015,VX,783,N525VA,LAS,LAX,945,947,2,13,1000,70,59,41,236,1041,5,1055,1046,-9,Thursday,Jan
02/06/2015,DL,2380,N519US,ATL,JAX,810,807,-3,23,830,67,66,39,270,909,4,917,913,-4,Friday,Feb
01/05/2015,WN,1799,N8614M,SLC,LAS,1750,1804,14,12,1816,80,71,54,368,1810,5,1810,1815,5,Monday,Jan
01/23/2015,WN,660,N298WN,PHX,SDF,1100,1116,16,21,1137,205,212,187,1506,1644,4,1625,1648,23,Friday,Jan
01/26/2015,EV,5799,N15572,JAN,IAH,1159,1153,-6,7,1200,84,70,54,351,1254,9,1323,1303,-20,Monday,Jan
02/10/2015,B6,633,N809JB,BOS,SFO,1645,1657,12,12,1709,412,383,361,2704,2010,10,2037,2020,-17,Tuesday,Feb
02/02/2015,AA,2310,N491AA,DEN,DFW,850,859,9,13,912,118,110,88,641,1140,9,1148,1149,1,Monday,Feb
01/30/2015,HA,316,N493HA,HNL,OGG,1021,1018,-3,14,1032,38,42,22,100,1054,6,1059,1100,1,Friday,Jan
01/24/2015,US,742,N125UW,ORD,PHL,1355,1346,-9,32,1418,124,129,92,678,1650,5,1659,1655,-4,Saturday,Jan
01/15/2015,WN,1214,N8328A,PVD,FLL,645,648,3,31,719,210,209,171,1188,1010,7,1015,1017,2,Thursday,Jan
02/03/2015,UA,406,N576UA,DEN,LGA,1540,1543,3,13,1556,213,201,183,1620,2059,5,2113,2104,-9,Tuesday,Feb
02/08/2015,AS,550,N413AS,SEA,PSP,1920,2130,130,15,2145,158,172,152,987,17,5,2158,22,144,Sunday,Feb
01/23/2015,WN,1529,N962WN,DEN,BOI,2135,2133,-2,7,2140,125,104,94,649,2314,3,2340,2317,-23,Friday,Jan
01/04/2015,EV,4281,N14950,IAH,ELP,1736,1737,1,20,1757,126,132,107,667,1844,5,1842,1849,7,Sunday,Jan
01/26/2015,OO,5450,N560SW,DEN,LAR,1257,1257,0,12,1309,51,42,26,113,1335,4,1348,1339,-9,Monday,Jan
01/12/2015,WN,989,N794SW,ATL,STL,715,713,-2,9,722,105,88,74,484,736,5,800,741,-19,Monday,Jan
02/12/2015,HA,119,N476HA,KOA,HNL,1004,957,-7,7,1004,44,43,30,163,1034,6,1048,1040,-8,Thursday,Feb
01/17/2015,UA,1536,N66814,PHX,ORD,746,747,1,13,800,210,203,176,1440,1156,14,1216,1210,-6,Saturday,Jan
01/30/2015,WN,1078,N468WN,SEA,OAK,1815,1849,34,16,1905,120,112,89,671,2034,7,2015,2041,26,Friday,Jan
01/26/2015,US,403,N654AW,IND,PHX,545,541,-4,15,556,243,210,190,1488,706,5,748,711,-37,Monday,Jan
01/31/2015,B6,1334,N238JB,SJU,MCO,1040,1037,-3,9,1046,188,182,167,1189,1233,6,1248,1239,-9,Saturday,Jan
01/12/2015,WN,233,N426WN,PHX,ONT,1650,1649,-1,5,1654,70,58,49,325,1643,4,1700,1647,-13,Monday,Jan
01/25/2015,WN,747,N398SW,DAL,AUS,1850,1858,8,8,1906,55,49,36,189,1942,5,1945,1947,2,Sunday,Jan
01/20/2015,VX,219,N640VA,AUS,SFO,800,751,-9,12,803,240,232,217,1504,940,3,1000,943,-17,Tuesday,Jan
01/02/2015,UA,527,N402UA,LAX,IAH,1641,1637,-4,22,1659,192,216,170,1379,2149,24,2153,2213,20,Friday,Jan
01/12/2015,UA,564,N528UA,MCO,LAX,1757,2023,146,12,2035,328,301,282,2218,2217,7,2025,2224,119,Monday,Jan
02/08/2015,OO,7429,N8982A,PIH,SLC,1230,1217,-13,10,1227,45,47,30,150,1257,7,1315,1304,-11,Sunday,Feb
01/04/2015,EV,4134,N14570,MCI,IAH,715,707,-8,28,735,135,145,104,643,919,13,930,932,2,Sunday,Jan
01/20/2015,NK,972,N604NK,PHX,DFW,200,154,-6,8,202,123,110,97,868,439,5,503,444,-19,Tuesday,Jan
01/21/2015,EV,5392,N398CA,DFW,DTW,915,908,-7,10,918,153,139,122,986,1220,7,1248,1227,-21,Wednesday,Jan
01/26/2015,UA,353,N810UA,PDX,SFO,1224,1219,-5,10,1229,108,105,89,550,1358,6,1412,1404,-8,Monday,Jan
01/22/2015,UA,1516,N17244,IAH,DFW,1902,1955,53,13,2008,78,60,39,224,2047,8,2020,2055,35,Thursday,Jan
01/10/2015,B6,489,N238JB,BOS,DCA,1020,1016,-4,17,1033,100,89,70,399,1143,2,1200,1145,-15,Saturday,Jan
02/04/2015,B6,475,N558JB,PVD,MCO,735,730,-5,11,741,190,188,163,1072,1024,14,1045,1038,-7,Wednesday,Feb
02/05/2015,DL,2681,N919AT,BOS,LGA,1400,1656,176,37,1733,79,92,48,184,1821,7,1519,1828,189,Thursday,Feb
01/19/2015,DL,763,N924AT,BOS,JFK,1230,1223,-7,14,1237,73,70,48,187,1325,8,1343,1333,-10,Monday,Jan
02/03/2015,B6,619,N806JB,BOS,SAN,700,716,16,18,734,396,385,364,2588,1038,3,1036,1041,5,Tuesday,Feb
01/14/2015,UA,1092,N76288,FLL,EWR,1000,1008,8,13,1021,182,162,139,1065,1240,10,1302,1250,-12,Wednesday,Jan
02/04/2015,DL,1564,N926DL,ATL,RDU,1250,1247,-3,16,1303,80,77,57,356,1400,4,1410,1404,-6,Wednesday,Feb
02/10/2015,NK,201,N515NK,FLL,STT,1249,1243,-6,11,1254,157,155,140,1107,1614,4,1626,1618,-8,Tuesday,Feb
02/08/2015,HA,318,N481HA,HNL,KOA,932,925,-7,17,942,43,50,28,163,1010,5,1015,1015,0,Sunday,Feb
01/27/2015,AA,42,N3ALAA,SEA,ORD,851,843,-8,16,859,236,223,203,1721,1422,4,1447,1426,-21,Tuesday,Jan
01/19/2015,US,436,N584UW,MSP,PHX,730,724,-6,26,750,226,217,175,1276,945,16,1016,1001,-15,Monday,Jan
01/17/2015,UA,512,N505UA,JFK,SFO,1729,1722,-7,17,1739,400,375,355,2586,2034,3,2109,2037,-32,Saturday,Jan
01/19/2015,DL,1434,N547US,HNL,LAX,1615,1611,-4,19,1630,334,320,296,2556,2326,5,2349,2331,-18,Monday,Jan
01/05/2015,US,823,N737US,JAX,CLT,700,700,0,12,712,87,73,53,328,805,8,827,813,-14,Monday,Jan
02/07/2015,EV,4179,N12157,EWR,BOS,729,727,-2,23,750,73,67,37,200,827,7,842,834,-8,Saturday,Feb
02/09/2015,UA,1055,N35407,DEN,SJC,1504,1519,15,9,1528,162,146,134,948,1642,3,1646,1645,-1,Monday,Feb
02/06/2015,EV,4525,N11176,OMA,IAH,955,953,-2,18,1011,135,151,123,781,1214,10,1210,1224,14,Friday,Feb
01/04/2015,F9,300,N931FR,DEN,TPA,2359,4,5,16,20,192,202,178,1506,518,8,511,526,15,Sunday,Jan
01/02/2015,WN,499,N715SW,SAN,SEA,1450,1508,18,8,1516,175,186,163,1050,1759,15,1745,1814,29,Friday,Jan
01/27/2015,AA,371,N3ECAA,DFW,FLL,1225,1220,-5,13,1233,158,155,134,1119,1547,8,1603,1555,-8,Tuesday,Jan
01/26/2015,WN,1090,N603SW,HOU,ATL,2000,1954,-6,7,2001,110,109,97,696,2238,5,2250,2243,-7,Monday,Jan
01/26/2015,WN,896,N966WN,ALB,BWI,600,556,-4,12,608,85,80,62,289,710,6,725,716,-9,Monday,Jan
01/01/2015,AA,1600,N571AA,AUS,DFW,1850,1842,-8,18,1900,65,62,35,190,1935,9,1955,1944,-11,Thursday,Jan
01/02/2015,AA,154,N3BUAA,ORD,MCO,1955,1958,3,13,2011,150,156,140,1005,2331,3,2325,2334,9,Friday,Jan
01/19/2015,AS,512,N558AS,SEA,SNA,1350,1347,-3,7,1354,150,148,131,978,1605,10,1620,1615,-5,Monday,Jan
02/08/2015,US,2049,N838AW,PBI,PHL,1355,1353,-2,19,1412,154,171,145,951,1637,7,1629,1644,15,Sunday,Feb
02/07/2015,UA,1694,N77520,IAD,DEN,1732,1737,5,12,1749,237,223,203,1452,1912,8,1929,1920,-9,Saturday,Feb
01/07/2015,NK,448,N509NK,DFW,RSW,815,824,9,13,837,148,139,120,1017,1137,6,1143,1143,0,Wednesday,Jan
02/02/2015,UA,1598,N36469,MCO,IAD,1900,1911,11,10,1921,130,122,103,758,2104,9,2110,2113,3,Monday,Feb
01/17/2015,OO,5545,N910SW,DEN,ELP,1510,1507,-3,24,1531,108,109,82,563,1653,3,1658,1656,-2,Saturday,Jan
01/13/2015,EV,5503,N882AS,DTW,FWA,1520,1516,-4,7,1523,58,42,32,128,1555,3,1618,1558,-20,Tuesday,Jan
01/12/2015,WN,3674,N429WN,BNA,LGA,1220,1252,32,11,1303,125,119,98,764,1541,10,1525,1551,26,Monday,Jan
01/18/2015,DL,784,N917DE,ATL,MSP,830,830,0,16,846,165,154,134,907,1000,4,1015,1004,-11,Sunday,Jan
01/13/2015,DL,1700,N978AT,LFT,ATL,600,554,-6,12,606,99,86,67,503,813,7,839,820,-19,Tuesday,Jan
01/05/2015,DL,1847,N378DA,SEA,ANC,1500,1520,20,17,1537,215,213,191,1448,1748,5,1735,1753,18,Monday,Jan
02/08/2015,US,415,N650AW,PIT,PHX,700,657,-3,12,709,304,276,261,1814,930,3,1004,933,-31,Sunday,Feb
01/14/2015,US,2055,N540UW,PHL,MIA,735,730,-5,15,745,182,186,166,1013,1031,5,1037,1036,-1,Wednesday,Jan
01/28/2015,DL,2153,N968AT,AGS,ATL,715,712,-3,33,745,63,77,31,143,816,13,818,829,11,Wednesday,Jan
01/07/2015,DL,2696,N927AT,LGA,BOS,2159,2159,0,18,2217,67,63,40,184,2257,5,2306,2302,-4,Wednesday,Jan
01/08/2015,AS,61,N765AS,YAK,CDV,1151,1136,-15,6,1142,55,42,32,213,1214,4,1246,1218,-28,Thursday,Jan
02/05/2015,WN,403,N266WN,TPA,BWI,1030,1028,-2,13,1041,135,119,104,842,1225,2,1245,1227,-18,Thursday,Feb
01/16/2015,B6,672,N507JB,FLL,LGA,1845,1932,47,33,2005,167,209,168,1076,2253,8,2132,2301,89,Friday,Jan
01/12/2015,OO,6433,N593ML,LAX,FAT,2235,2400,85,17,17,63,61,40,209,57,4,2338,101,83,Monday,Jan
02/11/2015,OO,4706,N8965E,ISN,MSP,1340,1338,-2,18,1356,104,100,76,546,1512,6,1524,1518,-6,Wednesday,Feb
01/19/2015,WN,345,N769SW,DEN,OMA,1610,1621,11,7,1628,80,69,58,472,1826,4,1830,1830,0,Monday,Jan
02/10/2015,WN,900,N217JC,STL,MKE,840,837,-3,9,846,70,64,51,317,937,4,950,941,-9,Tuesday,Feb
02/07/2015,WN,3872,N202WN,SNA,SMF,730,725,-5,8,733,90,84,73,404,846,3,900,849,-11,Saturday,Feb
02/11/2015,B6,401,N621JB,BOS,MSY,1310,1517,127,18,1535,238,232,201,1368,1756,13,1608,1809,121,Wednesday,Feb
01/28/2015,OO,6408,N920SW,SFO,EUG,1310,1302,-8,22,1324,97,91,66,451,1430,3,1447,1433,-14,Wednesday,Jan
02/03/2015,F9,1253,N938FR,LGA,MIA,945,1153,128,21,1214,200,180,152,1096,1446,7,1305,1453,108,Tuesday,Feb
02/04/2015,WN,681,N421LV,BDL,BWI,1205,1205,0,9,1214,75,63,52,283,1306,2,1320,1308,-12,Wednesday,Feb
01/09/2015,WN,964,N8637A,DEN,MDW,845,844,-1,20,904,140,136,110,895,1154,6,1205,1200,-5,Friday,Jan
02/12/2015,US,2051,N276AY,PHL,MIA,955,1025,30,20,1045,182,182,150,1013,1315,12,1257,1327,30,Thursday,Feb
01/29/2015,OO,4612,N455CA,DTW,CIU,1955,1949,-6,50,2039,87,109,54,284,2133,5,2122,2138,16,Thursday,Jan
01/25/2015,DL,768,N532US,ATL,PBI,1340,1338,-2,21,1359,109,110,83,545,1522,6,1529,1528,-1,Sunday,Jan
01/03/2015,UA,1523,N37434,SFO,EWR,2139,2138,-1,18,2156,320,322,294,2565,550,10,559,600,1,Saturday,Jan
01/07/2015,VX,927,N625VA,LAX,SFO,1125,1121,-4,9,1130,80,63,48,337,1218,6,1245,1224,-21,Wednesday,Jan
01/03/2015,EV,4424,N17108,RDU,IAH,821,820,-1,16,836,194,222,200,1042,1056,6,1035,1102,27,Saturday,Jan
01/04/2015,DL,1804,N553NW,FLL,DTW,1245,1315,30,20,1335,187,163,134,1127,1549,9,1552,1558,6,Sunday,Jan
01/16/2015,US,642,N676AW,ONT,PHX,1240,1234,-6,10,1244,73,65,51,325,1435,4,1453,1439,-14,Friday,Jan
01/08/2015,WN,1108,N938WN,SMF,SAN,1055,1108,13,7,1115,85,78,68,480,1223,3,1220,1226,6,Thursday,Jan
01/27/2015,WN,4471,N464WN,ATL,RSW,1030,1029,-1,19,1048,110,98,74,515,1202,5,1220,1207,-13,Tuesday,Jan
01/07/2015,EV,4609,N15527,CRP,IAH,1604,1604,0,17,1621,61,67,41,201,1702,9,1705,1711,6,Wednesday,Jan
01/28/2015,VX,241,N840VA,ORD,LAX,1735,1731,-4,14,1745,275,275,249,1744,1954,12,2010,2006,-4,Wednesday,Jan
01/21/2015,EV,4091,N13969,IND,EWR,1922,1910,-12,16,1926,120,116,90,645,2056,10,2122,2106,-16,Wednesday,Jan
01/23/2015,OO,4586,N187PQ,SJC,SLC,1018,1008,-10,15,1023,116,125,105,584,1308,5,1314,1313,-1,Friday,Jan
02/05/2015,WN,3310,N458WN,MDW,ICT,1100,1053,-7,7,1100,110,95,85,589,1225,3,1250,1228,-22,Thursday,Feb
02/08/2015,WN,126,N601WN,ELP,LAX,835,830,-5,11,841,130,121,105,715,926,5,945,931,-14,Sunday,Feb
01/22/2015,MQ,3350,N689MQ,RDU,JFK,600,553,-7,27,620,92,95,63,427,723,5,732,728,-4,Thursday,Jan
02/10/2015,DL,2244,N343NB,DTW,DCA,1225,1224,-1,10,1234,98,77,64,405,1338,3,1403,1341,-22,Tuesday,Feb
01/06/2015,AA,2483,N3CYAA,ORD,MIA,800,758,-2,19,817,186,171,146,1197,1143,6,1206,1149,-17,Tuesday,Jan
01/08/2015,DL,1397,N750AT,SEA,OGG,1359,1432,33,14,1446,363,363,345,2640,1831,4,1802,1835,33,Thursday,Jan
01/03/2015,UA,1288,N69806,IAH,DEN,1259,1341,42,13,1354,151,132,112,862,1446,7,1430,1453,23,Saturday,Jan
01/11/2015,US,835,N284AY,CLT,SJU,945,941,-4,37,1018,208,219,170,1475,1408,12,1413,1420,7,Sunday,Jan
01/01/2015,OO,7376,N449SW,BTM,SLC,730,722,-8,27,749,82,83,52,358,841,4,852,845,-7,Thursday,Jan
02/12/2015,OO,6374,N472CA,DEN,RAP,1007,958,-9,19,1017,70,76,52,300,1109,5,1117,1114,-3,Thursday,Feb
02/01/2015,AA,1554,N3GCAA,DFW,SNA,1130,1129,-1,18,1147,200,181,157,1205,1224,6,1250,1230,-20,Sunday,Feb
01/07/2015,F9,573,N931FR,DEN,SLC,827,822,-5,43,905,86,114,60,391,1005,11,953,1016,23,Wednesday,Jan
02/11/2015,WN,208,N492WN,OAK,ONT,2050,2051,1,16,2107,75,81,61,362,2208,4,2205,2212,7,Wednesday,Feb
02/07/2015,EV,5282,N861AS,DTW,CID,2005,2140,95,14,2154,105,86,67,430,2201,5,2050,2206,76,Saturday,Feb
01/09/2015,AA,1441,N3GCAA,JFK,LAS,635,630,-5,11,641,354,357,320,2248,901,26,929,927,-2,Friday,Jan
01/06/2015,US,1834,N716UW,DCA,PHL,1515,1648,93,15,1703,81,58,33,119,1736,10,1636,1746,70,Tuesday,Jan
01/06/2015,MQ,3297,N674MQ,ORD,TOL,1645,1734,49,24,1758,59,67,38,213,1936,5,1844,1941,57,Tuesday,Jan
01/23/2015,AA,232,N513AA,DFW,ATL,1515,1509,-6,13,1522,123,136,90,731,1752,33,1818,1825,7,Friday,Jan
01/05/2015,WN,4,N697SW,DAL,ELP,830,830,0,11,841,105,98,83,562,904,4,915,908,-7,Monday,Jan
01/19/2015,DL,1076,N933DL,ATL,CLT,2151,2149,-2,19,2208,71,113,40,226,2248,54,2302,2342,40,Monday,Jan
01/29/2015,EV,4212,N14188,EWR,RDU,606,600,-6,25,625,105,92,60,416,725,7,751,732,-19,Thursday,Jan
01/23/2015,B6,1888,N179JB,MCO,ORH,820,815,-5,15,830,156,153,135,1091,1045,3,1056,1048,-8,Friday,Jan
01/12/2015,DL,940,N918DE,ATL,CLT,1620,1640,20,37,1717,75,81,38,226,1755,6,1735,1801,26,Monday,Jan
01/18/2015,OO,2594,N417SW,LAX,SMF,1355,1350,-5,20,1410,85,91,67,373,1517,4,1520,1521,1,Sunday,Jan
02/09/2015,WN,4900,N648SW,FLL,HOU,1725,1726,1,16,1742,185,159,137,957,1859,6,1930,1905,-25,Monday,Feb
01/06/2015,WN,122,N703SW,CAK,LGA,1625,1745,80,15,1800,90,78,56,397,1856,7,1755,1903,68,Tuesday,Jan
01/16/2015,WN,454,N427WN,SNA,LAS,745,742,-3,7,749,65,52,39,226,828,6,850,834,-16,Friday,Jan
01/14/2015,DL,2466,N363NW,SLC,DEN,1059,1123,24,21,1144,86,83,55,391,1239,7,1225,1246,21,Wednesday,Jan
01/09/2015,EV,4538,N12167,GRR,EWR,1839,1846,7,26,1912,110,118,82,605,2034,10,2029,2044,15,Friday,Jan
01/01/2015,US,1782,N508AY,SEA,CLT,1320,1326,6,14,1340,293,277,253,2279,2053,10,2113,2103,-10,Thursday,Jan
02/05/2015,AS,162,N537AS,FAI,ANC,600,544,-16,20,604,80,64,39,261,643,5,720,648,-32,Thursday,Feb
01/09/2015,WN,464,N616SW,FNT,BWI,550,550,0,24,614,105,99,70,452,724,5,735,729,-6,Friday,Jan
01/21/2015,OO,4674,N455SW,MFR,SLC,605,555,-10,13,608,110,107,80,575,828,14,855,842,-13,Wednesday,Jan
01/26/2015,WN,122,N297WN,TPA,CAK,1335,1328,-7,11,1339,140,136,119,894,1538,6,1555,1544,-11,Monday,Jan
01/24/2015,OO,2712,N889AS,FLG,PHX,1600,1602,2,7,1609,45,38,26,119,1635,5,1645,1640,-5,Saturday,Jan
02/05/2015,MQ,3373,N695MQ,CLL,DFW,1825,1828,3,5,1833,59,42,33,164,1906,4,1924,1910,-14,Thursday,Feb
01/19/2015,AA,2212,N480AA,DFW,STL,1915,1911,-4,19,1930,94,101,78,550,2048,4,2049,2052,3,Monday,Jan
01/04/2015,MQ,3482,N821MQ,SGF,DFW,1035,1114,39,39,1153,85,106,61,364,1254,6,1200,1300,60,Sunday,Jan
01/31/2015,EV,6020,N14186,ISN,DEN,605,558,-7,39,637,126,146,96,576,713,11,711,724,13,Saturday,Jan
01/05/2015,WN,2609,N930WN,PIT,DEN,915,914,-1,7,921,230,204,192,1290,1033,5,1105,1038,-27,Monday,Jan
02/06/2015,NK,657,N625NK,FLL,MSY,822,817,-5,14,831,128,118,97,674,908,7,930,915,-15,Friday,Feb
01/02/2015,WN,1005,N921WN,PDX,SMF,700,715,15,8,723,90,77,66,479,829,3,830,832,2,Friday,Jan
01/01/2015,UA,497,N476UA,SFO,SAN,1248,1334,46,16,1350,92,88,69,447,1459,3,1420,1502,42,Thursday,Jan
02/02/2015,NK,892,N521NK,MCO,DTW,2045,2058,13,9,2107,152,203,136,957,2323,58,2317,21,64,Monday,Feb
01/04/2015,EV,5409,N738EV,MCI,DTW,1025,1030,5,21,1051,110,116,85,629,1316,10,1315,1326,11,Sunday,Jan
01/14/2015,OO,4774,N8965E,SLC,PSC,1107,1101,-6,17,1118,110,103,81,521,1139,5,1157,1144,-13,Wednesday,Jan
02/04/2015,EV,5295,N925EV,VLD,ATL,1755,1846,51,22,1908,70,88,47,208,1955,19,1905,2014,69,Wednesday,Feb
02/07/2015,OO,3461,N218AG,ONT,PDX,600,628,28,12,640,144,127,113,838,833,2,824,835,11,Saturday,Feb
01/27/2015,DL,2345,N929DN,MSP,ATL,1010,1006,-4,14,1020,153,130,111,907,1311,5,1343,1316,-27,Tuesday,Jan
01/13/2015,EV,4182,N19554,IAH,BHM,1601,1556,-5,14,1610,100,91,73,562,1723,4,1741,1727,-14,Tuesday,Jan
01/05/2015,MQ,3362,N521MQ,MAF,DFW,845,847,2,25,912,80,87,47,309,959,15,1005,1014,9,Monday,Jan
02/05/2015,AA,2216,N3LRAA,LAX,ORD,1620,1658,38,19,1717,237,238,212,1744,2249,7,2217,2256,39,Thursday,Feb
01/03/2015,US,1708,N838AW,DFW,CLT,1951,2204,133,16,2220,146,132,110,936,110,6,2317,116,119,Saturday,Jan
01/21/2015,WN,197,N626SW,HOU,OKC,2010,2004,-6,9,2013,80,73,60,419,2113,4,2130,2117,-13,Wednesday,Jan
01/22/2015,HA,276,N483HA,HNL,OGG,1157,1153,-4,15,1208,39,41,21,100,1229,5,1236,1234,-2,Thursday,Jan
01/07/2015,WN,3,N525SW,DAL,HOU,730,728,-2,10,738,65,58,42,239,820,6,835,826,-9,Wednesday,Jan
01/26/2015,OO,4807,N440SW,HLN,SLC,1301,1253,-8,10,1303,84,87,72,402,1415,5,1425,1420,-5,Monday,Jan
01/21/2015,DL,2366,N953AT,DAL,ATL,1804,1807,3,16,1823,121,116,91,721,2054,9,2105,2103,-2,Wednesday,Jan
01/02/2015,AA,1118,N3KNAA,ORD,PBI,1900,1902,2,11,1913,170,174,158,1144,2251,5,2250,2256,6,Friday,Jan
01/08/2015,WN,816,N296WN,TUS,LAX,1830,1831,1,12,1843,95,82,65,451,1848,5,1905,1853,-12,Thursday,Jan
01/29/2015,EV,4259,N15555,IAH,LBB,1743,1734,-9,12,1746,98,102,81,458,1907,9,1921,1916,-5,Thursday,Jan
02/02/2015,B6,768,N339JB,PSE,MCO,425,415,-10,22,437,186,222,165,1179,622,35,631,657,26,Monday,Feb
01/07/2015,OO,5219,N952SW,ORD,MEM,1603,1656,53,14,1710,114,94,75,491,1825,5,1757,1830,33,Wednesday,Jan
01/08/2015,EV,4572,N15983,EWR,GSP,1459,1507,8,13,1520,124,110,95,594,1655,2,1703,1657,-6,Thursday,Jan
01/02/2015,US,642,N662AW,PHX,DEN,1555,1555,0,16,1611,104,105,82,602,1733,7,1739,1740,1,Friday,Jan
02/07/2015,MQ,3527,N679MQ,MIA,PNS,920,916,-4,17,933,114,113,83,530,956,13,1014,1009,-5,Saturday,Feb
01/31/2015,EV,5534,N528CA,LAN,DTW,1350,1341,-9,8,1349,49,34,22,74,1411,4,1439,1415,-24,Saturday,Jan
02/11/2015,B6,561,N712JB,LGA,PBI,1419,1442,23,23,1505,180,163,138,1035,1723,2,1719,1725,6,Wednesday,Feb
01/08/2015,US,750,N117UW,DFW,PHL,1311,1308,-3,15,1323,186,171,153,1303,1656,3,1717,1659,-18,Thursday,Jan
01/23/2015,EV,4502,N15555,EWR,BNA,1705,1703,-2,12,1715,157,163,141,748,1836,10,1842,1846,4,Friday,Jan
01/12/2015,B6,1210,N273JB,JAX,BOS,1718,1716,-2,14,1730,146,139,120,1010,1930,5,1944,1935,-9,Monday,Jan
02/12/2015,WN,711,N743SW,LAS,SMF,940,933,-7,12,945,90,84,69,397,1054,3,1110,1057,-13,Thursday,Feb
01/15/2015,DL,2248,N899AT,DTW,LGA,1520,1516,-4,21,1537,109,98,70,502,1647,7,1709,1654,-15,Thursday,Jan
01/15/2015,DL,241,N827DN,ATL,SFO,1755,1800,5,23,1823,327,312,283,2139,2006,6,2022,2012,-10,Thursday,Jan
01/07/2015,WN,2605,N230WN,SFO,SNA,1335,1329,-6,7,1336,85,78,67,372,1443,4,1500,1447,-13,Wednesday,Jan
01/25/2015,MQ,2910,N510MQ,ORD,DTW,2215,2213,-2,11,2224,69,59,41,235,5,7,24,12,-12,Sunday,Jan
01/02/2015,NK,680,N507NK,IAH,MSY,1810,1855,45,9,1904,60,57,44,305,1948,4,1910,1952,42,Friday,Jan
01/04/2015,DL,1924,N936DL,ATL,BWI,2200,2249,49,13,2302,109,91,71,577,13,7,2349,20,31,Sunday,Jan
02/12/2015,AA,1537,N3FRAA,MCO,ORD,1145,1139,-6,41,1220,173,207,153,1005,1353,13,1338,1406,28,Thursday,Feb
01/25/2015,EV,5442,N854AS,ATL,AEX,1210,1204,-6,19,1223,108,117,94,500,1257,4,1258,1301,3,Sunday,Jan
01/02/2015,EV,3921,N27152,IAH,TUL,1738,1734,-4,12,1746,93,79,62,429,1848,5,1911,1853,-18,Friday,Jan
01/25/2015,EV,4679,N15574,EWR,JAX,1059,1052,-7,11,1103,159,149,134,820,1317,4,1338,1321,-17,Sunday,Jan
02/10/2015,WN,955,N940WN,OAK,LAX,1215,1213,-2,6,1219,75,70,53,337,1312,11,1330,1323,-7,Tuesday,Feb
01/11/2015,VX,744,N634VA,SFO,SEA,1425,1423,-2,8,1431,120,116,101,679,1612,7,1625,1619,-6,Sunday,Jan
01/13/2015,AA,1004,N3GDAA,DFW,RSW,2025,2024,-1,15,2039,143,132,111,1017,2330,6,2348,2336,-12,Tuesday,Jan
01/24/2015,WN,3403,N8302F,LAS,DEN,630,625,-5,10,635,120,112,97,628,912,5,930,917,-13,Saturday,Jan
01/29/2015,OO,6302,N569SW,LAX,PSP,1310,1306,-4,24,1330,61,66,34,110,1404,8,1411,1412,1,Thursday,Jan
01/07/2015,EV,5303,N197PQ,ATL,GRK,1920,1935,15,25,2000,150,147,119,803,2059,3,2050,2102,12,Wednesday,Jan
01/17/2015,OO,6491,N732SK,TUS,DEN,1428,1435,7,11,1446,119,109,94,639,1620,4,1627,1624,-3,Saturday,Jan
01/26/2015,UA,814,N576UA,LAX,DEN,1056,1117,21,13,1130,139,135,118,862,1428,4,1415,1432,17,Monday,Jan
02/01/2015,DL,80,N827DN,LAX,ATL,910,942,32,8,950,257,251,240,1947,1650,3,1627,1653,26,Sunday,Feb
01/12/2015,WN,4304,N608SW,LAX,SJC,1100,1106,6,13,1119,65,72,53,308,1212,6,1205,1218,13,Monday,Jan
01/15/2015,WN,756,N395SW,ATL,IND,2040,2129,49,19,2148,100,94,69,432,2257,6,2220,2303,43,Thursday,Jan
02/07/2015,WN,3466,N428WN,PVD,TPA,1000,957,-3,9,1006,200,172,159,1136,1245,4,1320,1249,-31,Saturday,Feb
01/19/2015,AA,2464,N4YTAA,DFW,BNA,1055,1111,16,11,1122,100,92,76,631,1238,5,1235,1243,8,Monday,Jan
02/11/2015,F9,1053,N941FR,SLC,PHX,1515,1505,-10,22,1527,100,116,69,507,1636,25,1655,1701,6,Wednesday,Feb
01/05/2015,WN,497,N657SW,HOU,OKC,1410,1431,21,8,1439,80,76,64,419,1543,4,1530,1547,17,Monday,Jan
01/06/2015,WN,1714,N489WN,ABQ,DAL,1000,1013,13,8,1021,95,95,82,580,1243,5,1235,1248,13,Tuesday,Jan
01/12/2015,WN,756,N603SW,AUS,ATL,1645,1719,34,15,1734,125,133,103,813,2017,15,1950,2032,42,Monday,Jan
02/03/2015,EV,5146,N712EV,ATL,HPN,1242,1348,66,20,1408,131,132,108,780,1556,4,1453,1600,67,Tuesday,Feb
02/01/2015,WN,124,N8635F,CLE,BNA,1640,1637,-3,43,1720,100,128,79,448,1739,6,1720,1745,25,Sunday,Feb
01/01/2015,US,684,N902AW,PHX,LIH,1130,1123,-7,21,1144,417,427,401,2979,1525,5,1527,1530,3,Thursday,Jan
01/04/2015,US,1974,N807AW,FLL,DCA,1840,1832,-8,19,1851,144,153,112,899,2043,22,2104,2105,1,Sunday,Jan
01/29/2015,DL,754,N999DN,PIT,ATL,1733,1740,7,9,1749,116,90,77,526,1906,4,1929,1910,-19,Thursday,Jan
01/06/2015,NK,219,N526NK,ORD,ATL,1044,1112,28,18,1130,110,109,82,606,1352,9,1334,1401,27,Tuesday,Jan
01/15/2015,WN,465,N7742B,BNA,ECP,820,817,-3,13,830,80,77,62,401,932,2,940,934,-6,Thursday,Jan
01/30/2015,MQ,3273,N827MQ,CHO,LGA,1425,1558,93,14,1612,75,75,53,305,1705,8,1540,1713,93,Friday,Jan
01/08/2015,UA,1272,N37408,PHX,ORD,750,754,4,13,807,210,234,172,1440,1159,49,1220,1248,28,Thursday,Jan
01/18/2015,MQ,3450,N645MQ,DFW,MAF,1255,1303,8,20,1323,72,75,52,309,1415,3,1407,1418,11,Sunday,Jan
01/08/2015,AA,96,N425AA,DFW,STL,820,814,-6,11,825,97,91,76,550,941,4,957,945,-12,Thursday,Jan
01/17/2015,AA,382,N565AA,DFW,OKC,1345,1510,85,10,1520,54,46,33,175,1553,3,1439,1556,77,Saturday,Jan
02/07/2015,MQ,3423,N678MQ,ORD,ALO,1335,1329,-6,13,1342,68,64,41,234,1423,10,1443,1433,-10,Saturday,Feb
02/05/2015,WN,38,N526SW,HRL,HOU,1325,1321,-4,6,1327,60,60,47,277,1414,7,1425,1421,-4,Thursday,Feb
01/08/2015,WN,556,N7712G,MKE,STL,600,636,36,12,648,85,69,52,317,740,5,725,745,20,Thursday,Jan
01/25/2015,DL,2064,N933DL,ATL,SDF,1620,1618,-2,16,1634,79,73,51,321,1725,6,1739,1731,-8,Sunday,Jan
01/28/2015,OO,2609,N465SW,LAX,SMF,1650,1643,-7,16,1659,84,81,59,373,1758,6,1814,1804,-10,Wednesday,Jan
02/08/2015,WN,410,N209WN,MCO,DEN,905,901,-4,11,912,255,240,221,1546,1053,8,1120,1101,-19,Sunday,Feb
02/05/2015,UA,1712,N69824,TPA,ORD,1706,1706,0,19,1725,181,194,156,1012,1901,19,1907,1920,13,Thursday,Feb
02/07/2015,WN,2796,N759GS,SMF,LAX,1330,1330,0,12,1342,80,82,64,373,1446,6,1450,1452,2,Saturday,Feb
02/11/2015,AA,83,N3BDAA,MCO,DFW,732,718,-14,13,731,183,165,146,985,857,6,935,903,-32,Wednesday,Feb
01/14/2015,DL,845,N961DN,PBI,ATL,1230,1227,-3,15,1242,113,116,89,545,1411,12,1423,1423,0,Wednesday,Jan
01/14/2015,HA,12,N385HA,HNL,SFO,1350,1351,1,15,1406,310,299,273,2398,2039,11,2100,2050,-10,Wednesday,Jan
01/07/2015,WN,1862,N7814B,MDW,EWR,1850,1923,33,13,1936,120,113,88,711,2204,12,2150,2216,26,Wednesday,Jan
01/07/2015,AS,496,N706AS,SEA,SAN,845,840,-5,18,858,161,163,142,1050,1120,3,1126,1123,-3,Wednesday,Jan
01/23/2015,EV,4701,N14907,CMH,EWR,615,608,-7,13,621,105,99,80,463,741,6,800,747,-13,Friday,Jan
02/11/2015,AA,192,N3BGAA,LAX,BOS,2150,2147,-3,14,2201,323,334,314,2611,615,6,613,621,8,Wednesday,Feb
01/26/2015,DL,1121,N911DL,PBI,ATL,535,535,0,10,545,110,99,80,545,705,9,725,714,-11,Monday,Jan
01/04/2015,OO,4600,N429SW,MSP,DLH,1605,1601,-4,15,1616,63,59,36,144,1652,8,1708,1700,-8,Sunday,Jan
02/04/2015,NK,724,N621NK,FLL,LBE,1313,1303,-10,12,1315,158,144,128,980,1523,4,1551,1527,-24,Wednesday,Feb
01/11/2015,UA,156,N17719,DCA,ORD,1145,1140,-5,14,1154,139,116,96,612,1230,6,1304,1236,-28,Sunday,Jan
02/02/2015,F9,1297,N934FR,CVG,LAS,2120,2202,42,10,2212,260,242,226,1678,2258,6,2240,2304,24,Monday,Feb
02/10/2015,WN,2426,N252WN,OAK,LAS,605,600,-5,15,615,90,86,65,407,720,6,735,726,-9,Tuesday,Feb
01/11/2015,OO,5422,N471CA,SFO,ONT,2235,2227,-8,14,2241,80,69,52,363,2333,3,2355,2336,-19,Sunday,Jan
01/02/2015,WN,899,N790SW,BNA,SAT,1955,2136,101,11,2147,150,170,149,822,16,10,2225,26,121,Friday,Jan
01/28/2015,EV,5781,N12569,LRD,IAH,1340,1335,-5,8,1343,74,66,52,301,1435,6,1454,1441,-13,Wednesday,Jan
01/04/2015,OO,6208,N905SW,MOT,DEN,1808,1849,41,15,1904,122,105,82,604,1926,8,1910,1934,24,Sunday,Jan
01/29/2015,UA,1668,N57855,EWR,SFO,720,718,-2,18,736,395,386,348,2565,1024,20,1055,1044,-11,Thursday,Jan
01/27/2015,OO,4856,N633SK,SJC,LAX,1637,1631,-6,11,1642,78,70,48,308,1730,11,1755,1741,-14,Tuesday,Jan
01/24/2015,WN,4197,N476WN,SJU,FLL,1400,1400,0,18,1418,175,169,147,1046,1545,4,1555,1549,-6,Saturday,Jan
01/18/2015,MQ,3084,N608MQ,ORD,CMH,2130,2125,-5,35,2200,71,86,47,296,2347,4,2341,2351,10,Sunday,Jan
01/30/2015,WN,559,N961WN,TPA,BUF,1140,1139,-1,11,1150,165,167,147,1053,1417,9,1425,1426,1,Friday,Jan
02/07/2015,DL,836,N812NW,HNL,ATL,1735,1732,-3,24,1756,519,492,461,4502,637,7,714,644,-30,Saturday,Feb
02/03/2015,AA,1331,N4XVAA,ORD,STL,2020,2035,15,21,2056,68,70,46,258,2142,3,2128,2145,17,Tuesday,Feb
01/05/2015,OO,5549,N110SY,SFO,AUS,1524,1539,15,16,1555,215,218,196,1504,2111,6,2059,2117,18,Monday,Jan
01/26/2015,AA,2423,N493AA,CMH,DFW,1644,1700,16,18,1718,176,150,125,926,1823,7,1840,1830,-10,Monday,Jan
02/08/2015,HA,190,N485HA,LIH,HNL,1652,1647,-5,8,1655,33,46,26,102,1721,12,1725,1733,8,Sunday,Feb
01/03/2015,DL,1663,N917DL,LGA,MIA,1630,1637,7,39,1716,213,192,148,1096,1944,5,2003,1949,-14,Saturday,Jan
01/17/2015,WN,2542,N8322X,MDW,LAS,1040,1032,-8,8,1040,240,224,211,1521,1211,5,1240,1216,-24,Saturday,Jan
02/10/2015,WN,266,N7811F,MSY,DCA,850,848,-2,6,854,140,139,128,969,1202,5,1210,1207,-3,Tuesday,Feb
01/23/2015,WN,459,N621SW,ATL,BWI,1800,1810,10,11,1821,105,95,79,577,1940,5,1945,1945,0,Friday,Jan
02/02/2015,AA,150,N558AA,BWI,DFW,1601,1609,8,9,1618,219,202,177,1217,1815,16,1840,1831,-9,Monday,Feb
02/08/2015,HA,181,N478HA,ITO,HNL,1309,1314,5,8,1322,53,55,41,216,1403,6,1402,1409,7,Sunday,Feb
02/08/2015,UA,512,N505UA,JFK,SFO,1729,1726,-3,30,1756,400,400,361,2586,2057,9,2109,2106,-3,Sunday,Feb
01/05/2015,DL,2504,N916DE,ATL,HSV,1909,1907,-2,19,1926,62,53,29,151,1855,5,1911,1900,-11,Monday,Jan
01/18/2015,US,793,N712US,CLT,STL,2005,2001,-4,24,2025,120,133,105,575,2110,4,2105,2114,9,Sunday,Jan
01/06/2015,EV,4154,N16911,ORD,DAY,841,940,59,24,1004,73,74,43,240,1147,7,1054,1154,60,Tuesday,Jan
01/30/2015,US,1868,N188US,DEN,CLT,1215,1215,0,16,1231,185,177,152,1337,1703,9,1720,1712,-8,Friday,Jan
01/18/2015,NK,816,N525NK,MCI,DTW,1136,1143,7,9,1152,106,121,98,629,1430,14,1422,1444,22,Sunday,Jan
01/19/2015,EV,4540,N16918,PNS,IAH,1820,1812,-8,12,1824,105,106,84,489,1948,10,2005,1958,-7,Monday,Jan
01/06/2015,WN,1044,N719SW,LAS,BUR,1235,1250,15,10,1300,65,55,42,223,1342,3,1340,1345,5,Tuesday,Jan
02/08/2015,UA,1487,N68822,MSY,IAH,642,644,2,10,654,78,63,50,305,744,3,800,747,-13,Sunday,Feb
02/06/2015,US,1980,N573UW,CLT,BOS,745,742,-3,31,813,127,136,103,728,956,2,952,958,6,Friday,Feb
02/10/2015,WN,2161,N384SW,MCO,ALB,940,1002,22,14,1016,160,164,147,1073,1243,3,1220,1246,26,Tuesday,Feb
01/12/2015,MQ,3107,N521MQ,ORD,GRR,2110,2133,23,40,2213,44,87,28,137,2341,19,2254,2400,66,Monday,Jan
01/14/2015,DL,2189,N37700,SLC,PDX,832,831,-1,19,850,132,117,95,630,925,3,944,928,-16,Wednesday,Jan
02/12/2015,US,437,N918US,SLC,PHX,1335,1330,-5,11,1341,94,86,68,507,1449,7,1509,1456,-13,Thursday,Feb
01/26/2015,WN,1988,N215WN,PHX,OKC,1320,1339,19,8,1347,120,119,107,833,1634,4,1620,1638,18,Monday,Jan
01/21/2015,DL,1087,N959DN,ATL,DAB,1205,1201,-4,16,1217,78,72,53,366,1310,3,1323,1313,-10,Wednesday,Jan
01/20/2015,OO,4841,N441SW,MSP,GFK,1329,1321,-8,13,1334,77,70,51,284,1425,6,1446,1431,-15,Tuesday,Jan
01/20/2015,EV,4505,N29917,IAH,ABQ,1449,1450,1,14,1504,141,146,128,744,1612,4,1610,1616,6,Tuesday,Jan
01/21/2015,NK,939,N615NK,IAH,DEN,1021,1102,41,60,1202,149,195,127,862,1309,8,1150,1317,87,Wednesday,Jan
01/25/2015,DL,2106,N335NB,BOI,SLC,1310,1304,-6,9,1313,62,61,45,290,1358,7,1412,1405,-7,Sunday,Jan
02/12/2015,UA,731,N458UA,LAX,SFO,1255,1257,2,17,1314,89,77,54,337,1408,6,1424,1414,-10,Thursday,Feb
01/10/2015,F9,607,N204FR,IND,DEN,1950,2001,11,15,2016,168,166,143,977,2039,8,2038,2047,9,Saturday,Jan
01/23/2015,AS,67,N556AS,SEA,KTN,1455,1450,-5,14,1504,123,124,105,680,1549,5,1558,1554,-4,Friday,Jan
02/05/2015,DL,716,N375NC,BWI,MSP,836,832,-4,14,846,177,154,135,936,1001,5,1033,1006,-27,Thursday,Feb
01/29/2015,WN,2321,N387SW,CHS,BWI,800,756,-4,7,803,95,79,68,472,911,4,935,915,-20,Thursday,Jan
01/19/2015,DL,730,N909DE,ATL,CHS,1640,1639,-1,24,1703,70,68,39,259,1742,5,1750,1747,-3,Monday,Jan
01/12/2015,EV,5366,N730EV,MDW,DTW,1631,1642,11,41,1723,67,87,39,228,1902,7,1838,1909,31,Monday,Jan
01/23/2015,B6,278,N603JB,SFO,FLL,2259,2251,-8,13,2304,317,312,293,2583,657,6,716,703,-13,Friday,Jan
01/24/2015,UA,1126,N73259,DEN,ANC,1126,1155,29,10,1205,349,350,335,2405,1540,5,1515,1545,30,Saturday,Jan
01/21/2015,WN,35,N523SW,SAT,DAL,1315,1317,2,9,1326,60,60,47,248,1413,4,1415,1417,2,Wednesday,Jan
01/26/2015,AA,1003,N547AA,PSP,DFW,1148,1141,-7,17,1158,162,174,143,1126,1621,14,1630,1635,5,Monday,Jan
01/30/2015,US,1701,N959UW,BOS,PHL,830,826,-4,37,903,97,106,63,280,1006,6,1007,1012,5,Friday,Jan
01/20/2015,UA,483,N434UA,BDL,ORD,1713,1700,-13,15,1715,166,156,127,783,1822,14,1859,1836,-23,Tuesday,Jan
02/03/2015,AA,84,N3GUAA,BOS,JFK,940,949,9,30,1019,75,78,43,187,1102,5,1055,1107,12,Tuesday,Feb
02/11/2015,WN,4466,N251WN,SJC,LAX,2020,2020,0,9,2029,70,64,49,308,2118,6,2130,2124,-6,Wednesday,Feb
01/24/2015,WN,3276,N627SW,SAN,SMF,1725,1925,120,18,1943,90,103,79,480,2102,6,1855,2108,133,Saturday,Jan
01/24/2015,DL,1451,N943DN,MSP,LAS,1530,1525,-5,10,1535,210,187,168,1299,1623,9,1700,1632,-28,Saturday,Jan
01/22/2015,B6,1485,N249JB,BOS,PIT,830,824,-6,29,853,115,109,76,496,1009,4,1025,1013,-12,Thursday,Jan
01/25/2015,US,600,N667AW,PDX,PHX,1805,1759,-6,10,1809,149,149,135,1009,2124,4,2134,2128,-6,Sunday,Jan
01/09/2015,WN,1093,N776WN,SFO,DAL,1425,1431,6,13,1444,200,200,184,1476,1948,3,1945,1951,6,Friday,Jan
01/17/2015,B6,1822,N794JB,LGB,PDX,1803,1758,-5,10,1808,141,131,116,846,2004,5,2024,2009,-15,Saturday,Jan
02/02/2015,DL,2143,N534US,ATL,LAS,1625,1624,-1,16,1640,278,274,247,1747,1747,11,1803,1758,-5,Monday,Feb
02/07/2015,EV,4699,N14904,CRP,IAH,710,658,-12,23,721,60,72,42,201,803,7,810,810,0,Saturday,Feb
01/28/2015,MQ,3180,N624MQ,BIS,ORD,1340,1338,-2,14,1352,135,107,89,716,1521,4,1555,1525,-30,Wednesday,Jan
01/26/2015,WN,754,N956WN,PHX,BNA,1900,1913,13,6,1919,190,184,173,1449,2312,5,2310,2317,7,Monday,Jan
02/01/2015,DL,150,N904DE,ATL,DCA,1050,1048,-2,14,1102,104,93,75,547,1217,4,1234,1221,-13,Sunday,Feb
01/10/2015,OO,6399,N693BR,DSM,DEN,928,923,-5,14,937,127,124,98,589,1015,12,1035,1027,-8,Saturday,Jan
01/26/2015,MQ,3070,N516MQ,ORD,CMH,2035,2059,24,107,2246,72,156,45,296,31,4,2247,35,108,Monday,Jan
01/05/2015,DL,2255,N901DE,ATL,BHM,1900,1859,-1,18,1917,58,53,31,134,1848,4,1858,1852,-6,Monday,Jan
01/23/2015,DL,1210,N321NB,MEM,ATL,1713,1721,8,55,1816,86,112,52,332,2008,5,1939,2013,34,Friday,Jan
01/19/2015,AA,1132,N3HNAA,DFW,PHX,940,938,-2,13,951,160,152,135,868,1106,4,1120,1110,-10,Monday,Jan
01/06/2015,DL,796,N907DA,ATL,IND,733,730,-3,14,744,93,89,70,432,854,5,906,859,-7,Tuesday,Jan
02/04/2015,WN,891,N387SW,ABQ,DAL,600,738,98,12,750,100,99,83,580,1013,4,840,1017,97,Wednesday,Feb
01/21/2015,US,1752,N935UW,PHL,SJU,1755,1917,82,138,2135,232,361,216,1576,211,7,2247,218,211,Wednesday,Jan
01/05/2015,OO,5322,N701BR,FWA,ORD,2008,2008,0,7,2015,69,52,36,157,1951,9,2017,2000,-17,Monday,Jan
01/30/2015,UA,530,N446UA,TPA,ORD,630,624,-6,13,637,180,182,156,1012,813,13,830,826,-4,Friday,Jan
01/22/2015,MQ,3621,N939MQ,MAF,DFW,1958,2016,18,19,2035,70,75,51,309,2126,5,2108,2131,23,Thursday,Jan
01/11/2015,UA,1164,N76514,PDX,SFO,1820,1822,2,9,1831,113,95,80,550,1951,6,2013,1957,-16,Sunday,Jan
01/12/2015,MQ,3592,N909MQ,EYW,MIA,1425,1421,-4,11,1432,45,42,26,125,1458,5,1510,1503,-7,Monday,Jan
02/02/2015,AA,1309,N477AA,DFW,TUS,945,943,-2,13,956,145,126,109,813,1045,4,1110,1049,-21,Monday,Feb
01/05/2015,DL,1389,N658DL,LAS,DTW,1437,1436,-1,13,1449,233,224,200,1749,2109,11,2130,2120,-10,Monday,Jan
01/14/2015,DL,1537,N974DL,LIT,ATL,1725,1720,-5,28,1748,95,96,62,453,1950,6,2000,1956,-4,Wednesday,Jan
02/02/2015,DL,1682,N912DL,ATL,DFW,725,729,4,12,741,151,142,123,731,844,7,856,851,-5,Monday,Feb
01/03/2015,DL,906,N350NA,ATL,LGA,2045,2053,8,15,2108,128,110,89,762,2237,6,2253,2243,-10,Saturday,Jan
01/18/2015,DL,2619,N969DL,JFK,MCO,815,809,-6,30,839,188,184,145,944,1104,9,1123,1113,-10,Sunday,Jan
01/23/2015,WN,55,N371SW,DAL,HOU,2000,2025,25,7,2032,60,50,38,239,2110,5,2100,2115,15,Friday,Jan
02/07/2015,WN,3546,N293WN,BDL,BWI,1330,1330,0,25,1355,80,80,49,283,1444,6,1450,1450,0,Saturday,Feb
01/21/2015,EV,5460,N138EV,ATL,BMI,1536,1609,33,20,1629,101,110,85,533,1654,5,1617,1659,42,Wednesday,Jan
01/31/2015,OO,5159,N946SW,OMA,DEN,1732,1724,-8,46,1810,102,127,77,472,1827,4,1814,1831,17,Saturday,Jan
01/10/2015,WN,2982,N609SW,SAN,LAS,1250,1308,18,8,1316,70,62,44,258,1400,10,1400,1410,10,Saturday,Jan
01/29/2015,AA,2398,N585AA,DFW,BHM,1450,1444,-6,10,1454,93,86,73,597,1607,3,1623,1610,-13,Thursday,Jan
01/15/2015,DL,2189,N3742C,PDX,SLC,1024,1026,2,9,1035,100,105,91,630,1306,5,1304,1311,7,Thursday,Jan
02/07/2015,WN,3832,N727SW,ONT,SMF,945,938,-7,12,950,80,78,61,390,1051,5,1105,1056,-9,Saturday,Feb
01/28/2015,B6,1256,N351JB,IAD,BOS,2059,2122,23,19,2141,80,94,70,413,2251,5,2219,2256,37,Wednesday,Jan
02/07/2015,MQ,3270,N600MQ,DFW,CHA,930,926,-4,18,944,111,123,101,695,1225,4,1221,1229,8,Saturday,Feb
01/29/2015,WN,1120,N262WN,PHX,SLC,1720,1717,-3,8,1725,95,77,65,507,1830,4,1855,1834,-21,Thursday,Jan
01/02/2015,B6,334,N354JB,SJU,MCO,2015,2010,-5,11,2021,185,175,158,1189,2159,6,2220,2205,-15,Friday,Jan
01/31/2015,UA,1418,N37465,SAT,IAH,735,733,-2,7,740,62,50,34,191,814,9,837,823,-14,Saturday,Jan
01/07/2015,WN,328,N758SW,LAS,LAX,800,759,-1,16,815,70,67,40,236,855,11,910,906,-4,Wednesday,Jan
01/16/2015,WN,2050,N8619F,BDL,MDW,600,555,-5,12,607,165,145,126,777,713,7,745,720,-25,Friday,Jan
01/08/2015,DL,1668,N825DN,LAX,MSP,1510,1510,0,17,1527,218,216,192,1535,2039,7,2048,2046,-2,Thursday,Jan
01/16/2015,DL,504,N981DL,ATL,EWR,1915,1921,6,34,1955,135,144,106,746,2141,4,2130,2145,15,Friday,Jan
01/28/2015,AS,329,N713AS,SJC,SEA,1000,957,-3,10,1007,124,116,102,697,1149,4,1204,1153,-11,Wednesday,Jan
01/09/2015,AS,144,N512AS,ANC,PDX,200,137,-23,24,201,210,239,212,1542,633,3,630,636,6,Friday,Jan
02/04/2015,WN,133,N8327A,CLE,BNA,620,617,-3,28,645,110,109,76,448,701,5,710,706,-4,Wednesday,Feb
01/07/2015,AS,805,N518AS,SEA,SMF,650,645,-5,20,705,110,110,84,605,829,6,840,835,-5,Wednesday,Jan
01/07/2015,AA,1247,N478AA,TUL,DFW,659,655,-4,11,706,76,66,45,237,751,10,815,801,-14,Wednesday,Jan
01/07/2015,B6,233,N292JB,BTV,JFK,601,552,-9,12,604,88,79,60,266,704,7,729,711,-18,Wednesday,Jan
02/07/2015,AS,463,N469AS,LAX,SEA,2110,2102,-8,11,2113,162,142,126,954,2319,5,2352,2324,-28,Saturday,Feb
02/03/2015,WN,108,N8649A,MDW,LAX,850,856,6,15,911,280,291,240,1750,1111,36,1130,1147,17,Tuesday,Feb
01/28/2015,EV,5466,N176PQ,IAH,DTW,740,733,-7,16,749,168,172,149,1075,1118,7,1128,1125,-3,Wednesday,Jan
01/10/2015,AA,1667,N561AA,DFW,MSY,825,819,-6,14,833,80,78,61,447,934,3,945,937,-8,Saturday,Jan
01/25/2015,OO,4981,N765SK,IAH,BOI,1755,1845,50,14,1859,233,229,211,1482,2130,4,2048,2134,46,Sunday,Jan
01/23/2015,B6,512,N373JB,AUS,FLL,1110,1144,34,9,1153,148,151,137,1105,1510,5,1438,1515,37,Friday,Jan
01/11/2015,B6,1196,N639JB,FLL,PVD,855,854,-1,17,911,171,176,155,1188,1146,4,1146,1150,4,Sunday,Jan
01/06/2015,WN,1431,N426WN,CAK,TPA,755,755,0,73,908,165,202,124,894,1112,5,1040,1117,37,Tuesday,Jan
02/02/2015,WN,3308,N8647A,DCA,DAL,1655,1655,0,14,1709,215,207,186,1184,1915,7,1930,1922,-8,Monday,Feb
01/09/2015,DL,1767,N909DE,FNT,ATL,1159,1155,-4,8,1203,137,128,113,645,1356,7,1416,1403,-13,Friday,Jan
01/22/2015,WN,1636,N515SW,DAL,SAT,745,746,1,9,755,65,69,55,248,850,5,850,855,5,Thursday,Jan
01/04/2015,MQ,3234,N646MQ,DFW,CHA,1450,1448,-2,45,1533,108,144,94,695,1807,5,1738,1812,34,Sunday,Jan
01/03/2015,OO,6402,N937SW,EUG,SFO,1812,1820,8,10,1830,95,82,68,451,1938,4,1947,1942,-5,Saturday,Jan
01/17/2015,NK,202,N617NK,DFW,BWI,1346,1342,-4,11,1353,162,159,143,1217,1716,5,1728,1721,-7,Saturday,Jan
01/08/2015,UA,755,N422UA,LAS,IAH,1709,1708,-1,17,1725,175,176,151,1222,2156,8,2204,2204,0,Thursday,Jan
02/05/2015,AA,2200,N3EMAA,MIA,MCO,2349,52,63,29,121,60,72,38,192,159,5,49,204,75,Thursday,Feb
01/07/2015,F9,682,N908FR,DEN,MCO,1810,1803,-7,12,1815,199,189,170,1546,2305,7,2329,2312,-17,Wednesday,Jan
02/11/2015,HA,520,N480HA,HNL,OGG,936,939,3,8,947,37,36,24,100,1011,4,1013,1015,2,Wednesday,Feb
01/22/2015,OO,5562,N920SW,FSD,ORD,1836,1826,-10,14,1840,100,103,76,462,1956,13,2016,2009,-7,Thursday,Jan
01/07/2015,AS,794,N618AS,SEA,ABQ,1040,1029,-11,30,1059,180,183,147,1180,1426,6,1440,1432,-8,Wednesday,Jan
02/02/2015,DL,1407,N323NB,BIL,MSP,610,608,-2,8,616,129,101,90,748,846,3,919,849,-30,Monday,Feb
01/12/2015,DL,811,N951DN,TPA,ATL,1545,1653,68,20,1713,95,122,87,406,1840,15,1720,1855,95,Monday,Jan
01/14/2015,EV,5156,N921EV,ATL,AEX,2051,2050,-1,18,2108,105,97,77,500,2125,2,2136,2127,-9,Wednesday,Jan
01/03/2015,MQ,2841,N640MQ,DFW,DSM,700,659,-1,12,711,108,95,79,624,830,4,848,834,-14,Saturday,Jan
01/03/2015,F9,770,N206FR,LAS,DEN,942,936,-6,14,950,108,112,91,628,1221,7,1230,1228,-2,Saturday,Jan
01/06/2015,UA,1270,N58101,EWR,MCO,1510,1637,87,38,1715,174,182,136,937,1931,8,1804,1939,95,Tuesday,Jan
01/25/2015,AA,219,N3HPAA,SFO,LAX,2052,2050,-2,17,2107,87,83,56,337,2203,10,2219,2213,-6,Sunday,Jan
02/10/2015,MQ,3107,N509MQ,ORD,GRR,2110,2128,18,13,2141,44,42,25,137,2306,4,2254,2310,16,Tuesday,Feb
01/14/2015,AA,1692,N021AA,MIA,ATL,2000,1957,-3,22,2019,122,121,90,594,2149,9,2202,2158,-4,Wednesday,Jan
01/24/2015,WN,4088,N480WN,TPA,SDF,1105,1128,23,8,1136,125,118,105,727,1321,5,1310,1326,16,Saturday,Jan
01/29/2015,US,2014,N820AW,DFW,PHL,1800,1754,-6,12,1806,182,198,182,1303,2208,4,2202,2212,10,Thursday,Jan
02/08/2015,AS,873,N534AS,KOA,ANC,930,918,-12,10,928,375,343,331,2874,1559,2,1645,1601,-44,Sunday,Feb
01/31/2015,US,1836,N534UW,ATL,PHX,745,737,-8,21,758,275,254,219,1587,937,14,1020,951,-29,Saturday,Jan
02/06/2015,AS,591,N442AS,PSP,PDX,1135,1129,-6,32,1201,145,165,130,873,1411,3,1400,1414,14,Friday,Feb
01/22/2015,WN,396,N765SW,SJU,MCO,1850,1848,-2,12,1900,190,197,174,1189,2054,11,2100,2105,5,Thursday,Jan
01/29/2015,NK,649,N588NK,FLL,SJU,1120,1118,-2,8,1126,156,136,121,1046,1427,7,1456,1434,-22,Thursday,Jan
01/13/2015,WN,506,N214WN,MDW,ABQ,845,843,-2,12,855,195,175,156,1121,1031,7,1100,1038,-22,Tuesday,Jan
02/05/2015,EV,5345,N870AS,ATL,SHV,2155,2146,-9,14,2200,112,95,77,551,2217,4,2247,2221,-26,Thursday,Feb
02/03/2015,DL,1903,N315NB,MSY,LGA,1200,1237,37,26,1303,166,184,133,1183,1616,25,1546,1641,55,Tuesday,Feb
01/10/2015,US,720,N507AY,PHX,CLT,1105,1104,-1,15,1119,233,229,206,1773,1645,8,1658,1653,-5,Saturday,Jan
01/30/2015,WN,449,N359SW,MKE,DCA,1425,1419,-6,9,1428,115,104,90,634,1658,5,1720,1703,-17,Friday,Jan
01/08/2015,AS,69,N797AS,KTN,JNU,2034,2013,-21,8,2021,66,45,34,234,2055,3,2140,2058,-42,Thursday,Jan
01/03/2015,EV,5098,N855AS,ATL,AGS,1206,1202,-4,12,1214,48,43,28,143,1242,3,1254,1245,-9,Saturday,Jan
01/08/2015,WN,3496,N727SW,LAS,SJC,1955,2045,50,10,2055,90,72,58,386,2153,4,2125,2157,32,Thursday,Jan
02/02/2015,DL,2431,N3749D,JFK,FLL,805,819,14,81,940,208,254,166,1069,1226,7,1133,1233,60,Monday,Feb
01/19/2015,DL,1930,N554NW,DTW,FLL,2005,2004,-1,26,2030,185,175,147,1127,2257,2,2310,2259,-11,Monday,Jan
02/08/2015,B6,327,N569JB,EWR,MCO,1615,1612,-3,25,1637,173,155,125,937,1842,5,1908,1847,-21,Sunday,Feb
01/27/2015,AA,397,N3GXAA,MIA,SJU,925,956,31,47,1043,156,174,120,1045,1343,7,1301,1350,49,Tuesday,Jan
02/01/2015,AA,72,N853AA,DFW,MCO,600,553,-7,9,602,142,141,125,985,907,7,922,914,-8,Sunday,Feb
01/14/2015,UA,1160,N75426,ORD,SFO,2020,2037,17,19,2056,282,262,237,1846,2253,6,2302,2259,-3,Wednesday,Jan
01/25/2015,MQ,3270,N693MQ,CHA,DFW,1246,1240,-6,40,1320,149,170,121,695,1421,9,1415,1430,15,Sunday,Jan
01/13/2015,EV,3939,N12530,MFE,IAH,1311,1302,-9,20,1322,74,82,56,316,1418,6,1425,1424,-1,Tuesday,Jan
02/09/2015,AA,323,N576AA,STL,DFW,901,1023,82,11,1034,117,92,76,550,1150,5,1058,1155,57,Monday,Feb
01/06/2015,EV,4598,N14974,CVG,IAH,1152,1156,4,18,1214,176,162,135,871,1329,9,1348,1338,-10,Tuesday,Jan
02/04/2015,WN,4830,N379SW,SEA,DEN,1515,1521,6,9,1530,150,141,124,1024,1834,8,1845,1842,-3,Wednesday,Feb
01/15/2015,US,2063,N644AW,TPA,PHL,800,756,-4,13,809,148,150,128,920,1017,9,1028,1026,-2,Thursday,Jan
02/09/2015,DL,1493,N904DL,ORD,DTW,1635,1627,-8,21,1648,90,89,60,235,1848,8,1905,1856,-9,Monday,Feb
01/19/2015,DL,1120,N920DE,BDL,DTW,905,905,0,18,923,129,124,96,549,1059,10,1114,1109,-5,Monday,Jan
01/16/2015,OO,4586,N816SK,SJC,SLC,1018,1011,-7,15,1026,116,112,92,584,1258,5,1314,1303,-11,Friday,Jan
01/17/2015,EV,2537,N877AS,MLU,DFW,641,637,-4,27,704,84,94,62,293,806,5,805,811,6,Saturday,Jan
01/18/2015,US,491,N910AW,LAX,PHX,1005,1011,6,26,1037,75,86,55,370,1232,5,1220,1237,17,Sunday,Jan
01/26/2015,WN,865,N275WN,FLL,STL,1805,1804,-1,13,1817,190,186,168,1056,2005,5,2015,2010,-5,Monday,Jan
01/14/2015,MQ,3635,N817MQ,DFW,PNS,1030,1025,-5,22,1047,100,105,78,604,1205,5,1210,1210,0,Wednesday,Jan
01/25/2015,UA,1043,N19136,LAX,EWR,1145,1135,-10,20,1155,324,335,307,2454,2002,8,2009,2010,1,Sunday,Jan
02/08/2015,HA,148,N490HA,HNL,KOA,1320,1318,-2,9,1327,44,43,27,163,1354,7,1404,1401,-3,Sunday,Feb
01/09/2015,MQ,3200,N6EAMQ,LBB,DFW,942,946,4,28,1014,67,81,44,282,1058,9,1049,1107,18,Friday,Jan
02/02/2015,B6,1521,N587JB,PDX,LGB,1323,1319,-4,11,1330,135,131,115,846,1525,5,1538,1530,-8,Monday,Feb
01/11/2015,HA,24,N580HA,OGG,OAK,1250,1252,2,15,1307,300,314,293,2349,2000,6,1950,2006,16,Sunday,Jan
01/29/2015,WN,48,N352SW,BWI,BOS,1050,1053,3,12,1105,80,89,70,369,1215,7,1210,1222,12,Thursday,Jan
01/02/2015,AA,1413,N586AA,DFW,SAT,2250,2251,1,13,2304,60,186,62,247,6,111,2350,157,127,Friday,Jan
01/08/2015,B6,2702,N703JB,JFK,BUF,645,635,-10,26,701,88,90,62,301,803,2,813,805,-8,Thursday,Jan
01/03/2015,EV,2508,N877AS,DFW,LFT,1405,1456,51,12,1508,75,83,55,351,1603,16,1520,1619,59,Saturday,Jan
02/11/2015,AS,336,N788AS,SEA,SJC,2025,2020,-5,10,2030,121,120,106,697,2216,4,2226,2220,-6,Wednesday,Feb
01/03/2015,B6,1434,N510JB,SJU,MCO,605,605,0,11,616,188,173,159,1189,755,3,813,758,-15,Saturday,Jan
01/25/2015,UA,1539,N69810,PHL,IAH,1723,1757,34,21,1818,233,206,179,1325,2017,6,2016,2023,7,Sunday,Jan
01/16/2015,WN,2606,N779SW,SJC,MDW,1410,1406,-4,8,1414,250,231,220,1838,1954,3,2020,1957,-23,Friday,Jan
01/06/2015,WN,541,N243WN,CAK,ATL,600,559,-1,56,655,125,148,86,528,821,6,805,827,22,Tuesday,Jan
01/02/2015,HA,515,N491HA,OGG,HNL,2254,10,76,18,28,33,49,26,100,54,5,2327,59,92,Friday,Jan
02/11/2015,B6,1285,N354JB,BOS,PIT,615,612,-3,20,632,117,103,79,496,751,4,812,755,-17,Wednesday,Feb
01/22/2015,EV,4136,N12175,CLE,LGA,840,829,-11,18,847,102,88,65,419,952,5,1022,957,-25,Thursday,Jan
01/07/2015,WN,2866,N966WN,DTW,BWI,1150,1143,-7,12,1155,100,79,62,409,1257,5,1330,1302,-28,Wednesday,Jan
01/15/2015,OO,6459,N702SK,DAY,ORD,1515,1516,1,14,1530,75,68,45,240,1515,9,1530,1524,-6,Thursday,Jan
01/02/2015,UA,1262,N18223,MCO,EWR,1410,1416,6,14,1430,169,148,124,937,1634,10,1659,1644,-15,Friday,Jan
02/11/2015,UA,672,N810UA,IAH,ORD,824,822,-2,12,834,160,131,115,925,1029,4,1104,1033,-31,Wednesday,Feb
01/31/2015,MQ,3101,N508MQ,ORD,OKC,1245,1237,-8,10,1247,131,117,102,693,1429,5,1456,1434,-22,Saturday,Jan
01/29/2015,AA,1364,N3BAAA,CLT,ORD,1615,1624,9,15,1639,129,124,96,599,1715,13,1724,1728,4,Thursday,Jan
01/10/2015,B6,1403,N633JB,JFK,SJU,611,608,-3,17,625,223,232,211,1598,1056,4,1054,1100,6,Saturday,Jan
02/06/2015,UA,394,N828UA,MSY,EWR,1119,1117,-2,8,1125,171,167,152,1167,1457,7,1510,1504,-6,Friday,Feb
01/14/2015,DL,1067,N920DE,ATL,MEM,1730,1725,-5,21,1746,81,82,57,332,1743,4,1751,1747,-4,Wednesday,Jan
01/19/2015,AA,295,N856AA,MIA,LAX,920,934,14,19,953,369,354,326,2342,1219,9,1229,1228,-1,Monday,Jan
01/25/2015,WN,4464,N731SA,MKE,SFO,1220,1219,-1,10,1229,290,244,229,1845,1418,5,1510,1423,-47,Sunday,Jan
01/24/2015,DL,2216,N945DL,ATL,ABQ,1655,1653,-2,14,1707,218,195,175,1269,1802,6,1833,1808,-25,Saturday,Jan
01/07/2015,MQ,3620,N513MQ,STL,LGA,1655,1757,62,27,1824,136,151,120,888,2124,4,2011,2128,77,Wednesday,Jan
01/03/2015,AA,1629,N4XTAA,SAT,DFW,1045,1050,5,11,1101,70,76,55,247,1156,10,1155,1206,11,Saturday,Jan
02/06/2015,WN,292,N552WN,LAX,ATL,1235,1241,6,7,1248,255,259,229,1947,1937,23,1950,2000,10,Friday,Feb
01/18/2015,DL,1774,N802DN,ATL,RDU,1500,1458,-2,15,1513,80,73,54,356,1607,4,1620,1611,-9,Sunday,Jan
01/13/2015,WN,182,N763SW,PHX,SAN,1315,1318,3,11,1329,70,69,55,304,1324,3,1325,1327,2,Tuesday,Jan
02/10/2015,DL,1418,N6713Y,MCO,ATL,520,516,-4,15,531,89,84,64,404,635,5,649,640,-9,Tuesday,Feb
01/20/2015,AS,648,N315AS,SEA,TUS,1015,1037,22,13,1050,170,164,145,1216,1415,6,1405,1421,16,Tuesday,Jan
01/31/2015,WN,3654,N8325D,PHX,BWI,755,750,-5,12,802,250,255,223,1999,1345,20,1405,1405,0,Saturday,Jan
02/01/2015,OO,5456,N984CA,RDM,SFO,557,542,-15,21,603,98,98,74,462,717,3,735,720,-15,Sunday,Feb
02/06/2015,EV,2538,N909EV,TYR,DFW,1639,1636,-3,9,1645,46,50,29,102,1714,12,1725,1726,1,Friday,Feb
01/10/2015,MQ,3370,N546MQ,JFK,DCA,848,851,3,58,949,81,107,41,213,1030,8,1009,1038,29,Saturday,Jan
01/19/2015,MQ,3274,N909MQ,ORD,CVG,1530,1524,-6,14,1538,66,60,41,265,1719,5,1736,1724,-12,Monday,Jan
02/09/2015,DL,2415,N981AT,ATL,EWR,2145,2208,23,18,2226,126,122,97,746,3,7,2351,10,19,Monday,Feb
02/03/2015,DL,1093,N304DQ,LEX,ATL,720,714,-6,12,726,103,76,57,304,823,7,903,830,-33,Tuesday,Feb
02/01/2015,OO,4544,N460SW,MSP,ATW,1330,1337,7,29,1406,70,86,53,236,1459,4,1440,1503,23,Sunday,Feb
01/28/2015,EV,5594,N538CA,MLI,ATL,600,556,-4,11,607,108,96,80,633,827,5,848,832,-16,Wednesday,Jan
01/07/2015,VX,963,N854VA,SAN,SFO,1715,1710,-5,17,1727,90,81,60,447,1827,4,1845,1831,-14,Wednesday,Jan
01/05/2015,F9,1053,N948FR,SLC,PHX,1515,1536,21,14,1550,100,89,69,507,1659,6,1655,1705,10,Monday,Jan
01/23/2015,AA,2465,N3GTAA,LAX,SFO,2045,2038,-7,21,2059,82,86,55,337,2154,10,2207,2204,-3,Friday,Jan
01/03/2015,WN,1048,N527SW,HOU,HRL,1430,1449,19,6,1455,65,65,54,277,1549,5,1535,1554,19,Saturday,Jan
02/09/2015,DL,1625,N900PC,BWI,ATL,615,609,-6,17,626,126,106,85,577,751,4,821,755,-26,Monday,Feb
01/25/2015,AA,1125,N490AA,DTW,DFW,605,600,-5,29,629,189,190,155,986,804,6,814,810,-4,Sunday,Jan
01/17/2015,B6,1716,N507JB,TPA,LGA,1126,1112,-14,10,1122,153,142,123,1010,1325,9,1359,1334,-25,Saturday,Jan
01/03/2015,WN,1625,N8645A,LAS,SEA,1045,1110,25,14,1124,155,159,140,867,1344,5,1320,1349,29,Saturday,Jan
02/04/2015,UA,1614,N12218,ORD,LGA,800,755,-5,17,812,128,115,93,733,1045,5,1108,1050,-18,Wednesday,Feb
02/04/2015,US,449,N813AW,PIT,PHX,1725,1720,-5,10,1730,285,273,258,1814,1948,5,2010,1953,-17,Wednesday,Feb
01/12/2015,DL,2176,N966DL,BNA,ATL,1730,2309,339,21,2330,74,64,38,214,108,5,1944,113,329,Monday,Jan
01/18/2015,DL,2098,N925AT,OKC,DTW,748,744,-4,10,754,146,139,121,900,1055,8,1114,1103,-11,Sunday,Jan
01/20/2015,MQ,3391,N818MQ,LGA,CMH,1938,1929,-9,15,1944,119,101,81,479,2105,5,2137,2110,-27,Tuesday,Jan
01/29/2015,UA,1555,N37419,SEA,ORD,1401,1356,-5,22,1418,242,228,195,1721,1933,11,2003,1944,-19,Thursday,Jan
02/04/2015,B6,1081,N228JB,BOS,RIC,901,852,-9,25,917,113,114,85,474,1042,4,1054,1046,-8,Wednesday,Feb
01/08/2015,US,1802,N803AW,CLT,MSY,1625,1620,-5,14,1634,127,120,102,651,1716,4,1732,1720,-12,Thursday,Jan
01/30/2015,EV,5324,N608QX,FAR,MSP,1317,1314,-3,10,1324,63,48,35,223,1359,3,1420,1402,-18,Friday,Jan
01/19/2015,WN,1834,N718SW,HOU,EWR,715,711,-4,9,720,195,194,179,1411,1119,6,1130,1125,-5,Monday,Jan
01/05/2015,WN,1770,N7742B,MCO,BWI,755,747,-8,11,758,135,113,96,787,934,6,1010,940,-30,Monday,Jan
01/07/2015,UA,753,N548UA,ORD,BOS,1315,1320,5,17,1337,137,131,110,867,1627,4,1632,1631,-1,Wednesday,Jan
02/06/2015,MQ,3622,N505MQ,DFW,ASE,1255,1331,36,14,1345,132,117,101,701,1426,2,1407,1428,21,Friday,Feb
01/22/2015,AA,2419,N850AA,DFW,LAX,920,917,-3,15,932,203,200,170,1235,1022,15,1043,1037,-6,Thursday,Jan
01/26/2015,AA,2433,N3KKAA,LAX,DFW,1455,1451,-4,25,1516,180,197,162,1235,1958,10,1955,2008,13,Monday,Jan
01/23/2015,WN,434,N7706A,BWI,MEM,1400,1401,1,11,1412,160,154,138,787,1530,5,1540,1535,-5,Friday,Jan
01/12/2015,US,2001,N122US,PHL,FLL,1000,1031,31,22,1053,186,178,154,992,1327,2,1306,1329,23,Monday,Jan
02/05/2015,WN,4337,N231WN,MCO,BWI,905,900,-5,9,909,130,109,96,787,1045,4,1115,1049,-26,Thursday,Feb
02/11/2015,AA,1075,N3JNAA,ORD,DCA,811,802,-9,14,816,104,100,77,612,1033,9,1055,1042,-13,Wednesday,Feb
01/10/2015,HA,23,N587HA,OAK,OGG,820,820,0,13,833,320,314,295,2349,1128,6,1140,1134,-6,Saturday,Jan
02/11/2015,F9,783,N221FR,DEN,LAS,1835,1832,-3,10,1842,112,98,79,628,1901,9,1927,1910,-17,Wednesday,Feb
01/26/2015,EV,4167,N17185,IAH,JAN,1250,1249,-1,17,1306,76,87,53,351,1359,17,1406,1416,10,Monday,Jan
01/11/2015,WN,106,N906WN,HOU,MCO,1830,1830,0,16,1846,120,134,110,849,2136,8,2130,2144,14,Sunday,Jan
02/09/2015,EV,4997,N926EV,DTW,AZO,2140,2132,-8,15,2147,53,44,23,113,2210,6,2233,2216,-17,Monday,Feb
01/07/2015,DL,29,N963DL,ATL,DFW,1910,1905,-5,32,1937,156,153,114,731,2031,7,2046,2038,-8,Wednesday,Jan
01/19/2015,WN,265,N957WN,MDW,PVD,1335,1331,-4,15,1346,130,123,104,842,1630,4,1645,1634,-11,Monday,Jan
01/27/2015,UA,201,N213UA,HNL,GUM,1450,1602,72,18,1620,470,461,438,3801,1938,5,1840,1943,63,Tuesday,Jan
01/02/2015,HA,309,N492HA,OGG,LIH,1745,1817,32,9,1826,45,53,39,201,1905,5,1830,1910,40,Friday,Jan
01/04/2015,MQ,3217,N626MQ,ORF,JFK,1325,1543,138,27,1610,85,85,49,290,1659,9,1450,1708,138,Sunday,Jan
01/19/2015,WN,555,N7734H,OMA,DEN,1945,1938,-7,6,1944,105,104,75,472,1959,23,2030,2022,-8,Monday,Jan
01/16/2015,WN,2283,N452WN,LAS,OAK,600,553,-7,16,609,90,90,68,407,717,6,730,723,-7,Friday,Jan
02/02/2015,DL,1891,N904DA,TPA,ATL,1345,1345,0,13,1358,93,98,73,406,1511,12,1518,1523,5,Monday,Feb
01/05/2015,WN,1830,N527SW,AUS,DAL,1925,1934,9,8,1942,55,52,40,189,2022,4,2020,2026,6,Monday,Jan
01/22/2015,WN,36,N7721E,TPA,HOU,1305,1305,0,9,1314,145,148,135,781,1429,4,1430,1433,3,Thursday,Jan
01/20/2015,AA,1352,N4YNAA,STL,ORD,830,837,7,13,850,77,69,47,258,937,9,947,946,-1,Tuesday,Jan
01/31/2015,EV,2533,N877AS,TYS,DFW,600,554,-6,10,604,155,130,115,772,659,5,735,704,-31,Saturday,Jan
01/06/2015,WN,605,N218WN,SMF,ONT,2155,2236,41,9,2245,75,73,60,390,2345,4,2310,2349,39,Tuesday,Jan
01/16/2015,US,1861,N103US,FLL,CLT,1720,1725,5,13,1738,121,117,98,631,1916,6,1921,1922,1,Friday,Jan
01/15/2015,EV,5575,N860AS,ILM,ATL,600,553,-7,11,604,95,89,68,377,712,10,735,722,-13,Thursday,Jan
01/08/2015,WN,243,N340LV,BWI,CHS,1950,2027,37,8,2035,100,93,78,472,2153,7,2130,2200,30,Thursday,Jan
01/04/2015,DL,982,N6716C,PDX,ATL,2355,20,25,10,30,265,249,229,2172,719,10,720,729,9,Sunday,Jan
01/17/2015,WN,3977,N601WN,SJC,SAN,830,859,29,8,907,80,74,64,417,1011,2,950,1013,23,Saturday,Jan
02/12/2015,EV,6123,N11199,ORD,GSP,938,1014,36,18,1032,108,95,73,578,1245,4,1226,1249,23,Thursday,Feb
01/03/2015,HA,304,N480HA,LIH,HNL,919,915,-4,6,921,32,36,21,102,942,9,951,951,0,Saturday,Jan
01/01/2015,UA,649,N834UA,DEN,JAC,1124,1138,14,11,1149,90,72,57,406,1246,4,1254,1250,-4,Thursday,Jan
01/25/2015,NK,469,N504NK,FLL,DFW,708,705,-3,16,721,192,200,174,1119,915,10,920,925,5,Sunday,Jan
01/23/2015,HA,596,N487HA,HNL,OGG,2024,2028,4,12,2040,36,39,22,100,2102,5,2100,2107,7,Friday,Jan
01/02/2015,DL,811,N944DN,ATL,TPA,1340,1352,12,26,1418,85,89,59,406,1517,4,1505,1521,16,Friday,Jan
01/30/2015,WN,1157,N485WN,LIT,LAS,1125,1122,-3,8,1130,215,201,188,1294,1238,5,1300,1243,-17,Friday,Jan
01/16/2015,DL,552,N541US,ATL,MSY,2030,2029,-1,17,2046,98,87,66,425,2052,4,2108,2056,-12,Friday,Jan
01/21/2015,B6,453,N554JB,JFK,PBI,659,701,2,32,733,183,181,141,1028,954,8,1002,1002,0,Wednesday,Jan
01/11/2015,EV,5204,N744EV,CLE,RDU,620,611,-9,12,623,97,77,59,416,722,6,757,728,-29,Sunday,Jan
01/03/2015,WN,674,N7732A,TPA,BWI,1645,1830,105,8,1838,130,120,107,842,2025,5,1855,2030,95,Saturday,Jan
01/20/2015,AS,349,N592AS,OAK,SEA,1855,1909,14,8,1917,118,113,100,671,2057,5,2053,2102,9,Tuesday,Jan
01/25/2015,VX,108,N623VA,LAX,IAD,830,834,4,6,840,280,292,279,2288,1619,7,1610,1626,16,Sunday,Jan
01/22/2015,AA,221,N3ELAA,SFO,DFW,1440,1435,-5,15,1450,202,205,181,1464,1951,9,2002,2000,-2,Thursday,Jan
02/11/2015,WN,2673,N744SW,ATL,RSW,1855,1856,1,12,1908,105,97,80,515,2028,5,2040,2033,-7,Wednesday,Feb
02/05/2015,NK,424,N637NK,LAX,MSP,920,915,-5,7,922,217,203,191,1535,1433,5,1457,1438,-19,Thursday,Feb
02/05/2015,AA,1355,N3EMAA,MIA,BOS,1515,1632,77,10,1642,190,166,151,1258,1913,5,1825,1918,53,Thursday,Feb
01/24/2015,WN,3868,N783SW,ABQ,LAS,1615,1617,2,5,1622,95,88,78,486,1640,5,1650,1645,-5,Saturday,Jan
02/07/2015,WN,2744,N959WN,SNA,LAS,1440,1437,-3,10,1447,60,60,43,226,1530,7,1540,1537,-3,Saturday,Feb
01/12/2015,WN,2426,N7711N,MCI,MDW,1505,1518,13,7,1525,80,76,56,405,1621,13,1625,1634,9,Monday,Jan
01/26/2015,AA,1623,N4YSAA,LAS,DFW,907,902,-5,16,918,163,158,134,1055,1332,8,1350,1340,-10,Monday,Jan
02/09/2015,DL,2217,N6712B,ATL,LAS,1345,1342,-3,19,1401,275,270,243,1747,1504,8,1520,1512,-8,Monday,Feb
01/14/2015,WN,2589,N523SW,SAT,DAL,1055,1100,5,22,1122,60,69,42,248,1204,5,1155,1209,14,Wednesday,Jan
01/13/2015,B6,533,N247JB,BDL,TPA,1050,1043,-7,9,1052,195,192,179,1111,1351,4,1405,1355,-10,Tuesday,Jan
01/19/2015,AA,1214,N599AA,AUS,ORD,600,553,-7,7,600,155,142,129,978,809,6,835,815,-20,Monday,Jan
01/15/2015,US,1805,N740UW,ATL,CLT,1959,1959,0,27,2026,75,82,45,226,2111,10,2114,2121,7,Thursday,Jan
01/09/2015,MQ,2989,N504MQ,LBB,DFW,1139,1135,-4,15,1150,66,89,47,282,1237,27,1245,1304,19,Friday,Jan
01/17/2015,AA,2312,N383AA,MCO,MIA,1900,1856,-4,12,1908,71,70,36,192,1944,22,2011,2006,-5,Saturday,Jan
01/28/2015,B6,906,N190JB,ORD,JFK,955,948,-7,18,1006,123,123,100,740,1246,5,1258,1251,-7,Wednesday,Jan
01/08/2015,WN,2880,N443WN,SMF,PDX,1740,1737,-3,9,1746,90,81,70,479,1856,2,1910,1858,-12,Thursday,Jan
01/06/2015,EV,5355,N686BR,XNA,ATL,1500,1526,26,12,1538,102,97,79,589,1757,6,1742,1803,21,Tuesday,Jan
01/04/2015,AS,335,N791AS,SJC,SEA,1500,1508,8,9,1517,120,123,108,697,1705,6,1700,1711,11,Sunday,Jan
02/12/2015,AA,347,N3KUAA,MSY,MIA,545,542,-3,14,556,108,116,87,675,823,15,833,838,5,Thursday,Feb
01/28/2015,UA,239,N485UA,LAX,SFO,1014,1016,2,21,1037,98,76,51,337,1128,4,1152,1132,-20,Wednesday,Jan
01/09/2015,WN,550,N937WN,LAS,SAN,645,647,2,14,701,65,67,46,258,747,7,750,754,4,Friday,Jan
02/08/2015,HA,509,N493HA,HNL,LIH,813,809,-4,14,823,37,42,23,102,846,5,850,851,1,Sunday,Feb
01/26/2015,WN,4548,N8657B,LAS,STL,1245,1245,0,9,1254,190,181,167,1371,1741,5,1755,1746,-9,Monday,Jan
01/08/2015,EV,5590,N398CA,DTW,ELM,1540,1536,-4,25,1601,69,74,46,332,1647,3,1649,1650,1,Thursday,Jan
02/07/2015,WN,3709,N929WN,TPA,PVD,940,936,-4,10,946,160,173,158,1136,1224,5,1220,1229,9,Saturday,Feb
02/07/2015,EV,4227,N19966,GSO,EWR,1523,1515,-8,6,1521,97,92,75,445,1636,11,1700,1647,-13,Saturday,Feb
01/09/2015,NK,167,N616NK,ORD,PHX,2115,2149,34,13,2202,229,213,193,1440,15,7,4,22,18,Friday,Jan
02/10/2015,DL,1740,N383DN,LAS,SLC,1350,1446,56,22,1508,80,81,55,368,1703,4,1610,1707,57,Tuesday,Feb
01/27/2015,MQ,3376,N610MQ,FSD,DFW,1217,1210,-7,15,1225,133,117,95,737,1400,7,1430,1407,-23,Tuesday,Jan
01/03/2015,AA,20,N786AA,SFO,JFK,1500,1502,2,12,1514,325,319,296,2586,2310,11,2325,2321,-4,Saturday,Jan
01/02/2015,EV,4536,N16541,EWR,CVG,1907,1936,29,14,1950,132,130,106,569,2136,10,2119,2146,27,Friday,Jan
02/07/2015,AA,1084,N3BSAA,DFW,FLL,1330,1331,1,15,1346,160,160,138,1119,1704,7,1710,1711,1,Saturday,Feb
01/28/2015,WN,550,N417WN,SAN,HOU,825,820,-5,10,830,175,171,156,1313,1306,5,1320,1311,-9,Wednesday,Jan
01/18/2015,WN,470,N556WN,CRP,HOU,1005,1002,-3,7,1009,50,44,33,187,1042,4,1055,1046,-9,Sunday,Jan
01/15/2015,DL,1775,N990AT,JAN,ATL,600,558,-2,14,612,84,84,57,341,809,13,824,822,-2,Thursday,Jan
02/11/2015,WN,242,N7729A,LAX,ABQ,1110,1105,-5,10,1115,100,107,92,677,1347,5,1350,1352,2,Wednesday,Feb
01/26/2015,UA,1020,N27722,DCA,IAH,1212,1207,-5,22,1229,219,195,166,1208,1415,7,1451,1422,-29,Monday,Jan
01/26/2015,DL,2542,N967AT,ATL,JAN,2154,2150,-4,13,2203,79,73,55,341,2158,5,2213,2203,-10,Monday,Jan
01/24/2015,UA,1156,N38446,MCO,IAH,1639,1638,-1,10,1648,157,157,129,854,1757,18,1816,1815,-1,Saturday,Jan
02/10/2015,DL,2403,N970AT,MIA,LGA,1100,1109,9,19,1128,179,169,145,1096,1353,5,1359,1358,-1,Tuesday,Feb
01/01/2015,WN,613,N243WN,ATL,HOU,1555,1625,30,15,1640,145,133,113,696,1733,5,1720,1738,18,Thursday,Jan
01/02/2015,AA,2315,N3JFAA,DFW,ORD,1425,1444,19,19,1503,135,119,92,802,1635,8,1640,1643,3,Friday,Jan
01/29/2015,AS,571,N760AS,SAN,PDX,1525,1522,-3,11,1533,147,140,123,933,1736,6,1752,1742,-10,Thursday,Jan
02/06/2015,EV,4389,N16919,MEM,ORD,540,544,4,28,612,118,129,88,491,740,13,738,753,15,Friday,Feb
01/23/2015,AA,1138,N3FPAA,LGA,DFW,1629,1620,-9,22,1642,256,243,215,1389,1917,6,1945,1923,-22,Friday,Jan
02/09/2015,B6,951,N643JB,BOS,MCO,1548,1611,23,40,1651,200,217,162,1121,1933,15,1908,1948,40,Monday,Feb
01/12/2015,WN,748,N255WN,ELP,AUS,2040,2035,-5,9,2044,85,82,69,528,2253,4,2305,2257,-8,Monday,Jan
01/16/2015,EV,4198,N12922,BNA,IAH,816,811,-5,25,836,147,151,109,657,1025,17,1043,1042,-1,Friday,Jan
01/06/2015,DL,755,N357NW,CMH,ATL,1459,1458,-1,9,1507,101,80,65,447,1612,6,1640,1618,-22,Tuesday,Jan
01/25/2015,DL,1058,N551NW,ATL,MCO,1355,1354,-1,25,1419,90,92,59,404,1518,8,1525,1526,1,Sunday,Jan
02/10/2015,MQ,3042,N931MQ,MIA,CHS,2119,2117,-2,25,2142,103,123,86,489,2308,12,2302,2320,18,Tuesday,Feb
01/02/2015,OO,4549,N809CA,SLC,MFR,830,826,-4,16,842,131,114,95,575,917,3,941,920,-21,Friday,Jan
01/20/2015,EV,5981,N12563,ORD,GRB,947,944,-3,14,958,58,52,35,173,1033,3,1045,1036,-9,Tuesday,Jan
01/12/2015,EV,5321,N761ND,FSD,MSP,1314,1435,81,14,1449,66,64,39,196,1528,11,1420,1539,79,Monday,Jan
01/04/2015,WN,1307,N221WN,CMH,STL,905,910,5,8,918,95,111,75,409,933,28,940,1001,21,Sunday,Jan
01/03/2015,B6,137,N657JB,BDL,MCO,1933,1932,-1,35,2007,180,190,149,1050,2236,6,2233,2242,9,Saturday,Jan
01/23/2015,WN,4910,N277WN,BUR,OAK,1320,1317,-3,11,1328,70,72,56,325,1424,5,1430,1429,-1,Friday,Jan
02/05/2015,WN,450,N8638A,HOU,LAX,1720,1722,2,12,1734,230,225,183,1390,1837,30,1910,1907,-3,Thursday,Feb
02/09/2015,EV,4924,N135EV,ECP,ATL,948,945,-3,10,955,67,70,47,240,1142,13,1155,1155,0,Monday,Feb
01/07/2015,DL,959,N338NB,MSP,MCI,1500,1520,20,14,1534,89,72,54,393,1628,4,1629,1632,3,Wednesday,Jan
01/17/2015,DL,2028,N582NW,MCO,DTW,1545,1543,-2,11,1554,159,150,130,957,1804,9,1824,1813,-11,Saturday,Jan
02/12/2015,WN,1803,N730SW,OAK,BUR,610,606,-4,21,627,70,74,51,325,718,2,720,720,0,Thursday,Feb
01/09/2015,OO,5373,N910SW,LAX,SBA,1000,1000,0,28,1028,46,51,19,89,1047,4,1046,1051,5,Friday,Jan
01/26/2015,EV,4457,N24128,ORD,LEX,1310,1331,21,19,1350,79,68,46,323,1536,3,1529,1539,10,Monday,Jan
01/16/2015,DL,1286,N962DL,ATL,LGA,1045,1043,-2,17,1100,131,129,100,762,1240,12,1256,1252,-4,Friday,Jan
02/05/2015,UA,668,N821UA,ORD,LGA,600,604,4,15,619,127,119,100,733,859,4,907,903,-4,Thursday,Feb
02/01/2015,DL,2512,N955AT,HSV,ATL,700,656,-4,25,721,71,62,28,151,849,9,911,858,-13,Sunday,Feb
02/11/2015,WN,1255,N7721E,LAS,BUR,1050,1045,-5,10,1055,65,56,43,223,1138,3,1155,1141,-14,Wednesday,Feb
01/29/2015,WN,3676,N237WN,BWI,RDU,1445,1519,34,11,1530,70,64,49,255,1619,4,1555,1623,28,Thursday,Jan
02/10/2015,DL,1137,N825DN,RDU,ATL,830,829,-1,10,839,103,84,53,356,932,21,1013,953,-20,Tuesday,Feb
02/06/2015,UA,532,N850UA,ORD,PIT,1855,1859,4,23,1922,91,87,59,413,2121,5,2126,2126,0,Friday,Feb
01/31/2015,OO,7419,N430SW,MSP,ABR,2005,2001,-4,16,2017,90,64,44,257,2101,4,2135,2105,-30,Saturday,Jan
01/24/2015,WN,3141,N641SW,SAT,STL,710,706,-4,16,722,120,127,107,786,909,4,910,913,3,Saturday,Jan
01/10/2015,EV,4715,N11107,ORD,BNA,1633,1642,9,35,1717,89,101,61,409,1818,5,1802,1823,21,Saturday,Jan
01/23/2015,OO,2748,N468CA,TUS,PHX,1620,1617,-3,8,1625,49,38,25,110,1650,5,1709,1655,-14,Friday,Jan
01/12/2015,NK,969,N514NK,BWI,ORD,620,618,-2,16,634,120,125,100,622,714,9,720,723,3,Monday,Jan
02/03/2015,US,1840,N829AW,MCI,CLT,1350,1342,-8,10,1352,128,105,89,808,1621,6,1658,1627,-31,Tuesday,Feb
02/04/2015,DL,1675,N951DL,ATL,IAH,1206,1204,-2,13,1217,140,122,105,689,1302,4,1326,1306,-20,Wednesday,Feb
02/04/2015,DL,1564,N926DL,RDU,ATL,1451,1447,-4,21,1508,95,85,58,356,1606,6,1626,1612,-14,Wednesday,Feb
01/25/2015,B6,54,N590JB,PBI,JFK,1446,1515,29,17,1532,164,156,132,1028,1744,7,1730,1751,21,Sunday,Jan
01/02/2015,UA,1745,N76529,IAH,DEN,540,538,-2,17,555,154,144,119,862,654,8,714,702,-12,Friday,Jan
01/20/2015,B6,827,N238JB,BOS,BWI,1805,1753,-12,25,1818,96,92,62,369,1920,5,1941,1925,-16,Tuesday,Jan
01/27/2015,WN,2941,N467WN,MDW,DAL,1250,1251,1,7,1258,150,115,103,793,1441,5,1520,1446,-34,Tuesday,Jan
01/26/2015,WN,515,N274WN,MCI,MSY,1005,1008,3,12,1020,120,112,85,689,1145,15,1205,1200,-5,Monday,Jan
02/06/2015,VX,714,N528VA,SFO,DAL,1140,1222,42,13,1235,200,187,168,1476,1723,6,1700,1729,29,Friday,Feb
02/07/2015,MQ,3679,N528MQ,MAF,DFW,1324,1320,-4,11,1331,71,68,51,309,1422,6,1435,1428,-7,Saturday,Feb
01/26/2015,AA,1430,N477AA,ORD,MSP,1425,1428,3,12,1440,86,78,64,334,1544,2,1551,1546,-5,Monday,Jan
02/05/2015,WN,1451,N555LV,STL,MCI,1505,1504,-1,8,1512,65,60,48,237,1600,4,1610,1604,-6,Thursday,Feb
01/09/2015,DL,871,N905DE,JAN,ATL,715,712,-3,10,722,91,69,52,341,914,7,946,921,-25,Friday,Jan
01/28/2015,NK,960,N503NK,RSW,CLE,1037,1059,22,9,1108,162,172,156,1025,1344,7,1319,1351,32,Wednesday,Jan
01/13/2015,EV,5068,N755EV,CID,ATL,1740,1726,-14,8,1734,115,110,96,694,2010,6,2035,2016,-19,Tuesday,Jan
01/14/2015,WN,537,N492WN,MCO,CAK,1935,1941,6,13,1954,140,142,121,861,2155,8,2155,2203,8,Wednesday,Jan
02/05/2015,OO,6326,N586SW,SFO,FAT,1610,1629,19,41,1710,62,82,37,158,1747,4,1712,1751,39,Thursday,Feb
01/07/2015,WN,1368,N648SW,TPA,ATL,630,626,-4,12,638,90,88,70,406,748,6,800,754,-6,Wednesday,Jan
01/29/2015,MQ,3175,N506MQ,DFW,AMA,800,755,-5,13,808,72,68,50,312,858,5,912,903,-9,Thursday,Jan
01/29/2015,B6,308,N348JB,JFK,PWM,1324,1316,-8,17,1333,70,62,42,273,1415,3,1434,1418,-16,Thursday,Jan
02/01/2015,US,428,N582UW,IAH,CLT,1015,1011,-4,16,1027,140,142,108,912,1315,18,1335,1333,-2,Sunday,Feb
01/29/2015,EV,5189,N751EV,MSP,MDW,1517,1512,-5,18,1530,95,89,66,349,1636,5,1652,1641,-11,Thursday,Jan
02/06/2015,WN,885,N767SW,DCA,ATL,1205,1159,-6,20,1219,130,110,83,547,1342,7,1415,1349,-26,Friday,Feb
01/11/2015,OO,5492,N718SK,SAT,ORD,1436,1445,9,14,1459,159,164,137,1041,1716,13,1715,1729,14,Sunday,Jan
02/08/2015,B6,729,N568JB,MCO,BQN,2325,2325,0,14,2339,163,149,126,1129,245,9,308,254,-14,Sunday,Feb
02/08/2015,WN,329,N747SA,MDW,MSP,1235,1227,-8,7,1234,85,76,61,349,1335,8,1400,1343,-17,Sunday,Feb
01/29/2015,DL,1108,N954DL,ATL,MSP,1747,1742,-5,16,1758,165,155,135,907,1913,4,1932,1917,-15,Thursday,Jan
01/02/2015,US,407,N150UW,PHX,SFO,1455,1454,-1,15,1509,125,112,92,651,1541,5,1600,1546,-14,Friday,Jan
01/02/2015,WN,990,N246LV,MDW,ONT,2015,2054,39,7,2101,265,245,233,1706,2254,5,2240,2259,19,Friday,Jan
02/11/2015,MQ,3192,N688MQ,ORD,GRR,1525,1525,0,41,1606,46,69,25,137,1731,3,1711,1734,23,Wednesday,Feb
01/30/2015,EV,5743,N836AS,IAD,CAE,2154,2352,118,17,9,91,75,54,401,103,4,2325,107,102,Friday,Jan
01/04/2015,UA,644,N474UA,IAD,SFO,1634,1637,3,14,1651,366,364,340,2419,1931,10,1940,1941,1,Sunday,Jan
01/18/2015,DL,2567,N355NB,MEM,MSP,1635,1629,-6,13,1642,132,140,119,700,1841,8,1847,1849,2,Sunday,Jan
01/23/2015,AS,818,N514AS,OGG,SMF,1200,1145,-15,24,1209,298,295,265,2404,1834,6,1858,1840,-18,Friday,Jan
01/12/2015,MQ,2922,N677MQ,DFW,CMI,1725,1722,-3,14,1736,113,108,88,693,1904,6,1918,1910,-8,Monday,Jan
01/26/2015,DL,51,N550NW,RSW,MSP,1817,1813,-4,12,1825,222,236,217,1416,2102,7,2059,2109,10,Monday,Jan
01/05/2015,DL,2414,N314US,CVG,LAS,1955,2006,11,14,2020,266,256,230,1678,2110,12,2121,2122,1,Monday,Jan
01/03/2015,WN,2082,N235WN,GRR,MCO,1310,1337,27,32,1409,170,191,151,1024,1640,8,1600,1648,48,Saturday,Jan
02/12/2015,US,819,N737US,IAH,CLT,515,509,-6,20,529,139,140,111,912,820,9,834,829,-5,Thursday,Feb
01/26/2015,WN,124,N8653A,CLE,BNA,1640,1637,-3,20,1657,100,99,73,448,1710,6,1720,1716,-4,Monday,Jan
01/15/2015,WN,4381,N748SW,MCI,TPA,840,837,-3,8,845,150,139,125,1048,1150,6,1210,1156,-14,Thursday,Jan
01/16/2015,WN,4655,N482WN,DEN,SJC,1210,1208,-2,13,1221,165,152,136,948,1337,3,1355,1340,-15,Friday,Jan
01/02/2015,EV,5664,N14543,IAH,BTR,738,733,-5,31,804,63,74,39,253,843,4,841,847,6,Friday,Jan
02/04/2015,B6,1383,N206JB,BOS,RDU,830,824,-6,16,840,132,120,100,612,1020,4,1042,1024,-18,Wednesday,Feb
01/06/2015,EV,4100,N16918,EWR,MEM,1401,1524,83,40,1604,187,206,161,946,1745,5,1608,1750,102,Tuesday,Jan
01/09/2015,AA,392,N3LLAA,ORD,LGA,730,1008,158,19,1027,120,118,94,733,1301,5,1030,1306,156,Friday,Jan
01/22/2015,WN,4737,N718SW,MCO,PVD,2100,2059,-1,6,2105,155,144,134,1072,2319,4,2335,2323,-12,Thursday,Jan
01/07/2015,AA,1053,N4XHAA,DFW,RNO,1750,1751,1,21,1812,217,202,173,1345,1905,8,1927,1913,-14,Wednesday,Jan
01/04/2015,WN,1433,N268WN,OMA,DEN,2035,2116,41,12,2128,100,97,79,472,2147,6,2115,2153,38,Sunday,Jan
01/22/2015,AA,1359,N548AA,DFW,FAT,2040,2037,-3,16,2053,215,199,179,1313,2152,4,2215,2156,-19,Thursday,Jan
01/16/2015,UA,1416,N37427,EWR,RSW,1505,1509,4,16,1525,192,179,154,1068,1759,9,1817,1808,-9,Friday,Jan
01/10/2015,WN,3170,N551WN,MDW,GSP,2030,2030,0,13,2043,100,91,75,562,2258,3,2310,2301,-9,Saturday,Jan
02/06/2015,AA,327,N3LNAA,LGA,ORD,1023,1016,-7,22,1038,167,143,115,733,1133,6,1210,1139,-31,Friday,Feb
01/29/2015,DL,1265,N994DL,ATL,SAV,1246,1242,-4,16,1258,64,68,46,214,1344,6,1350,1350,0,Thursday,Jan
01/13/2015,US,2008,N576UW,MCO,PHL,1935,1927,-8,18,1945,142,137,115,861,2140,4,2157,2144,-13,Tuesday,Jan
01/04/2015,WN,1363,N787SA,PIT,RSW,725,732,7,8,740,170,165,153,966,1013,4,1015,1017,2,Sunday,Jan
02/09/2015,WN,3925,N421LV,MDW,PHX,1505,1505,0,16,1521,230,228,206,1444,1747,6,1755,1753,-2,Monday,Feb
01/21/2015,EV,4207,N13538,DCA,CLE,1728,1734,6,20,1754,88,87,59,310,1853,8,1856,1901,5,Wednesday,Jan
01/10/2015,AS,344,N760AS,SEA,OAK,1610,1603,-7,17,1620,114,123,101,671,1801,5,1804,1806,2,Saturday,Jan
01/27/2015,DL,2170,N3761R,LAX,SLC,1135,1132,-3,11,1143,115,92,75,590,1358,6,1430,1404,-26,Tuesday,Jan
01/04/2015,OO,6301,N920SW,BIS,DEN,1252,1318,26,10,1328,101,90,73,516,1341,7,1333,1348,15,Sunday,Jan
01/14/2015,WN,644,N279WN,HOU,MSY,2125,2120,-5,7,2127,60,52,41,302,2208,4,2225,2212,-13,Wednesday,Jan
01/15/2015,AS,65,N794AS,PSG,JNU,1206,1242,36,6,1248,39,35,26,123,1314,3,1245,1317,32,Thursday,Jan
01/26/2015,AA,1025,N3HKAA,MIA,CLT,1315,1330,15,15,1345,129,123,99,650,1524,9,1524,1533,9,Monday,Jan
01/20/2015,OO,7393,N487CA,SLC,SGU,751,747,-4,15,802,62,62,43,272,845,4,853,849,-4,Tuesday,Jan
02/12/2015,WN,1643,N932WN,SAN,ABQ,945,1020,35,11,1031,100,109,93,628,1304,5,1225,1309,44,Thursday,Feb
01/20/2015,UA,411,N831UA,ORD,OMA,2045,2049,4,14,2103,89,78,60,416,2203,4,2214,2207,-7,Tuesday,Jan
01/21/2015,OO,4723,N812SK,MSP,ORD,1926,1924,-2,49,2013,93,110,56,334,2109,5,2059,2114,15,Wednesday,Jan
01/29/2015,OO,6487,N986CA,SBA,SFO,840,941,61,50,1031,75,97,44,262,1115,3,955,1118,83,Thursday,Jan
01/09/2015,DL,1430,N358NB,ATL,MSN,1506,1506,0,24,1530,128,131,103,707,1613,4,1614,1617,3,Friday,Jan
01/19/2015,WN,4998,N281WN,IND,TPA,650,647,-3,22,709,140,135,107,837,856,6,910,902,-8,Monday,Jan
01/18/2015,DL,1862,N907DA,ATL,MSY,1343,1342,-1,13,1355,97,83,67,425,1402,3,1420,1405,-15,Sunday,Jan
02/04/2015,WN,1020,N8603F,DEN,OMA,1925,1921,-4,22,1943,80,94,66,472,2149,6,2145,2155,10,Wednesday,Feb
01/21/2015,OO,4456,N936SW,IDA,SLC,1513,1520,7,12,1532,58,52,32,188,1604,8,1611,1612,1,Wednesday,Jan
01/17/2015,DL,2436,N3750D,DTW,SEA,840,836,-4,29,905,317,313,278,1927,1043,6,1057,1049,-8,Saturday,Jan
01/23/2015,WN,4901,N260WN,BWI,PVD,715,708,-7,7,715,70,59,49,327,804,3,825,807,-18,Friday,Jan
01/04/2015,UA,1272,N66803,DEN,SEA,1119,1213,54,16,1229,181,190,167,1024,1416,7,1320,1423,63,Sunday,Jan
01/19/2015,WN,1144,N905WN,BWI,MCO,2135,2141,6,11,2152,140,131,115,787,2347,5,2355,2352,-3,Monday,Jan
02/01/2015,MQ,3050,N622MQ,DFW,VPS,2010,2016,6,29,2045,108,111,74,641,2159,8,2158,2207,9,Sunday,Feb
02/05/2015,B6,1241,N627JB,BDL,PBI,1515,1537,22,11,1548,187,195,180,1133,1848,4,1822,1852,30,Thursday,Feb
01/22/2015,EV,4638,N13123,EWR,CVG,906,857,-9,29,926,136,142,108,569,1114,5,1122,1119,-3,Thursday,Jan
01/20/2015,DL,1834,N909DA,STL,ATL,1826,1821,-5,10,1831,96,90,70,484,2041,10,2102,2051,-11,Tuesday,Jan
01/25/2015,EV,5171,N695CA,ATL,MGM,1310,1307,-3,13,1320,53,50,34,147,1254,3,1303,1257,-6,Sunday,Jan
02/04/2015,US,2158,N945UW,LGA,BOS,1800,1755,-5,45,1840,75,92,41,184,1921,6,1915,1927,12,Wednesday,Feb
01/26/2015,UA,1176,N39423,AUS,SFO,755,746,-9,13,759,249,220,203,1504,922,4,1004,926,-38,Monday,Jan
01/25/2015,WN,577,N7720F,SJU,ATL,1645,1637,-8,16,1653,250,252,225,1547,1938,11,1955,1949,-6,Sunday,Jan
01/08/2015,WN,139,N373SW,MCO,MDW,900,850,-10,17,907,175,184,162,990,1049,5,1055,1054,-1,Thursday,Jan
01/12/2015,OO,7402,N452SW,DTW,ESC,1200,1210,10,18,1228,85,81,56,306,1324,7,1325,1331,6,Monday,Jan
02/03/2015,OO,5432,N960SW,ORD,MBS,1315,1433,78,19,1452,70,64,41,222,1633,4,1525,1637,72,Tuesday,Feb
01/17/2015,AA,2477,N3CJAA,DFW,LAX,1830,1852,22,19,1911,202,205,176,1235,2007,10,1952,2017,25,Saturday,Jan
02/03/2015,NK,650,N519NK,TPA,DTW,710,703,-7,10,713,153,160,142,983,935,8,943,943,0,Tuesday,Feb
02/02/2015,US,2005,N126UW,CLT,FLL,1815,1906,51,12,1918,123,115,95,631,2053,8,2018,2101,43,Monday,Feb
01/25/2015,WN,1366,N270WN,OAK,PHX,1020,1019,-1,10,1029,110,111,98,646,1307,3,1310,1310,0,Sunday,Jan
02/10/2015,WN,248,N420WN,DCA,MDW,1415,1411,-4,11,1422,125,109,93,601,1455,5,1520,1500,-20,Tuesday,Feb
01/22/2015,DL,873,N692DL,STT,ATL,1745,1737,-8,23,1800,249,251,216,1599,2036,12,2054,2048,-6,Thursday,Jan
01/03/2015,NK,938,N618NK,RSW,ACY,2111,2201,50,14,2215,134,135,118,982,13,3,2325,16,51,Saturday,Jan
01/31/2015,EV,4869,N868AS,ATL,ABE,1205,1217,12,13,1230,118,113,96,692,1406,4,1403,1410,7,Saturday,Jan
02/11/2015,UA,381,N461UA,ORD,JAC,945,941,-4,16,957,194,177,158,1162,1135,3,1159,1138,-21,Wednesday,Feb
01/09/2015,AA,1389,N4XHAA,DFW,LAS,1715,1952,157,15,2007,183,155,133,1055,2020,7,1818,2027,129,Friday,Jan
01/03/2015,WN,2869,N202WN,HOU,MSY,1420,1522,62,4,1526,60,51,44,302,1610,3,1520,1613,53,Saturday,Jan
01/12/2015,EV,3934,N12528,MLU,IAH,1522,1639,77,8,1647,72,68,50,262,1737,10,1634,1747,73,Monday,Jan
01/22/2015,DL,2231,N907DE,LGA,DTW,1630,1628,-2,32,1700,139,122,85,502,1825,5,1849,1830,-19,Thursday,Jan
02/08/2015,F9,1249,N941FR,MIA,DEN,2125,2143,18,14,2157,262,269,247,1709,4,8,2347,12,25,Sunday,Feb
01/06/2015,WN,3058,N429WN,SNA,SJC,645,642,-3,19,701,90,76,51,342,752,6,815,758,-17,Tuesday,Jan
01/23/2015,WN,39,N560WN,DAL,HOU,1600,1636,36,7,1643,65,59,48,239,1731,4,1705,1735,30,Friday,Jan
01/12/2015,AA,2210,N482AA,DFW,SAT,1000,1009,9,9,1018,67,54,41,247,1059,4,1107,1103,-4,Monday,Jan
01/31/2015,HA,178,N489HA,HNL,KOA,1453,1446,-7,9,1455,44,44,29,163,1524,6,1537,1530,-7,Saturday,Jan
02/10/2015,DL,1942,N895AT,ATL,EWR,1245,1243,-2,12,1255,134,124,106,746,1441,6,1459,1447,-12,Tuesday,Feb
01/19/2015,WN,1354,N226WN,DAL,TUL,900,857,-3,10,907,60,55,41,237,948,4,1000,952,-8,Monday,Jan
02/12/2015,EV,5142,N744EV,PVD,DTW,1105,1059,-6,19,1118,130,129,101,615,1259,9,1315,1308,-7,Thursday,Feb
02/12/2015,WN,4970,N235WN,PHX,MCI,1440,1440,0,13,1453,150,161,143,1044,1816,5,1810,1821,11,Thursday,Feb
01/15/2015,EV,4336,N16170,DEN,TUS,1114,1108,-6,13,1121,124,120,102,639,1303,5,1318,1308,-10,Thursday,Jan
01/29/2015,WN,791,N554WN,LAS,OKC,1935,1934,-1,15,1949,140,136,117,986,2346,4,2355,2350,-5,Thursday,Jan
02/06/2015,DL,1578,N652DL,RSW,DTW,1135,1120,-15,9,1129,176,176,158,1084,1407,9,1431,1416,-15,Friday,Feb
01/09/2015,DL,2256,N530US,MCI,ATL,1635,1636,1,9,1645,117,108,86,692,1911,13,1932,1924,-8,Friday,Jan
01/09/2015,WN,3211,N767SW,CLE,BWI,600,557,-3,30,627,85,82,48,314,715,4,725,719,-6,Friday,Jan
02/02/2015,US,1916,N711UW,CLT,ALB,1615,1612,-3,16,1628,114,107,86,646,1754,5,1809,1759,-10,Monday,Feb
01/01/2015,DL,2462,N941DL,MSP,MCI,1525,1523,-2,12,1535,89,76,61,393,1636,3,1654,1639,-15,Thursday,Jan
01/24/2015,EV,3957,N16571,ORD,ALB,906,900,-6,11,911,118,115,97,723,1148,7,1204,1155,-9,Saturday,Jan
01/11/2015,DL,1993,N336NB,MSP,BIS,1738,1735,-3,20,1755,95,97,60,386,1855,17,1913,1912,-1,Sunday,Jan
02/04/2015,EV,5303,N176PQ,ATL,GRK,1920,1913,-7,22,1935,150,154,130,803,2045,2,2050,2047,-3,Wednesday,Feb
02/10/2015,AA,969,N5BSAA,DFW,MIA,610,603,-7,10,613,162,157,131,1121,924,16,952,940,-12,Tuesday,Feb
02/02/2015,HA,297,N493HA,KOA,HNL,1659,1656,-3,8,1704,44,43,30,163,1734,5,1743,1739,-4,Monday,Feb
01/15/2015,WN,51,N523SW,DAL,HOU,1900,1907,7,9,1916,65,56,44,239,2000,3,2005,2003,-2,Thursday,Jan
01/06/2015,AA,2259,N3LMAA,ORD,MIA,915,912,-3,25,937,185,181,151,1197,1308,5,1320,1313,-7,Tuesday,Jan
01/10/2015,WN,3579,N363SW,RNO,LAS,1505,1516,11,6,1522,75,62,51,345,1613,5,1620,1618,-2,Saturday,Jan
01/15/2015,US,751,N562UW,PHL,DFW,1615,1613,-2,25,1638,237,216,181,1303,1839,10,1912,1849,-23,Thursday,Jan
02/06/2015,DL,1874,N909DA,ATL,MKE,1612,1624,12,13,1637,127,118,99,669,1716,6,1719,1722,3,Friday,Feb
01/14/2015,WN,3943,N211WN,STL,MCI,1010,1009,-1,7,1016,65,54,42,237,1058,5,1115,1103,-12,Wednesday,Jan
01/04/2015,EV,5700,N834AS,CAE,ORD,757,751,-6,15,806,128,148,98,667,844,35,905,919,14,Sunday,Jan
01/02/2015,EV,5309,N166PQ,BWI,DTW,1445,1437,-8,13,1450,98,95,77,409,1607,5,1623,1612,-11,Friday,Jan
01/16/2015,US,2069,N107US,CLT,IAH,1455,1452,-3,34,1526,173,174,134,912,1640,6,1648,1646,-2,Friday,Jan
02/06/2015,DL,1432,N911DE,ATL,LIT,2115,2112,-3,21,2133,96,94,67,453,2140,6,2151,2146,-5,Friday,Feb
01/16/2015,WN,1159,N7736A,HOU,BNA,1520,1526,6,11,1537,110,96,82,670,1659,3,1710,1702,-8,Friday,Jan
02/06/2015,EV,4501,N14558,HPN,ORD,1715,1715,0,27,1742,151,152,114,738,1836,11,1846,1847,1,Friday,Feb
01/15/2015,WN,940,N638SW,ABQ,PHX,1710,1719,9,15,1734,75,76,56,328,1830,5,1825,1835,10,Thursday,Jan
01/15/2015,DL,2422,N967DL,ATL,CLT,725,723,-2,53,816,78,101,44,226,900,4,843,904,21,Thursday,Jan
01/14/2015,AA,1208,N470AA,RNO,DFW,714,1955,761,12,2007,196,175,160,1345,47,3,1230,50,740,Wednesday,Jan
01/15/2015,OO,6357,N106SY,MSP,ORD,839,937,58,18,955,94,83,54,334,1049,11,1013,1100,47,Thursday,Jan
02/02/2015,US,745,N156UW,CLT,ATL,2020,2016,-4,18,2034,73,69,43,226,2117,8,2133,2125,-8,Monday,Feb
01/24/2015,HA,190,N475HA,LIH,HNL,1652,1645,-7,6,1651,33,31,20,102,1711,5,1725,1716,-9,Saturday,Jan
02/04/2015,AA,1307,N3LTAA,BNA,LAX,1825,1830,5,30,1900,273,279,240,1797,2100,9,2058,2109,11,Wednesday,Feb
02/10/2015,EV,4687,N13550,EWR,CVG,1335,1323,-12,20,1343,132,120,92,569,1515,8,1547,1523,-24,Tuesday,Feb
01/01/2015,WN,255,N357SW,ATL,DTW,1120,1118,-2,13,1131,120,112,91,594,1302,8,1320,1310,-10,Thursday,Jan
01/18/2015,WN,4143,N387SW,LAS,ABQ,730,726,-4,13,739,85,81,64,486,943,4,955,947,-8,Sunday,Jan
01/12/2015,OO,4532,N935SW,AZO,MSP,715,724,9,39,803,111,119,75,426,818,5,806,823,17,Monday,Jan
01/14/2015,WN,4393,N437WN,SJC,LAS,1240,1240,0,7,1247,80,77,65,386,1352,5,1400,1357,-3,Wednesday,Jan
02/01/2015,DL,2090,N633DL,PDX,MSP,704,659,-5,12,711,206,185,166,1426,1157,7,1230,1204,-26,Sunday,Feb
01/15/2015,HA,312,N491HA,HNL,ITO,1844,1855,11,11,1906,50,52,35,216,1941,6,1934,1947,13,Thursday,Jan
02/04/2015,AA,383,N3CBAA,DFW,DCA,1555,1555,0,15,1610,163,152,133,1192,1923,4,1938,1927,-11,Wednesday,Feb
01/14/2015,DL,2107,N927AT,ATL,DAL,1339,1348,9,20,1408,145,130,107,721,1455,3,1504,1458,-6,Wednesday,Jan
01/01/2015,AA,1382,N3AEAA,PBI,LGA,1115,1108,-7,12,1120,170,154,139,1035,1339,3,1405,1342,-23,Thursday,Jan
02/06/2015,US,1973,N825AW,CLT,IND,1310,1304,-6,15,1319,102,99,77,427,1436,7,1452,1443,-9,Friday,Feb
01/04/2015,WN,4016,N465WN,DTW,MDW,715,713,-2,7,720,80,63,49,228,709,7,735,716,-19,Sunday,Jan
02/12/2015,UA,1574,N77520,LAS,EWR,1238,1236,-2,15,1251,297,309,271,2227,2022,23,2035,2045,10,Thursday,Feb
01/05/2015,DL,2082,N932DL,MKE,DTW,1220,1216,-4,15,1231,75,74,42,237,1413,17,1435,1430,-5,Monday,Jan
02/03/2015,AA,1294,N3BUAA,MSP,MIA,1830,1825,-5,46,1911,214,236,185,1501,2316,5,2304,2321,17,Tuesday,Feb
02/06/2015,UA,1607,N67815,SEA,DEN,1059,1057,-2,16,1113,155,149,124,1024,1417,9,1434,1426,-8,Friday,Feb
01/10/2015,EV,5977,N16963,DAL,IAH,645,644,-1,38,722,66,94,45,216,807,11,751,818,27,Saturday,Jan
02/07/2015,AA,2395,N3LWAA,MIA,LGA,1231,1227,-4,15,1242,178,176,156,1096,1518,5,1529,1523,-6,Saturday,Feb
01/19/2015,EV,5238,N873AS,CAE,ATL,1305,1300,-5,14,1314,67,66,43,192,1357,9,1412,1406,-6,Monday,Jan
01/14/2015,AA,1653,N3KRAA,JFK,CLT,820,818,-2,24,842,132,130,96,541,1018,10,1032,1028,-4,Wednesday,Jan
02/02/2015,WN,2943,N714CB,FLL,MCI,1040,1035,-5,11,1046,210,201,184,1242,1250,6,1310,1256,-14,Monday,Feb
01/26/2015,DL,1679,N361NW,DTW,PIT,1940,1934,-6,12,1946,73,55,37,201,2023,6,2053,2029,-24,Monday,Jan
01/19/2015,WN,3947,N346SW,MAF,HOU,1930,1923,-7,7,1930,80,70,57,441,2027,6,2050,2033,-17,Monday,Jan
02/08/2015,DL,2295,N324NB,SAN,SLC,1018,1016,-2,18,1034,111,106,81,626,1255,7,1309,1302,-7,Sunday,Feb
02/11/2015,DL,2610,N992DL,CLT,ATL,615,612,-3,27,639,77,75,43,226,722,5,732,727,-5,Wednesday,Feb
01/28/2015,WN,251,N787SA,DTW,DEN,640,646,6,14,700,205,177,157,1123,737,6,805,743,-22,Wednesday,Jan
02/03/2015,EV,5582,N900EV,ATL,TYS,815,848,33,21,909,50,56,29,152,938,6,905,944,39,Tuesday,Feb
01/26/2015,EV,5306,N859AS,MYR,ATL,1836,1838,2,21,1859,79,89,60,317,1959,8,1955,2007,12,Monday,Jan
01/28/2015,WN,4541,N272WN,LAX,ELP,1855,1850,-5,9,1859,105,102,89,715,2128,4,2140,2132,-8,Wednesday,Jan
02/05/2015,US,1905,N256AY,CLT,MCO,925,938,13,20,958,99,110,76,468,1114,14,1104,1128,24,Thursday,Feb
01/21/2015,WN,1048,N8644C,LAX,LAS,1800,1756,-4,7,1803,60,62,46,236,1849,9,1900,1858,-2,Wednesday,Jan
02/10/2015,HA,316,N483HA,HNL,OGG,1021,1019,-2,13,1032,38,41,24,100,1056,4,1059,1100,1,Tuesday,Feb
01/24/2015,VX,717,N523VA,LGA,DAL,1545,1532,-13,14,1546,250,218,197,1381,1803,7,1855,1810,-45,Saturday,Jan
01/13/2015,AS,55,N584AS,ANC,SCC,800,803,3,13,816,103,104,88,627,944,3,943,947,4,Tuesday,Jan
01/31/2015,B6,400,N284JB,MSY,BOS,1715,1700,-15,9,1709,184,187,175,1368,2104,3,2119,2107,-12,Saturday,Jan
01/04/2015,WN,2674,N663SW,SAN,PHX,1805,1804,-1,8,1812,70,66,51,304,2003,7,2015,2010,-5,Sunday,Jan
01/03/2015,OO,7414,N779CA,RHI,MSP,714,732,18,34,806,65,76,36,190,842,6,819,848,29,Saturday,Jan
01/26/2015,AS,748,N644AS,SEA,STL,1145,1139,-6,11,1150,224,207,190,1709,1700,6,1729,1706,-23,Monday,Jan
01/14/2015,WN,254,N783SW,OAK,BUR,1720,1723,3,10,1733,65,65,52,325,1825,3,1825,1828,3,Wednesday,Jan
01/18/2015,US,635,N659AW,PHX,FLL,950,948,-2,20,1008,260,270,246,1972,1614,4,1610,1618,8,Sunday,Jan
01/25/2015,WN,698,N525SW,HRL,HOU,1810,1805,-5,7,1812,65,78,51,277,1903,20,1915,1923,8,Sunday,Jan
01/01/2015,WN,578,N8618N,LGA,MKE,1725,1812,47,10,1822,160,141,127,738,1929,4,1905,1933,28,Thursday,Jan
02/04/2015,B6,348,N703JB,LGB,OAK,1651,1649,-2,10,1659,78,67,52,353,1751,5,1809,1756,-13,Wednesday,Feb
01/16/2015,DL,1077,N910DN,RDU,ATL,1600,1556,-4,13,1609,92,75,55,356,1704,7,1732,1711,-21,Friday,Jan
01/24/2015,AA,2377,N499AA,DFW,ICT,955,945,-10,12,957,76,69,52,328,1049,5,1111,1054,-17,Saturday,Jan
01/26/2015,DL,2129,N941DN,ROC,ATL,600,602,2,16,618,155,127,105,749,803,6,835,809,-26,Monday,Jan
02/09/2015,DL,1232,N543US,DTW,FLL,1152,1152,0,37,1229,196,179,138,1127,1447,4,1508,1451,-17,Monday,Feb
02/09/2015,OO,4754,N779CA,DTW,SBN,1940,1936,-4,11,1947,66,43,29,157,2016,3,2046,2019,-27,Monday,Feb
01/28/2015,WN,402,N650SW,DEN,OAK,1745,1747,2,11,1758,160,162,144,957,1922,7,1925,1929,4,Wednesday,Jan
01/01/2015,B6,1563,N504JB,ORD,SJU,1131,1129,-2,14,1143,275,250,232,2072,1735,4,1806,1739,-27,Thursday,Jan
02/05/2015,WN,4995,N966WN,TPA,PIT,1650,1729,39,12,1741,135,131,115,873,1936,4,1905,1940,35,Thursday,Feb
01/12/2015,MQ,3110,N696MQ,HSV,ORD,655,700,5,14,714,140,137,84,510,838,39,915,917,2,Monday,Jan
02/03/2015,WN,1717,N946WN,DEN,ONT,2105,2122,17,9,2131,150,130,115,819,2226,6,2235,2232,-3,Tuesday,Feb
01/29/2015,UA,455,N449UA,SFO,LAS,2235,2230,-5,26,2256,89,94,62,414,2358,6,4,4,0,Thursday,Jan
01/01/2015,B6,1198,N661JB,MCO,LGA,1622,1704,42,28,1732,152,157,123,950,1935,6,1854,1941,47,Thursday,Jan
02/03/2015,MQ,3283,N663MQ,ORD,DAY,755,823,28,24,847,63,66,39,240,1026,3,958,1029,31,Tuesday,Feb
02/08/2015,AS,743,N703AS,SLC,SFO,750,746,-4,14,800,125,119,98,599,838,7,855,845,-10,Sunday,Feb
01/01/2015,DL,1559,N587NW,LAX,HNL,1440,1438,-2,17,1455,348,360,331,2556,1826,12,1828,1838,10,Thursday,Jan
02/11/2015,AA,1366,N3GVAA,DFW,TPA,1020,1019,-1,14,1033,134,128,111,929,1324,3,1334,1327,-7,Wednesday,Feb
01/27/2015,WN,544,N8603F,STL,MCO,700,655,-5,10,705,150,123,104,882,949,9,1030,958,-32,Tuesday,Jan
02/01/2015,F9,920,N927FR,MCO,TTN,1710,1745,35,14,1759,140,141,121,896,2000,6,1930,2006,36,Sunday,Feb
02/08/2015,US,2067,N835AW,RDU,CLT,1605,1606,1,28,1634,61,61,31,130,1705,2,1706,1707,1,Sunday,Feb
01/06/2015,WN,3931,N271LV,MCO,MDW,1950,2036,46,11,2047,170,169,152,990,2219,6,2140,2225,45,Tuesday,Jan
02/07/2015,OO,5617,N740SK,MSY,IAH,1850,2044,114,9,2053,80,61,49,305,2142,3,2010,2145,95,Saturday,Feb
01/16/2015,WN,4101,N780SW,MEM,TPA,1115,1109,-6,9,1118,105,94,81,655,1339,4,1400,1343,-17,Friday,Jan
01/14/2015,UA,1245,N39728,CLE,EWR,1439,1435,-4,9,1444,106,82,65,404,1549,8,1625,1557,-28,Wednesday,Jan
01/20/2015,DL,1222,N951DN,SRQ,ATL,1730,1728,-2,8,1736,103,89,75,444,1851,6,1913,1857,-16,Tuesday,Jan
01/09/2015,WN,3771,N456WN,MSY,DAL,830,829,-1,6,835,90,76,66,436,941,4,1000,945,-15,Friday,Jan
01/07/2015,DL,2512,N952DL,HSV,ATL,700,657,-3,31,728,71,71,31,151,859,9,911,908,-3,Wednesday,Jan
01/11/2015,WN,4639,N705SW,LAS,SAT,1305,1448,103,15,1503,150,142,124,1069,1907,3,1735,1910,95,Sunday,Jan
01/15/2015,B6,904,N547JB,RSW,BDL,1449,1449,0,9,1458,171,159,143,1180,1721,7,1740,1728,-12,Thursday,Jan
01/08/2015,OO,4984,N797SK,OMA,IAH,540,538,-2,12,550,145,121,104,781,734,5,805,739,-26,Thursday,Jan
01/07/2015,NK,939,N601NK,DTW,IAH,724,725,1,39,804,197,211,163,1075,947,9,941,956,15,Wednesday,Jan
01/07/2015,NK,469,N532NK,LAS,OAK,1145,1145,0,12,1157,91,81,60,407,1257,9,1316,1306,-10,Wednesday,Jan
01/14/2015,VX,486,N841VA,LAX,LAS,1340,1337,-3,16,1353,65,70,43,236,1436,11,1445,1447,2,Wednesday,Jan
01/26/2015,WN,4175,N250WN,SAN,PHX,1535,1539,4,9,1548,70,74,58,304,1746,7,1745,1753,8,Monday,Jan
02/08/2015,EV,5925,N11164,ORD,FSD,950,948,-2,13,1001,103,92,72,462,1113,7,1133,1120,-13,Sunday,Feb
01/26/2015,UA,341,N847UA,ORD,MDT,1310,1306,-4,11,1317,102,90,76,594,1533,3,1552,1536,-16,Monday,Jan
01/19/2015,AA,1367,N561AA,TPA,DFW,853,851,-2,10,901,172,154,142,929,1023,2,1045,1025,-20,Monday,Jan
01/21/2015,DL,773,N699DL,PDX,ATL,1318,1315,-3,9,1324,271,256,234,2172,2018,13,2049,2031,-18,Wednesday,Jan
01/27/2015,US,581,N675AW,SAN,PHL,1125,1120,-5,12,1132,304,292,277,2370,1909,3,1929,1912,-17,Tuesday,Jan
02/05/2015,WN,2675,N282WN,BUR,SJC,1010,1008,-2,7,1015,65,58,48,296,1103,3,1115,1106,-9,Thursday,Feb
01/09/2015,US,1917,N521UW,BOS,PHL,700,651,-9,32,723,105,127,88,280,851,7,845,858,13,Friday,Jan
01/05/2015,WN,552,N913WN,HOU,MCO,1700,1718,18,7,1725,130,119,105,849,2010,7,2010,2017,7,Monday,Jan
02/03/2015,WN,661,N739GB,MDW,STL,700,658,-2,18,716,70,70,47,251,803,5,810,808,-2,Tuesday,Feb
01/18/2015,DL,2046,N355NB,ATL,MEM,1208,1204,-4,15,1219,88,78,59,332,1218,4,1236,1222,-14,Sunday,Jan
01/15/2015,DL,2399,N616DL,RIC,ATL,1432,1428,-4,28,1456,113,120,83,481,1619,9,1625,1628,3,Thursday,Jan
01/31/2015,NK,301,N603NK,BWI,FLL,645,657,12,10,707,157,135,118,925,905,7,922,912,-10,Saturday,Jan
01/15/2015,AA,2393,N3JJAA,MCO,JFK,1100,1100,0,12,1112,144,146,128,944,1320,6,1324,1326,2,Thursday,Jan
01/20/2015,B6,1351,N809JB,BOS,MCO,1648,1639,-9,18,1657,205,187,160,1121,1937,9,2013,1946,-27,Tuesday,Jan
01/09/2015,OO,6332,N918SW,DEN,GJT,757,813,16,34,847,60,72,34,212,921,4,857,925,28,Friday,Jan
01/06/2015,HA,152,N492HA,OGG,ITO,1332,1326,-6,6,1332,37,34,23,121,1355,5,1409,1400,-9,Tuesday,Jan
01/20/2015,UA,1545,N37255,IAH,LGA,852,845,-7,17,902,198,185,164,1416,1246,4,1310,1250,-20,Tuesday,Jan
02/09/2015,B6,475,N547JB,PVD,MCO,735,730,-5,48,818,190,209,151,1072,1049,10,1045,1059,14,Monday,Feb
02/02/2015,AA,269,N4XVAA,SJC,DFW,628,621,-7,15,636,212,198,177,1438,1133,6,1200,1139,-21,Monday,Feb
02/07/2015,EV,4884,N855AS,ATL,LEX,815,807,-8,13,820,72,71,54,304,914,4,927,918,-9,Saturday,Feb
01/03/2015,EV,4355,N11539,JAX,IAH,1851,1932,41,13,1945,154,156,134,817,2059,9,2025,2108,43,Saturday,Jan
01/11/2015,WN,554,N438WN,SJC,LAS,1640,1728,48,14,1742,80,88,67,386,1849,7,1800,1856,56,Sunday,Jan
01/17/2015,WN,3747,N638SW,BWI,BUF,1530,1528,-2,8,1536,70,62,49,281,1625,5,1640,1630,-10,Saturday,Jan
01/15/2015,B6,389,N593JB,BOS,DCA,835,827,-8,48,915,104,121,71,399,1026,2,1019,1028,9,Thursday,Jan
02/04/2015,WN,1945,N210WN,LGA,BNA,945,942,-3,21,1003,165,162,134,764,1117,7,1130,1124,-6,Wednesday,Feb
01/15/2015,AA,36,N3ADAA,SAN,DFW,939,932,-7,17,949,171,161,136,1171,1405,8,1430,1413,-17,Thursday,Jan
01/27/2015,MQ,3138,N524MQ,DTW,ORD,1212,1231,19,14,1245,82,85,52,235,1237,19,1234,1256,22,Tuesday,Jan
01/16/2015,AA,145,N3LAAA,MIA,SAN,2005,1958,-7,13,2011,345,341,325,2267,2236,3,2250,2239,-11,Friday,Jan
01/23/2015,OO,5163,N984CA,DEN,MSN,955,951,-4,12,1003,130,130,113,826,1256,5,1305,1301,-4,Friday,Jan
01/19/2015,VX,753,N521VA,SEA,SFO,1050,1116,26,8,1124,135,114,102,679,1306,4,1305,1310,5,Monday,Jan
02/09/2015,MQ,2976,N504MQ,OKC,DFW,1939,1930,-9,11,1941,60,68,32,175,2013,25,2039,2038,-1,Monday,Feb
01/19/2015,US,1705,N965UW,PIT,PHL,1810,1810,0,50,1900,86,103,49,268,1949,4,1936,1953,17,Monday,Jan
01/20/2015,AS,32,N570AS,SEA,PHL,835,829,-6,27,856,300,317,287,2378,1643,3,1635,1646,11,Tuesday,Jan
01/13/2015,WN,600,N245WN,MDW,SLC,850,850,0,18,908,215,194,173,1259,1101,3,1125,1104,-21,Tuesday,Jan
02/06/2015,UA,1535,N75428,IAD,DEN,711,704,-7,11,715,242,242,224,1452,859,7,913,906,-7,Friday,Feb
01/06/2015,OO,3466,N218AG,PDX,TUS,930,954,24,17,1011,165,158,138,1119,1329,3,1315,1332,17,Tuesday,Jan
01/02/2015,UA,734,N852UA,ORD,PIT,1312,1310,-2,16,1326,91,74,53,413,1519,5,1543,1524,-19,Friday,Jan
02/06/2015,UA,315,N846UA,IAH,ATL,1257,1256,-1,20,1316,118,118,89,689,1545,9,1555,1554,-1,Friday,Feb
01/05/2015,OO,6373,N108SY,SFO,DFW,849,843,-6,23,906,221,227,199,1464,1425,5,1430,1430,0,Monday,Jan
01/26/2015,AS,64,N763AS,ANC,JNU,1130,1115,-15,17,1132,100,98,77,571,1249,4,1310,1253,-17,Monday,Jan
01/06/2015,DL,1413,N910DL,ATL,LIT,1900,1948,48,20,2008,100,94,70,453,2018,4,1940,2022,42,Tuesday,Jan
01/16/2015,WN,3406,N556WN,SJC,PDX,745,742,-3,11,753,105,100,86,569,919,3,930,922,-8,Friday,Jan
01/27/2015,WN,2352,N928WN,ATL,DTW,1030,1027,-3,15,1042,125,114,95,594,1217,4,1235,1221,-14,Tuesday,Jan
01/26/2015,UA,223,N470UA,MIA,IAH,1812,1833,21,11,1844,178,164,148,964,2012,5,2010,2017,7,Monday,Jan
02/08/2015,DL,2046,N6708D,PHX,ATL,1646,1643,-3,14,1657,209,195,175,1587,2152,6,2215,2158,-17,Sunday,Feb
01/10/2015,US,1838,N944UW,PHL,PIT,2030,2032,2,16,2048,73,74,50,268,2138,8,2143,2146,3,Saturday,Jan
01/02/2015,HA,118,N489HA,HNL,KOA,730,728,-2,13,741,43,46,28,163,809,5,813,814,1,Friday,Jan
01/10/2015,WN,2904,N8627B,HOU,MCO,1800,1830,30,11,1841,125,123,106,849,2127,6,2105,2133,28,Saturday,Jan
01/15/2015,WN,4564,N346SW,SLC,LAX,810,808,-2,12,820,125,108,89,590,849,7,915,856,-19,Thursday,Jan
01/06/2015,EV,5541,N878AS,AGS,ATL,1023,1033,10,14,1047,56,54,34,143,1121,6,1119,1127,8,Tuesday,Jan
01/09/2015,EV,5901,N11189,DRO,DEN,1556,1552,-4,11,1603,67,65,47,251,1650,7,1703,1657,-6,Friday,Jan
01/23/2015,AA,1612,N3DGAA,BOS,ORD,1951,1958,7,13,2011,171,165,144,867,2135,8,2142,2143,1,Friday,Jan
01/11/2015,WN,1023,N927WN,MDW,SFO,835,833,-2,9,842,300,268,252,1855,1054,7,1135,1101,-34,Sunday,Jan
01/29/2015,OO,4558,N693CA,OKC,MSP,700,649,-11,15,704,136,121,101,694,845,5,916,850,-26,Thursday,Jan
01/07/2015,WN,4101,N768SW,LAS,RNO,1730,1725,-5,18,1743,80,78,56,345,1839,4,1850,1843,-7,Wednesday,Jan
01/11/2015,VX,182,N854VA,SFO,EWR,2130,2131,1,13,2144,310,302,282,2565,526,7,540,533,-7,Sunday,Jan
01/05/2015,AA,1497,N4XJAA,DFW,BNA,1530,1530,0,13,1543,100,101,81,631,1704,7,1710,1711,1,Monday,Jan
01/09/2015,WN,4881,N461WN,FLL,IND,1300,1308,8,13,1321,175,155,137,1005,1538,5,1555,1543,-12,Friday,Jan
01/25/2015,F9,1075,N943FR,FLL,STL,2230,2230,0,15,2245,175,208,151,1056,16,42,25,58,33,Sunday,Jan
01/13/2015,EV,5787,N17196,IAH,MFE,1505,1500,-5,12,1512,78,68,53,316,1605,3,1623,1608,-15,Tuesday,Jan
02/02/2015,EV,4527,N14993,IAD,EWR,1650,1740,50,73,1853,85,138,41,212,1934,24,1815,1958,103,Monday,Feb
02/06/2015,WN,571,N943WN,BNA,CLE,1000,955,-5,9,1004,85,92,71,448,1215,12,1225,1227,2,Friday,Feb
01/12/2015,AA,1320,N5FKAA,JFK,STT,800,753,-7,27,820,240,230,199,1623,1239,4,1300,1243,-17,Monday,Jan
02/10/2015,EV,5538,N921EV,ATL,CHA,905,903,-2,13,916,45,37,22,106,938,2,950,940,-10,Tuesday,Feb
01/27/2015,WN,2779,N453WN,MDW,FLL,600,555,-5,26,621,185,173,141,1166,942,6,1005,948,-17,Tuesday,Jan
01/07/2015,AA,1444,N3KYAA,PHX,ORD,1156,1151,-5,26,1217,204,214,179,1440,1616,9,1620,1625,5,Wednesday,Jan
01/01/2015,AA,2476,N3LEAA,BDL,MIA,640,634,-6,13,647,206,232,164,1194,931,55,1006,1026,20,Thursday,Jan
01/06/2015,B6,972,N535JB,FLL,LGA,717,717,0,18,735,163,171,143,1076,958,10,1000,1008,8,Tuesday,Jan
02/11/2015,AA,1491,N3CDAA,DFW,DEN,1740,1741,1,13,1754,122,117,96,641,1830,8,1842,1838,-4,Wednesday,Feb
02/02/2015,WN,293,N406WN,PHX,SJC,825,825,0,10,835,120,111,97,621,912,4,925,916,-9,Monday,Feb
02/09/2015,OO,4444,N804SK,LAX,SJC,1630,1650,20,20,1710,76,71,49,308,1759,2,1746,1801,15,Monday,Feb
01/11/2015,EV,5305,N600QX,SYR,LGA,1444,1442,-2,11,1453,75,54,38,198,1531,5,1559,1536,-23,Sunday,Jan
02/02/2015,AS,345,N596AS,OAK,SEA,610,603,-7,18,621,115,123,98,671,759,7,805,806,1,Monday,Feb
01/07/2015,US,2123,N839AW,BOS,DCA,1700,1651,-9,19,1710,101,102,75,399,1825,8,1841,1833,-8,Wednesday,Jan
02/01/2015,MQ,3240,N636MQ,PIA,DFW,1740,1803,23,30,1833,140,150,116,672,2029,4,2000,2033,33,Sunday,Feb
02/10/2015,DL,1981,N929AT,DTW,GRR,2010,2007,-3,34,2041,59,67,29,120,2110,4,2109,2114,5,Tuesday,Feb
01/25/2015,DL,1827,N688DL,FLL,ATL,1345,1358,13,21,1419,123,110,81,581,1540,8,1548,1548,0,Sunday,Jan
01/13/2015,MQ,3062,N646MQ,OKC,ORD,1135,1524,229,19,1543,124,160,95,693,1718,46,1339,1804,265,Tuesday,Jan
01/20/2015,UA,406,N529UA,DEN,LGA,1540,1554,14,12,1606,213,190,174,1620,2100,4,2113,2104,-9,Tuesday,Jan
02/12/2015,WN,436,N464WN,DEN,CMH,1015,1015,0,14,1029,160,170,149,1154,1458,7,1455,1505,10,Thursday,Feb
01/15/2015,OO,3489,N217AG,FAT,SEA,600,544,-16,16,600,132,140,105,748,745,19,812,804,-8,Thursday,Jan
02/02/2015,DL,2163,N337NB,DCA,MSP,620,615,-5,11,626,167,144,129,931,735,4,807,739,-28,Monday,Feb
01/04/2015,DL,1176,N999DN,ATL,BUF,1510,1519,9,12,1531,121,96,80,712,1651,4,1711,1655,-16,Sunday,Jan
01/24/2015,OO,7397,N494CA,SLC,SGU,2020,2011,-9,17,2028,62,61,40,272,2108,4,2122,2112,-10,Saturday,Jan
01/17/2015,OO,2730,N907SW,PHX,DRO,1945,1937,-8,16,1953,78,70,51,351,2044,3,2103,2047,-16,Saturday,Jan
02/11/2015,OO,7377,N455SW,BTM,SLC,1300,1249,-11,13,1302,82,68,51,358,1353,4,1422,1357,-25,Wednesday,Feb
01/17/2015,AA,1082,N3AKAA,MIA,LGA,830,826,-4,10,836,172,160,142,1096,1058,8,1122,1106,-16,Saturday,Jan
01/13/2015,US,466,N541UW,CLT,DEN,1150,1145,-5,19,1204,229,214,189,1337,1313,6,1339,1319,-20,Tuesday,Jan
01/27/2015,OO,4621,N187PQ,IAH,SLC,745,736,-9,28,804,206,212,179,1195,1003,5,1011,1008,-3,Tuesday,Jan
01/18/2015,EV,4294,N17560,SDF,EWR,1934,1924,-10,10,1934,122,116,98,642,2112,8,2136,2120,-16,Sunday,Jan
01/21/2015,DL,1066,N935DL,BNA,ATL,1045,1041,-4,14,1055,71,52,34,214,1229,4,1256,1233,-23,Wednesday,Jan
01/22/2015,UA,1073,N35260,SAN,IAH,839,840,1,11,851,187,178,159,1303,1330,8,1346,1338,-8,Thursday,Jan
01/20/2015,US,713,N709UW,CLT,MSP,1120,1113,-7,18,1131,164,160,136,930,1247,6,1304,1253,-11,Tuesday,Jan
02/08/2015,US,1775,N959UW,PHL,AUS,1610,1602,-8,23,1625,253,227,198,1430,1843,6,1923,1849,-34,Sunday,Feb
01/28/2015,WN,121,N7714B,PHX,SAN,1200,1157,-3,12,1209,75,67,52,304,1201,3,1215,1204,-11,Wednesday,Jan
02/01/2015,F9,557,N206FR,DEN,SAN,1750,2016,146,7,2023,137,124,112,853,2115,5,1907,2120,133,Sunday,Feb
01/01/2015,EV,4103,N13908,PNS,ORD,1140,1136,-4,10,1146,151,144,129,794,1355,5,1411,1400,-11,Thursday,Jan
01/24/2015,AA,1011,N010AA,ELP,DFW,713,709,-4,22,731,102,108,74,551,945,12,955,957,2,Saturday,Jan
02/05/2015,DL,2483,N953DL,OKC,ATL,1805,1808,3,10,1818,119,113,96,761,2054,7,2104,2101,-3,Thursday,Feb
01/05/2015,MQ,3001,N932MQ,DFW,LRD,2130,2236,66,15,2251,83,75,56,396,2347,4,2253,2351,58,Monday,Jan
01/11/2015,AA,2371,N4XLAA,DFW,MCO,750,750,0,12,802,150,143,127,985,1109,4,1120,1113,-7,Sunday,Jan
01/09/2015,WN,2680,N788SA,SJU,FLL,1805,1900,55,15,1915,175,164,145,1046,2040,4,2000,2044,44,Friday,Jan
01/15/2015,WN,4248,N472WN,PHX,ABQ,810,807,-3,9,816,65,60,47,328,903,4,915,907,-8,Thursday,Jan
01/10/2015,AS,692,N537AS,SEA,SAT,1135,1146,11,10,1156,240,230,217,1774,1733,3,1735,1736,1,Saturday,Jan
02/03/2015,US,425,N914UY,PHX,JFK,958,956,-2,25,1021,296,309,244,2153,1625,40,1654,1705,11,Tuesday,Feb
01/26/2015,DL,2423,N335NB,GEG,SLC,1640,1631,-9,11,1642,94,97,82,546,1904,4,1914,1908,-6,Monday,Jan
02/05/2015,DL,1063,N964DL,ATL,BHM,2259,2251,-8,13,2304,49,43,26,134,2230,4,2248,2234,-14,Thursday,Feb
02/09/2015,US,557,N520UW,PHL,DFW,1410,1404,-6,28,1432,229,214,174,1303,1626,12,1659,1638,-21,Monday,Feb
01/22/2015,WN,4128,N768SW,OAK,LAX,600,556,-4,13,609,80,72,53,337,702,6,720,708,-12,Thursday,Jan
01/16/2015,US,409,N197UW,ORD,PHX,1405,1409,4,18,1427,229,218,195,1440,1642,5,1654,1647,-7,Friday,Jan
01/21/2015,US,710,N270AY,MIA,PHL,1400,1351,-9,24,1415,164,185,156,1013,1651,5,1644,1656,12,Wednesday,Jan
02/03/2015,DL,1643,N333NW,DTW,EWR,1420,1428,8,23,1451,114,96,68,488,1559,5,1614,1604,-10,Tuesday,Feb
01/13/2015,OO,6506,N908SW,LAX,BOI,1247,1256,9,18,1314,131,132,111,674,1605,3,1558,1608,10,Tuesday,Jan
01/18/2015,AA,2469,N3JCAA,DFW,LAX,1730,1730,0,15,1745,203,194,173,1235,1838,6,1853,1844,-9,Sunday,Jan
02/09/2015,US,574,N653AW,PHX,TPA,1600,1556,-4,11,1607,221,225,208,1788,2135,6,2141,2141,0,Monday,Feb
02/02/2015,WN,3310,N952WN,DAL,DCA,1510,1535,25,8,1543,165,146,130,1184,1853,8,1855,1901,6,Monday,Feb
01/11/2015,NK,364,N529NK,DFW,MSY,1226,1216,-10,18,1234,83,84,61,447,1335,5,1349,1340,-9,Sunday,Jan
02/09/2015,EV,5225,N686BR,ATL,CID,2054,2051,-3,36,2127,132,147,107,694,2214,4,2206,2218,12,Monday,Feb
01/10/2015,US,1814,N152UW,PHX,PHL,615,608,-7,12,620,257,259,241,2075,1221,6,1232,1227,-5,Saturday,Jan
01/21/2015,OO,5601,N724SK,SFO,PSP,2055,2051,-4,21,2112,86,94,65,421,2217,8,2221,2225,4,Wednesday,Jan
01/08/2015,MQ,3294,N531MQ,XNA,ORD,700,657,-3,24,721,115,162,75,522,836,63,855,939,44,Thursday,Jan
02/11/2015,WN,2684,N8638A,DAL,MCO,1850,1849,-1,7,1856,145,132,119,973,2155,6,2215,2201,-14,Wednesday,Feb
01/20/2015,DL,2463,N966DL,PBI,LGA,1450,1443,-7,12,1455,172,154,134,1035,1709,8,1742,1717,-25,Tuesday,Jan
01/09/2015,US,545,N658AW,PHX,DFW,2245,2240,-5,13,2253,129,131,113,868,146,5,154,151,-3,Friday,Jan
01/13/2015,DL,1738,N694DL,ATL,DCA,1820,1816,-4,15,1831,102,85,67,547,1938,3,2002,1941,-21,Tuesday,Jan
01/25/2015,WN,675,N736SA,HOU,PHX,820,818,-2,7,825,190,162,151,1020,956,4,1030,1000,-30,Sunday,Jan
01/04/2015,DL,710,N6711M,ATL,PBI,1100,1134,34,22,1156,113,113,88,545,1324,3,1253,1327,34,Sunday,Jan
01/25/2015,UA,1581,N37470,DEN,SFO,1727,1735,8,13,1748,165,140,122,967,1850,5,1912,1855,-17,Sunday,Jan
01/05/2015,AS,330,N309AS,SEA,SJC,905,901,-4,26,927,124,130,100,697,1107,4,1109,1111,2,Monday,Jan
01/29/2015,DL,94,N913DL,ATL,BNA,1906,1906,0,17,1923,69,65,40,214,1903,8,1915,1911,-4,Thursday,Jan
02/04/2015,UA,561,N576UA,LGA,DEN,751,750,-1,23,813,270,280,249,1620,1022,8,1021,1030,9,Wednesday,Feb
01/15/2015,OO,6450,N932EV,LAX,RNO,859,857,-2,24,921,94,93,63,391,1024,6,1033,1030,-3,Thursday,Jan
01/23/2015,DL,1964,N6711M,JAX,ATL,1835,1833,-2,31,1904,87,123,81,270,2025,11,2002,2036,34,Friday,Jan
02/11/2015,HA,303,N489HA,HNL,LIH,915,912,-3,10,922,38,38,22,102,944,6,953,950,-3,Wednesday,Feb
01/27/2015,AA,1342,N3HSAA,ORD,MIA,500,500,0,15,515,179,181,150,1197,845,16,859,901,2,Tuesday,Jan
01/22/2015,US,599,N763US,PHX,SJC,1740,1738,-2,12,1750,112,109,94,621,1824,3,1832,1827,-5,Thursday,Jan
01/08/2015,B6,1109,N206JB,BOS,JAX,955,957,2,18,1015,183,164,143,1010,1238,3,1258,1241,-17,Thursday,Jan
01/24/2015,WN,3268,N369SW,OAK,PHX,1420,1419,-1,8,1427,110,113,101,646,1708,4,1710,1712,2,Saturday,Jan
01/29/2015,EV,5689,N820AS,LGA,IAD,1015,1009,-6,55,1104,85,107,45,229,1149,7,1140,1156,16,Thursday,Jan
02/10/2015,EV,4223,N12957,EWR,CLT,1000,1000,0,19,1019,126,121,90,529,1149,12,1206,1201,-5,Tuesday,Feb
01/04/2015,HA,258,N488HA,HNL,KOA,1210,1203,-7,15,1218,44,51,29,163,1247,7,1254,1254,0,Sunday,Jan
01/11/2015,UA,1711,N67058,IAH,LAX,1922,1938,16,21,1959,228,212,183,1379,2102,8,2110,2110,0,Sunday,Jan
01/30/2015,F9,1063,N213FR,ORD,SLC,1540,1535,-5,11,1546,205,215,195,1250,1801,9,1805,1810,5,Friday,Jan
01/17/2015,US,621,N657AW,PHX,SNA,1120,1119,-1,20,1139,86,79,54,338,1133,5,1146,1138,-8,Saturday,Jan
02/10/2015,WN,397,N960WN,FLL,ATL,1755,1753,-2,10,1803,120,112,91,581,1934,11,1955,1945,-10,Tuesday,Feb
01/12/2015,DL,1225,N651DL,DTW,RSW,725,723,-2,58,821,198,215,153,1084,1054,4,1043,1058,15,Monday,Jan
02/08/2015,OO,2697,N907SW,PHX,FLG,1135,1130,-5,22,1152,53,55,29,119,1221,4,1228,1225,-3,Sunday,Feb
01/29/2015,OO,4458,N461SW,MKE,CVG,825,818,-7,12,830,84,69,53,318,1023,4,1049,1027,-22,Thursday,Jan
02/01/2015,WN,1892,N406WN,MCO,HOU,1750,1803,13,5,1808,160,145,137,849,1925,3,1930,1928,-2,Sunday,Feb
01/29/2015,DL,2282,N392DA,JFK,PHX,815,814,-1,21,835,349,329,304,2153,1139,4,1204,1143,-21,Thursday,Jan
01/29/2015,OO,4825,N813SK,SJC,LAX,1430,1439,9,16,1455,80,82,55,308,1550,11,1550,1601,11,Thursday,Jan
01/15/2015,B6,477,N559JB,JFK,JAX,1459,1506,7,11,1517,168,146,131,828,1728,4,1747,1732,-15,Thursday,Jan
01/19/2015,UA,247,N842UA,SAT,IAH,701,659,-2,10,709,61,55,40,191,749,5,802,754,-8,Monday,Jan
01/08/2015,US,1754,N817AW,PHX,AUS,950,946,-4,28,1014,138,146,113,872,1307,5,1308,1312,4,Thursday,Jan
01/17/2015,OO,3483,N219AG,SAN,BOI,1440,1437,-3,13,1450,130,124,107,749,1737,4,1750,1741,-9,Saturday,Jan
02/01/2015,AA,1249,N4YLAA,MSP,ORD,543,540,-3,54,634,92,121,57,334,731,10,715,741,26,Sunday,Feb
01/18/2015,UA,1635,N76523,EWR,PHX,1506,1509,3,13,1522,346,315,296,2133,1818,6,1852,1824,-28,Sunday,Jan
01/18/2015,US,416,N754UW,RNO,PHX,930,939,9,11,950,102,91,77,601,1207,3,1212,1210,-2,Sunday,Jan
01/04/2015,NK,301,N626NK,BWI,FLL,645,653,8,14,707,157,155,136,925,923,5,922,928,6,Sunday,Jan
01/21/2015,WN,160,N969WN,MKE,DCA,730,723,-7,30,753,120,119,85,634,1018,4,1030,1022,-8,Wednesday,Jan
02/03/2015,B6,844,N353JB,CHS,DCA,1338,1446,68,8,1454,78,73,62,444,1556,3,1456,1559,63,Tuesday,Feb
02/05/2015,WN,934,N7729A,BWI,FLL,1945,2001,16,10,2011,160,143,127,925,2218,6,2225,2224,-1,Thursday,Feb
01/23/2015,EV,6182,N19966,BDL,IAD,1926,2038,72,10,2048,90,80,61,326,2149,9,2056,2158,62,Friday,Jan
01/19/2015,WN,1336,N7814B,ABQ,DEN,655,649,-6,10,659,90,82,62,349,801,10,825,811,-14,Monday,Jan
02/03/2015,MQ,3530,N511MQ,CVG,ORD,1136,1302,86,16,1318,84,79,49,265,1307,14,1200,1321,81,Tuesday,Feb
01/09/2015,WN,1269,N685SW,SMF,LAX,1505,1515,10,15,1530,75,86,64,373,1634,7,1620,1641,21,Friday,Jan
01/07/2015,MQ,3667,N856MQ,DFW,LRD,1725,1720,-5,20,1740,81,104,79,396,1859,5,1846,1904,18,Wednesday,Jan
01/11/2015,UA,1292,N37409,MSY,IAH,515,523,8,10,533,79,85,68,305,641,7,634,648,14,Sunday,Jan
01/09/2015,US,560,N650AW,MSP,PHX,520,522,2,19,541,202,198,170,1276,731,9,742,740,-2,Friday,Jan
01/02/2015,B6,700,N591JB,LAX,FLL,1520,1546,26,16,1602,281,289,270,2342,2332,3,2301,2335,34,Friday,Jan
02/11/2015,WN,1984,N630WN,MSY,DAL,600,555,-5,7,602,90,90,70,436,712,13,730,725,-5,Wednesday,Feb
01/08/2015,EV,4144,N16559,EWR,CHS,2059,2119,20,27,2146,127,138,105,628,2331,6,2306,2337,31,Thursday,Jan
01/30/2015,US,1747,N110UW,CLT,PIT,1959,1957,-2,17,2014,79,86,64,366,2118,5,2118,2123,5,Friday,Jan
01/24/2015,UA,1227,N73278,EWR,IAH,1030,1114,44,23,1137,256,231,197,1400,1354,11,1346,1405,19,Saturday,Jan
01/12/2015,DL,1827,N900PC,ATL,FLL,1100,1117,17,41,1158,115,138,92,581,1330,5,1255,1335,40,Monday,Jan
01/15/2015,DL,2062,N337NB,MSP,BOS,1720,1720,0,9,1729,165,160,140,1124,2049,11,2105,2100,-5,Thursday,Jan
01/14/2015,EV,4289,N12195,COS,IAH,1442,1439,-3,18,1457,139,129,102,809,1739,9,1801,1748,-13,Wednesday,Jan
01/16/2015,AS,860,N514AS,HNL,SEA,830,812,-18,25,837,345,311,277,2677,1514,9,1615,1523,-52,Friday,Jan
01/03/2015,DL,2218,N547US,LAX,HNL,1033,1031,-2,20,1051,347,359,329,2556,1420,10,1420,1430,10,Saturday,Jan
01/29/2015,UA,221,N463UA,LGA,IAH,1342,1352,10,26,1418,253,237,205,1416,1643,6,1655,1649,-6,Thursday,Jan
02/01/2015,WN,63,N474WN,DAL,LAS,835,834,-1,7,841,185,183,146,1067,907,30,940,937,-3,Sunday,Feb
01/20/2015,EV,4313,N12569,ORF,IAD,615,608,-7,14,622,61,55,33,157,655,8,716,703,-13,Tuesday,Jan
02/09/2015,DL,1460,N329NW,MIA,ATL,745,744,-1,14,758,122,114,91,594,929,9,947,938,-9,Monday,Feb
01/09/2015,OO,7403,N418SW,MSP,HIB,1952,1955,3,12,2007,69,50,35,174,2042,3,2101,2045,-16,Friday,Jan
02/01/2015,WN,658,N7740A,MCO,DAL,650,649,-1,10,659,180,164,151,973,830,3,850,833,-17,Sunday,Feb
01/14/2015,OO,5539,N967SW,SFO,SLC,850,846,-4,26,912,113,121,88,599,1140,7,1143,1147,4,Wednesday,Jan
02/11/2015,WN,1144,N784SW,BUR,OAK,1115,1112,-3,12,1124,70,73,54,325,1218,7,1225,1225,0,Wednesday,Feb
02/04/2015,US,2174,N955UW,DCA,LGA,1000,958,-2,15,1013,85,66,44,214,1057,7,1125,1104,-21,Wednesday,Feb
01/02/2015,WN,358,N640SW,ATL,BWI,740,740,0,13,753,105,92,75,577,908,4,925,912,-13,Friday,Jan
01/20/2015,WN,495,N657SW,AUS,HOU,1700,1730,30,10,1740,50,50,37,148,1817,3,1750,1820,30,Tuesday,Jan
01/14/2015,OO,6357,N117SY,ORD,STL,1231,1229,-2,14,1243,76,67,46,258,1329,7,1347,1336,-11,Wednesday,Jan
01/20/2015,OO,4680,N912EV,MSP,DLH,1421,1417,-4,15,1432,59,50,30,144,1502,5,1520,1507,-13,Tuesday,Jan
01/20/2015,OO,2682,N906SW,BFL,PHX,630,622,-8,13,635,90,82,64,425,839,5,900,844,-16,Tuesday,Jan
02/11/2015,US,514,N657AW,PDX,PHX,1515,1510,-5,8,1518,150,133,122,1009,1820,3,1845,1823,-22,Wednesday,Feb
01/21/2015,WN,106,N790SW,PHX,HOU,1425,1429,4,6,1435,145,132,122,1020,1737,4,1750,1741,-9,Wednesday,Jan
01/23/2015,NK,331,N622NK,LGA,ORD,2155,2145,-10,10,2155,147,136,118,733,2253,8,2322,2301,-21,Friday,Jan
02/07/2015,WN,3366,N8655D,DEN,FLL,1645,1639,-6,15,1654,220,216,196,1703,2210,5,2225,2215,-10,Saturday,Feb
02/07/2015,UA,1195,N73259,SFO,ORD,1110,1108,-2,26,1134,260,231,195,1846,1649,10,1730,1659,-31,Saturday,Feb
01/21/2015,WN,358,N414WN,ATL,HOU,1145,1140,-5,11,1151,150,133,119,696,1250,3,1315,1253,-22,Wednesday,Jan
01/14/2015,OO,5164,N928EV,BIL,DEN,1011,1013,2,10,1023,94,86,67,455,1130,9,1145,1139,-6,Wednesday,Jan
01/02/2015,WN,825,N459WN,MCI,MDW,2155,2220,25,6,2226,80,62,50,405,2316,6,2315,2322,7,Friday,Jan
01/07/2015,OO,4621,N825SK,IAH,SLC,745,743,-2,14,757,206,185,161,1195,938,10,1011,948,-23,Wednesday,Jan
01/04/2015,DL,929,N6710E,SEA,ATL,2355,2355,0,19,14,273,251,225,2182,659,7,728,706,-22,Sunday,Jan
01/22/2015,VX,710,N843VA,DAL,LGA,1325,1325,0,12,1337,185,176,155,1381,1712,9,1730,1721,-9,Thursday,Jan
02/09/2015,WN,145,N7741C,LAX,LAS,1705,1703,-2,8,1711,65,56,44,236,1755,4,1810,1759,-11,Monday,Feb
01/30/2015,US,2122,N748UW,DCA,BOS,1630,1623,-7,61,1724,89,136,69,399,1833,6,1759,1839,40,Friday,Jan
02/05/2015,DL,2038,N830DN,ATL,DCA,1520,1521,1,19,1540,104,104,81,547,1701,4,1704,1705,1,Thursday,Feb
01/03/2015,HA,224,N475HA,LIH,HNL,2106,2117,11,40,2157,32,72,18,102,2215,14,2138,2229,51,Saturday,Jan
01/27/2015,OO,2685,N477CA,PHX,PSP,1943,1937,-6,13,1950,68,63,44,261,1934,6,1951,1940,-11,Tuesday,Jan
02/12/2015,WN,393,N286WN,ISP,FLL,710,704,-6,15,719,190,192,162,1092,1001,15,1020,1016,-4,Thursday,Feb
02/06/2015,US,1816,N740UW,TPA,DCA,1318,1313,-5,11,1324,127,132,108,814,1512,13,1525,1525,0,Friday,Feb
01/23/2015,OO,4509,N437SW,BIS,MSP,1508,1501,-7,11,1512,81,86,64,386,1616,11,1629,1627,-2,Friday,Jan
01/10/2015,WN,3940,N8322X,PHX,DAL,900,858,-2,10,908,135,136,120,879,1208,6,1215,1214,-1,Saturday,Jan
01/22/2015,AS,834,N518AS,HNL,PDX,1225,1218,-7,19,1237,334,308,285,2603,1922,4,1959,1926,-33,Thursday,Jan
01/30/2015,EV,5181,N755EV,OMA,DTW,610,601,-9,19,620,131,118,94,651,854,5,921,859,-22,Friday,Jan
01/18/2015,DL,1769,N661DN,ATL,MCO,2255,2255,0,12,2307,83,69,53,404,2400,4,18,4,-14,Sunday,Jan
01/22/2015,DL,1966,N930DL,DFW,ATL,815,817,2,14,831,126,113,90,731,1101,9,1121,1110,-11,Thursday,Jan
01/01/2015,WN,675,N7734H,HOU,CHS,2005,2049,44,8,2057,135,119,105,928,2342,6,2320,2348,28,Thursday,Jan
02/09/2015,DL,1066,N929DL,ATL,BNA,952,1001,9,32,1033,70,74,37,214,1010,5,1002,1015,13,Monday,Feb
01/25/2015,US,696,N557UW,LAX,CLT,2240,2249,9,16,2305,266,282,260,2125,625,6,606,631,25,Sunday,Jan
02/01/2015,EV,4639,N21129,IAH,CAE,1331,1325,-6,12,1337,132,119,103,878,1620,4,1643,1624,-19,Sunday,Feb
01/07/2015,UA,1671,N31412,SAN,ORD,847,847,0,16,903,247,251,227,1723,1450,8,1454,1458,4,Wednesday,Jan
01/13/2015,WN,473,N604SW,BWI,ABQ,835,827,-8,25,852,280,280,251,1670,1103,4,1115,1107,-8,Tuesday,Jan
01/19/2015,B6,123,N945JB,JFK,LAX,815,815,0,29,844,380,388,349,2475,1133,10,1135,1143,8,Monday,Jan
02/08/2015,EV,3270,N15986,ICT,IAH,615,615,0,22,637,115,115,84,542,801,9,810,810,0,Sunday,Feb
02/06/2015,MQ,3245,N3AEMQ,DSM,DFW,1524,1516,-8,10,1526,121,104,86,624,1652,8,1725,1700,-25,Friday,Feb
01/06/2015,WN,479,N476WN,BNA,RDU,2055,2110,15,8,2118,80,66,53,442,2311,5,2315,2316,1,Tuesday,Jan
01/03/2015,DL,203,N949DL,OKC,ATL,1545,1546,1,14,1600,118,120,98,761,1838,8,1843,1846,3,Saturday,Jan
02/07/2015,WN,3201,N776WN,SLC,LAX,855,852,-3,15,907,115,111,88,590,935,8,950,943,-7,Saturday,Feb
02/04/2015,EV,4634,N14168,RDU,IAH,1441,1433,-8,20,1453,198,206,177,1042,1650,9,1659,1659,0,Wednesday,Feb
01/15/2015,OO,4742,N821SK,SNA,SLC,705,657,-8,26,723,119,134,99,588,1002,9,1004,1011,7,Thursday,Jan
01/23/2015,DL,730,N909DL,ATL,CHS,1640,1640,0,16,1656,70,62,40,259,1736,6,1750,1742,-8,Friday,Jan
01/16/2015,WN,3764,N243WN,PHX,SNA,720,718,-2,9,727,80,68,55,338,722,4,740,726,-14,Friday,Jan
01/26/2015,WN,991,N7732A,OAK,SNA,2050,2050,0,5,2055,80,74,66,371,2201,3,2210,2204,-6,Monday,Jan
02/09/2015,WN,2594,N659SW,DCA,CAK,2050,2101,11,16,2117,80,69,49,274,2206,4,2210,2210,0,Monday,Feb
01/22/2015,UA,203,N826UA,ORD,MSP,2020,2021,1,14,2035,90,76,57,334,2132,5,2150,2137,-13,Thursday,Jan
01/13/2015,WN,1035,N7732A,OAK,PHX,1235,1234,-1,9,1243,110,100,86,646,1509,5,1525,1514,-11,Tuesday,Jan
02/08/2015,WN,3659,N735SA,MCI,STL,910,904,-6,6,910,55,46,37,237,947,3,1005,950,-15,Sunday,Feb
02/01/2015,OO,6195,N959SW,DEN,LNK,1000,1002,2,64,1106,86,133,63,423,1309,6,1226,1315,49,Sunday,Feb
01/23/2015,OO,5387,N568SW,SBP,LAX,1810,1804,-6,21,1825,65,73,39,156,1904,13,1915,1917,2,Friday,Jan
01/27/2015,OO,2724,N907SW,PHX,SBP,1100,1050,-10,25,1115,108,117,87,509,1142,5,1148,1147,-1,Tuesday,Jan
01/30/2015,UA,1617,N13716,ORD,MSP,1934,1934,0,14,1948,90,83,64,334,2052,5,2104,2057,-7,Friday,Jan
01/17/2015,WN,2755,N8601C,MCI,MDW,1855,1850,-5,6,1856,85,91,58,405,1954,27,2020,2021,1,Saturday,Jan
01/24/2015,B6,905,N665JB,JFK,ORD,829,842,13,26,908,169,147,114,740,1002,7,1018,1009,-9,Saturday,Jan
01/27/2015,WN,726,N212WN,ICT,MDW,605,559,-6,18,617,110,110,88,589,745,4,755,749,-6,Tuesday,Jan
01/01/2015,AA,288,N3DNAA,ORD,BOS,2005,2001,-4,13,2014,125,114,96,867,2250,5,2310,2255,-15,Thursday,Jan
02/03/2015,WN,427,N485WN,DAY,BWI,1830,1823,-7,8,1831,80,68,56,406,1927,4,1950,1931,-19,Tuesday,Feb
01/14/2015,WN,1781,N755SA,RDU,MCO,1715,1711,-4,7,1718,110,95,83,534,1841,5,1905,1846,-19,Wednesday,Jan
02/07/2015,UA,785,N410UA,IAH,LAX,1134,1151,17,12,1203,228,202,183,1379,1306,7,1322,1313,-9,Saturday,Feb
02/08/2015,US,2184,N965UW,DCA,LGA,1500,1609,69,22,1631,81,70,40,214,1711,8,1621,1719,58,Sunday,Feb
01/22/2015,OO,6469,N976SW,ORD,CID,1800,1754,-6,15,1809,60,59,33,196,1842,11,1900,1853,-7,Thursday,Jan
01/15/2015,OO,5243,N718SK,IAH,AUS,1015,1015,0,29,1044,56,66,31,140,1115,6,1111,1121,10,Thursday,Jan
01/18/2015,WN,2237,N423WN,MDW,DCA,1335,1327,-8,9,1336,105,98,83,601,1559,6,1620,1605,-15,Sunday,Jan
01/10/2015,AS,60,N705AS,JNU,KTN,723,743,20,15,758,67,65,41,234,839,9,830,848,18,Saturday,Jan
02/02/2015,WN,4922,N410WN,LAS,RNO,905,901,-4,11,912,80,75,59,345,1011,5,1025,1016,-9,Monday,Feb
02/09/2015,US,406,N562UW,PHX,DTW,950,945,-5,28,1013,235,220,184,1671,1517,8,1545,1525,-20,Monday,Feb
01/17/2015,MQ,3672,N931MQ,ORD,DBQ,1005,1000,-5,17,1017,50,55,34,147,1051,4,1055,1055,0,Saturday,Jan
01/21/2015,US,630,N550UW,PHX,JFK,1350,1505,75,16,1521,280,283,249,2153,2130,18,2030,2148,78,Wednesday,Jan
02/02/2015,US,1772,N561UW,LAS,CLT,59,55,-4,16,111,243,240,215,1916,746,9,802,755,-7,Monday,Feb
01/18/2015,AS,64,N768AS,ANC,JNU,1130,1125,-5,7,1132,100,93,83,571,1255,3,1310,1258,-12,Sunday,Jan
02/11/2015,US,2058,N549UW,DEN,PHL,1345,1355,10,13,1408,205,212,192,1558,1920,7,1910,1927,17,Wednesday,Feb
01/23/2015,EV,6172,N13997,MLI,ORD,1114,1107,-7,6,1113,61,57,40,139,1153,11,1215,1204,-11,Friday,Jan
01/14/2015,B6,1129,N635JB,JFK,RSW,1155,1153,-2,21,1214,193,194,166,1074,1500,7,1508,1507,-1,Wednesday,Jan
01/30/2015,WN,541,N718SW,LAX,RNO,1140,1152,12,10,1202,80,72,58,391,1300,4,1300,1304,4,Friday,Jan
01/07/2015,OO,4562,N936SW,CVG,MSN,1606,1602,-4,9,1611,84,83,70,373,1621,4,1630,1625,-5,Wednesday,Jan
02/01/2015,AA,306,N854AA,LAX,MIA,800,801,1,19,820,290,289,260,2342,1540,10,1550,1550,0,Sunday,Feb
01/31/2015,AA,253,N5ESAA,LAX,OGG,900,858,-2,17,915,356,339,318,2486,1233,4,1256,1237,-19,Saturday,Jan
01/07/2015,DL,2151,N995AT,MIA,LGA,735,729,-6,23,752,178,236,155,1096,1027,58,1033,1125,52,Wednesday,Jan
01/26/2015,AA,347,N016AA,MSY,MIA,1107,1117,10,9,1126,107,101,86,675,1352,6,1354,1358,4,Monday,Jan
01/12/2015,AA,1686,N472AA,LAX,STL,605,556,-9,17,613,216,217,197,1592,1130,3,1141,1133,-8,Monday,Jan
01/19/2015,WN,562,N498WN,LAS,LAX,600,557,-3,14,611,65,65,42,236,653,9,705,702,-3,Monday,Jan
01/09/2015,AA,1484,N4XLAA,DFW,AUS,925,930,5,17,947,58,64,42,190,1029,5,1023,1034,11,Friday,Jan
01/24/2015,WN,4390,N8638A,PHX,SAN,1155,1154,-1,13,1207,80,63,47,304,1154,3,1215,1157,-18,Saturday,Jan
01/12/2015,MQ,3365,N3AEMQ,DCA,JFK,1935,2104,89,20,2124,77,65,41,213,2205,4,2052,2209,77,Monday,Jan
02/04/2015,MQ,3079,N607MQ,JLN,DFW,600,559,-1,22,621,84,83,56,327,717,5,724,722,-2,Wednesday,Feb
01/05/2015,WN,582,N432WN,LGA,BNA,1330,1406,36,30,1436,160,167,132,764,1548,5,1510,1553,43,Monday,Jan
01/30/2015,AA,1090,N3CHAA,SNA,DFW,1000,957,-3,13,1010,166,163,142,1205,1432,8,1446,1440,-6,Friday,Jan
01/21/2015,AA,1459,N3MEAA,ORD,SFO,1815,1848,33,12,1900,285,249,233,1846,2053,4,2100,2057,-3,Wednesday,Jan
01/12/2015,HA,279,N476HA,KOA,HNL,1730,1725,-5,6,1731,44,45,31,163,1802,8,1814,1810,-4,Monday,Jan
01/12/2015,DL,1054,N926DL,BDL,ATL,720,719,-1,32,751,171,190,146,859,1017,12,1011,1029,18,Monday,Jan
01/17/2015,DL,1550,N914DN,LAS,MSP,705,656,-9,16,712,190,189,169,1299,1201,4,1215,1205,-10,Saturday,Jan
01/03/2015,NK,470,N521NK,PDX,SAN,620,613,-7,11,624,140,134,118,933,822,5,840,827,-13,Saturday,Jan
01/02/2015,DL,809,N928DN,BOS,MSP,600,600,0,20,620,210,220,195,1124,835,5,830,840,10,Friday,Jan
02/02/2015,AA,1694,N3BXAA,SAN,DFW,1538,1529,-9,12,1541,172,202,154,1171,2015,36,2030,2051,21,Monday,Feb
01/31/2015,DL,1467,N353NW,ATL,BZN,1055,1053,-2,12,1105,267,236,220,1640,1245,4,1322,1249,-33,Saturday,Jan
01/27/2015,OO,5612,N967SW,SLC,SFO,615,628,13,72,740,138,170,85,599,805,13,733,818,45,Tuesday,Jan
02/11/2015,OO,6208,N919SW,DEN,MOT,1945,2042,57,9,2051,112,107,91,604,2322,7,2237,2329,52,Wednesday,Feb
02/03/2015,OO,4502,N452SW,DTW,DAY,1555,1552,-3,18,1610,65,54,32,166,1642,4,1700,1646,-14,Tuesday,Feb
01/04/2015,B6,493,N712JB,BOS,DEN,815,815,0,17,832,288,294,264,1754,1056,13,1103,1109,6,Sunday,Jan
02/04/2015,OO,5483,N771SK,DEN,SLC,1722,1821,59,26,1847,92,96,66,391,1953,4,1854,1957,63,Wednesday,Feb
01/14/2015,WN,2428,N908WN,AUS,DAL,2145,2140,-5,12,2152,55,48,32,189,2224,4,2240,2228,-12,Wednesday,Jan
02/01/2015,AA,2393,N3GNAA,JFK,MCO,700,654,-6,19,713,188,173,141,944,934,13,1008,947,-21,Sunday,Feb
02/04/2015,AS,722,N708AS,SLC,LAX,700,652,-8,21,713,125,144,83,590,736,40,805,816,11,Wednesday,Feb
02/08/2015,WN,459,N626SW,ATL,BWI,1800,1817,17,14,1831,105,102,82,577,1953,6,1945,1959,14,Sunday,Feb
01/30/2015,WN,850,N8623F,MSY,LAS,1135,1135,0,10,1145,240,216,201,1500,1306,5,1335,1311,-24,Friday,Jan
01/09/2015,WN,234,N793SA,MKE,ATL,1500,1523,23,7,1530,130,104,91,669,1801,6,1810,1807,-3,Friday,Jan
01/03/2015,AA,2210,N477AA,DFW,SAT,1005,1000,-5,15,1015,70,72,53,247,1108,4,1115,1112,-3,Saturday,Jan
02/04/2015,AA,331,N3KEAA,LGA,ORD,1215,1207,-8,26,1233,162,172,135,733,1348,11,1357,1359,2,Wednesday,Feb
02/06/2015,EV,4729,N13202,ORD,BNA,1130,1123,-7,13,1136,92,76,56,409,1232,7,1302,1239,-23,Friday,Feb
01/07/2015,UA,258,N424UA,LAS,SFO,1100,1055,-5,14,1109,97,79,60,414,1209,5,1237,1214,-23,Wednesday,Jan
01/13/2015,WN,144,N961WN,PHX,SEA,2050,2054,4,7,2101,185,166,154,1107,2235,5,2255,2240,-15,Tuesday,Jan
01/16/2015,WN,297,N8608N,DAL,LGA,620,622,2,11,633,195,196,173,1381,1026,12,1035,1038,3,Friday,Jan
01/10/2015,AS,153,N794AS,OTZ,OME,1900,1902,2,12,1914,42,52,36,183,1950,4,1942,1954,12,Saturday,Jan
01/30/2015,WN,4513,N629SW,MSY,HOU,845,842,-3,5,847,75,62,54,302,941,3,1000,944,-16,Friday,Jan
01/19/2015,UA,480,N471UA,ORD,DEN,1056,1055,-1,13,1108,163,149,130,888,1218,6,1239,1224,-15,Monday,Jan
01/31/2015,UA,335,N826UA,LAX,IAH,807,802,-5,24,826,198,199,169,1379,1315,6,1325,1321,-4,Saturday,Jan
02/06/2015,EV,5282,N920EV,DTW,CID,2005,2001,-4,17,2018,107,92,71,430,2029,4,2052,2033,-19,Friday,Feb
01/20/2015,F9,739,N935FR,CVG,DEN,1359,1353,-6,11,1404,186,180,161,1069,1445,8,1505,1453,-12,Tuesday,Jan
01/05/2015,EV,5597,N606LR,LFT,ATL,1125,1206,41,10,1216,98,81,63,503,1419,8,1403,1427,24,Monday,Jan
01/21/2015,VX,731,N526VA,DCA,DAL,730,716,-14,38,754,210,232,187,1184,1001,7,1000,1008,8,Wednesday,Jan
01/19/2015,WN,4208,N608SW,ONT,SMF,1230,1234,4,7,1241,80,77,67,390,1348,3,1350,1351,1,Monday,Jan
02/06/2015,OO,6229,N507CA,ORD,DSM,1155,1208,13,18,1226,78,69,48,299,1314,3,1313,1317,4,Friday,Feb
02/02/2015,OO,4491,N606SK,PDX,SEA,1725,1719,-6,13,1732,51,58,37,129,1809,8,1816,1817,1,Monday,Feb
01/04/2015,UA,816,N434UA,EWR,SEA,750,752,2,15,807,387,360,341,2402,1048,4,1117,1052,-25,Sunday,Jan
02/03/2015,AA,1209,N3HHAA,TPA,LAX,725,718,-7,13,731,330,335,314,2158,945,8,955,953,-2,Tuesday,Feb
02/02/2015,WN,2593,N649SW,SFO,PHX,1605,1601,-4,14,1615,110,112,92,651,1847,6,1855,1853,-2,Monday,Feb
02/06/2015,DL,2442,N932DN,DEN,ATL,1445,1437,-8,20,1457,172,169,140,1199,1917,9,1937,1926,-11,Friday,Feb
02/03/2015,OO,2646,N955SW,ORD,ICT,1145,1215,30,25,1240,119,121,92,588,1412,4,1344,1416,32,Tuesday,Feb
01/20/2015,UA,399,N462UA,EWR,DFW,1300,1256,-4,10,1306,245,229,211,1372,1537,8,1605,1545,-20,Tuesday,Jan
01/16/2015,WN,4661,N704SW,DAL,SAT,1430,1439,9,9,1448,65,58,46,248,1534,3,1535,1537,2,Friday,Jan
01/05/2015,VX,964,N623VA,SFO,SAN,1955,2000,5,8,2008,85,80,67,447,2115,5,2120,2120,0,Monday,Jan
02/02/2015,MQ,3399,N616MQ,DFW,FSM,1725,1741,16,13,1754,59,61,43,227,1837,5,1824,1842,18,Monday,Feb
01/23/2015,WN,451,N8328A,BWI,SJU,840,838,-2,41,919,255,257,209,1565,1348,7,1355,1355,0,Friday,Jan
01/04/2015,AA,1004,N3HUAA,DFW,RSW,2030,2214,104,11,2225,145,137,122,1017,127,4,2355,131,96,Sunday,Jan
02/08/2015,US,1717,N679AW,CLT,FLL,2210,2213,3,9,2222,113,97,85,631,2347,3,3,2350,-13,Sunday,Feb
01/12/2015,WN,3207,N418WN,BDL,RSW,745,740,-5,22,802,210,220,194,1180,1116,4,1115,1120,5,Monday,Jan
01/08/2015,MQ,3077,N902MQ,DFW,SGF,1625,1643,18,12,1655,78,71,54,364,1749,5,1743,1754,11,Thursday,Jan
01/13/2015,OO,4671,N611SK,SLC,DEN,934,930,-4,11,941,97,94,72,391,1053,11,1111,1104,-7,Tuesday,Jan
01/07/2015,WN,1269,N363SW,LAX,SLC,1650,1653,3,10,1703,105,102,88,590,1931,4,1935,1935,0,Wednesday,Jan
02/09/2015,AS,722,N706AS,SLC,LAX,700,651,-9,20,711,125,131,105,590,756,6,805,802,-3,Monday,Feb
01/13/2015,DL,1692,N801DZ,SAN,ATL,1110,1110,0,15,1125,248,228,203,1892,1748,10,1818,1758,-20,Tuesday,Jan
01/03/2015,US,725,N536UW,CLT,MCO,1445,1442,-3,15,1457,99,93,71,468,1608,7,1624,1615,-9,Saturday,Jan
02/07/2015,US,709,N587UW,PHL,SFO,1605,1558,-7,21,1619,383,376,349,2521,1908,6,1928,1914,-14,Saturday,Feb
01/11/2015,EV,4466,N11137,IAH,MCI,1437,1440,3,19,1459,123,131,91,643,1630,21,1640,1651,11,Sunday,Jan
02/10/2015,EV,5248,N719EV,MSP,MDW,1715,1822,67,92,1954,95,153,57,349,2051,4,1850,2055,125,Tuesday,Feb
01/26/2015,WN,48,N340LV,HOU,DAL,1800,1809,9,9,1818,60,57,43,239,1901,5,1900,1906,6,Monday,Jan
01/25/2015,DL,1946,N920AT,CLE,ATL,1845,1841,-4,29,1910,119,119,84,554,2034,6,2044,2040,-4,Sunday,Jan
01/19/2015,F9,723,N948FR,DCA,DEN,1332,1329,-3,10,1339,242,236,219,1476,1518,7,1534,1525,-9,Monday,Jan
02/05/2015,AA,390,N3EXAA,RDU,ORD,1830,1829,-1,7,1836,134,128,111,646,1927,10,1944,1937,-7,Thursday,Feb
01/09/2015,DL,1838,N991DL,ATL,DCA,1720,1717,-3,11,1728,100,90,74,547,1842,5,1900,1847,-13,Friday,Jan
01/11/2015,WN,445,N913WN,CLE,BWI,1910,1927,17,20,1947,75,77,52,314,2039,5,2025,2044,19,Sunday,Jan
01/28/2015,WN,349,N8648A,SLC,LAS,1335,1340,5,11,1351,75,81,63,368,1354,7,1350,1401,11,Wednesday,Jan
01/23/2015,EV,5801,N11189,MTJ,DEN,1758,1742,-16,11,1753,67,74,42,196,1835,21,1905,1856,-9,Friday,Jan
01/10/2015,EV,4460,N26549,IAH,LFT,1125,1123,-2,25,1148,58,63,33,201,1221,5,1223,1226,3,Saturday,Jan
01/26/2015,WN,3296,N218WN,RSW,PIT,1145,1140,-5,9,1149,150,153,134,966,1403,10,1415,1413,-2,Monday,Jan
02/09/2015,AS,341,N786AS,PSP,SFO,1720,1736,16,21,1757,89,95,67,421,1904,7,1849,1911,22,Monday,Feb
01/17/2015,US,638,N908AW,OGG,PHX,2215,2205,-10,8,2213,340,302,291,2845,604,3,655,607,-48,Saturday,Jan
01/08/2015,B6,1013,N571JB,JFK,LGB,1810,1811,1,10,1821,381,364,350,2465,2111,4,2131,2115,-16,Thursday,Jan
02/02/2015,WN,965,N782SA,MCO,SJU,945,946,1,6,952,160,159,149,1189,1321,4,1325,1325,0,Monday,Feb
01/12/2015,EV,5171,N232PQ,ATL,MGM,1310,1308,-2,19,1327,53,58,37,147,1304,2,1303,1306,3,Monday,Jan
01/04/2015,WN,31,N7744A,DEN,STL,600,609,9,26,635,125,125,93,770,908,6,905,914,9,Sunday,Jan
01/29/2015,WN,2319,N624SW,LAS,RNO,1035,1046,11,12,1058,80,67,51,345,1149,4,1155,1153,-2,Thursday,Jan
01/27/2015,WN,261,N206WN,LAX,OAK,710,708,-2,10,718,75,80,67,337,825,3,825,828,3,Tuesday,Jan
02/07/2015,OO,2643,N693BR,CHO,ORD,1729,1729,0,7,1736,121,104,86,567,1802,11,1830,1813,-17,Saturday,Feb
01/01/2015,WN,304,N292WN,BWI,SAT,1100,1105,5,7,1112,240,236,225,1407,1357,4,1400,1401,1,Thursday,Jan
01/07/2015,DL,1195,N912DE,ATL,IAD,1516,1510,-6,21,1531,108,96,70,534,1641,5,1704,1646,-18,Wednesday,Jan
02/09/2015,EV,4545,N11193,IAH,RDU,1907,1908,1,12,1920,148,167,147,1042,2247,8,2235,2255,20,Monday,Feb
01/20/2015,EV,5932,N13997,CAK,ORD,1856,1849,-7,16,1905,89,98,70,343,1915,12,1925,1927,2,Tuesday,Jan
01/13/2015,WN,3302,N613SW,LAX,OAK,1440,1452,12,7,1459,75,69,57,337,1556,5,1555,1601,6,Tuesday,Jan
01/05/2015,DL,1318,N349NB,ATL,CLT,1005,1003,-2,12,1015,74,54,37,226,1052,5,1119,1057,-22,Monday,Jan
02/09/2015,OO,4667,N554CA,OMA,SLC,830,827,-3,16,843,164,175,153,840,1016,6,1014,1022,8,Monday,Feb
01/04/2015,WN,113,N632SW,SEA,OAK,1335,1334,-1,20,1354,120,118,93,671,1527,5,1535,1532,-3,Sunday,Jan
01/28/2015,UA,1165,N38451,LAX,IAD,1301,1320,19,15,1335,298,265,245,2288,2040,5,2059,2045,-14,Wednesday,Jan
01/01/2015,DL,2287,N923DN,DTW,ATL,1735,1742,7,16,1758,130,110,86,594,1924,8,1945,1932,-13,Thursday,Jan
01/26/2015,WN,927,N956WN,ABQ,LAX,1110,1104,-6,8,1112,125,106,90,677,1142,8,1215,1150,-25,Monday,Jan
01/19/2015,WN,47,N511SW,DAL,HOU,1800,1805,5,14,1819,65,62,42,239,1901,6,1905,1907,2,Monday,Jan
01/14/2015,DL,2401,N912DN,MCI,ATL,1007,958,-9,14,1012,118,113,94,692,1246,5,1305,1251,-14,Wednesday,Jan
01/19/2015,HA,35,N587HA,PHX,HNL,800,758,-2,15,813,400,401,384,2917,1137,2,1140,1139,-1,Monday,Jan
01/27/2015,MQ,3532,N665MQ,MIA,GNV,1420,1413,-7,12,1425,71,65,51,294,1516,2,1531,1518,-13,Tuesday,Jan
01/15/2015,AA,1556,N3GLAA,PHL,MIA,1115,1109,-6,11,1120,177,162,140,1013,1340,11,1412,1351,-21,Thursday,Jan
01/03/2015,B6,2169,N508JB,BOS,FLL,943,944,1,14,958,211,201,182,1237,1300,5,1314,1305,-9,Saturday,Jan
01/16/2015,AA,1228,N597AA,SLC,DFW,1750,1742,-8,17,1759,150,174,124,989,2103,33,2120,2136,16,Friday,Jan
01/27/2015,WN,4175,N239WN,SAN,PHX,1535,1529,-6,11,1540,70,70,55,304,1735,4,1745,1739,-6,Tuesday,Jan
01/21/2015,DL,2417,N915AT,ATL,ATW,1921,1930,9,15,1945,129,126,107,765,2032,4,2030,2036,6,Wednesday,Jan
01/05/2015,WN,453,N252WN,SJC,SAN,1040,1036,-4,9,1045,75,73,61,417,1146,3,1155,1149,-6,Monday,Jan
01/11/2015,NK,906,N609NK,IAH,DTW,1905,2115,130,21,2136,152,154,124,1075,40,9,2237,49,132,Sunday,Jan
01/11/2015,DL,1693,N969DL,ORD,ATL,1130,1128,-2,12,1140,119,113,93,606,1413,8,1429,1421,-8,Sunday,Jan
02/12/2015,B6,353,N516JB,JFK,PBI,600,555,-5,10,605,178,161,148,1028,833,3,858,836,-22,Thursday,Feb
01/12/2015,OO,5221,N758SK,IAH,ORF,1257,1300,3,59,1359,161,222,159,1201,1738,4,1638,1742,64,Monday,Jan
01/25/2015,DL,2033,N994AT,TYS,ATL,1131,1122,-9,12,1134,63,50,31,152,1205,7,1234,1212,-22,Sunday,Jan
01/27/2015,OO,6200,N782SK,ORF,ORD,732,1240,308,32,1312,143,153,106,717,1358,15,855,1413,318,Tuesday,Jan
01/31/2015,HA,325,N476HA,OGG,HNL,1700,1649,-11,7,1656,35,38,22,100,1718,9,1735,1727,-8,Saturday,Jan
01/16/2015,OO,5325,N975SW,ORD,DLH,1315,1319,4,23,1342,95,95,68,397,1450,4,1450,1454,4,Friday,Jan
01/16/2015,DL,1880,N804DN,SFO,ATL,2255,2256,1,16,2312,267,255,232,2139,604,7,622,611,-11,Friday,Jan
02/08/2015,OO,4659,N693CA,LAX,PHX,2130,2201,31,36,2237,89,92,52,370,29,4,2359,33,34,Sunday,Feb
01/18/2015,DL,2342,N922DL,ATL,JAX,1215,1223,8,18,1241,69,64,41,270,1322,5,1324,1327,3,Sunday,Jan
01/03/2015,WN,2233,N653SW,CMH,ATL,1610,1609,-1,11,1620,100,100,80,447,1740,9,1750,1749,-1,Saturday,Jan
02/10/2015,AA,1445,N3CHAA,MIA,LGA,1135,1132,-3,24,1156,174,178,151,1096,1427,3,1429,1430,1,Tuesday,Feb
02/02/2015,WN,43,N237WN,HOU,MDW,1840,1842,2,10,1852,145,131,115,937,2047,6,2105,2053,-12,Monday,Feb
01/27/2015,AA,147,N575AA,DFW,SLC,2105,2102,-3,13,2115,169,155,138,989,2233,4,2254,2237,-17,Tuesday,Jan
01/04/2015,AA,1424,N3GRAA,MIA,DEN,1100,1057,-3,16,1113,274,270,239,1709,1312,15,1334,1327,-7,Sunday,Jan
01/19/2015,AA,1293,N3AVAA,STX,MIA,1658,1645,-13,12,1657,197,194,171,1139,1848,11,1915,1859,-16,Monday,Jan
01/03/2015,B6,6,N597JB,FLL,EWR,1738,1954,136,25,2019,175,166,132,1065,2231,9,2033,2240,127,Saturday,Jan
02/08/2015,EV,5582,N853AS,ATL,TYS,815,809,-6,19,828,50,51,30,152,858,2,905,900,-5,Sunday,Feb
01/19/2015,DL,1684,N392DA,SJC,ATL,2303,2300,-3,12,2312,266,248,231,2116,603,5,629,608,-21,Monday,Jan
01/09/2015,B6,2202,N323JB,JFK,BUF,1836,1833,-3,13,1846,89,77,61,301,1947,3,2005,1950,-15,Friday,Jan
01/02/2015,B6,105,N193JB,JFK,ORD,1930,1928,-2,14,1942,168,156,136,740,2058,6,2118,2104,-14,Friday,Jan
01/10/2015,WN,4392,N400WN,BUR,LAS,1535,1538,3,10,1548,60,51,36,223,1624,5,1635,1629,-6,Saturday,Jan
01/25/2015,US,1731,N631AW,CLT,PHL,900,857,-3,10,907,93,89,72,449,1019,7,1033,1026,-7,Sunday,Jan
01/05/2015,EV,5529,N920EV,ATL,BQK,1929,1922,-7,16,1938,67,57,38,238,2016,3,2036,2019,-17,Monday,Jan
01/12/2015,OO,4478,N679CA,ORD,SLC,750,809,19,54,903,219,235,174,1250,1057,7,1029,1104,35,Monday,Jan
01/29/2015,EV,2569,N909EV,LIT,DFW,1330,1324,-6,13,1337,80,87,63,304,1440,11,1450,1451,1,Thursday,Jan
01/08/2015,DL,1960,N6709,SEA,MSP,1300,1302,2,18,1320,201,185,162,1399,1802,5,1821,1807,-14,Thursday,Jan
01/07/2015,WN,1885,N713SW,HOU,LAX,2105,2125,20,8,2133,225,188,174,1390,2227,6,2250,2233,-17,Wednesday,Jan
01/02/2015,WN,1027,N7744A,MKE,MCI,1820,1853,33,7,1900,95,88,76,436,2016,5,1955,2021,26,Friday,Jan
01/25/2015,AA,2318,N3FPAA,LAX,MIA,2155,2151,-4,21,2212,286,301,273,2342,545,7,541,552,11,Sunday,Jan
01/29/2015,UA,720,N458UA,EWR,MIA,1914,1922,8,14,1936,190,185,166,1085,2222,5,2224,2227,3,Thursday,Jan
01/22/2015,AA,942,N564AA,DFW,TPA,1710,1720,10,11,1731,136,132,115,929,2026,6,2026,2032,6,Thursday,Jan
01/24/2015,US,838,N201UU,PHL,STT,945,1218,153,22,1240,237,235,204,1605,1704,9,1442,1713,151,Saturday,Jan
01/21/2015,WN,2055,N432WN,SAN,RNO,1205,1202,-3,6,1208,95,105,77,488,1325,22,1340,1347,7,Wednesday,Jan
01/11/2015,DL,2259,N334NW,MSP,SLC,1119,1126,7,18,1144,171,171,148,991,1312,5,1310,1317,7,Sunday,Jan
01/13/2015,OO,4566,N457SW,SLC,RDM,2050,2045,-5,29,2114,106,105,72,525,2126,4,2136,2130,-6,Tuesday,Jan
01/05/2015,OO,5165,N728SK,DEN,BZN,1715,1829,74,25,1854,110,115,81,524,2015,9,1905,2024,79,Monday,Jan
01/25/2015,OO,4452,N806SK,LAX,OAK,1130,1127,-3,27,1154,87,85,52,337,1246,6,1257,1252,-5,Sunday,Jan
01/06/2015,MQ,3187,N670MQ,SGF,DFW,850,1153,183,11,1204,95,75,60,364,1304,4,1025,1308,163,Tuesday,Jan
02/02/2015,UA,360,N851UA,IAH,DCA,1303,1305,2,18,1323,176,161,137,1208,1640,6,1659,1646,-13,Monday,Feb
02/08/2015,UA,1136,N27205,ORD,IAH,2015,2100,45,44,2144,168,160,112,925,2336,4,2303,2340,37,Sunday,Feb
02/08/2015,US,770,N730US,PHL,SJU,735,726,-9,16,742,238,223,199,1576,1201,8,1233,1209,-24,Sunday,Feb
02/10/2015,MQ,3602,N647MQ,SGF,DFW,1310,1307,-3,10,1317,89,83,58,364,1415,15,1439,1430,-9,Tuesday,Feb
01/06/2015,WN,4564,N369SW,SLC,LAX,810,806,-4,11,817,125,104,84,590,841,9,915,850,-25,Tuesday,Jan
02/10/2015,AS,572,N552AS,PDX,SAN,1215,1327,72,15,1342,135,133,115,933,1537,3,1430,1540,70,Tuesday,Feb
02/01/2015,B6,164,N605JB,SRQ,JFK,1102,1054,-8,10,1104,156,147,134,1041,1318,3,1338,1321,-17,Sunday,Feb
02/04/2015,B6,323,N943JB,JFK,LAX,1125,1122,-3,16,1138,374,376,347,2475,1425,13,1439,1438,-1,Wednesday,Feb
01/26/2015,DL,2372,N933DN,ATL,TPA,1431,1430,-1,12,1442,85,70,55,406,1537,3,1556,1540,-16,Monday,Jan
01/11/2015,WN,233,N220WN,ONT,LAS,1730,1808,38,24,1832,55,69,38,197,1910,7,1825,1917,52,Sunday,Jan